{"1": 0.5520786643028259, "2": 0.6086047291755676, "3": 0.6012898683547974, "4": 0.5814371109008789, "5": 0.540767252445221, "6": 0.5823131799697876, "7": 0.5919623374938965, "8": 0.6218029260635376, "9": 0.6330808401107788, "10": 0.6475867629051208, "11": 0.6449711918830872, "12": 0.6988826990127563, "13": 0.7407294511795044, "14": 0.7336732149124146, "15": 0.7379773855209351, "16": 0.783094584941864, "17": 0.7726964950561523, "18": 0.7681996822357178, "19": 0.8118138313293457, "20": 0.8379443883895874, "21": 0.7812990546226501, "22": 0.8972719311714172, "23": 0.8322895765304565, "24": 0.8870154619216919, "25": 0.9337586164474487, "26": 0.9305082559585571, "27": 0.8958409428596497, "28": 0.88642418384552, "29": 0.9338105916976929, "30": 0.9784103631973267, "31": 0.94059818983078, "32": 0.9477983713150024, "33": 0.9249535799026489, "34": 0.9565998315811157, "35": 0.9839361310005188, "36": 0.9885514378547668, "37": 0.9778581857681274, "38": 0.9731769561767578, "39": 0.9939656257629395, "40": 1.0719109773635864, "41": 1.0630877017974854, "42": 1.07112717628479, "43": 1.1716705560684204, "44": 0.969610869884491, "45": 0.93353271484375, "46": 1.034704566001892, "47": 1.0411418676376343, "48": 1.0879342555999756, "49": 1.1246087551116943, "50": 1.1230504512786865, "51": 1.1445808410644531, "52": 1.0363587141036987, "53": 1.0718467235565186, "54": 1.052168607711792, "55": 1.098544716835022, "56": 1.0991346836090088, "57": 1.0842825174331665, "58": 1.1366989612579346, "59": 1.086709976196289, "60": 1.1227107048034668, "61": 1.1745661497116089, "62": 1.1219559907913208, "63": 1.1091382503509521, "64": 1.1749390363693237, "65": 1.158360242843628, "66": 1.1863608360290527, "67": 1.2166635990142822, "68": 1.1808370351791382, "69": 1.069108247756958, "70": 1.1698788404464722, "71": 1.1987179517745972, "72": 1.1871895790100098, "73": 1.2259154319763184, "74": 1.2131013870239258, "75": 1.284214735031128, "76": 1.1477382183074951, "77": 1.204542875289917, "78": 1.2015057802200317, "79": 1.2228994369506836, "80": 1.3058151006698608}