{"1": 0.6563718318939209, "2": 0.7146591544151306, "3": 0.7677333354949951, "4": 0.7407528758049011, "5": 0.7585226893424988, "6": 0.7663920521736145, "7": 0.751589298248291, "8": 0.7729865908622742, "9": 0.7991606593132019, "10": 0.7715782523155212, "11": 0.7857370972633362, "12": 0.791949450969696, "13": 0.7777810096740723, "14": 0.77716463804245, "15": 0.7635374665260315, "16": 0.7665400505065918, "17": 0.75146484375, "18": 0.7712104320526123, "19": 0.7870143055915833, "20": 0.7770139575004578, "21": 0.774385929107666, "22": 0.7947801947593689, "23": 0.7666032314300537, "24": 0.7621399760246277, "25": 0.7765962481498718, "26": 0.7745010256767273, "27": 0.7931374907493591, "28": 0.7642917633056641, "29": 0.7702520489692688, "30": 0.7611491084098816, "31": 0.7815472483634949, "32": 0.770402193069458, "33": 0.7752388119697571, "34": 0.7628216743469238, "35": 0.7756776213645935, "36": 0.7709757685661316, "37": 0.771561861038208, "38": 0.7666026949882507, "39": 0.7740895748138428, "40": 0.7685990333557129, "41": 0.7698319554328918, "42": 0.7787830829620361, "43": 0.776050865650177, "44": 0.765921413898468, "45": 0.7729310989379883, "46": 0.7748427391052246, "47": 0.7629970908164978, "48": 0.7628605365753174, "49": 0.7711300849914551, "50": 0.7594748139381409, "51": 0.7880581021308899, "52": 0.7699999213218689, "53": 0.7740836143493652, "54": 0.7809398770332336, "55": 0.7751855850219727, "56": 0.788598358631134, "57": 0.7762723565101624, "58": 0.7864043712615967, "59": 0.7804186940193176, "60": 0.7664400935173035, "61": 0.7875063419342041, "62": 0.752586841583252, "63": 0.754657506942749, "64": 0.7668395042419434, "65": 0.7872349619865417, "66": 0.7682213187217712, "67": 0.7572193741798401, "68": 0.7673166394233704, "69": 0.7647956013679504, "70": 0.7555549740791321, "71": 0.7738698124885559, "72": 0.7671253681182861, "73": 0.7631480097770691, "74": 0.7792811393737793, "75": 0.7743822932243347, "76": 0.7659918665885925, "77": 0.7653215527534485, "78": 0.7755518555641174, "79": 0.7678663730621338, "80": 0.7552423477172852}