{"1": 0.5008634924888611, "2": 0.5172727704048157, "3": 0.47026321291923523, "4": 0.5048137307167053, "5": 0.5182759761810303, "6": 0.5109170079231262, "7": 0.5245194435119629, "8": 0.5156671404838562, "9": 0.5321999192237854, "10": 0.49341896176338196, "11": 0.5430362224578857, "12": 0.5031924247741699, "13": 0.5146119594573975, "14": 0.5202690958976746, "15": 0.5158189535140991, "16": 0.5225489139556885, "17": 0.5240628123283386, "18": 0.527157723903656, "19": 0.5270535945892334, "20": 0.5125674605369568, "21": 0.5268093943595886, "22": 0.5124043226242065, "23": 0.5146337151527405, "24": 0.517257809638977, "25": 0.5147914886474609, "26": 0.5169229507446289, "27": 0.5125659108161926, "28": 0.518820583820343, "29": 0.505410373210907, "30": 0.5280837416648865, "31": 0.5351500511169434, "32": 0.5136875510215759, "33": 0.5205079913139343, "34": 0.5069984793663025, "35": 0.5168033242225647, "36": 0.5018796920776367, "37": 0.5253912806510925, "38": 0.5141075253486633, "39": 0.5107083916664124, "40": 0.4978282153606415, "41": 0.5275266766548157, "42": 0.5066202282905579, "43": 0.5225849151611328, "44": 0.5007531642913818, "45": 0.5297966599464417, "46": 0.5213035941123962, "47": 0.5442140698432922, "48": 0.510596513748169, "49": 0.535837709903717, "50": 0.5358116030693054, "51": 0.499169260263443, "52": 0.526163637638092, "53": 0.5122875571250916, "54": 0.5261355042457581, "55": 0.5269898772239685, "56": 0.5121161341667175, "57": 0.5289576053619385, "58": 0.5094735622406006, "59": 0.5405033230781555, "60": 0.5147283673286438, "61": 0.5381151437759399, "62": 0.5112016201019287, "63": 0.5189012885093689, "64": 0.5248356461524963, "65": 0.533201277256012, "66": 0.5249706506729126, "67": 0.5239014625549316, "68": 0.5247157216072083, "69": 0.5199466943740845, "70": 0.5233676433563232, "71": 0.5176621079444885, "72": 0.5253183245658875, "73": 0.5315371155738831, "74": 0.5141267776489258, "75": 0.5232036709785461, "76": 0.5275631546974182, "77": 0.5285388827323914, "78": 0.5346745848655701, "79": 0.5248573422431946, "80": 0.5215749740600586}