{"1": 0.5521666407585144, "2": 0.5236415266990662, "3": 0.597460925579071, "4": 0.5488637089729309, "5": 0.5900686383247375, "6": 0.5730825066566467, "7": 0.5971567034721375, "8": 0.6022639274597168, "9": 0.6091580986976624, "10": 0.6102001667022705, "11": 0.5967102646827698, "12": 0.6247437000274658, "13": 0.6125920414924622, "14": 0.6030489206314087, "15": 0.6331509947776794, "16": 0.6085326671600342, "17": 0.6177758574485779, "18": 0.6176473498344421, "19": 0.6209458112716675, "20": 0.6127697229385376, "21": 0.6144799590110779, "22": 0.635089635848999, "23": 0.6240594983100891, "24": 0.6208985447883606, "25": 0.63801509141922, "26": 0.6121771335601807, "27": 0.6112399697303772, "28": 0.6324828863143921, "29": 0.6033579111099243, "30": 0.6097277998924255, "31": 0.6357422471046448, "32": 0.6235445737838745, "33": 0.5958715081214905, "34": 0.6257187724113464, "35": 0.5983076691627502, "36": 0.6212058067321777, "37": 0.6187624335289001, "38": 0.6126774549484253, "39": 0.6201448440551758, "40": 0.6233344674110413, "41": 0.5973114371299744, "42": 0.6159474849700928, "43": 0.6231803297996521, "44": 0.6199750900268555, "45": 0.6104769110679626, "46": 0.6223869919776917, "47": 0.6204974055290222, "48": 0.6164590716362, "49": 0.5959463119506836, "50": 0.5981964468955994, "51": 0.6122891306877136, "52": 0.6095448136329651, "53": 0.6117623448371887, "54": 0.6214199662208557, "55": 0.6192959547042847, "56": 0.6203310489654541, "57": 0.6153081059455872, "58": 0.6127826571464539, "59": 0.6101192831993103, "60": 0.6219909191131592, "61": 0.6081951856613159, "62": 0.6369361281394958, "63": 0.6207063794136047, "64": 0.6144232153892517, "65": 0.6289228796958923, "66": 0.6167638897895813, "67": 0.6382370591163635, "68": 0.620433509349823, "69": 0.5691146850585938, "70": 0.6303688287734985, "71": 0.616143524646759, "72": 0.6169291138648987, "73": 0.6084615588188171, "74": 0.617621123790741, "75": 0.6153666973114014, "76": 0.6030624508857727, "77": 0.6249918341636658, "78": 0.612202525138855, "79": 0.6217061877250671, "80": 0.6167715787887573}