{"1": 0.666875422000885, "2": 0.6945589184761047, "3": 0.6559002995491028, "4": 0.6843981146812439, "5": 0.6850218176841736, "6": 0.6727870106697083, "7": 0.6963121294975281, "8": 0.6807876229286194, "9": 0.7160668969154358, "10": 0.6786397099494934, "11": 0.7080441117286682, "12": 0.6724462509155273, "13": 0.6934157013893127, "14": 0.6951586604118347, "15": 0.6904275417327881, "16": 0.6968935132026672, "17": 0.6984713673591614, "18": 0.7111393809318542, "19": 0.7069434523582458, "20": 0.6963594555854797, "21": 0.694628894329071, "22": 0.6954991817474365, "23": 0.703464686870575, "24": 0.6859471201896667, "25": 0.7074780464172363, "26": 0.7011106610298157, "27": 0.6881032586097717, "28": 0.6800053715705872, "29": 0.6889293789863586, "30": 0.7026993632316589, "31": 0.7008352279663086, "32": 0.6906833052635193, "33": 0.6960415840148926, "34": 0.6792659759521484, "35": 0.6950847506523132, "36": 0.6739501953125, "37": 0.7006598114967346, "38": 0.6882116198539734, "39": 0.6874265074729919, "40": 0.6678643226623535, "41": 0.7164900302886963, "42": 0.6756270527839661, "43": 0.6953966617584229, "44": 0.6779009699821472, "45": 0.7109630703926086, "46": 0.6943789124488831, "47": 0.7195689082145691, "48": 0.6828930974006653, "49": 0.7001721858978271, "50": 0.715292751789093, "51": 0.6717748045921326, "52": 0.7005611062049866, "53": 0.6739704608917236, "54": 0.6970705986022949, "55": 0.6957401633262634, "56": 0.6888138651847839, "57": 0.6986295580863953, "58": 0.6828821301460266, "59": 0.70011305809021, "60": 0.6861774325370789, "61": 0.704973042011261, "62": 0.6834890246391296, "63": 0.6866992115974426, "64": 0.6946358680725098, "65": 0.7090013027191162, "66": 0.7028029561042786, "67": 0.7017021179199219, "68": 0.6945317387580872, "69": 0.6955490112304688, "70": 0.6955996155738831, "71": 0.6863827109336853, "72": 0.6984395980834961, "73": 0.7014365196228027, "74": 0.6843883395195007, "75": 0.6908261775970459, "76": 0.6983299851417542, "77": 0.6963682770729065, "78": 0.7096037864685059, "79": 0.7033722996711731, "80": 0.6924915909767151}