{"1": 0.6630626320838928, "2": 0.686470091342926, "3": 0.7411510944366455, "4": 0.7279544472694397, "5": 0.7558942437171936, "6": 0.7474047541618347, "7": 0.777423620223999, "8": 0.7798835635185242, "9": 0.7781786918640137, "10": 0.7624780535697937, "11": 0.7811937928199768, "12": 0.7910171151161194, "13": 0.7813915610313416, "14": 0.7777222990989685, "15": 0.7967548966407776, "16": 0.781261146068573, "17": 0.7867239117622375, "18": 0.7813714146614075, "19": 0.7928276062011719, "20": 0.7837005257606506, "21": 0.7853959202766418, "22": 0.7915172576904297, "23": 0.7971806526184082, "24": 0.7810502052307129, "25": 0.7840600609779358, "26": 0.7859178185462952, "27": 0.7843823432922363, "28": 0.8004394173622131, "29": 0.7781708836555481, "30": 0.7762940526008606, "31": 0.7901313900947571, "32": 0.7812564969062805, "33": 0.7720232009887695, "34": 0.7910420298576355, "35": 0.7591162323951721, "36": 0.7774732708930969, "37": 0.7814949154853821, "38": 0.7695989608764648, "39": 0.771228551864624, "40": 0.7783152461051941, "41": 0.7722099423408508, "42": 0.7735946774482727, "43": 0.7813963294029236, "44": 0.7791326642036438, "45": 0.7679669260978699, "46": 0.787182629108429, "47": 0.7681455612182617, "48": 0.7624558806419373, "49": 0.754173755645752, "50": 0.7796681523323059, "51": 0.778852641582489, "52": 0.7746214270591736, "53": 0.7844660878181458, "54": 0.7833113670349121, "55": 0.7846001982688904, "56": 0.7873488068580627, "57": 0.7779814600944519, "58": 0.7762371897697449, "59": 0.7744747996330261, "60": 0.7863895297050476, "61": 0.7646424174308777, "62": 0.7992393374443054, "63": 0.7829377055168152, "64": 0.7819328308105469, "65": 0.7865174412727356, "66": 0.7702910304069519, "67": 0.7976518273353577, "68": 0.7735955715179443, "69": 0.7473413348197937, "70": 0.7801329493522644, "71": 0.7778108716011047, "72": 0.7776204943656921, "73": 0.779425859451294, "74": 0.7818906307220459, "75": 0.7737755179405212, "76": 0.7619500756263733, "77": 0.7826941013336182, "78": 0.7761530876159668, "79": 0.7746123671531677, "80": 0.7765967845916748}