{"1": 0.5637769103050232, "2": 0.5213410258293152, "3": 0.5554522275924683, "4": 0.5752994418144226, "5": 0.6192373633384705, "6": 0.6024873852729797, "7": 0.6264280080795288, "8": 0.6248586177825928, "9": 0.6228532195091248, "10": 0.6327365040779114, "11": 0.6410416960716248, "12": 0.6215248703956604, "13": 0.6107397675514221, "14": 0.6128626465797424, "15": 0.6239974498748779, "16": 0.6178101301193237, "17": 0.6218588948249817, "18": 0.6297852396965027, "19": 0.6155553460121155, "20": 0.6121174693107605, "21": 0.640766441822052, "22": 0.6086017489433289, "23": 0.6287062764167786, "24": 0.6249234676361084, "25": 0.6106298565864563, "26": 0.6148203015327454, "27": 0.621905505657196, "28": 0.6250490546226501, "29": 0.6164113879203796, "30": 0.6137961149215698, "31": 0.6116355657577515, "32": 0.6203873157501221, "33": 0.628084659576416, "34": 0.620181143283844, "35": 0.6141100525856018, "36": 0.6097894310951233, "37": 0.6188395023345947, "38": 0.6153682470321655, "39": 0.6144834160804749, "40": 0.6094232201576233, "41": 0.6148838996887207, "42": 0.6121836304664612, "43": 0.5803902745246887, "44": 0.614694356918335, "45": 0.6261770725250244, "46": 0.6067788004875183, "47": 0.6169076561927795, "48": 0.610827624797821, "49": 0.6077481508255005, "50": 0.6111074090003967, "51": 0.6020041108131409, "52": 0.6189132332801819, "53": 0.615455687046051, "54": 0.6296271681785583, "55": 0.6119545698165894, "56": 0.6191739439964294, "57": 0.6144311428070068, "58": 0.6117892861366272, "59": 0.6151368021965027, "60": 0.6137420535087585, "61": 0.6069507002830505, "62": 0.6149230599403381, "63": 0.6221882700920105, "64": 0.6018219590187073, "65": 0.6112381815910339, "66": 0.5688169002532959, "67": 0.5926061272621155, "68": 0.607023298740387, "69": 0.6201678514480591, "70": 0.6225436329841614, "71": 0.610078752040863, "72": 0.6204414367675781, "73": 0.6105405688285828, "74": 0.6106206774711609, "75": 0.6012517213821411, "76": 0.629389226436615, "77": 0.6218342781066895, "78": 0.6131903529167175, "79": 0.6105973124504089, "80": 0.6015293598175049}