{"1": 0.5455417633056641, "2": 0.49950411915779114, "3": 0.5262243747711182, "4": 0.5396928191184998, "5": 0.5721961855888367, "6": 0.551929771900177, "7": 0.5745702981948853, "8": 0.5708837509155273, "9": 0.5702791810035706, "10": 0.574098527431488, "11": 0.5788598656654358, "12": 0.5644710063934326, "13": 0.5506952404975891, "14": 0.5582556128501892, "15": 0.5601069927215576, "16": 0.5501797795295715, "17": 0.5616492629051208, "18": 0.567469596862793, "19": 0.5562700033187866, "20": 0.5541573166847229, "21": 0.5723453164100647, "22": 0.547956645488739, "23": 0.5654783248901367, "24": 0.55958491563797, "25": 0.5500182509422302, "26": 0.5525973439216614, "27": 0.540336549282074, "28": 0.5593205094337463, "29": 0.5491661429405212, "30": 0.547795832157135, "31": 0.5499025583267212, "32": 0.5456938147544861, "33": 0.557290256023407, "34": 0.5473509430885315, "35": 0.5398268103599548, "36": 0.5348120331764221, "37": 0.5542579293251038, "38": 0.5508346557617188, "39": 0.5341523885726929, "40": 0.5429781079292297, "41": 0.5488821864128113, "42": 0.5422767400741577, "43": 0.5211774706840515, "44": 0.5519384741783142, "45": 0.5540709495544434, "46": 0.5494126081466675, "47": 0.5487900376319885, "48": 0.5465078353881836, "49": 0.5445523858070374, "50": 0.5485908389091492, "51": 0.5345696806907654, "52": 0.5453594923019409, "53": 0.5540082454681396, "54": 0.5611353516578674, "55": 0.5465286374092102, "56": 0.5490921139717102, "57": 0.54169762134552, "58": 0.5457614064216614, "59": 0.5461631417274475, "60": 0.5503058433532715, "61": 0.5409029126167297, "62": 0.5462929606437683, "63": 0.5503301620483398, "64": 0.5265185236930847, "65": 0.5446050763130188, "66": 0.5186247229576111, "67": 0.5313588976860046, "68": 0.5361872315406799, "69": 0.5535452961921692, "70": 0.5454487204551697, "71": 0.5404478907585144, "72": 0.5494325160980225, "73": 0.5436198711395264, "74": 0.542755126953125, "75": 0.5321283936500549, "76": 0.5551654696464539, "77": 0.54561847448349, "78": 0.5451499223709106, "79": 0.5328113436698914, "80": 0.5371055006980896}