{"1": 0.5178930759429932, "2": 0.5562700033187866, "3": 0.48662519454956055, "4": 0.5776236057281494, "5": 0.5292004346847534, "6": 0.577656090259552, "7": 0.5456318259239197, "8": 0.5569595694541931, "9": 0.5706608891487122, "10": 0.5751591324806213, "11": 0.6097633838653564, "12": 0.5890169143676758, "13": 0.6127756834030151, "14": 0.6713539958000183, "15": 0.5976940393447876, "16": 0.689325213432312, "17": 0.6857149600982666, "18": 0.6992123126983643, "19": 0.6793440580368042, "20": 0.7338166236877441, "21": 0.7375065684318542, "22": 0.6994731426239014, "23": 0.7217229604721069, "24": 0.7348471879959106, "25": 0.6796478033065796, "26": 0.8086810111999512, "27": 0.7905961275100708, "28": 0.7341101765632629, "29": 0.8219857215881348, "30": 0.7874125242233276, "31": 0.7515895366668701, "32": 0.7905727624893188, "33": 0.8567635416984558, "34": 0.7833865880966187, "35": 0.8960973620414734, "36": 0.8135007619857788, "37": 0.8578696250915527, "38": 0.9112547636032104, "39": 0.8681391477584839, "40": 0.8953394889831543, "41": 0.9961813688278198, "42": 0.9483222961425781, "43": 0.9019922018051147, "44": 0.9322050213813782, "45": 0.8935025930404663, "46": 0.948957622051239, "47": 0.8947218656539917, "48": 0.8895397186279297, "49": 0.8389004468917847, "50": 0.8348838090896606, "51": 0.7541565895080566, "52": 0.8044734001159668, "53": 0.8428001403808594, "54": 0.8365588188171387, "55": 0.8702705502510071, "56": 0.8911431431770325, "57": 0.919825553894043, "58": 0.948893666267395, "59": 0.956811785697937, "60": 0.8993657231330872, "61": 0.9330108761787415, "62": 0.8832937479019165, "63": 0.938673198223114, "64": 0.963995635509491, "65": 0.9299529790878296, "66": 0.934167206287384, "67": 0.903933048248291, "68": 0.9310082197189331, "69": 1.184335708618164, "70": 0.9134586453437805, "71": 0.9707716107368469, "72": 1.0042724609375, "73": 1.0627366304397583, "74": 1.040625810623169, "75": 1.0302282571792603, "76": 1.0652104616165161, "77": 1.0381640195846558, "78": 1.0873699188232422, "79": 1.048125147819519, "80": 1.030242919921875}