{"1": 0.6448028087615967, "2": 0.7069582343101501, "3": 0.7597703337669373, "4": 0.7356381416320801, "5": 0.751453697681427, "6": 0.7583792805671692, "7": 0.7447981238365173, "8": 0.7649299502372742, "9": 0.7913104891777039, "10": 0.7621638178825378, "11": 0.7828986644744873, "12": 0.7896365523338318, "13": 0.7703080177307129, "14": 0.77174311876297, "15": 0.7583066821098328, "16": 0.7575059533119202, "17": 0.7457606196403503, "18": 0.7650699615478516, "19": 0.7790827751159668, "20": 0.7706818580627441, "21": 0.7725408673286438, "22": 0.787726640701294, "23": 0.7595488429069519, "24": 0.7543134093284607, "25": 0.7715161442756653, "26": 0.767246425151825, "27": 0.786754846572876, "28": 0.7581784129142761, "29": 0.7641708254814148, "30": 0.7527618408203125, "31": 0.7733471989631653, "32": 0.7640439867973328, "33": 0.7690296173095703, "34": 0.7563806176185608, "35": 0.7673211097717285, "36": 0.7674868106842041, "37": 0.7625928521156311, "38": 0.7603066563606262, "39": 0.7678375840187073, "40": 0.7632080912590027, "41": 0.7622930407524109, "42": 0.7733671069145203, "43": 0.7691328525543213, "44": 0.7606431841850281, "45": 0.7678854465484619, "46": 0.768641471862793, "47": 0.7576992511749268, "48": 0.7558732628822327, "49": 0.7650522589683533, "50": 0.7549808621406555, "51": 0.7840493321418762, "52": 0.7634531855583191, "53": 0.7690611481666565, "54": 0.7746264338493347, "55": 0.767707347869873, "56": 0.7811522483825684, "57": 0.768028974533081, "58": 0.7812809944152832, "59": 0.7734256386756897, "60": 0.7608962655067444, "61": 0.7805449962615967, "62": 0.745450496673584, "63": 0.7466678023338318, "64": 0.7595618367195129, "65": 0.7855955958366394, "66": 0.7616845965385437, "67": 0.7512950897216797, "68": 0.7613100409507751, "69": 0.7608090043067932, "70": 0.7498162388801575, "71": 0.7673632502555847, "72": 0.7615954279899597, "73": 0.7574520707130432, "74": 0.7748169898986816, "75": 0.767970085144043, "76": 0.7609396576881409, "77": 0.7599180340766907, "78": 0.7692292332649231, "79": 0.7618520855903625, "80": 0.7488835453987122}