{"1": 0.5989708304405212, "2": 0.49920544028282166, "3": 0.4600685238838196, "4": 0.5246031284332275, "5": 0.48064035177230835, "6": 0.5186276435852051, "7": 0.5260320901870728, "8": 0.5373349189758301, "9": 0.5462003946304321, "10": 0.5710166692733765, "11": 0.577468991279602, "12": 0.5799049139022827, "13": 0.6201436519622803, "14": 0.6159052848815918, "15": 0.6889811754226685, "16": 0.709295392036438, "17": 0.6517537832260132, "18": 0.6451572775840759, "19": 0.682837963104248, "20": 0.7071901559829712, "21": 0.7773447036743164, "22": 0.7152601480484009, "23": 0.7562814354896545, "24": 0.6885088682174683, "25": 0.6810298562049866, "26": 0.6963090896606445, "27": 0.6576806306838989, "28": 0.7923747897148132, "29": 0.7732192873954773, "30": 0.793183445930481, "31": 0.7973589897155762, "32": 0.80412358045578, "33": 0.7259758710861206, "34": 0.9505257606506348, "35": 0.7650533318519592, "36": 0.7993625998497009, "37": 0.8771295547485352, "38": 0.8558750152587891, "39": 0.8426557779312134, "40": 0.8925977945327759, "41": 0.8681362867355347, "42": 0.8997348546981812, "43": 0.832832932472229, "44": 0.934025764465332, "45": 0.8617099523544312, "46": 0.909213662147522, "47": 0.8631003499031067, "48": 0.9318908452987671, "49": 0.8591702580451965, "50": 0.8856088519096375, "51": 0.8905831575393677, "52": 0.8962671160697937, "53": 0.9269755482673645, "54": 0.854859471321106, "55": 0.9314975738525391, "56": 0.9637815356254578, "57": 0.850396990776062, "58": 0.9607340693473816, "59": 0.8671904802322388, "60": 0.927736759185791, "61": 0.9149348139762878, "62": 1.053124189376831, "63": 0.9542940258979797, "64": 0.9293200373649597, "65": 0.8582595586776733, "66": 0.9459403157234192, "67": 1.098705530166626, "68": 0.947497546672821, "69": 0.9537339210510254, "70": 0.9866811633110046, "71": 0.9836069345474243, "72": 1.044284701347351, "73": 0.9799785614013672, "74": 0.9496387243270874, "75": 1.0036442279815674, "76": 1.0237548351287842, "77": 0.9740659594535828, "78": 0.9821157455444336, "79": 1.0945931673049927, "80": 1.0141549110412598}