{"1": 0.6720674633979797, "2": 0.6824313998222351, "3": 0.733281672000885, "4": 0.7093493342399597, "5": 0.7353363633155823, "6": 0.731584370136261, "7": 0.7501848340034485, "8": 0.7589934468269348, "9": 0.7654309868812561, "10": 0.7504534721374512, "11": 0.7549285292625427, "12": 0.7733364105224609, "13": 0.7591708302497864, "14": 0.7592074871063232, "15": 0.7775923609733582, "16": 0.7590500712394714, "17": 0.765505850315094, "18": 0.7685607075691223, "19": 0.7734784483909607, "20": 0.7704280018806458, "21": 0.7693231105804443, "22": 0.7848682403564453, "23": 0.7794846892356873, "24": 0.7684986591339111, "25": 0.7733226418495178, "26": 0.7694981694221497, "27": 0.7630977034568787, "28": 0.7828359603881836, "29": 0.7531752586364746, "30": 0.7548003196716309, "31": 0.7812778353691101, "32": 0.7660958170890808, "33": 0.7537095546722412, "34": 0.7714011073112488, "35": 0.7367420196533203, "36": 0.7567391991615295, "37": 0.7613122463226318, "38": 0.7542037963867188, "39": 0.7598068118095398, "40": 0.7656960487365723, "41": 0.7535011172294617, "42": 0.7622660994529724, "43": 0.7652115821838379, "44": 0.7689911723136902, "45": 0.7484543323516846, "46": 0.7712469100952148, "47": 0.753615140914917, "48": 0.7510573863983154, "49": 0.731867253780365, "50": 0.7454355359077454, "51": 0.7552968859672546, "52": 0.7576494216918945, "53": 0.7592670321464539, "54": 0.7643051743507385, "55": 0.7624391913414001, "56": 0.7653167843818665, "57": 0.757973849773407, "58": 0.7533995509147644, "59": 0.7528322339057922, "60": 0.7647528648376465, "61": 0.7385690808296204, "62": 0.7859637141227722, "63": 0.7587108612060547, "64": 0.7598293423652649, "65": 0.7694380879402161, "66": 0.7534810900688171, "67": 0.7773060202598572, "68": 0.7545294165611267, "69": 0.7205955386161804, "70": 0.7736999988555908, "71": 0.7563486695289612, "72": 0.7624759674072266, "73": 0.7562546730041504, "74": 0.7643628120422363, "75": 0.7556717991828918, "76": 0.7389304637908936, "77": 0.7702086567878723, "78": 0.7560490965843201, "79": 0.7618834376335144, "80": 0.7593658566474915}