{"1": 0.6505030393600464, "2": 0.6663780212402344, "3": 0.6208142042160034, "4": 0.6459847092628479, "5": 0.6546729207038879, "6": 0.6320109367370605, "7": 0.657565176486969, "8": 0.6354272961616516, "9": 0.6806371808052063, "10": 0.6272261142730713, "11": 0.6664801239967346, "12": 0.6256976127624512, "13": 0.6491321325302124, "14": 0.6488375067710876, "15": 0.6424337029457092, "16": 0.6501904129981995, "17": 0.6567339897155762, "18": 0.6707606315612793, "19": 0.6568547487258911, "20": 0.6455312371253967, "21": 0.6502054333686829, "22": 0.6513614058494568, "23": 0.6594615578651428, "24": 0.6432908177375793, "25": 0.6590021252632141, "26": 0.658728301525116, "27": 0.6520740389823914, "28": 0.6364271640777588, "29": 0.6447771787643433, "30": 0.6662037372589111, "31": 0.6570915579795837, "32": 0.6522884964942932, "33": 0.6495330929756165, "34": 0.6394173502922058, "35": 0.6531681418418884, "36": 0.6289634704589844, "37": 0.6618017554283142, "38": 0.6469843983650208, "39": 0.6414222121238708, "40": 0.622385561466217, "41": 0.6749967932701111, "42": 0.6311612129211426, "43": 0.6573721766471863, "44": 0.6327237486839294, "45": 0.6660414338111877, "46": 0.6522461771965027, "47": 0.6823907494544983, "48": 0.6409883499145508, "49": 0.6617771983146667, "50": 0.6809337735176086, "51": 0.6277506351470947, "52": 0.6609877347946167, "53": 0.6301605701446533, "54": 0.6622822284698486, "55": 0.6550405621528625, "56": 0.6459644436836243, "57": 0.6545702815055847, "58": 0.6480646133422852, "59": 0.6656517386436462, "60": 0.6507801413536072, "61": 0.6699840426445007, "62": 0.6482486724853516, "63": 0.6455512046813965, "64": 0.6593397259712219, "65": 0.6693391799926758, "66": 0.6608282923698425, "67": 0.6640920042991638, "68": 0.6546968817710876, "69": 0.6591001152992249, "70": 0.6572515964508057, "71": 0.6488602757453918, "72": 0.6619560718536377, "73": 0.6635392308235168, "74": 0.645196259021759, "75": 0.6496214270591736, "76": 0.6583392024040222, "77": 0.6574432849884033, "78": 0.6707398295402527, "79": 0.6624836921691895, "80": 0.6478032469749451}