{"1": 0.5720369219779968, "2": 0.5657280683517456, "3": 0.6451541185379028, "4": 0.6065677404403687, "5": 0.6075536608695984, "6": 0.6328681707382202, "7": 0.6265209317207336, "8": 0.6221914291381836, "9": 0.6699710488319397, "10": 0.7430997490882874, "11": 0.6642400622367859, "12": 0.7404931783676147, "13": 0.7425476312637329, "14": 0.7519723773002625, "15": 0.7618454098701477, "16": 0.7592149376869202, "17": 0.8190795183181763, "18": 0.8727690577507019, "19": 0.8014392852783203, "20": 0.8663091659545898, "21": 0.8468534350395203, "22": 0.9366844296455383, "23": 0.9477015733718872, "24": 0.898460865020752, "25": 0.9535008668899536, "26": 0.9770897626876831, "27": 1.0405818223953247, "28": 0.8541892170906067, "29": 0.9808171391487122, "30": 0.9060657620429993, "31": 0.8115588426589966, "32": 1.0260298252105713, "33": 0.9037348031997681, "34": 1.0317895412445068, "35": 1.002703309059143, "36": 1.061232566833496, "37": 1.0302451848983765, "38": 1.0799485445022583, "39": 1.1014530658721924, "40": 1.10824453830719, "41": 1.091961145401001, "42": 1.0757168531417847, "43": 1.1179286241531372, "44": 1.1636912822723389, "45": 1.1053485870361328, "46": 1.0801037549972534, "47": 1.050215721130371, "48": 1.1384752988815308, "49": 1.0635277032852173, "50": 1.11466383934021, "51": 1.1943873167037964, "52": 1.0964584350585938, "53": 1.1249644756317139, "54": 1.20981764793396, "55": 1.1162464618682861, "56": 1.1779860258102417, "57": 1.0848233699798584, "58": 1.3563177585601807, "59": 1.0987709760665894, "60": 1.2033358812332153, "61": 1.1615431308746338, "62": 1.2985806465148926, "63": 1.2187855243682861, "64": 1.2093359231948853, "65": 1.153283715248108, "66": 1.225361704826355, "67": 1.210839867591858, "68": 1.1675388813018799, "69": 1.2966039180755615, "70": 1.2401710748672485, "71": 1.299788236618042, "72": 1.286246418952942, "73": 1.2722100019454956, "74": 1.2902816534042358, "75": 1.297809362411499, "76": 1.262852668762207, "77": 1.2878451347351074, "78": 1.2072842121124268, "79": 1.3359984159469604, "80": 1.1953799724578857}