{"1": 0.5150113105773926, "2": 0.5398209095001221, "3": 0.49320468306541443, "4": 0.5343878865242004, "5": 0.540490984916687, "6": 0.5417611598968506, "7": 0.5529165267944336, "8": 0.5507644414901733, "9": 0.5585960149765015, "10": 0.5310215353965759, "11": 0.5764979720115662, "12": 0.5386598706245422, "13": 0.5462427735328674, "14": 0.555431067943573, "15": 0.5522269606590271, "16": 0.5595395565032959, "17": 0.5545533895492554, "18": 0.5567231774330139, "19": 0.5639917254447937, "20": 0.5507358908653259, "21": 0.558778703212738, "22": 0.5442745089530945, "23": 0.5456452965736389, "24": 0.5480501651763916, "25": 0.5528622269630432, "26": 0.5488064289093018, "27": 0.5367471575737, "28": 0.5521644949913025, "29": 0.5366405844688416, "30": 0.5560683608055115, "31": 0.5677857995033264, "32": 0.5409786105155945, "33": 0.5558584332466125, "34": 0.5338258147239685, "35": 0.5467722415924072, "36": 0.5346181988716125, "37": 0.5533719062805176, "38": 0.5437368750572205, "39": 0.5449129939079285, "40": 0.5302850008010864, "41": 0.5591579079627991, "42": 0.5383779406547546, "43": 0.550094485282898, "44": 0.5319424271583557, "45": 0.5630740523338318, "46": 0.5512883067131042, "47": 0.5709792375564575, "48": 0.5403871536254883, "49": 0.5633860230445862, "50": 0.5621446967124939, "51": 0.5302188992500305, "52": 0.5569496154785156, "53": 0.5441004037857056, "54": 0.5504478216171265, "55": 0.5572549700737, "56": 0.5430813431739807, "57": 0.5608797669410706, "58": 0.5320636630058289, "59": 0.5641708970069885, "60": 0.5376139283180237, "61": 0.5624702572822571, "62": 0.5345420241355896, "63": 0.5481801629066467, "64": 0.5491954684257507, "65": 0.5630380511283875, "66": 0.5561773777008057, "67": 0.550778329372406, "68": 0.5529475808143616, "69": 0.5466286540031433, "70": 0.5513957142829895, "71": 0.5448387265205383, "72": 0.551117479801178, "73": 0.5597377419471741, "74": 0.5422468781471252, "75": 0.5517184138298035, "76": 0.5565516352653503, "77": 0.5563263297080994, "78": 0.5638541579246521, "79": 0.5555691123008728, "80": 0.5571618676185608}