{"1": 0.5817587971687317, "2": 0.4870070815086365, "3": 0.4509696364402771, "4": 0.5126304030418396, "5": 0.4667113423347473, "6": 0.5066558122634888, "7": 0.5128430724143982, "8": 0.5291801691055298, "9": 0.5345476865768433, "10": 0.5551625490188599, "11": 0.5732654333114624, "12": 0.584552526473999, "13": 0.6127161979675293, "14": 0.6095681190490723, "15": 0.6806356906890869, "16": 0.6986485719680786, "17": 0.6364337801933289, "18": 0.6333223581314087, "19": 0.6728516221046448, "20": 0.7002540826797485, "21": 0.7826043367385864, "22": 0.7022393345832825, "23": 0.734759509563446, "24": 0.6609560251235962, "25": 0.6793619990348816, "26": 0.68620365858078, "27": 0.6458379626274109, "28": 0.7788977026939392, "29": 0.7596319913864136, "30": 0.7721680402755737, "31": 0.7821738123893738, "32": 0.7888596653938293, "33": 0.7151309847831726, "34": 0.9416379928588867, "35": 0.7527589797973633, "36": 0.7899306416511536, "37": 0.8468244671821594, "38": 0.8303745985031128, "39": 0.8237048387527466, "40": 0.8733354806900024, "41": 0.8434104919433594, "42": 0.8762630224227905, "43": 0.8150704503059387, "44": 0.9144458770751953, "45": 0.8536079525947571, "46": 0.8985892534255981, "47": 0.8547928929328918, "48": 0.9112809896469116, "49": 0.8462079167366028, "50": 0.8770298957824707, "51": 0.8805040121078491, "52": 0.881089985370636, "53": 0.9210004806518555, "54": 0.8424383401870728, "55": 0.910430908203125, "56": 0.9449241757392883, "57": 0.8168188333511353, "58": 0.9457426071166992, "59": 0.8530877828598022, "60": 0.9202466011047363, "61": 0.9034654498100281, "62": 1.0315189361572266, "63": 0.9340136647224426, "64": 0.899860680103302, "65": 0.8567155003547668, "66": 0.9325681924819946, "67": 1.0962655544281006, "68": 0.9448601007461548, "69": 0.9448293447494507, "70": 0.9741373062133789, "71": 0.9780000448226929, "72": 1.029017686843872, "73": 0.9763935208320618, "74": 0.9389743804931641, "75": 0.9945793151855469, "76": 1.0225690603256226, "77": 0.9654049873352051, "78": 0.974759578704834, "79": 1.0757373571395874, "80": 0.999193549156189}