{"1": 0.4857601821422577, "2": 0.5756449103355408, "3": 0.6146124005317688, "4": 0.5801311731338501, "5": 0.6162947416305542, "6": 0.6100743412971497, "7": 0.6103401184082031, "8": 0.622219979763031, "9": 0.6387982368469238, "10": 0.6169783473014832, "11": 0.6323663592338562, "12": 0.6321308016777039, "13": 0.626371443271637, "14": 0.6269569993019104, "15": 0.5999419689178467, "16": 0.6025357246398926, "17": 0.617806613445282, "18": 0.631583034992218, "19": 0.6355474591255188, "20": 0.6259549260139465, "21": 0.6112163662910461, "22": 0.6401699185371399, "23": 0.6165809631347656, "24": 0.6258965134620667, "25": 0.6307175755500793, "26": 0.6320574283599854, "27": 0.6529988646507263, "28": 0.6081638932228088, "29": 0.628136932849884, "30": 0.615923285484314, "31": 0.6328726410865784, "32": 0.6246171593666077, "33": 0.6420252919197083, "34": 0.5835455060005188, "35": 0.6355040073394775, "36": 0.6223941445350647, "37": 0.6117740273475647, "38": 0.6163468956947327, "39": 0.6262211203575134, "40": 0.6182274222373962, "41": 0.6264142394065857, "42": 0.6231441497802734, "43": 0.6337643265724182, "44": 0.6152040958404541, "45": 0.624705970287323, "46": 0.6245360970497131, "47": 0.6257855892181396, "48": 0.6111578345298767, "49": 0.6311379671096802, "50": 0.6163792014122009, "51": 0.6393523216247559, "52": 0.6241174340248108, "53": 0.6292000412940979, "54": 0.6393274664878845, "55": 0.6276839375495911, "56": 0.6289426684379578, "57": 0.6394476294517517, "58": 0.6299636363983154, "59": 0.6390606760978699, "60": 0.6223545074462891, "61": 0.6445246338844299, "62": 0.598182737827301, "63": 0.6179550290107727, "64": 0.6289905905723572, "65": 0.6417942643165588, "66": 0.6192494034767151, "67": 0.5987897515296936, "68": 0.623256266117096, "69": 0.6193464994430542, "70": 0.6124565005302429, "71": 0.625291109085083, "72": 0.6148350834846497, "73": 0.6213740706443787, "74": 0.6337698101997375, "75": 0.6287069320678711, "76": 0.6194764375686646, "77": 0.627934455871582, "78": 0.6319662928581238, "79": 0.6158334016799927, "80": 0.6208040118217468}