{"1": 0.5214223861694336, "2": 0.5516782999038696, "3": 0.47831836342811584, "4": 0.5678764581680298, "5": 0.5182330012321472, "6": 0.5733107328414917, "7": 0.5325515866279602, "8": 0.5574371814727783, "9": 0.5700008869171143, "10": 0.5768545269966125, "11": 0.6085031628608704, "12": 0.5881131887435913, "13": 0.6155697107315063, "14": 0.6703402996063232, "15": 0.594596803188324, "16": 0.6881031394004822, "17": 0.6802746057510376, "18": 0.701515257358551, "19": 0.6787437200546265, "20": 0.7344688177108765, "21": 0.7421008944511414, "22": 0.7083428502082825, "23": 0.7361966371536255, "24": 0.7486913204193115, "25": 0.69903165102005, "26": 0.8198829889297485, "27": 0.8102323412895203, "28": 0.7473709583282471, "29": 0.8282858729362488, "30": 0.7828040719032288, "31": 0.7593580484390259, "32": 0.7814301252365112, "33": 0.8612309694290161, "34": 0.7927281260490417, "35": 0.9066386222839355, "36": 0.8123472332954407, "37": 0.8611527681350708, "38": 0.9279346466064453, "39": 0.8638511896133423, "40": 0.9028511047363281, "41": 1.0105432271957397, "42": 0.9510393142700195, "43": 0.8969173431396484, "44": 0.9312499761581421, "45": 0.8898754119873047, "46": 0.9599579572677612, "47": 0.8976553082466125, "48": 0.8960241079330444, "49": 0.8432438969612122, "50": 0.8118277788162231, "51": 0.7433679699897766, "52": 0.7836159467697144, "53": 0.8210293054580688, "54": 0.8179517984390259, "55": 0.852571964263916, "56": 0.8775348663330078, "57": 0.9041352272033691, "58": 0.9288185238838196, "59": 0.9427860975265503, "60": 0.8869926333427429, "61": 0.916248619556427, "62": 0.8842449188232422, "63": 0.9393284916877747, "64": 0.9590662121772766, "65": 0.9343568682670593, "66": 0.9302366375923157, "67": 0.9116919636726379, "68": 0.9343172311782837, "69": 1.1737937927246094, "70": 0.9144496917724609, "71": 0.9647671580314636, "72": 0.9945802688598633, "73": 1.0595238208770752, "74": 1.0294721126556396, "75": 1.0199817419052124, "76": 1.061810851097107, "77": 1.0373352766036987, "78": 1.082289218902588, "79": 1.0507453680038452, "80": 1.0217781066894531}