{"1": 0.551334798336029, "2": 0.5275302529335022, "3": 0.6036633849143982, "4": 0.555716335773468, "5": 0.5943323969841003, "6": 0.5786125659942627, "7": 0.6055365204811096, "8": 0.6065964698791504, "9": 0.6133169531822205, "10": 0.6129881739616394, "11": 0.6005024313926697, "12": 0.6287583708763123, "13": 0.6178244948387146, "14": 0.6076235175132751, "15": 0.6376825571060181, "16": 0.6153404712677002, "17": 0.6216444373130798, "18": 0.6216555237770081, "19": 0.6226188540458679, "20": 0.6171894073486328, "21": 0.6151687502861023, "22": 0.6364225745201111, "23": 0.6262794137001038, "24": 0.6237384080886841, "25": 0.6366881728172302, "26": 0.6151010990142822, "27": 0.6157147288322449, "28": 0.6372452974319458, "29": 0.611945390701294, "30": 0.6173321604728699, "31": 0.6393746733665466, "32": 0.6293473243713379, "33": 0.6002416610717773, "34": 0.6287379860877991, "35": 0.6043897271156311, "36": 0.6312959790229797, "37": 0.6266228556632996, "38": 0.6180243492126465, "39": 0.6274777054786682, "40": 0.6281936764717102, "41": 0.6012818217277527, "42": 0.6178122162818909, "43": 0.6288419365882874, "44": 0.6226767897605896, "45": 0.6166909337043762, "46": 0.6270456910133362, "47": 0.6225178241729736, "48": 0.6169595718383789, "49": 0.5984630584716797, "50": 0.6110265851020813, "51": 0.621311366558075, "52": 0.6141740679740906, "53": 0.6170394420623779, "54": 0.6258975863456726, "55": 0.6243033409118652, "56": 0.6255903840065002, "57": 0.6207770705223083, "58": 0.6187843680381775, "59": 0.6174111366271973, "60": 0.6283220648765564, "61": 0.6166439652442932, "62": 0.640056312084198, "63": 0.6286899447441101, "64": 0.62282794713974, "65": 0.6357882618904114, "66": 0.6228591203689575, "67": 0.6444019675254822, "68": 0.628184974193573, "69": 0.5779385566711426, "70": 0.6338930130004883, "71": 0.6253217458724976, "72": 0.623952329158783, "73": 0.6138970255851746, "74": 0.6229565739631653, "75": 0.6226990818977356, "76": 0.6070560812950134, "77": 0.6280820369720459, "78": 0.6171109676361084, "79": 0.6261536478996277, "80": 0.6212952733039856}