{"1": 0.6266926527023315, "2": 0.5235913991928101, "3": 0.48234057426452637, "4": 0.545669674873352, "5": 0.502409815788269, "6": 0.5442059636116028, "7": 0.531622588634491, "8": 0.5545976161956787, "9": 0.5723670125007629, "10": 0.5953513979911804, "11": 0.5970096588134766, "12": 0.6019123792648315, "13": 0.64710533618927, "14": 0.6452943682670593, "15": 0.7203092575073242, "16": 0.7379478216171265, "17": 0.667123556137085, "18": 0.6740517616271973, "19": 0.7288437485694885, "20": 0.7358494997024536, "21": 0.7924972772598267, "22": 0.7592664957046509, "23": 0.7809449434280396, "24": 0.7203670740127563, "25": 0.7017083764076233, "26": 0.7271891236305237, "27": 0.6975463628768921, "28": 0.8190801739692688, "29": 0.8090872764587402, "30": 0.8262479901313782, "31": 0.8327562212944031, "32": 0.8206666707992554, "33": 0.7579860091209412, "34": 0.9760771989822388, "35": 0.7825656533241272, "36": 0.8227078318595886, "37": 0.9110841751098633, "38": 0.88409423828125, "39": 0.8714847564697266, "40": 0.9374126195907593, "41": 0.9080761671066284, "42": 0.9342166185379028, "43": 0.8546945452690125, "44": 0.971221923828125, "45": 0.8903824090957642, "46": 0.9443353414535522, "47": 0.8931124806404114, "48": 0.992423415184021, "49": 0.8892885446548462, "50": 0.9111696481704712, "51": 0.928967297077179, "52": 0.9300249218940735, "53": 0.9565414190292358, "54": 0.8799678683280945, "55": 0.9597171545028687, "56": 1.0016528367996216, "57": 0.8862876892089844, "58": 1.0010871887207031, "59": 0.9072163701057434, "60": 0.9765392541885376, "61": 0.9403825998306274, "62": 1.0968372821807861, "63": 0.9739362597465515, "64": 0.9723345041275024, "65": 0.8757458925247192, "66": 0.9989827871322632, "67": 1.15131676197052, "68": 0.9922636151313782, "69": 0.98924320936203, "70": 1.024804711341858, "71": 1.019649863243103, "72": 1.071103811264038, "73": 1.0141749382019043, "74": 0.9831596612930298, "75": 1.0367788076400757, "76": 1.0564402341842651, "77": 1.012464165687561, "78": 1.0134226083755493, "79": 1.1376850605010986, "80": 1.0457314252853394}