{"1": 0.6920919418334961, "2": 0.753681480884552, "3": 0.721191942691803, "4": 0.7682936787605286, "5": 0.7666761875152588, "6": 0.7655735015869141, "7": 0.7861754298210144, "8": 0.7749946713447571, "9": 0.7948469519615173, "10": 0.7754284739494324, "11": 0.8033315539360046, "12": 0.7736943364143372, "13": 0.785191535949707, "14": 0.7822884917259216, "15": 0.7840948700904846, "16": 0.7859241366386414, "17": 0.7875036597251892, "18": 0.7911725640296936, "19": 0.7925009727478027, "20": 0.7851417660713196, "21": 0.7846522331237793, "22": 0.7799721360206604, "23": 0.7875580787658691, "24": 0.7799496054649353, "25": 0.7929933071136475, "26": 0.7837266325950623, "27": 0.7696648240089417, "28": 0.7796490788459778, "29": 0.7673131823539734, "30": 0.775298535823822, "31": 0.788562536239624, "32": 0.7764857411384583, "33": 0.7891068458557129, "34": 0.7713863253593445, "35": 0.7849140167236328, "36": 0.7711462378501892, "37": 0.7872946262359619, "38": 0.784609854221344, "39": 0.7793862819671631, "40": 0.7666224837303162, "41": 0.8019888997077942, "42": 0.7731521129608154, "43": 0.7848634123802185, "44": 0.7698683738708496, "45": 0.7945051193237305, "46": 0.7880974411964417, "47": 0.7971870303153992, "48": 0.7747683525085449, "49": 0.7928395867347717, "50": 0.7979884743690491, "51": 0.7686126232147217, "52": 0.7923595309257507, "53": 0.7704671025276184, "54": 0.7867319583892822, "55": 0.7864272594451904, "56": 0.7855818867683411, "57": 0.7877891659736633, "58": 0.7591108679771423, "59": 0.7838247418403625, "60": 0.7731490135192871, "61": 0.7923272252082825, "62": 0.7697270512580872, "63": 0.7787725925445557, "64": 0.7832128405570984, "65": 0.7964913249015808, "66": 0.7850918769836426, "67": 0.7812718749046326, "68": 0.7808753848075867, "69": 0.7777628898620605, "70": 0.7815477252006531, "71": 0.7723485827445984, "72": 0.7787203788757324, "73": 0.783219575881958, "74": 0.7651389241218567, "75": 0.7796242833137512, "76": 0.775414764881134, "77": 0.7819147109985352, "78": 0.7866275906562805, "79": 0.78565913438797, "80": 0.7750512957572937}