{"1": 0.5439367890357971, "2": 0.4915875792503357, "3": 0.552547037601471, "4": 0.48549962043762207, "5": 0.5011106729507446, "6": 0.5218517780303955, "7": 0.49910372495651245, "8": 0.5086200833320618, "9": 0.545657753944397, "10": 0.603897213935852, "11": 0.5215985178947449, "12": 0.6024602651596069, "13": 0.6087571978569031, "14": 0.6134246587753296, "15": 0.6333467960357666, "16": 0.6319714188575745, "17": 0.6779974699020386, "18": 0.7444335222244263, "19": 0.6652055978775024, "20": 0.7265199422836304, "21": 0.6983970403671265, "22": 0.7775181531906128, "23": 0.7909077405929565, "24": 0.7411771416664124, "25": 0.7841072678565979, "26": 0.8046543002128601, "27": 0.8610377311706543, "28": 0.6715594530105591, "29": 0.8410863876342773, "30": 0.8095100522041321, "31": 0.6620905995368958, "32": 0.854989230632782, "33": 0.7212179899215698, "34": 0.8702274560928345, "35": 0.8328568339347839, "36": 0.871641993522644, "37": 0.8624340891838074, "38": 0.901104748249054, "39": 0.9151772260665894, "40": 0.9202812314033508, "41": 0.8826530575752258, "42": 0.8965738415718079, "43": 0.910775363445282, "44": 0.9737697839736938, "45": 0.9081247448921204, "46": 0.8935796022415161, "47": 0.8698215484619141, "48": 0.9338430166244507, "49": 0.8731716871261597, "50": 0.9146403074264526, "51": 0.984843373298645, "52": 0.8904684782028198, "53": 0.9244063496589661, "54": 1.0137395858764648, "55": 0.9311105012893677, "56": 0.9479325413703918, "57": 0.8991931080818176, "58": 1.1575076580047607, "59": 0.918002724647522, "60": 1.004818081855774, "61": 0.9438152313232422, "62": 1.0909082889556885, "63": 0.9992467761039734, "64": 0.9959257245063782, "65": 0.9371644854545593, "66": 1.0570805072784424, "67": 1.0256307125091553, "68": 0.956640362739563, "69": 1.0895696878433228, "70": 1.0339241027832031, "71": 1.0880210399627686, "72": 1.0889909267425537, "73": 1.0723991394042969, "74": 1.1044867038726807, "75": 1.0775648355484009, "76": 1.0618174076080322, "77": 1.084640622138977, "78": 1.0216950178146362, "79": 1.1173781156539917, "80": 0.9891616702079773}