{"1": 0.6234407424926758, "2": 0.6844887733459473, "3": 0.7381734848022461, "4": 0.722869873046875, "5": 0.7423524856567383, "6": 0.7440390586853027, "7": 0.7452459335327148, "8": 0.754399836063385, "9": 0.7799466252326965, "10": 0.7560305595397949, "11": 0.7722147107124329, "12": 0.7801223397254944, "13": 0.7601884007453918, "14": 0.7587658762931824, "15": 0.7498553395271301, "16": 0.7474775314331055, "17": 0.7430240511894226, "18": 0.7590726017951965, "19": 0.7618295550346375, "20": 0.7575590014457703, "21": 0.7645670771598816, "22": 0.7740557193756104, "23": 0.7483117580413818, "24": 0.7468486428260803, "25": 0.7656905055046082, "26": 0.7640925049781799, "27": 0.7763752341270447, "28": 0.7534253597259521, "29": 0.7555083632469177, "30": 0.7453532814979553, "31": 0.7609652876853943, "32": 0.7576875686645508, "33": 0.7599233984947205, "34": 0.7471258044242859, "35": 0.7580683827400208, "36": 0.7574503421783447, "37": 0.7503290176391602, "38": 0.746955394744873, "39": 0.7557398676872253, "40": 0.7494557499885559, "41": 0.7505507469177246, "42": 0.7615930438041687, "43": 0.7600029110908508, "44": 0.7499690055847168, "45": 0.7598085403442383, "46": 0.7602028250694275, "47": 0.7540450096130371, "48": 0.7392926216125488, "49": 0.7577447891235352, "50": 0.749799907207489, "51": 0.7755950093269348, "52": 0.7563683390617371, "53": 0.7586084008216858, "54": 0.7665773034095764, "55": 0.760572612285614, "56": 0.7673682570457458, "57": 0.7583308219909668, "58": 0.7718856334686279, "59": 0.7648470997810364, "60": 0.749064028263092, "61": 0.7657883763313293, "62": 0.7383992075920105, "63": 0.7480599284172058, "64": 0.7435624599456787, "65": 0.7790748476982117, "66": 0.7541700005531311, "67": 0.7384614944458008, "68": 0.7493670582771301, "69": 0.7540261149406433, "70": 0.7443485260009766, "71": 0.7594988346099854, "72": 0.7568827271461487, "73": 0.75482577085495, "74": 0.7687224745750427, "75": 0.7595757842063904, "76": 0.7518103122711182, "77": 0.7571399211883545, "78": 0.7616633772850037, "79": 0.7544532418251038, "80": 0.7435343861579895}