{"1": 0.5745773911476135, "2": 0.5325934290885925, "3": 0.5717224478721619, "4": 0.5916703343391418, "5": 0.6403737664222717, "6": 0.631297767162323, "7": 0.6519063115119934, "8": 0.6439220905303955, "9": 0.6480014324188232, "10": 0.657799243927002, "11": 0.6679448485374451, "12": 0.6439481377601624, "13": 0.6358135938644409, "14": 0.6448741555213928, "15": 0.6545243263244629, "16": 0.6517475247383118, "17": 0.6526475548744202, "18": 0.6578273177146912, "19": 0.6460697650909424, "20": 0.6418585181236267, "21": 0.6720657348632812, "22": 0.6418629288673401, "23": 0.6640834808349609, "24": 0.6528423428535461, "25": 0.638522744178772, "26": 0.6437197327613831, "27": 0.6558277606964111, "28": 0.6542519927024841, "29": 0.6487051844596863, "30": 0.6388633847236633, "31": 0.6432555317878723, "32": 0.6577953100204468, "33": 0.662102222442627, "34": 0.6557420492172241, "35": 0.6498639583587646, "36": 0.6447339057922363, "37": 0.6510891914367676, "38": 0.6484100818634033, "39": 0.6485560536384583, "40": 0.6434497237205505, "41": 0.6444723606109619, "42": 0.6447997093200684, "43": 0.6061474680900574, "44": 0.6502463817596436, "45": 0.6590164303779602, "46": 0.6339161992073059, "47": 0.6448387503623962, "48": 0.639994204044342, "49": 0.6359274983406067, "50": 0.641821563243866, "51": 0.6340162754058838, "52": 0.6521698832511902, "53": 0.645409345626831, "54": 0.6574191451072693, "55": 0.639133632183075, "56": 0.6503751277923584, "57": 0.6458461880683899, "58": 0.6425785422325134, "59": 0.6521950364112854, "60": 0.6404960751533508, "61": 0.6382042169570923, "62": 0.6470713019371033, "63": 0.6539517045021057, "64": 0.633618950843811, "65": 0.6467076539993286, "66": 0.5985569357872009, "67": 0.6312366127967834, "68": 0.645789623260498, "69": 0.6531727313995361, "70": 0.655829131603241, "71": 0.6442902088165283, "72": 0.6527722477912903, "73": 0.6431081891059875, "74": 0.6414659023284912, "75": 0.6346132159233093, "76": 0.6584258675575256, "77": 0.6500659584999084, "78": 0.6558312773704529, "79": 0.6491195559501648, "80": 0.6358529925346375}