{"1": 0.6994280219078064, "2": 0.6951294541358948, "3": 0.7323526740074158, "4": 0.7546923160552979, "5": 0.7849517464637756, "6": 0.7652466893196106, "7": 0.7939910292625427, "8": 0.8002956509590149, "9": 0.803961455821991, "10": 0.8079063296318054, "11": 0.8178000450134277, "12": 0.7979372143745422, "13": 0.7928861975669861, "14": 0.8081570267677307, "15": 0.80953049659729, "16": 0.8055198788642883, "17": 0.808041512966156, "18": 0.8092206120491028, "19": 0.8025621771812439, "20": 0.8039042353630066, "21": 0.8200230598449707, "22": 0.8006677627563477, "23": 0.8168501853942871, "24": 0.8099883198738098, "25": 0.8054189085960388, "26": 0.8045462965965271, "27": 0.7957496047019958, "28": 0.8045304417610168, "29": 0.8056979775428772, "30": 0.7937498092651367, "31": 0.793262243270874, "32": 0.8103672862052917, "33": 0.8076789975166321, "34": 0.8027942776679993, "35": 0.796562135219574, "36": 0.7890236377716064, "37": 0.8045818209648132, "38": 0.7955775260925293, "39": 0.7901601791381836, "40": 0.7989094853401184, "41": 0.7978219389915466, "42": 0.7867254614830017, "43": 0.7783098220825195, "44": 0.7941777110099792, "45": 0.7981095314025879, "46": 0.7922212481498718, "47": 0.7942376136779785, "48": 0.7915942072868347, "49": 0.7874228954315186, "50": 0.7973330020904541, "51": 0.7871623039245605, "52": 0.7895590662956238, "53": 0.7934889197349548, "54": 0.8074917197227478, "55": 0.7922277450561523, "56": 0.7976368069648743, "57": 0.7896552085876465, "58": 0.795677900314331, "59": 0.7976481318473816, "60": 0.7953142523765564, "61": 0.7857388854026794, "62": 0.7955699563026428, "63": 0.8039226531982422, "64": 0.7831546664237976, "65": 0.7968408465385437, "66": 0.7653841376304626, "67": 0.7814254760742188, "68": 0.7920215725898743, "69": 0.8040735721588135, "70": 0.8027186393737793, "71": 0.7952373623847961, "72": 0.8054268956184387, "73": 0.7946551442146301, "74": 0.7914214730262756, "75": 0.786448061466217, "76": 0.8036718368530273, "77": 0.7942118048667908, "78": 0.8062713146209717, "79": 0.7989501357078552, "80": 0.7945415377616882}