{"1": 0.6701954007148743, "2": 0.684964656829834, "3": 0.7381637096405029, "4": 0.7175474762916565, "5": 0.7417845726013184, "6": 0.7392905354499817, "7": 0.7602179050445557, "8": 0.7653973698616028, "9": 0.7702184319496155, "10": 0.7553227543830872, "11": 0.7595049738883972, "12": 0.779477596282959, "13": 0.7647793292999268, "14": 0.7648321986198425, "15": 0.7840604782104492, "16": 0.7669236660003662, "17": 0.7688825130462646, "18": 0.7727164626121521, "19": 0.7752456068992615, "20": 0.7749763131141663, "21": 0.7712931632995605, "22": 0.7866451740264893, "23": 0.7818930149078369, "24": 0.772226870059967, "25": 0.7736279368400574, "26": 0.7739312648773193, "27": 0.7685108184814453, "28": 0.7887251377105713, "29": 0.7633664608001709, "30": 0.7640826106071472, "31": 0.7850119471549988, "32": 0.7739601135253906, "33": 0.7597139477729797, "34": 0.7753362655639648, "35": 0.7447987198829651, "36": 0.7679615616798401, "37": 0.7709805369377136, "38": 0.759953498840332, "39": 0.7676329612731934, "40": 0.7715818881988525, "41": 0.7597209811210632, "42": 0.7667970061302185, "43": 0.7715355753898621, "44": 0.7733889222145081, "45": 0.7563748955726624, "46": 0.7768275141716003, "47": 0.7576034665107727, "48": 0.7535582184791565, "49": 0.7372427582740784, "50": 0.7593520283699036, "51": 0.7646157145500183, "52": 0.7625079154968262, "53": 0.7655496597290039, "54": 0.7695141434669495, "55": 0.768111526966095, "56": 0.7713642120361328, "57": 0.7636833190917969, "58": 0.7603595852851868, "59": 0.7603313326835632, "60": 0.7714608311653137, "61": 0.7478787302970886, "62": 0.7887292504310608, "63": 0.7673915028572083, "64": 0.7676435112953186, "65": 0.7768027186393738, "66": 0.758489191532135, "67": 0.7847651839256287, "68": 0.7627493739128113, "69": 0.7318307757377625, "70": 0.776458740234375, "71": 0.765187680721283, "72": 0.769054114818573, "73": 0.7614012360572815, "74": 0.7695630192756653, "75": 0.7627121806144714, "76": 0.7451069951057434, "77": 0.7742264866828918, "78": 0.7618345618247986, "79": 0.7676692008972168, "80": 0.7652950882911682}