{"1": 0.5288593769073486, "2": 0.568792462348938, "3": 0.5491043329238892, "4": 0.5257394909858704, "5": 0.47438377141952515, "6": 0.5012935400009155, "7": 0.505557656288147, "8": 0.5281519889831543, "9": 0.5468751788139343, "10": 0.540756106376648, "11": 0.5301151275634766, "12": 0.5764146447181702, "13": 0.6152399778366089, "14": 0.602748692035675, "15": 0.6161869764328003, "16": 0.6400962471961975, "17": 0.6447001695632935, "18": 0.6248045563697815, "19": 0.6844959855079651, "20": 0.7103827595710754, "21": 0.6264318227767944, "22": 0.7436142563819885, "23": 0.6863993406295776, "24": 0.7237613201141357, "25": 0.771949291229248, "26": 0.764726459980011, "27": 0.7151188850402832, "28": 0.7313445210456848, "29": 0.7746356725692749, "30": 0.803475022315979, "31": 0.784920871257782, "32": 0.7598097920417786, "33": 0.7568138837814331, "34": 0.7756702899932861, "35": 0.8006407618522644, "36": 0.815138041973114, "37": 0.8073391914367676, "38": 0.8073441386222839, "39": 0.8063871264457703, "40": 0.8860331773757935, "41": 0.8911410570144653, "42": 0.8807729482650757, "43": 0.9992097616195679, "44": 0.7956537008285522, "45": 0.7469735741615295, "46": 0.8684971928596497, "47": 0.8624188303947449, "48": 0.9100326299667358, "49": 0.9337363243103027, "50": 0.9423044323921204, "51": 0.9610651135444641, "52": 0.8392333984375, "53": 0.9094575047492981, "54": 0.8708608746528625, "55": 0.936141312122345, "56": 0.9132705926895142, "57": 0.9101927876472473, "58": 0.9529172778129578, "59": 0.9122744798660278, "60": 0.9491952657699585, "61": 0.9770373106002808, "62": 0.9450615644454956, "63": 0.9381853938102722, "64": 0.9870011210441589, "65": 0.967558741569519, "66": 1.059740662574768, "67": 1.0495684146881104, "68": 0.9708873629570007, "69": 0.8836332559585571, "70": 0.9396953582763672, "71": 0.9842013120651245, "72": 0.9811241030693054, "73": 1.0117353200912476, "74": 1.016715168952942, "75": 1.0728648900985718, "76": 0.9341727495193481, "77": 0.988849937915802, "78": 1.0042860507965088, "79": 0.979322612285614, "80": 1.1112120151519775}