{"1": 0.6882417798042297, "2": 0.6796984672546387, "3": 0.7120969891548157, "4": 0.7309556603431702, "5": 0.7602477669715881, "6": 0.7329891324043274, "7": 0.765110194683075, "8": 0.7755308151245117, "9": 0.7732468247413635, "10": 0.7770784497261047, "11": 0.7874000668525696, "12": 0.7691475749015808, "13": 0.7607057690620422, "14": 0.774366557598114, "15": 0.7750019431114197, "16": 0.7659505009651184, "17": 0.7739011645317078, "18": 0.7752637267112732, "19": 0.7672379612922668, "20": 0.7705352902412415, "21": 0.7851024270057678, "22": 0.7644858360290527, "23": 0.7808375954627991, "24": 0.7784437537193298, "25": 0.7731482982635498, "26": 0.7715343832969666, "27": 0.756978452205658, "28": 0.7717185020446777, "29": 0.7691677212715149, "30": 0.7633292078971863, "31": 0.7567612528800964, "32": 0.7696500420570374, "33": 0.7713729739189148, "34": 0.7629435062408447, "35": 0.7567811012268066, "36": 0.7492876052856445, "37": 0.7696203589439392, "38": 0.7594306468963623, "39": 0.7511433959007263, "40": 0.7625345587730408, "41": 0.7637026906013489, "42": 0.7520872950553894, "43": 0.7470265030860901, "44": 0.7558181881904602, "45": 0.7619025111198425, "46": 0.7603901028633118, "47": 0.7622955441474915, "48": 0.7588097453117371, "49": 0.7549316883087158, "50": 0.7633993625640869, "51": 0.7510948181152344, "52": 0.7532785534858704, "53": 0.758083164691925, "54": 0.7766034603118896, "55": 0.7607575058937073, "56": 0.7628342509269714, "57": 0.7546780705451965, "58": 0.7606112957000732, "59": 0.7574576735496521, "60": 0.7638211250305176, "61": 0.7507226467132568, "62": 0.7604193687438965, "63": 0.7690701484680176, "64": 0.7465858459472656, "65": 0.7598293423652649, "66": 0.7300295233726501, "67": 0.739963948726654, "68": 0.7503082156181335, "69": 0.7667514681816101, "70": 0.7653117179870605, "71": 0.7571031451225281, "72": 0.7701241374015808, "73": 0.7588913440704346, "74": 0.7551393508911133, "75": 0.7494648098945618, "76": 0.7703971266746521, "77": 0.7621026039123535, "78": 0.7639316916465759, "79": 0.7577402591705322, "80": 0.7576990723609924}