{"1": 0.6675661206245422, "2": 0.6494483947753906, "3": 0.6719860434532166, "4": 0.6844337582588196, "5": 0.7050401568412781, "6": 0.67448490858078, "7": 0.7067079544067383, "8": 0.7116475105285645, "9": 0.7085345387458801, "10": 0.7092601656913757, "11": 0.7162847518920898, "12": 0.702301025390625, "13": 0.6846005320549011, "14": 0.7095010876655579, "15": 0.6990931630134583, "16": 0.686836302280426, "17": 0.7022375464439392, "18": 0.7024941444396973, "19": 0.6964820027351379, "20": 0.69657963514328, "21": 0.7063267827033997, "22": 0.6911575198173523, "23": 0.7084231376647949, "24": 0.6999594569206238, "25": 0.6970357298851013, "26": 0.6963324546813965, "27": 0.6625690460205078, "28": 0.6934986114501953, "29": 0.6890082359313965, "30": 0.6825373768806458, "31": 0.6831309795379639, "32": 0.6825379729270935, "33": 0.6903786659240723, "34": 0.6779143214225769, "35": 0.6690492033958435, "36": 0.6597875952720642, "37": 0.6927968859672546, "38": 0.681425154209137, "39": 0.6567499041557312, "40": 0.6813311576843262, "41": 0.6834595203399658, "42": 0.6712195873260498, "43": 0.6701402068138123, "44": 0.6831102967262268, "45": 0.6815983653068542, "46": 0.6914517879486084, "47": 0.681329071521759, "48": 0.6820999979972839, "49": 0.6784512400627136, "50": 0.6878840923309326, "51": 0.6690654754638672, "52": 0.6694755554199219, "53": 0.6867685317993164, "54": 0.6968805193901062, "55": 0.6813406348228455, "56": 0.6816871166229248, "57": 0.6694664359092712, "58": 0.6829594969749451, "59": 0.6769292950630188, "60": 0.6880255341529846, "61": 0.6715877652168274, "62": 0.6796911358833313, "63": 0.6840503811836243, "64": 0.6549203991889954, "65": 0.6819922924041748, "66": 0.6594278216362, "67": 0.663439929485321, "68": 0.6642263531684875, "69": 0.687286913394928, "70": 0.6740309596061707, "71": 0.6715137362480164, "72": 0.6849529147148132, "73": 0.6782271265983582, "74": 0.6731614470481873, "75": 0.6650866866111755, "76": 0.6836971640586853, "77": 0.6720414757728577, "78": 0.682842493057251, "79": 0.665553867816925, "80": 0.6800158023834229}