{"1": 0.4769502580165863, "2": 0.5702645182609558, "3": 0.6080305576324463, "4": 0.5762694478034973, "5": 0.6091344952583313, "6": 0.6034145355224609, "7": 0.6036990284919739, "8": 0.616904079914093, "9": 0.6285507082939148, "10": 0.6068069338798523, "11": 0.629256546497345, "12": 0.6294155716896057, "13": 0.6188395619392395, "14": 0.6208664774894714, "15": 0.594460666179657, "16": 0.5932491421699524, "17": 0.6117319464683533, "18": 0.6260161995887756, "19": 0.6248118281364441, "20": 0.6184362769126892, "21": 0.6089456081390381, "22": 0.6324138641357422, "23": 0.6088446974754333, "24": 0.6173674464225769, "25": 0.6250622272491455, "26": 0.6241446137428284, "27": 0.6462380290031433, "28": 0.6013574004173279, "29": 0.6208811402320862, "30": 0.6053367257118225, "31": 0.6232514977455139, "32": 0.6176233887672424, "33": 0.6354562640190125, "34": 0.57552570104599, "35": 0.6267761588096619, "36": 0.6176386475563049, "37": 0.6006175875663757, "38": 0.6087842583656311, "39": 0.6183754801750183, "40": 0.6120179295539856, "41": 0.6179534792900085, "42": 0.6156037449836731, "43": 0.6255500316619873, "44": 0.6088995337486267, "45": 0.6190222501754761, "46": 0.6171430945396423, "47": 0.6199982166290283, "48": 0.6034680008888245, "49": 0.6235086917877197, "50": 0.6113978028297424, "51": 0.6335524916648865, "52": 0.6165036559104919, "53": 0.6231256723403931, "54": 0.6318395733833313, "55": 0.6192806363105774, "56": 0.6190821528434753, "57": 0.629932701587677, "58": 0.6236749291419983, "59": 0.630215585231781, "60": 0.6162475943565369, "61": 0.6360962986946106, "62": 0.5905953645706177, "63": 0.6094294190406799, "64": 0.6217443346977234, "65": 0.6381800174713135, "66": 0.6121595501899719, "67": 0.5924827456474304, "68": 0.6167356371879578, "69": 0.6146537661552429, "70": 0.6050688624382019, "71": 0.6180709004402161, "72": 0.6075339317321777, "73": 0.6150580048561096, "74": 0.6268107295036316, "75": 0.6215823888778687, "76": 0.613133430480957, "77": 0.6221708655357361, "78": 0.6235104203224182, "79": 0.6075232028961182, "80": 0.6130064129829407}