{"1": 0.528828501701355, "2": 0.5486887693405151, "3": 0.4709658622741699, "4": 0.5551897287368774, "5": 0.4988380968570709, "6": 0.5653157234191895, "7": 0.5067107081413269, "8": 0.5427922606468201, "9": 0.5580921173095703, "10": 0.5697980523109436, "11": 0.5833008885383606, "12": 0.5697855949401855, "13": 0.5964825749397278, "14": 0.6502238512039185, "15": 0.573707103729248, "16": 0.6676350831985474, "17": 0.6593442559242249, "18": 0.6949440240859985, "19": 0.655308187007904, "20": 0.7224985361099243, "21": 0.719492495059967, "22": 0.695488691329956, "23": 0.7144802212715149, "24": 0.7325101494789124, "25": 0.6832819581031799, "26": 0.8062806129455566, "27": 0.7988877892494202, "28": 0.7291687726974487, "29": 0.8165798187255859, "30": 0.7746435403823853, "31": 0.7568029165267944, "32": 0.7691442370414734, "33": 0.8398222923278809, "34": 0.7617785930633545, "35": 0.8749126195907593, "36": 0.808116614818573, "37": 0.8480418920516968, "38": 0.9184759259223938, "39": 0.8508073091506958, "40": 0.8930543065071106, "41": 0.9859790802001953, "42": 0.9526351094245911, "43": 0.8755962252616882, "44": 0.919676661491394, "45": 0.8705469369888306, "46": 0.9454151391983032, "47": 0.8910077214241028, "48": 0.8932012319564819, "49": 0.7946261763572693, "50": 0.7703946232795715, "51": 0.7163184881210327, "52": 0.7550035715103149, "53": 0.7848242521286011, "54": 0.785921573638916, "55": 0.8180125951766968, "56": 0.8434959650039673, "57": 0.8729873895645142, "58": 0.8892725706100464, "59": 0.9065427780151367, "60": 0.8630952835083008, "61": 0.8802679181098938, "62": 0.854062557220459, "63": 0.8964044451713562, "64": 0.9278918504714966, "65": 0.90485680103302, "66": 0.9053915739059448, "67": 0.8848225474357605, "68": 0.9074446558952332, "69": 1.1491281986236572, "70": 0.9086607694625854, "71": 0.9386278390884399, "72": 0.9740807414054871, "73": 1.0193849802017212, "74": 0.996928870677948, "75": 0.9995401501655579, "76": 1.0207854509353638, "77": 1.029282808303833, "78": 1.0547674894332886, "79": 1.0386403799057007, "80": 0.9981654286384583}