{"1": 0.5910359621047974, "2": 0.6127803325653076, "3": 0.6880407929420471, "4": 0.6635119318962097, "5": 0.6506419777870178, "6": 0.6879235506057739, "7": 0.6800028085708618, "8": 0.6760472655296326, "9": 0.7194970846176147, "10": 0.8014587163925171, "11": 0.7238908410072327, "12": 0.7958067059516907, "13": 0.8023549318313599, "14": 0.8229905366897583, "15": 0.8351505994796753, "16": 0.829559326171875, "17": 0.8719334602355957, "18": 0.9281666874885559, "19": 0.8730713725090027, "20": 0.9412072896957397, "21": 0.9094484448432922, "22": 0.9986180067062378, "23": 1.0110288858413696, "24": 0.9579051733016968, "25": 1.039799451828003, "26": 1.0333201885223389, "27": 1.0883759260177612, "28": 0.9240692257881165, "29": 1.0431346893310547, "30": 0.9366634488105774, "31": 0.8556467294692993, "32": 1.0682525634765625, "33": 0.9718198776245117, "34": 1.0897024869918823, "35": 1.051407814025879, "36": 1.1300380229949951, "37": 1.0778136253356934, "38": 1.129173994064331, "39": 1.1664425134658813, "40": 1.1752524375915527, "41": 1.1597696542739868, "42": 1.1317765712738037, "43": 1.1499245166778564, "44": 1.2310841083526611, "45": 1.1468513011932373, "46": 1.1392494440078735, "47": 1.098839282989502, "48": 1.1997768878936768, "49": 1.117419719696045, "50": 1.1749504804611206, "51": 1.2434148788452148, "52": 1.178598403930664, "53": 1.1950405836105347, "54": 1.240627408027649, "55": 1.1934874057769775, "56": 1.2748204469680786, "57": 1.1507319211959839, "58": 1.3948999643325806, "59": 1.1477866172790527, "60": 1.2540279626846313, "61": 1.2241510152816772, "62": 1.357515573501587, "63": 1.3066976070404053, "64": 1.277205228805542, "65": 1.2428958415985107, "66": 1.2927463054656982, "67": 1.2452772855758667, "68": 1.2156156301498413, "69": 1.3483548164367676, "70": 1.302207589149475, "71": 1.366381287574768, "72": 1.3521406650543213, "73": 1.336978793144226, "74": 1.3637974262237549, "75": 1.3785675764083862, "76": 1.3313312530517578, "77": 1.372044324874878, "78": 1.286527156829834, "79": 1.4241507053375244, "80": 1.306426763534546}