{"1": 0.5374131202697754, "2": 0.5913909077644348, "3": 0.5443386435508728, "4": 0.6063033938407898, "5": 0.6121704578399658, "6": 0.6229383945465088, "7": 0.6371962428092957, "8": 0.6323973536491394, "9": 0.6320419311523438, "10": 0.6141740083694458, "11": 0.6633632779121399, "12": 0.6256000995635986, "13": 0.6243274807929993, "14": 0.6327458024024963, "15": 0.6330365538597107, "16": 0.6363043189048767, "17": 0.631984293460846, "18": 0.6266173720359802, "19": 0.6398736238479614, "20": 0.6275831460952759, "21": 0.6364433765411377, "22": 0.6179986000061035, "23": 0.6215904951095581, "24": 0.6308006644248962, "25": 0.6327171921730042, "26": 0.6234533786773682, "27": 0.6058865189552307, "28": 0.6428613066673279, "29": 0.6037591099739075, "30": 0.616753876209259, "31": 0.6461010575294495, "32": 0.615285336971283, "33": 0.6390283107757568, "34": 0.6107490658760071, "35": 0.6252662539482117, "36": 0.616125762462616, "37": 0.6281571388244629, "38": 0.6265200972557068, "39": 0.6242117285728455, "40": 0.6141502857208252, "41": 0.6369466781616211, "42": 0.6228087544441223, "43": 0.6295729279518127, "44": 0.6100700497627258, "45": 0.6365311741828918, "46": 0.6325435638427734, "47": 0.6419442892074585, "48": 0.6206033229827881, "49": 0.6470692753791809, "50": 0.6382787227630615, "51": 0.6126844882965088, "52": 0.6409367918968201, "53": 0.6287690997123718, "54": 0.630279004573822, "55": 0.6379902362823486, "56": 0.6305985450744629, "57": 0.6421449184417725, "58": 0.5926087498664856, "59": 0.638591468334198, "60": 0.6137830018997192, "61": 0.6415812373161316, "62": 0.6081060171127319, "63": 0.6303932070732117, "64": 0.6273447871208191, "65": 0.6432217955589294, "66": 0.6289193630218506, "67": 0.6181725859642029, "68": 0.6292011737823486, "69": 0.6171350479125977, "70": 0.6254234910011292, "71": 0.6188803315162659, "72": 0.6197406649589539, "73": 0.6319802403450012, "74": 0.6122133135795593, "75": 0.6290192604064941, "76": 0.6257960200309753, "77": 0.631138026714325, "78": 0.633174479007721, "79": 0.6290523409843445, "80": 0.6332151889801025}