{"1": 0.5453836917877197, "2": 0.5297348499298096, "3": 0.6076352596282959, "4": 0.5639732480049133, "5": 0.6081979870796204, "6": 0.584774911403656, "7": 0.6223537921905518, "8": 0.6209244728088379, "9": 0.6216592192649841, "10": 0.6186160445213318, "11": 0.6201080083847046, "12": 0.6403388977050781, "13": 0.631735622882843, "14": 0.6198756098747253, "15": 0.6497472524642944, "16": 0.6283288598060608, "17": 0.6370860934257507, "18": 0.6291913390159607, "19": 0.6394012570381165, "20": 0.6260170340538025, "21": 0.6296780705451965, "22": 0.6432092189788818, "23": 0.6413359642028809, "24": 0.6330002546310425, "25": 0.6464674472808838, "26": 0.6269051432609558, "27": 0.629089891910553, "28": 0.6489599347114563, "29": 0.6262504458427429, "30": 0.6299706101417542, "31": 0.6435100436210632, "32": 0.6391193270683289, "33": 0.6139540672302246, "34": 0.6446551084518433, "35": 0.6185458302497864, "36": 0.6410940289497375, "37": 0.6380075812339783, "38": 0.6275011897087097, "39": 0.6323890089988708, "40": 0.6353779435157776, "41": 0.6139116883277893, "42": 0.6248933672904968, "43": 0.638250470161438, "44": 0.6297784447669983, "45": 0.6283615231513977, "46": 0.637740433216095, "47": 0.6331283450126648, "48": 0.6255900859832764, "49": 0.6142639517784119, "50": 0.630077064037323, "51": 0.6367005705833435, "52": 0.6278688311576843, "53": 0.6365706324577332, "54": 0.6412670016288757, "55": 0.641643762588501, "56": 0.6427103877067566, "57": 0.6365324854850769, "58": 0.6351543068885803, "59": 0.6321842670440674, "60": 0.643663763999939, "61": 0.6335287094116211, "62": 0.6516972184181213, "63": 0.6443408131599426, "64": 0.6377206444740295, "65": 0.6459830403327942, "66": 0.6342229843139648, "67": 0.6581650376319885, "68": 0.6388686299324036, "69": 0.5925819277763367, "70": 0.6379267573356628, "71": 0.6376542448997498, "72": 0.6336936354637146, "73": 0.6317092776298523, "74": 0.6351051330566406, "75": 0.63376384973526, "76": 0.6235623359680176, "77": 0.6364331245422363, "78": 0.6313849091529846, "79": 0.6323913931846619, "80": 0.6328908801078796}