{"1": 0.46183010935783386, "2": 0.5499686598777771, "3": 0.5887591242790222, "4": 0.5643723011016846, "5": 0.5992405414581299, "6": 0.5894926190376282, "7": 0.6026812195777893, "8": 0.6089640259742737, "9": 0.6167784333229065, "10": 0.6010429859161377, "11": 0.6199097633361816, "12": 0.620830774307251, "13": 0.6074792742729187, "14": 0.6075531840324402, "15": 0.5878568291664124, "16": 0.5831552147865295, "17": 0.609381377696991, "18": 0.6196481585502625, "19": 0.608531653881073, "20": 0.605592668056488, "21": 0.6030371189117432, "22": 0.6188662052154541, "23": 0.598287045955658, "24": 0.6092736124992371, "25": 0.619922935962677, "26": 0.6210638880729675, "27": 0.6355104446411133, "28": 0.5963655114173889, "29": 0.611743152141571, "30": 0.5983246564865112, "31": 0.6112828254699707, "32": 0.6117858290672302, "33": 0.6266437768936157, "34": 0.5696840286254883, "35": 0.619064450263977, "36": 0.6074857115745544, "37": 0.5900362133979797, "38": 0.5961912274360657, "39": 0.6066754460334778, "40": 0.5990107655525208, "41": 0.6059224009513855, "42": 0.6054564118385315, "43": 0.6172661185264587, "44": 0.5988152623176575, "45": 0.6119638085365295, "46": 0.6096638441085815, "47": 0.616044282913208, "48": 0.5877542495727539, "49": 0.6159802079200745, "50": 0.6067396402359009, "51": 0.6256095767021179, "52": 0.6102500557899475, "53": 0.6138060092926025, "54": 0.6241611838340759, "55": 0.6127566695213318, "56": 0.6080924868583679, "57": 0.6203606128692627, "58": 0.6153538227081299, "59": 0.6223525404930115, "60": 0.6052713990211487, "61": 0.622424304485321, "62": 0.5856313109397888, "63": 0.6108034253120422, "64": 0.6065468192100525, "65": 0.6322364211082458, "66": 0.6062318682670593, "67": 0.5812321901321411, "68": 0.6053181290626526, "69": 0.608577311038971, "70": 0.6005362868309021, "71": 0.6113905310630798, "72": 0.6047415733337402, "73": 0.6121096014976501, "74": 0.6206991672515869, "75": 0.6129110455513, "76": 0.6064121723175049, "77": 0.618905782699585, "78": 0.6164491176605225, "79": 0.6010122299194336, "80": 0.6076696515083313}