{"1": 0.5091709494590759, "2": 0.5422226190567017, "3": 0.5185944437980652, "4": 0.49377256631851196, "5": 0.43893593549728394, "6": 0.4579893946647644, "7": 0.46461763978004456, "8": 0.49319544434547424, "9": 0.5110008120536804, "10": 0.5029722452163696, "11": 0.4995405673980713, "12": 0.5391232371330261, "13": 0.5731130838394165, "14": 0.5657122731208801, "15": 0.5758951902389526, "16": 0.5982468724250793, "17": 0.6174846291542053, "18": 0.5941561460494995, "19": 0.6583247184753418, "20": 0.6837953329086304, "21": 0.5971883535385132, "22": 0.7037851214408875, "23": 0.6400906443595886, "24": 0.7030327916145325, "25": 0.7355278730392456, "26": 0.7268345952033997, "27": 0.6778935790061951, "28": 0.7095519304275513, "29": 0.7378997206687927, "30": 0.7864290475845337, "31": 0.7428826093673706, "32": 0.6979488134384155, "33": 0.7064951658248901, "34": 0.7310047745704651, "35": 0.7505233287811279, "36": 0.7687627077102661, "37": 0.7662796974182129, "38": 0.7710997462272644, "39": 0.7664928436279297, "40": 0.8446688652038574, "41": 0.8491235971450806, "42": 0.8286234140396118, "43": 0.9836076498031616, "44": 0.7552119493484497, "45": 0.701619029045105, "46": 0.8575481176376343, "47": 0.8333743810653687, "48": 0.8769340515136719, "49": 0.9010673761367798, "50": 0.9089314341545105, "51": 0.9306901693344116, "52": 0.8054500818252563, "53": 0.8834272623062134, "54": 0.8432739973068237, "55": 0.9101907014846802, "56": 0.8713352084159851, "57": 0.8703392148017883, "58": 0.9000021815299988, "59": 0.8502168655395508, "60": 0.9253260493278503, "61": 0.9370812177658081, "62": 0.9119571447372437, "63": 0.893530547618866, "64": 0.9438390731811523, "65": 0.8970544934272766, "66": 1.0085948705673218, "67": 0.9792057275772095, "68": 0.8970179557800293, "69": 0.8461138606071472, "70": 0.9077425003051758, "71": 0.9550639390945435, "72": 0.9541770815849304, "73": 0.9882284998893738, "74": 1.0010262727737427, "75": 1.0354177951812744, "76": 0.9060861468315125, "77": 0.9713237881660461, "78": 0.928587794303894, "79": 0.9283587336540222, "80": 1.0546387434005737}