{"1": 0.5363659858703613, "2": 0.40728479623794556, "3": 0.4287865161895752, "4": 0.3916794955730438, "5": 0.4091344475746155, "6": 0.4398145079612732, "7": 0.47047895193099976, "8": 0.38385334610939026, "9": 0.40539631247520447, "10": 0.4051953852176666, "11": 0.4736427366733551, "12": 0.4483773708343506, "13": 0.39077097177505493, "14": 0.4095029830932617, "15": 0.4575539529323578, "16": 0.4385407567024231, "17": 0.4031238555908203, "18": 0.40974411368370056, "19": 0.4356897473335266, "20": 0.43189603090286255, "21": 0.48797470331192017, "22": 0.4060518145561218, "23": 0.37271296977996826, "24": 0.3900684714317322, "25": 0.4152361750602722, "26": 0.40276020765304565, "27": 0.4100305140018463, "28": 0.4388819634914398, "29": 0.39807024598121643, "30": 0.4918402135372162, "31": 0.40217018127441406, "32": 0.45665496587753296, "33": 0.4345827102661133, "34": 0.37884950637817383, "35": 0.441947877407074, "36": 0.4623223841190338, "37": 0.46817174553871155, "38": 0.4554104804992676, "39": 0.3947064280509949, "40": 0.4618549346923828, "41": 0.3991587162017822, "42": 0.3898938000202179, "43": 0.45188847184181213, "44": 0.42422857880592346, "45": 0.5025824904441833, "46": 0.46112075448036194, "47": 0.44830694794654846, "48": 0.4445781707763672, "49": 0.41364049911499023, "50": 0.47408851981163025, "51": 0.4962467551231384, "52": 0.46146559715270996, "53": 0.47527986764907837, "54": 0.51707524061203, "55": 0.41799426078796387, "56": 0.4619857668876648, "57": 0.4635997414588928, "58": 0.5131317377090454, "59": 0.49663645029067993, "60": 0.4605189859867096, "61": 0.5145540833473206, "62": 0.4534415304660797, "63": 0.528091549873352, "64": 0.44095516204833984, "65": 0.5482836961746216, "66": 0.496943861246109, "67": 0.5108622312545776, "68": 0.5005055665969849, "69": 0.5075209140777588, "70": 0.43069571256637573, "71": 0.5278924107551575, "72": 0.452910840511322, "73": 0.5277165770530701, "74": 0.5396774411201477, "75": 0.5501713752746582, "76": 0.5375279188156128, "77": 0.6386986970901489, "78": 0.4787794053554535, "79": 0.4718078672885895, "80": 0.5041472315788269}