{"1": 0.7085188031196594, "2": 0.7587495446205139, "3": 0.774928092956543, "4": 0.7869853973388672, "5": 0.7643845081329346, "6": 0.7514162063598633, "7": 0.769920289516449, "8": 0.8001604080200195, "9": 0.7953938841819763, "10": 0.8005854487419128, "11": 0.771815299987793, "12": 0.7732868790626526, "13": 0.7944729924201965, "14": 0.8028554320335388, "15": 0.8022025227546692, "16": 0.7856046557426453, "17": 0.8103210926055908, "18": 0.7923253178596497, "19": 0.790398120880127, "20": 0.7882528305053711, "21": 0.7997730374336243, "22": 0.791282594203949, "23": 0.7997282147407532, "24": 0.797954261302948, "25": 0.7970156669616699, "26": 0.81025630235672, "27": 0.7999255061149597, "28": 0.8003136515617371, "29": 0.792994499206543, "30": 0.7864456176757812, "31": 0.7974348664283752, "32": 0.8101828098297119, "33": 0.7984514236450195, "34": 0.7883999347686768, "35": 0.789849042892456, "36": 0.7967498302459717, "37": 0.7846157550811768, "38": 0.796960175037384, "39": 0.8106991648674011, "40": 0.787621021270752, "41": 0.7969062328338623, "42": 0.7995984554290771, "43": 0.8062300086021423, "44": 0.8039442896842957, "45": 0.7713329195976257, "46": 0.786788284778595, "47": 0.805260419845581, "48": 0.7925949692726135, "49": 0.7955892086029053, "50": 0.7792043685913086, "51": 0.7841234803199768, "52": 0.7833334803581238, "53": 0.7812113165855408, "54": 0.7719084620475769, "55": 0.8052907586097717, "56": 0.7863778471946716, "57": 0.7944952845573425, "58": 0.7888138294219971, "59": 0.7764750123023987, "60": 0.802712619304657, "61": 0.7903620600700378, "62": 0.8072300553321838, "63": 0.7866816520690918, "64": 0.8027339577674866, "65": 0.7850990295410156, "66": 0.7951744198799133, "67": 0.7709175944328308, "68": 0.773928701877594, "69": 0.7930144667625427, "70": 0.8051998019218445, "71": 0.8008334040641785, "72": 0.7988114356994629, "73": 0.7954554557800293, "74": 0.7799546122550964, "75": 0.7936994433403015, "76": 0.7746231555938721, "77": 0.784191906452179, "78": 0.7855289578437805, "79": 0.7943313717842102, "80": 0.781571090221405}