{"1": 0.48978105187416077, "2": 0.49487361311912537, "3": 0.5158444046974182, "4": 0.5079452991485596, "5": 0.5672745704650879, "6": 0.6023838520050049, "7": 0.6181221604347229, "8": 0.6058841943740845, "9": 0.6132519245147705, "10": 0.608923614025116, "11": 0.6282368898391724, "12": 0.6326881051063538, "13": 0.5589445233345032, "14": 0.5955472588539124, "15": 0.6333000063896179, "16": 0.6053272485733032, "17": 0.59220951795578, "18": 0.6076374650001526, "19": 0.6319523453712463, "20": 0.6470624804496765, "21": 0.6181463003158569, "22": 0.643297016620636, "23": 0.6044402718544006, "24": 0.6513301730155945, "25": 0.6210581064224243, "26": 0.6513702273368835, "27": 0.6431555151939392, "28": 0.6309792995452881, "29": 0.6349846720695496, "30": 0.6599210500717163, "31": 0.649418830871582, "32": 0.6454030871391296, "33": 0.6635913252830505, "34": 0.658297061920166, "35": 0.6330462098121643, "36": 0.6150725483894348, "37": 0.6242561936378479, "38": 0.6466939449310303, "39": 0.601361095905304, "40": 0.6418953537940979, "41": 0.6680612564086914, "42": 0.6708106994628906, "43": 0.6583922505378723, "44": 0.6492254137992859, "45": 0.6359773278236389, "46": 0.6357393264770508, "47": 0.6675403118133545, "48": 0.6144671440124512, "49": 0.6200727820396423, "50": 0.6373254656791687, "51": 0.673546552658081, "52": 0.6513234972953796, "53": 0.6677548885345459, "54": 0.6534177660942078, "55": 0.6703453660011292, "56": 0.652616024017334, "57": 0.6508264541625977, "58": 0.6315959692001343, "59": 0.652471125125885, "60": 0.6589530110359192, "61": 0.6603519320487976, "62": 0.6040722131729126, "63": 0.6686967015266418, "64": 0.6294623017311096, "65": 0.6767544746398926, "66": 0.6251407861709595, "67": 0.6302271485328674, "68": 0.6536597609519958, "69": 0.6685814261436462, "70": 0.6465775966644287, "71": 0.6462959051132202, "72": 0.6076850891113281, "73": 0.6267752051353455, "74": 0.6207684278488159, "75": 0.6253777146339417, "76": 0.6452746987342834, "77": 0.6630136966705322, "78": 0.6453962922096252, "79": 0.6513581275939941, "80": 0.6413584351539612}