{"1": 0.604223906993866, "2": 0.5996331572532654, "3": 0.6291056275367737, "4": 0.6695547699928284, "5": 0.6714380383491516, "6": 0.7175782322883606, "7": 0.7448687553405762, "8": 0.7303770184516907, "9": 0.7297983169555664, "10": 0.7102218270301819, "11": 0.7366535067558289, "12": 0.7567541003227234, "13": 0.7164840698242188, "14": 0.7257807850837708, "15": 0.7534993290901184, "16": 0.7556602358818054, "17": 0.7384156584739685, "18": 0.7546002864837646, "19": 0.7314963340759277, "20": 0.7472835183143616, "21": 0.7631778120994568, "22": 0.7691919207572937, "23": 0.7476264834403992, "24": 0.7518692016601562, "25": 0.7437551617622375, "26": 0.7722848057746887, "27": 0.7755398154258728, "28": 0.7555804252624512, "29": 0.7579302787780762, "30": 0.7853243947029114, "31": 0.7831732630729675, "32": 0.7626708149909973, "33": 0.7701146006584167, "34": 0.7604369521141052, "35": 0.7610684037208557, "36": 0.7561731934547424, "37": 0.7582149505615234, "38": 0.7717561721801758, "39": 0.7504740357398987, "40": 0.7793859839439392, "41": 0.7792396545410156, "42": 0.7829189300537109, "43": 0.7895198464393616, "44": 0.7694101333618164, "45": 0.7566633820533752, "46": 0.7583631873130798, "47": 0.7802128791809082, "48": 0.755502462387085, "49": 0.7652245163917542, "50": 0.7494456768035889, "51": 0.7799372673034668, "52": 0.7816511988639832, "53": 0.769040048122406, "54": 0.7855000495910645, "55": 0.778559148311615, "56": 0.7753813862800598, "57": 0.7804117202758789, "58": 0.7563638091087341, "59": 0.7759613394737244, "60": 0.7649112343788147, "61": 0.780280590057373, "62": 0.7429926991462708, "63": 0.7685813903808594, "64": 0.7576926350593567, "65": 0.7965200543403625, "66": 0.7777555584907532, "67": 0.7567229270935059, "68": 0.7565533518791199, "69": 0.7805655598640442, "70": 0.7762496471405029, "71": 0.7838431000709534, "72": 0.7490618228912354, "73": 0.7523137927055359, "74": 0.7537878155708313, "75": 0.7594826817512512, "76": 0.774669349193573, "77": 0.7736920714378357, "78": 0.7596996426582336, "79": 0.7691419720649719, "80": 0.777388334274292}