{"1": 0.6114100217819214, "2": 0.6277593374252319, "3": 0.6545208096504211, "4": 0.6540412902832031, "5": 0.5857592225074768, "6": 0.6697625517845154, "7": 0.6141762733459473, "8": 0.6567179560661316, "9": 0.6757414937019348, "10": 0.660062849521637, "11": 0.6837863922119141, "12": 0.6471415162086487, "13": 0.6944725513458252, "14": 0.6669959425926208, "15": 0.6726627349853516, "16": 0.678371012210846, "17": 0.6664261817932129, "18": 0.6541216373443604, "19": 0.6811589598655701, "20": 0.6578571796417236, "21": 0.6850627064704895, "22": 0.6958970427513123, "23": 0.669083297252655, "24": 0.6615002155303955, "25": 0.6903521418571472, "26": 0.6593205332756042, "27": 0.6942753195762634, "28": 0.6829059720039368, "29": 0.7007296085357666, "30": 0.6814074516296387, "31": 0.6932536959648132, "32": 0.7063417434692383, "33": 0.6828873157501221, "34": 0.6543070673942566, "35": 0.6754992604255676, "36": 0.6483777165412903, "37": 0.6639183163642883, "38": 0.6948564052581787, "39": 0.671541154384613, "40": 0.6792768836021423, "41": 0.6659468412399292, "42": 0.6713374257087708, "43": 0.681308925151825, "44": 0.6970036625862122, "45": 0.7093181014060974, "46": 0.6867278218269348, "47": 0.6820916533470154, "48": 0.682148277759552, "49": 0.6758052706718445, "50": 0.7089577317237854, "51": 0.692307710647583, "52": 0.6906490921974182, "53": 0.6758317947387695, "54": 0.6883997321128845, "55": 0.689159095287323, "56": 0.6949240565299988, "57": 0.6467678546905518, "58": 0.626521646976471, "59": 0.6770164370536804, "60": 0.6827208399772644, "61": 0.6998478770256042, "62": 0.6683359146118164, "63": 0.700996458530426, "64": 0.6847567558288574, "65": 0.686387836933136, "66": 0.6876468658447266, "67": 0.6926072239875793, "68": 0.6696083545684814, "69": 0.6756411194801331, "70": 0.6439372897148132, "71": 0.6887065768241882, "72": 0.701195240020752, "73": 0.6939622759819031, "74": 0.6752588152885437, "75": 0.6828193068504333, "76": 0.7050232887268066, "77": 0.695033073425293, "78": 0.6945297718048096, "79": 0.7022026181221008, "80": 0.6844211220741272}