{"1": 0.7210115790367126, "2": 0.7670649886131287, "3": 0.7832655906677246, "4": 0.7929131984710693, "5": 0.7604248523712158, "6": 0.7506878972053528, "7": 0.7689195275306702, "8": 0.7923544049263, "9": 0.7886058688163757, "10": 0.7884613871574402, "11": 0.7656580805778503, "12": 0.7686936855316162, "13": 0.7910277247428894, "14": 0.7939500212669373, "15": 0.791536271572113, "16": 0.7707869410514832, "17": 0.7933349609375, "18": 0.773298442363739, "19": 0.7721013426780701, "20": 0.7648225426673889, "21": 0.7731934189796448, "22": 0.76005619764328, "23": 0.7696622014045715, "24": 0.7744545936584473, "25": 0.7642965912818909, "26": 0.7926054000854492, "27": 0.7646279335021973, "28": 0.7790934443473816, "29": 0.7555193901062012, "30": 0.7566216588020325, "31": 0.7783160209655762, "32": 0.7896061539649963, "33": 0.7712090015411377, "34": 0.7420604228973389, "35": 0.7407329678535461, "36": 0.7582053542137146, "37": 0.7484051585197449, "38": 0.7579990029335022, "39": 0.775712251663208, "40": 0.763185977935791, "41": 0.7462162971496582, "42": 0.7609981894493103, "43": 0.7701314091682434, "44": 0.7654183506965637, "45": 0.7143638730049133, "46": 0.7545450329780579, "47": 0.7587957978248596, "48": 0.7522428631782532, "49": 0.7543964385986328, "50": 0.7462062239646912, "51": 0.7508001327514648, "52": 0.7503762245178223, "53": 0.7275440692901611, "54": 0.7232341766357422, "55": 0.7605726718902588, "56": 0.75407475233078, "57": 0.7425062656402588, "58": 0.747246503829956, "59": 0.7291010022163391, "60": 0.7467214465141296, "61": 0.7381362318992615, "62": 0.7708780169487, "63": 0.7493053078651428, "64": 0.7496421933174133, "65": 0.7325738072395325, "66": 0.7323760986328125, "67": 0.7034921050071716, "68": 0.6940395832061768, "69": 0.7271217703819275, "70": 0.754427969455719, "71": 0.7434106469154358, "72": 0.748943030834198, "73": 0.7298429608345032, "74": 0.7297653555870056, "75": 0.7401478886604309, "76": 0.7291362285614014, "77": 0.7165388464927673, "78": 0.7136683464050293, "79": 0.7170116901397705, "80": 0.7259840369224548}