{"1": 0.5293194651603699, "2": 0.644652783870697, "3": 0.6294620633125305, "4": 0.653759241104126, "5": 0.6383463740348816, "6": 0.5988578200340271, "7": 0.5953883528709412, "8": 0.6685940623283386, "9": 0.6479619145393372, "10": 0.655280590057373, "11": 0.5979176759719849, "12": 0.6065043807029724, "13": 0.6500704884529114, "14": 0.6453077793121338, "15": 0.6289598941802979, "16": 0.6237984895706177, "17": 0.6665471196174622, "18": 0.6548199653625488, "19": 0.6346670985221863, "20": 0.6436625123023987, "21": 0.6427373886108398, "22": 0.6664559245109558, "23": 0.6857835650444031, "24": 0.6679484248161316, "25": 0.6623898148536682, "26": 0.6679461002349854, "27": 0.6679060459136963, "28": 0.6419605612754822, "29": 0.6719048619270325, "30": 0.623548150062561, "31": 0.6594956517219543, "32": 0.6498571634292603, "33": 0.6489349007606506, "34": 0.6814918518066406, "35": 0.6561774611473083, "36": 0.6485173106193542, "37": 0.6306074857711792, "38": 0.6530012488365173, "39": 0.6844944953918457, "40": 0.6320579648017883, "41": 0.6781772971153259, "42": 0.6750227808952332, "43": 0.6630711555480957, "44": 0.6674787402153015, "45": 0.6428176760673523, "46": 0.6291507482528687, "47": 0.6629960536956787, "48": 0.6518414616584778, "49": 0.6661399006843567, "50": 0.623467743396759, "51": 0.6192142367362976, "52": 0.6318138241767883, "53": 0.6389971375465393, "54": 0.6194376349449158, "55": 0.6732454299926758, "56": 0.6352435946464539, "57": 0.6581002473831177, "58": 0.6319928169250488, "59": 0.6262081861495972, "60": 0.6639536023139954, "61": 0.6463358998298645, "62": 0.6615375876426697, "63": 0.6305525898933411, "64": 0.6700012683868408, "65": 0.630856990814209, "66": 0.6517512202262878, "67": 0.6357613801956177, "68": 0.6482850909233093, "69": 0.6519662737846375, "70": 0.6671372056007385, "71": 0.6516870856285095, "72": 0.6637440323829651, "73": 0.6442340016365051, "74": 0.6195757985115051, "75": 0.6326220631599426, "76": 0.612570583820343, "77": 0.627846360206604, "78": 0.6500229835510254, "79": 0.6686781048774719, "80": 0.637290894985199}