{"1": 0.6280655860900879, "2": 0.5929266810417175, "3": 0.6278454065322876, "4": 0.6643430590629578, "5": 0.651226818561554, "6": 0.602383553981781, "7": 0.6555840373039246, "8": 0.672042191028595, "9": 0.6032881140708923, "10": 0.5825503468513489, "11": 0.629175066947937, "12": 0.6777791976928711, "13": 0.6875007748603821, "14": 0.6978209018707275, "15": 0.7035784721374512, "16": 0.6316094994544983, "17": 0.6960038542747498, "18": 0.7035768628120422, "19": 0.6895937323570251, "20": 0.6031474471092224, "21": 0.6973843574523926, "22": 0.6917798519134521, "23": 0.6428660750389099, "24": 0.6844884753227234, "25": 0.6760795712471008, "26": 0.6640107035636902, "27": 0.6480003595352173, "28": 0.7050653100013733, "29": 0.6916167140007019, "30": 0.6929483413696289, "31": 0.6795749664306641, "32": 0.6999375224113464, "33": 0.7111369967460632, "34": 0.6727469563484192, "35": 0.7111104130744934, "36": 0.7081710696220398, "37": 0.6009127497673035, "38": 0.656667172908783, "39": 0.6481384634971619, "40": 0.6651713252067566, "41": 0.7075346112251282, "42": 0.6729967594146729, "43": 0.6725109219551086, "44": 0.6854973435401917, "45": 0.6433082222938538, "46": 0.6485421657562256, "47": 0.6949198842048645, "48": 0.7163817882537842, "49": 0.7088689208030701, "50": 0.665808379650116, "51": 0.6620504260063171, "52": 0.6992897391319275, "53": 0.6545111536979675, "54": 0.7175771594047546, "55": 0.6783151626586914, "56": 0.679347813129425, "57": 0.6687873005867004, "58": 0.7005610466003418, "59": 0.6708330512046814, "60": 0.6208958029747009, "61": 0.664790689945221, "62": 0.6774609684944153, "63": 0.6703335642814636, "64": 0.6863552927970886, "65": 0.6930192112922668, "66": 0.6913713812828064, "67": 0.6881682872772217, "68": 0.7109703421592712, "69": 0.7019719481468201, "70": 0.6866481900215149, "71": 0.6831050515174866, "72": 0.6795021891593933, "73": 0.6968089938163757, "74": 0.7032144069671631, "75": 0.6821734309196472, "76": 0.6915161609649658, "77": 0.6868257522583008, "78": 0.678309977054596, "79": 0.6880820393562317, "80": 0.669295608997345}