{"1": 0.4625507891178131, "2": 0.48837828636169434, "3": 0.4444862902164459, "4": 0.38959842920303345, "5": 0.3941552937030792, "6": 0.4279339909553528, "7": 0.37819477915763855, "8": 0.36144787073135376, "9": 0.4310035705566406, "10": 0.4380875527858734, "11": 0.3922194540500641, "12": 0.3620074987411499, "13": 0.3247341215610504, "14": 0.3341856896877289, "15": 0.32913073897361755, "16": 0.3950425982475281, "17": 0.3316691517829895, "18": 0.3161112666130066, "19": 0.3371022343635559, "20": 0.4314584732055664, "21": 0.33014097809791565, "22": 0.34043318033218384, "23": 0.3907848000526428, "24": 0.3389626741409302, "25": 0.36338117718696594, "26": 0.37912750244140625, "27": 0.3770730197429657, "28": 0.3164377510547638, "29": 0.348235547542572, "30": 0.33580052852630615, "31": 0.3514341711997986, "32": 0.33110958337783813, "33": 0.3117679953575134, "34": 0.35651999711990356, "35": 0.3079548478126526, "36": 0.3167884349822998, "37": 0.43742090463638306, "38": 0.38098424673080444, "39": 0.3935239315032959, "40": 0.36717838048934937, "41": 0.3110060691833496, "42": 0.35940787196159363, "43": 0.35030487179756165, "44": 0.3435317277908325, "45": 0.3935496211051941, "46": 0.38283592462539673, "47": 0.33419695496559143, "48": 0.3030473291873932, "49": 0.3209269046783447, "50": 0.3648439049720764, "51": 0.3718012571334839, "52": 0.3268182575702667, "53": 0.37822359800338745, "54": 0.30184730887413025, "55": 0.3530834913253784, "56": 0.35020095109939575, "57": 0.35780760645866394, "58": 0.32288485765457153, "59": 0.36766016483306885, "60": 0.41955795884132385, "61": 0.3681509494781494, "62": 0.3503948748111725, "63": 0.3616933822631836, "64": 0.3432028293609619, "65": 0.3383673429489136, "66": 0.335911363363266, "67": 0.3372102975845337, "68": 0.3106992542743683, "69": 0.31445226073265076, "70": 0.34128516912460327, "71": 0.3549674153327942, "72": 0.35329747200012207, "73": 0.33495965600013733, "74": 0.33886831998825073, "75": 0.34862107038497925, "76": 0.33943313360214233, "77": 0.3399256765842438, "78": 0.35695502161979675, "79": 0.3428758680820465, "80": 0.3742143511772156}