{"1": 0.5460911393165588, "2": 0.40619736909866333, "3": 0.4287170469760895, "4": 0.391145795583725, "5": 0.40081971883773804, "6": 0.4335857331752777, "7": 0.4593997001647949, "8": 0.36946678161621094, "9": 0.3887540102005005, "10": 0.3814891576766968, "11": 0.4571510851383209, "12": 0.43606337904930115, "13": 0.38088661432266235, "14": 0.3910335600376129, "15": 0.42786988615989685, "16": 0.4103319048881531, "17": 0.36855992674827576, "18": 0.37923866510391235, "19": 0.40281814336776733, "20": 0.39333659410476685, "21": 0.4230327606201172, "22": 0.36158883571624756, "23": 0.32934069633483887, "24": 0.35796695947647095, "25": 0.3665495216846466, "26": 0.36916545033454895, "27": 0.36073991656303406, "28": 0.4002816677093506, "29": 0.34893959760665894, "30": 0.4347270429134369, "31": 0.37125882506370544, "32": 0.4072672724723816, "33": 0.3909669518470764, "34": 0.3198363482952118, "35": 0.37812456488609314, "36": 0.3968219757080078, "37": 0.41551294922828674, "38": 0.39257365465164185, "39": 0.34342658519744873, "40": 0.4177073538303375, "41": 0.3422364890575409, "42": 0.34558388590812683, "43": 0.3857573866844177, "44": 0.36417365074157715, "45": 0.4047669768333435, "46": 0.41610798239707947, "47": 0.3805880844593048, "48": 0.38763493299484253, "49": 0.3657800555229187, "50": 0.4300379753112793, "51": 0.4420005679130554, "52": 0.41281858086586, "53": 0.40297776460647583, "54": 0.44102486968040466, "55": 0.3548034131526947, "56": 0.419562429189682, "57": 0.3856327533721924, "58": 0.43622738122940063, "59": 0.4290998876094818, "60": 0.38041210174560547, "61": 0.4202476143836975, "62": 0.3926296532154083, "63": 0.45707613229751587, "64": 0.364849328994751, "65": 0.45015984773635864, "66": 0.40114372968673706, "67": 0.41691941022872925, "68": 0.38250529766082764, "69": 0.401856005191803, "70": 0.36910349130630493, "71": 0.4209488332271576, "72": 0.38341760635375977, "73": 0.42532816529273987, "74": 0.4577966332435608, "75": 0.45143231749534607, "76": 0.46718597412109375, "77": 0.49329695105552673, "78": 0.3903272747993469, "79": 0.3647935092449188, "80": 0.42427143454551697}