{"1": 0.6580816507339478, "2": 0.6936531066894531, "3": 0.5906497836112976, "4": 0.6162895560264587, "5": 0.5158772468566895, "6": 0.4667280614376068, "7": 0.45220765471458435, "8": 0.4627078175544739, "9": 0.4442337155342102, "10": 0.43837517499923706, "11": 0.40924182534217834, "12": 0.40943098068237305, "13": 0.5106447339057922, "14": 0.47560787200927734, "15": 0.400322824716568, "16": 0.4559430181980133, "17": 0.48091286420822144, "18": 0.4399107098579407, "19": 0.41114944219589233, "20": 0.3689436912536621, "21": 0.44453296065330505, "22": 0.3916419446468353, "23": 0.45709067583084106, "24": 0.36563733220100403, "25": 0.43397074937820435, "26": 0.36827054619789124, "27": 0.4068123400211334, "28": 0.43263405561447144, "29": 0.4073079228401184, "30": 0.3659825623035431, "31": 0.38853928446769714, "32": 0.3886270225048065, "33": 0.35071563720703125, "34": 0.35044798254966736, "35": 0.409119188785553, "36": 0.45183199644088745, "37": 0.4195641875267029, "38": 0.3998700678348541, "39": 0.45210203528404236, "40": 0.4011921286582947, "41": 0.3497892916202545, "42": 0.345098614692688, "43": 0.37867239117622375, "44": 0.38278335332870483, "45": 0.39515233039855957, "46": 0.4150557518005371, "47": 0.3492378294467926, "48": 0.4764421582221985, "49": 0.45361441373825073, "50": 0.42385047674179077, "51": 0.3436586260795593, "52": 0.38854992389678955, "53": 0.34551286697387695, "54": 0.3849111497402191, "55": 0.3426642417907715, "56": 0.3765620291233063, "57": 0.38634806871414185, "58": 0.4233132004737854, "59": 0.380663126707077, "60": 0.36550602316856384, "61": 0.36783450841903687, "62": 0.45938840508461, "63": 0.3459044098854065, "64": 0.4131859242916107, "65": 0.3491591811180115, "66": 0.43986231088638306, "67": 0.43775445222854614, "68": 0.370323121547699, "69": 0.34555384516716003, "70": 0.3989051878452301, "71": 0.404672771692276, "72": 0.45956891775131226, "73": 0.4407944679260254, "74": 0.45785561203956604, "75": 0.4388124942779541, "76": 0.39853426814079285, "77": 0.3547704219818115, "78": 0.38247767090797424, "79": 0.3865137994289398, "80": 0.40848636627197266}