{"1": 0.43300414085388184, "2": 0.4681832790374756, "3": 0.4238048493862152, "4": 0.3669031858444214, "5": 0.3710644841194153, "6": 0.41686517000198364, "7": 0.36248692870140076, "8": 0.3454657196998596, "9": 0.4170204699039459, "10": 0.42965516448020935, "11": 0.38137054443359375, "12": 0.33798283338546753, "13": 0.3008161187171936, "14": 0.31206443905830383, "15": 0.3072938621044159, "16": 0.38578271865844727, "17": 0.314175546169281, "18": 0.3024894595146179, "19": 0.32293668389320374, "20": 0.4171878695487976, "21": 0.311366468667984, "22": 0.3216240704059601, "23": 0.3662378787994385, "24": 0.32284095883369446, "25": 0.3339398503303528, "26": 0.3531607389450073, "27": 0.3652224838733673, "28": 0.29032596945762634, "29": 0.3214491605758667, "30": 0.31863081455230713, "31": 0.33073484897613525, "32": 0.3037485182285309, "33": 0.29105931520462036, "34": 0.34110474586486816, "35": 0.2904784083366394, "36": 0.29554688930511475, "37": 0.4230208396911621, "38": 0.359997421503067, "39": 0.37397921085357666, "40": 0.349213570356369, "41": 0.2886226773262024, "42": 0.3480622172355652, "43": 0.33607909083366394, "44": 0.3259395360946655, "45": 0.376308798789978, "46": 0.3698117136955261, "47": 0.3154713809490204, "48": 0.2835220694541931, "49": 0.3008081912994385, "50": 0.351780503988266, "51": 0.36455583572387695, "52": 0.31002572178840637, "53": 0.3656473159790039, "54": 0.28564220666885376, "55": 0.3425278663635254, "56": 0.3428346514701843, "57": 0.3479140102863312, "58": 0.309797078371048, "59": 0.35723796486854553, "60": 0.40789246559143066, "61": 0.356792151927948, "62": 0.3373040556907654, "63": 0.3482282757759094, "64": 0.33401376008987427, "65": 0.3236351013183594, "66": 0.32478171586990356, "67": 0.32928529381752014, "68": 0.29488155245780945, "69": 0.30509263277053833, "70": 0.33003395795822144, "71": 0.34089717268943787, "72": 0.34537965059280396, "73": 0.32115206122398376, "74": 0.3212764263153076, "75": 0.3339763879776001, "76": 0.3265704810619354, "77": 0.3278866410255432, "78": 0.3409266769886017, "79": 0.32755047082901, "80": 0.3575337827205658}