{"1": 0.6412408947944641, "2": 0.6678236722946167, "3": 0.562135636806488, "4": 0.590777575969696, "5": 0.4826613962650299, "6": 0.44215840101242065, "7": 0.4308153986930847, "8": 0.4347323775291443, "9": 0.41548338532447815, "10": 0.4019704759120941, "11": 0.3766332268714905, "12": 0.3784823715686798, "13": 0.4722939431667328, "14": 0.4298616349697113, "15": 0.36359861493110657, "16": 0.42035967111587524, "17": 0.4311927855014801, "18": 0.40298447012901306, "19": 0.3621862530708313, "20": 0.32571542263031006, "21": 0.4031921327114105, "22": 0.34692731499671936, "23": 0.40663856267929077, "24": 0.3144776225090027, "25": 0.377061665058136, "26": 0.32293060421943665, "27": 0.3615279495716095, "28": 0.3775797486305237, "29": 0.34801244735717773, "30": 0.32367682456970215, "31": 0.3454912602901459, "32": 0.3349648416042328, "33": 0.301395982503891, "34": 0.2988889217376709, "35": 0.3539328873157501, "36": 0.3885999619960785, "37": 0.3624475598335266, "38": 0.3462374806404114, "39": 0.39357465505599976, "40": 0.34903937578201294, "41": 0.30170372128486633, "42": 0.294058620929718, "43": 0.32925933599472046, "44": 0.3240477740764618, "45": 0.3319716155529022, "46": 0.3573571443557739, "47": 0.29902276396751404, "48": 0.4081009328365326, "49": 0.4000241756439209, "50": 0.3509214520454407, "51": 0.2911466062068939, "52": 0.3381206691265106, "53": 0.2868735194206238, "54": 0.3299291729927063, "55": 0.28703898191452026, "56": 0.31441012024879456, "57": 0.32749462127685547, "58": 0.35553884506225586, "59": 0.3180948495864868, "60": 0.30263751745224, "61": 0.31130585074424744, "62": 0.39049819111824036, "63": 0.2782585024833679, "64": 0.3524344563484192, "65": 0.29639342427253723, "66": 0.38485974073410034, "67": 0.37267816066741943, "68": 0.3054082989692688, "69": 0.29003286361694336, "70": 0.34244653582572937, "71": 0.3388687074184418, "72": 0.3924042880535126, "73": 0.36590683460235596, "74": 0.38286787271499634, "75": 0.3802177309989929, "76": 0.33358344435691833, "77": 0.2954160273075104, "78": 0.32292214035987854, "79": 0.3227631449699402, "80": 0.3478453755378723}