{"1": 0.5306552648544312, "2": 0.38058921694755554, "3": 0.4034360945224762, "4": 0.3660072088241577, "5": 0.3785730004310608, "6": 0.4128362536430359, "7": 0.43003901839256287, "8": 0.3394150137901306, "9": 0.3585129380226135, "10": 0.34714433550834656, "11": 0.4294949471950531, "12": 0.41274571418762207, "13": 0.36062926054000854, "14": 0.3616006672382355, "15": 0.38382625579833984, "16": 0.3785894811153412, "17": 0.3261357843875885, "18": 0.3479898273944855, "19": 0.3662162125110626, "20": 0.3540515601634979, "21": 0.35567790269851685, "22": 0.32366520166397095, "23": 0.28597205877304077, "24": 0.32613682746887207, "25": 0.3214333653450012, "26": 0.33354347944259644, "27": 0.3169369101524353, "28": 0.36218181252479553, "29": 0.30671802163124084, "30": 0.3806673586368561, "31": 0.3375484347343445, "32": 0.35124844312667847, "33": 0.34821856021881104, "34": 0.27464115619659424, "35": 0.32184654474258423, "36": 0.33712127804756165, "37": 0.3691042959690094, "38": 0.3323385715484619, "39": 0.2974412143230438, "40": 0.37003716826438904, "41": 0.2909157872200012, "42": 0.3042871057987213, "43": 0.31979894638061523, "44": 0.30695730447769165, "45": 0.3202689290046692, "46": 0.3761816620826721, "47": 0.31180262565612793, "48": 0.3360246419906616, "49": 0.3261716961860657, "50": 0.39095714688301086, "51": 0.38851773738861084, "52": 0.365106999874115, "53": 0.33449628949165344, "54": 0.3648739457130432, "55": 0.2995157539844513, "56": 0.3803020417690277, "57": 0.3152446746826172, "58": 0.36195048689842224, "59": 0.36996960639953613, "60": 0.3056415617465973, "61": 0.3224594295024872, "62": 0.3397177457809448, "63": 0.38841813802719116, "64": 0.29732486605644226, "65": 0.36076897382736206, "66": 0.3174213469028473, "67": 0.33883970975875854, "68": 0.28555041551589966, "69": 0.3114091753959656, "70": 0.32272768020629883, "71": 0.32684415578842163, "72": 0.32685402035713196, "73": 0.3337717354297638, "74": 0.38100168108940125, "75": 0.35966819524765015, "76": 0.41042035818099976, "77": 0.35647907853126526, "78": 0.32865896821022034, "79": 0.2882973551750183, "80": 0.36712050437927246}