{"1": 0.5979648232460022, "2": 0.5926632881164551, "3": 0.6134117245674133, "4": 0.6506693363189697, "5": 0.6530774235725403, "6": 0.6992058753967285, "7": 0.7303974032402039, "8": 0.7131178975105286, "9": 0.710103452205658, "10": 0.6861744523048401, "11": 0.7135406136512756, "12": 0.7336100935935974, "13": 0.6945984363555908, "14": 0.701278030872345, "15": 0.7244041562080383, "16": 0.7346914410591125, "17": 0.7119297981262207, "18": 0.7338308691978455, "19": 0.70469731092453, "20": 0.7173693180084229, "21": 0.7432985305786133, "22": 0.7440236210823059, "23": 0.7226447463035583, "24": 0.7209493517875671, "25": 0.7144461274147034, "26": 0.7462812066078186, "27": 0.7536430954933167, "28": 0.7323659062385559, "29": 0.7299724221229553, "30": 0.7633416056632996, "31": 0.7625811696052551, "32": 0.737689733505249, "33": 0.740057647228241, "34": 0.7289384007453918, "35": 0.7358698844909668, "36": 0.7307369709014893, "37": 0.7335155010223389, "38": 0.7509742379188538, "39": 0.7257866859436035, "40": 0.7566140294075012, "41": 0.7525905966758728, "42": 0.754890501499176, "43": 0.7674553990364075, "44": 0.7412056922912598, "45": 0.731848418712616, "46": 0.7349948287010193, "47": 0.7535967826843262, "48": 0.7320802211761475, "49": 0.7500638961791992, "50": 0.7249888777732849, "51": 0.751926600933075, "52": 0.760949432849884, "53": 0.7380508780479431, "54": 0.7642791867256165, "55": 0.7488229870796204, "56": 0.7496930956840515, "57": 0.7545046806335449, "58": 0.7311432957649231, "59": 0.7494494318962097, "60": 0.7352976202964783, "61": 0.7555432319641113, "62": 0.7204111218452454, "63": 0.7378584742546082, "64": 0.733518123626709, "65": 0.7718687057495117, "66": 0.7614062428474426, "67": 0.736033022403717, "68": 0.7276515364646912, "69": 0.7529616355895996, "70": 0.7560744285583496, "71": 0.7619121074676514, "72": 0.7269721031188965, "73": 0.7280807495117188, "74": 0.7294715046882629, "75": 0.7410812973976135, "76": 0.7510692477226257, "77": 0.7464469075202942, "78": 0.7333738803863525, "79": 0.7441639304161072, "80": 0.7573495507240295}