{"1": 0.6701188087463379, "2": 0.7167885303497314, "3": 0.6160587072372437, "4": 0.6394861936569214, "5": 0.5435115694999695, "6": 0.4836362898349762, "7": 0.46000176668167114, "8": 0.4776430130004883, "9": 0.45989522337913513, "10": 0.46089887619018555, "11": 0.42752647399902344, "12": 0.426297128200531, "13": 0.5322703123092651, "14": 0.5072747468948364, "15": 0.4232855439186096, "16": 0.4710175096988678, "17": 0.5114283561706543, "18": 0.45950621366500854, "19": 0.443805068731308, "20": 0.39641261100769043, "21": 0.4615967273712158, "22": 0.4178517460823059, "23": 0.48424601554870605, "24": 0.39798399806022644, "25": 0.47488003969192505, "26": 0.3913913369178772, "27": 0.4248325824737549, "28": 0.46293696761131287, "29": 0.4398620128631592, "30": 0.3815121054649353, "31": 0.4043915867805481, "32": 0.41693052649497986, "33": 0.374408483505249, "34": 0.37618690729141235, "35": 0.4347505569458008, "36": 0.47790536284446716, "37": 0.4486614167690277, "38": 0.42239218950271606, "39": 0.4773053526878357, "40": 0.42170682549476624, "41": 0.3703417181968689, "42": 0.36457839608192444, "43": 0.39345046877861023, "44": 0.40878066420555115, "45": 0.4237169325351715, "46": 0.44404464960098267, "47": 0.369966596364975, "48": 0.5019949674606323, "49": 0.46900200843811035, "50": 0.46177762746810913, "51": 0.3667229413986206, "52": 0.4030018448829651, "53": 0.37325307726860046, "54": 0.4025735855102539, "55": 0.36754703521728516, "56": 0.4030233323574066, "57": 0.4079519808292389, "58": 0.455527126789093, "59": 0.4078083634376526, "60": 0.39587587118148804, "61": 0.3911476731300354, "62": 0.48536086082458496, "63": 0.3790092468261719, "64": 0.43577075004577637, "65": 0.363670289516449, "66": 0.449144184589386, "67": 0.4675871729850769, "68": 0.4004659652709961, "69": 0.36561518907546997, "70": 0.41567033529281616, "71": 0.425925076007843, "72": 0.47928184270858765, "73": 0.472653865814209, "74": 0.48788613080978394, "75": 0.45320039987564087, "76": 0.4208514094352722, "77": 0.3779137134552002, "78": 0.4051389694213867, "79": 0.41425544023513794, "80": 0.42947277426719666}