{"1": 0.7318410873413086, "2": 0.776077926158905, "3": 0.7690427303314209, "4": 0.7821722626686096, "5": 0.7426109910011292, "6": 0.7897668480873108, "7": 0.748225212097168, "8": 0.7823631167411804, "9": 0.8052608370780945, "10": 0.791090190410614, "11": 0.8002254962921143, "12": 0.7820952534675598, "13": 0.8045744895935059, "14": 0.8059089779853821, "15": 0.7884848713874817, "16": 0.8057450652122498, "17": 0.7873541712760925, "18": 0.7803928852081299, "19": 0.8091113567352295, "20": 0.7990239262580872, "21": 0.8068493008613586, "22": 0.8241372108459473, "23": 0.7970337867736816, "24": 0.7942215800285339, "25": 0.810429036617279, "26": 0.8029444813728333, "27": 0.8164156079292297, "28": 0.8048460483551025, "29": 0.8104514479637146, "30": 0.7987502217292786, "31": 0.8230491280555725, "32": 0.8162572383880615, "33": 0.7950329184532166, "34": 0.8087889552116394, "35": 0.8149204254150391, "36": 0.7824336886405945, "37": 0.8110788464546204, "38": 0.8138952851295471, "39": 0.8096563220024109, "40": 0.8162714838981628, "41": 0.8019617199897766, "42": 0.8094392418861389, "43": 0.8151023387908936, "44": 0.8088628649711609, "45": 0.8367695808410645, "46": 0.8230547904968262, "47": 0.8153273463249207, "48": 0.8152474761009216, "49": 0.813368022441864, "50": 0.8319507241249084, "51": 0.8085517883300781, "52": 0.8194370865821838, "53": 0.8138644099235535, "54": 0.8120309710502625, "55": 0.8094663619995117, "56": 0.8064664006233215, "57": 0.7915012240409851, "58": 0.7819108963012695, "59": 0.8194704055786133, "60": 0.8176999688148499, "61": 0.8078927397727966, "62": 0.8107926249504089, "63": 0.8185222744941711, "64": 0.7957954406738281, "65": 0.8230195045471191, "66": 0.8288598656654358, "67": 0.820289134979248, "68": 0.8067752718925476, "69": 0.7924099564552307, "70": 0.7935070395469666, "71": 0.8228388428688049, "72": 0.8230423927307129, "73": 0.8272557854652405, "74": 0.8190801739692688, "75": 0.8178257942199707, "76": 0.8316150307655334, "77": 0.8124070167541504, "78": 0.8148355484008789, "79": 0.8334107995033264, "80": 0.8170003294944763}