{"1": 0.6055049896240234, "2": 0.6211252808570862, "3": 0.643905520439148, "4": 0.6422204375267029, "5": 0.5717533230781555, "6": 0.6561231017112732, "7": 0.6003652215003967, "8": 0.6432271003723145, "9": 0.6644812226295471, "10": 0.6448066234588623, "11": 0.6698878407478333, "12": 0.632075846195221, "13": 0.6834866404533386, "14": 0.6564447283744812, "15": 0.6591401696205139, "16": 0.6658211350440979, "17": 0.6528741121292114, "18": 0.6424994468688965, "19": 0.6700325608253479, "20": 0.6447637677192688, "21": 0.6725040078163147, "22": 0.6877740025520325, "23": 0.6565999388694763, "24": 0.6491850018501282, "25": 0.6816601753234863, "26": 0.6477363109588623, "27": 0.6860873699188232, "28": 0.6728531718254089, "29": 0.693580150604248, "30": 0.6686749458312988, "31": 0.6831007599830627, "32": 0.7039752006530762, "33": 0.6686835885047913, "34": 0.6451230049133301, "35": 0.6660032272338867, "36": 0.6358892917633057, "37": 0.6555584073066711, "38": 0.6891241073608398, "39": 0.6621338129043579, "40": 0.6704825758934021, "41": 0.6565711498260498, "42": 0.66437166929245, "43": 0.6730634570121765, "44": 0.6870024800300598, "45": 0.704035758972168, "46": 0.681622326374054, "47": 0.6722652912139893, "48": 0.6733021140098572, "49": 0.6674653887748718, "50": 0.7048273086547852, "51": 0.6843079924583435, "52": 0.6828314661979675, "53": 0.6722338199615479, "54": 0.6820136904716492, "55": 0.6814982891082764, "56": 0.6888759732246399, "57": 0.6344612240791321, "58": 0.6182237267494202, "59": 0.672417938709259, "60": 0.6759846210479736, "61": 0.6934444308280945, "62": 0.6618526577949524, "63": 0.6953703761100769, "64": 0.6775067448616028, "65": 0.683289110660553, "66": 0.6829870343208313, "67": 0.6889669299125671, "68": 0.663162887096405, "69": 0.6701798439025879, "70": 0.636159360408783, "71": 0.6838107705116272, "72": 0.6969454288482666, "73": 0.6908308863639832, "74": 0.669765055179596, "75": 0.678622305393219, "76": 0.7018201947212219, "77": 0.6945237517356873, "78": 0.6943776607513428, "79": 0.6995234489440918, "80": 0.6808092594146729}