{"1": 0.7567105293273926, "2": 0.7965018153190613, "3": 0.7942538857460022, "4": 0.8056195378303528, "5": 0.7760651111602783, "6": 0.8188543319702148, "7": 0.7830155491828918, "8": 0.8135979771614075, "9": 0.8301093578338623, "10": 0.8218993544578552, "11": 0.8281063437461853, "12": 0.8144668936729431, "13": 0.8287153840065002, "14": 0.8313798904418945, "15": 0.8214419484138489, "16": 0.8331742882728577, "17": 0.820400059223175, "18": 0.8113574981689453, "19": 0.8336904048919678, "20": 0.8264780044555664, "21": 0.8346653580665588, "22": 0.8445181846618652, "23": 0.8259478211402893, "24": 0.821789026260376, "25": 0.8312432169914246, "26": 0.8303170204162598, "27": 0.836837112903595, "28": 0.8273096680641174, "29": 0.8289658427238464, "30": 0.8270524144172668, "31": 0.8425889015197754, "32": 0.824455738067627, "33": 0.8247324824333191, "34": 0.8295045495033264, "35": 0.8384540677070618, "36": 0.8092921376228333, "37": 0.8310731053352356, "38": 0.827549397945404, "39": 0.8306326866149902, "40": 0.8365084528923035, "41": 0.8241961002349854, "42": 0.8287580013275146, "43": 0.8355199694633484, "44": 0.830756664276123, "45": 0.8498554229736328, "46": 0.8370221257209778, "47": 0.8370311856269836, "48": 0.8350602984428406, "49": 0.8327406048774719, "50": 0.8447625041007996, "51": 0.8303311467170715, "52": 0.8374212384223938, "53": 0.8259596228599548, "54": 0.8306476473808289, "55": 0.8291943669319153, "56": 0.826214611530304, "57": 0.8173251152038574, "58": 0.803135335445404, "59": 0.8340691924095154, "60": 0.834369421005249, "61": 0.8256256580352783, "62": 0.8291497826576233, "63": 0.8353437781333923, "64": 0.8201449513435364, "65": 0.8368120193481445, "66": 0.8422726988792419, "67": 0.8346282839775085, "68": 0.8254404067993164, "69": 0.8110613822937012, "70": 0.8128402829170227, "71": 0.8384472727775574, "72": 0.8353404998779297, "73": 0.8393988013267517, "74": 0.8365423083305359, "75": 0.832301914691925, "76": 0.844249427318573, "77": 0.8255422115325928, "78": 0.8242698311805725, "79": 0.8455694317817688, "80": 0.8328416347503662}