{"1": 0.5019168257713318, "2": 0.5144827961921692, "3": 0.5419937968254089, "4": 0.5305615663528442, "5": 0.6025623679161072, "6": 0.6357066631317139, "7": 0.6485776901245117, "8": 0.6376597285270691, "9": 0.6477903127670288, "10": 0.6475791931152344, "11": 0.6666645407676697, "12": 0.669212281703949, "13": 0.5894551277160645, "14": 0.6315751075744629, "15": 0.6752863526344299, "16": 0.6382122039794922, "17": 0.6264025568962097, "18": 0.6394619345664978, "19": 0.6756393313407898, "20": 0.6905520558357239, "21": 0.6504263281822205, "22": 0.6833953261375427, "23": 0.641275942325592, "24": 0.6987146735191345, "25": 0.6626653671264648, "26": 0.6947248578071594, "27": 0.6813986301422119, "28": 0.6709945797920227, "29": 0.6811570525169373, "30": 0.6976433396339417, "31": 0.6855732798576355, "32": 0.6897456049919128, "33": 0.7098683714866638, "34": 0.7055230140686035, "35": 0.6767168045043945, "36": 0.6556144952774048, "37": 0.6663485765457153, "38": 0.6873304843902588, "39": 0.6364982724189758, "40": 0.6811993718147278, "41": 0.7109408974647522, "42": 0.7193623185157776, "43": 0.6993421912193298, "44": 0.6971645355224609, "45": 0.6834519505500793, "46": 0.6777749061584473, "47": 0.7134723663330078, "48": 0.6556217074394226, "49": 0.6534200310707092, "50": 0.6862609386444092, "51": 0.7195388674736023, "52": 0.6901214718818665, "53": 0.7183316349983215, "54": 0.6960472464561462, "55": 0.7195332646369934, "56": 0.7009544968605042, "57": 0.6975579857826233, "58": 0.6768695712089539, "59": 0.7019142508506775, "60": 0.7087342143058777, "61": 0.7047452926635742, "62": 0.6412381529808044, "63": 0.7279337048530579, "64": 0.6712357997894287, "65": 0.7221102714538574, "66": 0.6557076573371887, "67": 0.671863853931427, "68": 0.7082412838935852, "69": 0.7142612934112549, "70": 0.688210666179657, "71": 0.6912214159965515, "72": 0.6500353813171387, "73": 0.6719675064086914, "74": 0.6639721989631653, "75": 0.6644766926765442, "76": 0.6911918520927429, "77": 0.7095394730567932, "78": 0.6909098029136658, "79": 0.6962342262268066, "80": 0.6784329414367676}