{"1": 0.5315589308738708, "2": 0.6513442993164062, "3": 0.6383247971534729, "4": 0.6623124480247498, "5": 0.6466877460479736, "6": 0.6052497029304504, "7": 0.604840099811554, "8": 0.6805339455604553, "9": 0.6603277325630188, "10": 0.6699197888374329, "11": 0.6071262955665588, "12": 0.6152293086051941, "13": 0.6581150889396667, "14": 0.6576910018920898, "15": 0.6516684889793396, "16": 0.6378915905952454, "17": 0.690622866153717, "18": 0.6719105243682861, "19": 0.6531214714050293, "20": 0.666348397731781, "21": 0.6778669357299805, "22": 0.6888198256492615, "23": 0.7131560444831848, "24": 0.6860315203666687, "25": 0.6897589564323425, "26": 0.6881524920463562, "27": 0.6933364868164062, "28": 0.6592302322387695, "29": 0.6978868842124939, "30": 0.6515305638313293, "31": 0.6759846806526184, "32": 0.6794795989990234, "33": 0.6711352467536926, "34": 0.7148327827453613, "35": 0.6909173130989075, "36": 0.6826284527778625, "37": 0.6516730189323425, "38": 0.6892504692077637, "39": 0.7132932543754578, "40": 0.6559300422668457, "41": 0.7150101661682129, "42": 0.7011618614196777, "43": 0.7010276317596436, "44": 0.7018793225288391, "45": 0.6948179602622986, "46": 0.6465591192245483, "47": 0.7026421427726746, "48": 0.6811626553535461, "49": 0.6890554428100586, "50": 0.6413494348526001, "51": 0.6455629467964172, "52": 0.6578571200370789, "53": 0.6797387599945068, "54": 0.6616921424865723, "55": 0.7090902924537659, "56": 0.6540582180023193, "57": 0.7014893889427185, "58": 0.670806884765625, "59": 0.6573247313499451, "60": 0.7104645371437073, "61": 0.6999635696411133, "62": 0.6901441216468811, "63": 0.6661226153373718, "64": 0.7140519022941589, "65": 0.6759982109069824, "66": 0.6997019648551941, "67": 0.6800330281257629, "68": 0.7113368511199951, "69": 0.7046807408332825, "70": 0.692897617816925, "71": 0.7016121745109558, "72": 0.7000793814659119, "73": 0.6954644322395325, "74": 0.6574696898460388, "75": 0.6772353053092957, "76": 0.639556884765625, "77": 0.6925756931304932, "78": 0.6877607703208923, "79": 0.7192053198814392, "80": 0.66778963804245}