{"1": 0.4655384421348572, "2": 0.43110865354537964, "3": 0.3848564624786377, "4": 0.3821033239364624, "5": 0.4707767069339752, "6": 0.3519795536994934, "7": 0.4333193898200989, "8": 0.3735874891281128, "9": 0.34914740920066833, "10": 0.3435884118080139, "11": 0.3260611295700073, "12": 0.3690405786037445, "13": 0.30829423666000366, "14": 0.353585809469223, "15": 0.33224040269851685, "16": 0.3274177014827728, "17": 0.33672916889190674, "18": 0.3712756633758545, "19": 0.3282816410064697, "20": 0.3519028425216675, "21": 0.3179536461830139, "22": 0.3159169554710388, "23": 0.35691478848457336, "24": 0.34134018421173096, "25": 0.3092930018901825, "26": 0.3655608594417572, "27": 0.32005545496940613, "28": 0.3214893341064453, "29": 0.2935652732849121, "30": 0.3249472677707672, "31": 0.3121599555015564, "32": 0.29087233543395996, "33": 0.3218812644481659, "34": 0.36631470918655396, "35": 0.33758920431137085, "36": 0.36632734537124634, "37": 0.36628395318984985, "38": 0.3204296827316284, "39": 0.3410125970840454, "40": 0.3280056118965149, "41": 0.3534734547138214, "42": 0.3489961624145508, "43": 0.3279266059398651, "44": 0.30989575386047363, "45": 0.30586475133895874, "46": 0.3320348858833313, "47": 0.3346154987812042, "48": 0.3275316655635834, "49": 0.3404986262321472, "50": 0.2991243004798889, "51": 0.3293769955635071, "52": 0.3198591470718384, "53": 0.36312076449394226, "54": 0.3240261375904083, "55": 0.3218424320220947, "56": 0.3093321919441223, "57": 0.37625476717948914, "58": 0.4099827706813812, "59": 0.34976881742477417, "60": 0.3402959108352661, "61": 0.3059524595737457, "62": 0.3497944176197052, "63": 0.30927610397338867, "64": 0.3027938902378082, "65": 0.32814279198646545, "66": 0.32968640327453613, "67": 0.31490781903266907, "68": 0.34809422492980957, "69": 0.3353098928928375, "70": 0.39819735288619995, "71": 0.3392147719860077, "72": 0.30632883310317993, "73": 0.3258829712867737, "74": 0.3420683443546295, "75": 0.33127209544181824, "76": 0.31637924909591675, "77": 0.3181515634059906, "78": 0.31032776832580566, "79": 0.31627461314201355, "80": 0.3373800814151764}