{"1": 0.4915578365325928, "2": 0.4546170234680176, "3": 0.40713921189308167, "4": 0.4013091027736664, "5": 0.49902811646461487, "6": 0.37699201703071594, "7": 0.46180564165115356, "8": 0.3992989659309387, "9": 0.3702845871448517, "10": 0.3689902424812317, "11": 0.3467384874820709, "12": 0.3925897479057312, "13": 0.32500097155570984, "14": 0.37134018540382385, "15": 0.35677337646484375, "16": 0.35082918405532837, "17": 0.36254316568374634, "18": 0.3948396146297455, "19": 0.34702587127685547, "20": 0.3741883635520935, "21": 0.3412328362464905, "22": 0.3312433362007141, "23": 0.3792470693588257, "24": 0.363619863986969, "25": 0.32901686429977417, "26": 0.3926687240600586, "27": 0.3376087546348572, "28": 0.33826929330825806, "29": 0.3102880120277405, "30": 0.35192760825157166, "31": 0.337164968252182, "32": 0.30095943808555603, "33": 0.3409259617328644, "34": 0.3868185877799988, "35": 0.36389729380607605, "36": 0.3899998664855957, "37": 0.38391244411468506, "38": 0.3304707407951355, "39": 0.36359772086143494, "40": 0.3508894145488739, "41": 0.3716508746147156, "42": 0.3674014210700989, "43": 0.35033828020095825, "44": 0.32776591181755066, "45": 0.31798967719078064, "46": 0.34686872363090515, "47": 0.35346096754074097, "48": 0.34662365913391113, "49": 0.3627106547355652, "50": 0.31298768520355225, "51": 0.3442291021347046, "52": 0.34029412269592285, "53": 0.37399721145629883, "54": 0.34417593479156494, "55": 0.3403950035572052, "56": 0.32864946126937866, "57": 0.40203776955604553, "58": 0.42845025658607483, "59": 0.36660951375961304, "60": 0.3568041920661926, "61": 0.3189327120780945, "62": 0.37033095955848694, "63": 0.32692304253578186, "64": 0.32603803277015686, "65": 0.34818822145462036, "66": 0.3475307524204254, "67": 0.32756632566452026, "68": 0.36788028478622437, "69": 0.345066100358963, "70": 0.4199960231781006, "71": 0.36105528473854065, "72": 0.31876736879348755, "73": 0.34036150574684143, "74": 0.36433103680610657, "75": 0.34751689434051514, "76": 0.3317021429538727, "77": 0.32631832361221313, "78": 0.3211502134799957, "79": 0.33481618762016296, "80": 0.3545483946800232}