{"1": 0.7783560752868652, "2": 0.7514259815216064, "3": 0.7375704646110535, "4": 0.7911832928657532, "5": 0.7981326580047607, "6": 0.7620747685432434, "7": 0.7975356578826904, "8": 0.8046789765357971, "9": 0.779122531414032, "10": 0.7573795914649963, "11": 0.7719503045082092, "12": 0.8286510109901428, "13": 0.7917562127113342, "14": 0.8258876800537109, "15": 0.8249828815460205, "16": 0.7880182266235352, "17": 0.8250227570533752, "18": 0.8092008233070374, "19": 0.8167218565940857, "20": 0.7640923857688904, "21": 0.8290254473686218, "22": 0.8119664192199707, "23": 0.8052904605865479, "24": 0.814126193523407, "25": 0.8295429348945618, "26": 0.8251132369041443, "27": 0.7911849617958069, "28": 0.8224871754646301, "29": 0.8310103416442871, "30": 0.8168520927429199, "31": 0.8279488682746887, "32": 0.8285072445869446, "33": 0.826406717300415, "34": 0.8112899661064148, "35": 0.8220285773277283, "36": 0.8236672878265381, "37": 0.771569013595581, "38": 0.8152222633361816, "39": 0.8078014850616455, "40": 0.8160589337348938, "41": 0.8179218173027039, "42": 0.8009276390075684, "43": 0.8108298778533936, "44": 0.8279263377189636, "45": 0.8021467328071594, "46": 0.8055228590965271, "47": 0.8208697438240051, "48": 0.8356866240501404, "49": 0.8319424986839294, "50": 0.8122689723968506, "51": 0.8046373724937439, "52": 0.8324679732322693, "53": 0.8106351494789124, "54": 0.8311524391174316, "55": 0.8121585845947266, "56": 0.7968449592590332, "57": 0.8149089217185974, "58": 0.8257019519805908, "59": 0.804379940032959, "60": 0.7886237502098083, "61": 0.8116293549537659, "62": 0.8191370964050293, "63": 0.8108582496643066, "64": 0.8130984306335449, "65": 0.826758861541748, "66": 0.813762903213501, "67": 0.811457097530365, "68": 0.8306780457496643, "69": 0.8142029643058777, "70": 0.8095570206642151, "71": 0.811898946762085, "72": 0.8190339207649231, "73": 0.8127533793449402, "74": 0.8334609866142273, "75": 0.8202400207519531, "76": 0.8256396651268005, "77": 0.8131892681121826, "78": 0.802919864654541, "79": 0.8167523741722107, "80": 0.8115153908729553}