{"1": 0.4539563059806824, "2": 0.48274317383766174, "3": 0.4368782937526703, "4": 0.38058218359947205, "5": 0.3860616385936737, "6": 0.4240140914916992, "7": 0.37194985151290894, "8": 0.35429099202156067, "9": 0.42527833580970764, "10": 0.4343704581260681, "11": 0.3871496915817261, "12": 0.351504921913147, "13": 0.3123939633369446, "14": 0.3229829668998718, "15": 0.3181784749031067, "16": 0.39024606347084045, "17": 0.32352209091186523, "18": 0.30879756808280945, "19": 0.32932257652282715, "20": 0.4229944348335266, "21": 0.32075923681259155, "22": 0.33034005761146545, "23": 0.3779347836971283, "24": 0.3306867480278015, "25": 0.3484458327293396, "26": 0.3660222887992859, "27": 0.3703630566596985, "28": 0.30279627442359924, "29": 0.33409255743026733, "30": 0.32694417238235474, "31": 0.3413937985897064, "32": 0.3171766400337219, "33": 0.3015076220035553, "34": 0.34874147176742554, "35": 0.2985592782497406, "36": 0.3054088056087494, "37": 0.43020328879356384, "38": 0.37070232629776, "39": 0.3832630515098572, "40": 0.35847851634025574, "41": 0.2991773188114166, "42": 0.35320940613746643, "43": 0.3436467945575714, "44": 0.33495330810546875, "45": 0.38563868403434753, "46": 0.37737423181533813, "47": 0.3248280882835388, "48": 0.2931605279445648, "49": 0.3108751177787781, "50": 0.35869836807250977, "51": 0.36904045939445496, "52": 0.3194013237953186, "53": 0.3723512887954712, "54": 0.2937625050544739, "55": 0.34863990545272827, "56": 0.34660691022872925, "57": 0.3537623882293701, "58": 0.3175658583641052, "59": 0.3632233142852783, "60": 0.4154176115989685, "61": 0.3636856973171234, "62": 0.34584662318229675, "63": 0.35567283630371094, "64": 0.3403421938419342, "65": 0.33252012729644775, "66": 0.3314955234527588, "67": 0.33448857069015503, "68": 0.3035046458244324, "69": 0.3113974928855896, "70": 0.33681702613830566, "71": 0.34885475039482117, "72": 0.3507550358772278, "73": 0.32924312353134155, "74": 0.3318909704685211, "75": 0.34333375096321106, "76": 0.3358363211154938, "77": 0.33595138788223267, "78": 0.35001128911972046, "79": 0.3369387984275818, "80": 0.3679746389389038}