{"1": 0.6177793145179749, "2": 0.6205836534500122, "3": 0.6598892211914062, "4": 0.7028922438621521, "5": 0.7114587426185608, "6": 0.75763338804245, "7": 0.7828717231750488, "8": 0.769626796245575, "9": 0.7721667289733887, "10": 0.7536084055900574, "11": 0.7809773087501526, "12": 0.8012011647224426, "13": 0.7593739032745361, "14": 0.7725608944892883, "15": 0.8034224510192871, "16": 0.7982154488563538, "17": 0.7844424247741699, "18": 0.796062707901001, "19": 0.7778663039207458, "20": 0.793933093547821, "21": 0.8046714663505554, "22": 0.8163061738014221, "23": 0.7948512434959412, "24": 0.8027827739715576, "25": 0.7934834361076355, "26": 0.8220786452293396, "27": 0.821222722530365, "28": 0.8043560981750488, "29": 0.8125762343406677, "30": 0.8292495608329773, "31": 0.8275300860404968, "32": 0.8148717880249023, "33": 0.82142573595047, "34": 0.8110093474388123, "35": 0.8145546317100525, "36": 0.808582603931427, "37": 0.8109242916107178, "38": 0.8208580017089844, "39": 0.797762393951416, "40": 0.8287814259529114, "41": 0.8294041752815247, "42": 0.8377642631530762, "43": 0.8386557102203369, "44": 0.8263154029846191, "45": 0.8154993653297424, "46": 0.8112767338752747, "47": 0.8345937132835388, "48": 0.8080952763557434, "49": 0.8096604347229004, "50": 0.8060372471809387, "51": 0.8312079906463623, "52": 0.8303863406181335, "53": 0.8234261870384216, "54": 0.8365917205810547, "55": 0.8348209261894226, "56": 0.8316704630851746, "57": 0.836554765701294, "58": 0.8132381439208984, "59": 0.8346684575080872, "60": 0.8225424885749817, "61": 0.8353492617607117, "62": 0.796630859375, "63": 0.8320870995521545, "64": 0.8147304654121399, "65": 0.8503161072731018, "66": 0.8202702403068542, "67": 0.8103815913200378, "68": 0.8183348774909973, "69": 0.8345555663108826, "70": 0.8290717601776123, "71": 0.8371624946594238, "72": 0.8052215576171875, "73": 0.8106322288513184, "74": 0.8102390766143799, "75": 0.8122135996818542, "76": 0.8319253921508789, "77": 0.8294054865837097, "78": 0.818122923374176, "79": 0.8260746002197266, "80": 0.826112687587738}