{"1": 0.7649383544921875, "2": 0.7439764142036438, "3": 0.7291872501373291, "4": 0.7808270454406738, "5": 0.791760265827179, "6": 0.7595754265785217, "7": 0.7925941348075867, "8": 0.7993650436401367, "9": 0.7763857841491699, "10": 0.7571352124214172, "11": 0.7677670121192932, "12": 0.820042610168457, "13": 0.7801735997200012, "14": 0.8181676268577576, "15": 0.8158092498779297, "16": 0.7861013412475586, "17": 0.8163268566131592, "18": 0.8022242188453674, "19": 0.8129226565361023, "20": 0.7606425881385803, "21": 0.8231081962585449, "22": 0.8066157698631287, "23": 0.7985802292823792, "24": 0.8079621195793152, "25": 0.821153461933136, "26": 0.8184962868690491, "27": 0.789240837097168, "28": 0.8146330714225769, "29": 0.8239324688911438, "30": 0.814039409160614, "31": 0.8214969038963318, "32": 0.8206460475921631, "33": 0.8201200366020203, "34": 0.8080260157585144, "35": 0.8189866542816162, "36": 0.8194901347160339, "37": 0.7666950821876526, "38": 0.8095247745513916, "39": 0.8048211932182312, "40": 0.813845694065094, "41": 0.8136869072914124, "42": 0.8010236620903015, "43": 0.8094908595085144, "44": 0.824015200138092, "45": 0.8002161979675293, "46": 0.8042554259300232, "47": 0.8178141713142395, "48": 0.831770658493042, "49": 0.8297799229621887, "50": 0.8118699193000793, "51": 0.8053342700004578, "52": 0.8296390175819397, "53": 0.8111217617988586, "54": 0.8295406699180603, "55": 0.8135101199150085, "56": 0.8013738989830017, "57": 0.8164758086204529, "58": 0.8282425403594971, "59": 0.8056734204292297, "60": 0.7907600998878479, "61": 0.81239253282547, "62": 0.8199911117553711, "63": 0.8112680315971375, "64": 0.8174003958702087, "65": 0.8281831741333008, "66": 0.8191297054290771, "67": 0.8165323138237, "68": 0.8302800059318542, "69": 0.8206700682640076, "70": 0.813650906085968, "71": 0.8153721690177917, "72": 0.8241620659828186, "73": 0.8191924095153809, "74": 0.8338632583618164, "75": 0.8214521408081055, "76": 0.8282375335693359, "77": 0.8181848526000977, "78": 0.807763397693634, "79": 0.8212729096412659, "80": 0.8134303092956543}