{"1": 0.639205276966095, "2": 0.5975783467292786, "3": 0.6320871710777283, "4": 0.6694020628929138, "5": 0.6541048884391785, "6": 0.6024507880210876, "7": 0.6570994853973389, "8": 0.6734306812286377, "9": 0.6036834716796875, "10": 0.5814796686172485, "11": 0.6297011971473694, "12": 0.6822845935821533, "13": 0.694054365158081, "14": 0.701498806476593, "15": 0.7082611918449402, "16": 0.6307671666145325, "17": 0.6998543739318848, "18": 0.7058897018432617, "19": 0.6901364326477051, "20": 0.6035194993019104, "21": 0.6996734738349915, "22": 0.6952239871025085, "23": 0.6468265652656555, "24": 0.6867873072624207, "25": 0.6819617748260498, "26": 0.6688777804374695, "27": 0.6485859751701355, "28": 0.7119028568267822, "29": 0.6968782544136047, "30": 0.6941550374031067, "31": 0.6841661930084229, "32": 0.7068688869476318, "33": 0.717199981212616, "34": 0.6746752262115479, "35": 0.7137084007263184, "36": 0.7135305404663086, "37": 0.6033760905265808, "38": 0.6595653295516968, "39": 0.6503749489784241, "40": 0.6673555970191956, "41": 0.7122423052787781, "42": 0.6740269660949707, "43": 0.674680769443512, "44": 0.6888510584831238, "45": 0.6460787653923035, "46": 0.6504754424095154, "47": 0.6987053751945496, "48": 0.721287727355957, "49": 0.7130978107452393, "50": 0.6668233871459961, "51": 0.6623876094818115, "52": 0.7033815979957581, "53": 0.6564509272575378, "54": 0.7205118536949158, "55": 0.6799283027648926, "56": 0.679041862487793, "57": 0.6700538992881775, "58": 0.7026806473731995, "59": 0.6724812984466553, "60": 0.6218913197517395, "61": 0.6667707562446594, "62": 0.6803969740867615, "63": 0.6732271313667297, "64": 0.6877481341362, "65": 0.69589763879776, "66": 0.692406177520752, "67": 0.6891639828681946, "68": 0.7137070298194885, "69": 0.7021180987358093, "70": 0.6875237822532654, "71": 0.6848688721656799, "72": 0.6810949444770813, "73": 0.6972803473472595, "74": 0.7064637541770935, "75": 0.6851450800895691, "76": 0.6944391131401062, "77": 0.6884791254997253, "78": 0.680213987827301, "79": 0.6908562779426575, "80": 0.6723296046257019}