{"1": 0.6260144114494324, "2": 0.6403312683105469, "3": 0.668620765209198, "4": 0.6664883494377136, "5": 0.601372480392456, "6": 0.6860044598579407, "7": 0.6315571665763855, "8": 0.6727781891822815, "9": 0.6915531158447266, "10": 0.6758790612220764, "11": 0.6980605125427246, "12": 0.6626502871513367, "13": 0.7079471945762634, "14": 0.6819157004356384, "15": 0.6903383135795593, "16": 0.6945001482963562, "17": 0.6828222274780273, "18": 0.6690948009490967, "19": 0.6940334439277649, "20": 0.6716892123222351, "21": 0.7001597285270691, "22": 0.7081179022789001, "23": 0.6841428279876709, "24": 0.676814615726471, "25": 0.7033231258392334, "26": 0.6759918332099915, "27": 0.7066525816917419, "28": 0.6947342753410339, "29": 0.7112560272216797, "30": 0.6961094737052917, "31": 0.7072587609291077, "32": 0.7149317860603333, "33": 0.6967864632606506, "34": 0.6696076393127441, "35": 0.6905825734138489, "36": 0.6610205769538879, "37": 0.6758706569671631, "38": 0.7013800740242004, "39": 0.683613121509552, "40": 0.6929993033409119, "41": 0.6778894066810608, "42": 0.6829548478126526, "43": 0.694653332233429, "44": 0.7077521681785583, "45": 0.719061553478241, "46": 0.6962394714355469, "47": 0.6956257820129395, "48": 0.694705069065094, "49": 0.6876835823059082, "50": 0.7179015278816223, "51": 0.7032468318939209, "52": 0.7020866274833679, "53": 0.6822917461395264, "54": 0.6998369693756104, "55": 0.7002589702606201, "56": 0.7058855891227722, "57": 0.6629576086997986, "58": 0.6377614736557007, "59": 0.6872458457946777, "60": 0.6924859881401062, "61": 0.70855712890625, "62": 0.6794261336326599, "63": 0.7114270329475403, "64": 0.699695348739624, "65": 0.697448194026947, "66": 0.7002101540565491, "67": 0.7025153040885925, "68": 0.6811497211456299, "69": 0.6854267716407776, "70": 0.6558709144592285, "71": 0.7003998756408691, "72": 0.7090283036231995, "73": 0.7033384442329407, "74": 0.6891021728515625, "75": 0.692777693271637, "76": 0.7149084210395813, "77": 0.7043540477752686, "78": 0.6996943354606628, "79": 0.7133296132087708, "80": 0.6949521899223328}