{"1": 0.503616213798523, "2": 0.4609594941139221, "3": 0.4183486998081207, "4": 0.41136330366134644, "5": 0.5195697546005249, "6": 0.3918084502220154, "7": 0.48350557684898376, "8": 0.41676777601242065, "9": 0.37925347685813904, "10": 0.38404160737991333, "11": 0.3592471480369568, "12": 0.4085446894168854, "13": 0.3324272930622101, "14": 0.3767014145851135, "15": 0.37127402424812317, "16": 0.3607153296470642, "17": 0.3781101703643799, "18": 0.4090006947517395, "19": 0.354065477848053, "20": 0.38533860445022583, "21": 0.35205966234207153, "22": 0.33337515592575073, "23": 0.39118215441703796, "24": 0.3737329840660095, "25": 0.3345298171043396, "26": 0.40414032340049744, "27": 0.3431849777698517, "28": 0.34469154477119446, "29": 0.31474652886390686, "30": 0.3653891086578369, "31": 0.3451961874961853, "32": 0.30178534984588623, "33": 0.35285279154777527, "34": 0.39243441820144653, "35": 0.37094926834106445, "36": 0.4020577073097229, "37": 0.3887716233730316, "38": 0.33212679624557495, "39": 0.37133580446243286, "40": 0.35641637444496155, "41": 0.37811776995658875, "42": 0.371549516916275, "43": 0.3574715554714203, "44": 0.33658042550086975, "45": 0.3211553394794464, "46": 0.34919336438179016, "47": 0.36245134472846985, "48": 0.35531383752822876, "49": 0.3709493577480316, "50": 0.3152792453765869, "51": 0.35040760040283203, "52": 0.34775471687316895, "53": 0.3740515112876892, "54": 0.34998053312301636, "55": 0.3495936989784241, "56": 0.3338090181350708, "57": 0.41459736227989197, "58": 0.43528932332992554, "59": 0.3694238066673279, "60": 0.3621094226837158, "61": 0.3236500322818756, "62": 0.37497228384017944, "63": 0.33402788639068604, "64": 0.33364272117614746, "65": 0.35015028715133667, "66": 0.3527486324310303, "67": 0.3301487863063812, "68": 0.3743181824684143, "69": 0.35007214546203613, "70": 0.4269668459892273, "71": 0.3646000325679779, "72": 0.32294178009033203, "73": 0.3443009853363037, "74": 0.37025851011276245, "75": 0.3513876497745514, "76": 0.3353901505470276, "77": 0.32533925771713257, "78": 0.3210299015045166, "79": 0.33845335245132446, "80": 0.3581325113773346}