{"1": 0.7057626247406006, "2": 0.7590915560722351, "3": 0.7773036956787109, "4": 0.7889891266822815, "5": 0.7690951228141785, "6": 0.754558801651001, "7": 0.7751490473747253, "8": 0.8064653277397156, "9": 0.8030745387077332, "10": 0.8102003931999207, "11": 0.7780663371086121, "12": 0.7791871428489685, "13": 0.799325168132782, "14": 0.8106257915496826, "15": 0.8170328140258789, "16": 0.7963144779205322, "17": 0.8256736397743225, "18": 0.8051686882972717, "19": 0.803788959980011, "20": 0.8055477142333984, "21": 0.8227932453155518, "22": 0.8087964057922363, "23": 0.8183133006095886, "24": 0.8125103116035461, "25": 0.8175871968269348, "26": 0.8238685727119446, "27": 0.8200283646583557, "28": 0.8132572174072266, "29": 0.8127421736717224, "30": 0.8075452446937561, "31": 0.8099098801612854, "32": 0.8294424414634705, "33": 0.8156208992004395, "34": 0.8136377334594727, "35": 0.8173525929450989, "36": 0.821811854839325, "37": 0.8037951588630676, "38": 0.8228859901428223, "39": 0.8324010968208313, "40": 0.8053033947944641, "41": 0.8258669972419739, "42": 0.8213137984275818, "43": 0.8321654796600342, "44": 0.8295517563819885, "45": 0.8097890019416809, "46": 0.8028704524040222, "47": 0.8347942233085632, "48": 0.8171088695526123, "49": 0.8163564801216125, "50": 0.7970249652862549, "51": 0.8062846064567566, "52": 0.8058416247367859, "53": 0.8144106268882751, "54": 0.8058671951293945, "55": 0.8342902064323425, "56": 0.8049211502075195, "57": 0.8282346725463867, "58": 0.8194249272346497, "59": 0.8057388663291931, "60": 0.8389913439750671, "61": 0.8296732902526855, "62": 0.8312509655952454, "63": 0.8148961067199707, "64": 0.8368782997131348, "65": 0.82131427526474, "66": 0.8344583511352539, "67": 0.810307502746582, "68": 0.8250847458839417, "69": 0.834324836730957, "70": 0.8312926292419434, "71": 0.8384630084037781, "72": 0.8288457989692688, "73": 0.8367183804512024, "74": 0.8138428330421448, "75": 0.8301050066947937, "76": 0.8015673756599426, "77": 0.8325710296630859, "78": 0.8237369656562805, "79": 0.8375932574272156, "80": 0.811549723148346}