{"1": 0.4839994013309479, "2": 0.48839816451072693, "3": 0.5014440417289734, "4": 0.49443569779396057, "5": 0.5515285134315491, "6": 0.5883376002311707, "7": 0.6090266108512878, "8": 0.592616856098175, "9": 0.5988546013832092, "10": 0.5882322788238525, "11": 0.6094970107078552, "12": 0.6146323680877686, "13": 0.5444794297218323, "14": 0.5765652656555176, "15": 0.6090750694274902, "16": 0.589966356754303, "17": 0.5720739960670471, "18": 0.5927761197090149, "19": 0.6076511740684509, "20": 0.6196845769882202, "21": 0.6046749353408813, "22": 0.6228078007698059, "23": 0.585519015789032, "24": 0.6231604218482971, "25": 0.5965173244476318, "26": 0.630183756351471, "27": 0.6273045539855957, "28": 0.6141995787620544, "29": 0.6126131415367126, "30": 0.6434491276741028, "31": 0.6353915333747864, "32": 0.6262810826301575, "33": 0.637855589389801, "34": 0.6300966143608093, "35": 0.6152380108833313, "36": 0.5970858931541443, "37": 0.6060341000556946, "38": 0.6326261162757874, "39": 0.5846585035324097, "40": 0.6262165904045105, "41": 0.6472697257995605, "42": 0.6485004425048828, "43": 0.6432660222053528, "44": 0.6279224753379822, "45": 0.6175561547279358, "46": 0.6195954084396362, "47": 0.6472156047821045, "48": 0.598888635635376, "49": 0.6129198670387268, "50": 0.6182122826576233, "51": 0.6495389938354492, "52": 0.6379972100257874, "53": 0.6398364901542664, "54": 0.639159619808197, "55": 0.645889401435852, "56": 0.633060872554779, "57": 0.6320199370384216, "58": 0.6136193871498108, "59": 0.632396399974823, "60": 0.634545624256134, "61": 0.6426823735237122, "62": 0.5911663174629211, "63": 0.6414651274681091, "64": 0.6148268580436707, "65": 0.6584723591804504, "66": 0.6170774102210999, "67": 0.6163283586502075, "68": 0.6297157406806946, "69": 0.6470749378204346, "70": 0.6343001127243042, "71": 0.6305579543113708, "72": 0.595320999622345, "73": 0.6109251976013184, "74": 0.6044440865516663, "75": 0.6164551377296448, "76": 0.6290990710258484, "77": 0.6418829560279846, "78": 0.6269275546073914, "79": 0.6337502598762512, "80": 0.6290006041526794}