{"1": 0.7401745915412903, "2": 0.7844915986061096, "3": 0.7802744507789612, "4": 0.7940106987953186, "5": 0.7585382461547852, "6": 0.8036672472953796, "7": 0.7631585001945496, "8": 0.7969517707824707, "9": 0.8166556358337402, "10": 0.8067231178283691, "11": 0.8143374919891357, "12": 0.7981775403022766, "13": 0.816514790058136, "14": 0.8177599310874939, "15": 0.803272008895874, "16": 0.8188591003417969, "17": 0.802476167678833, "18": 0.7940914034843445, "19": 0.8213057518005371, "20": 0.8131011128425598, "21": 0.820512592792511, "22": 0.8337276577949524, "23": 0.8109069466590881, "24": 0.8076137900352478, "25": 0.8202822804450989, "26": 0.8155801296234131, "27": 0.825914204120636, "28": 0.8161842226982117, "29": 0.8193828463554382, "30": 0.8124291300773621, "31": 0.83254474401474, "32": 0.8193867802619934, "33": 0.8106639385223389, "34": 0.8178515434265137, "35": 0.8257646560668945, "36": 0.7958953976631165, "37": 0.8204763531684875, "38": 0.8207291960716248, "39": 0.8198456764221191, "40": 0.8253653645515442, "41": 0.8126867413520813, "42": 0.8181180953979492, "43": 0.8242544531822205, "44": 0.8196741938591003, "45": 0.8424789309501648, "46": 0.8294184803962708, "47": 0.8255581855773926, "48": 0.8239335417747498, "49": 0.8223519325256348, "50": 0.8374226689338684, "51": 0.8188040256500244, "52": 0.827625572681427, "53": 0.8191957473754883, "54": 0.8200774788856506, "55": 0.8179923892021179, "56": 0.8150467872619629, "57": 0.8027580380439758, "58": 0.7914883494377136, "59": 0.8253655433654785, "60": 0.8254261016845703, "61": 0.8161275386810303, "62": 0.8188033103942871, "63": 0.8252332210540771, "64": 0.8052751421928406, "65": 0.8281370997428894, "66": 0.8332120776176453, "67": 0.8258585929870605, "68": 0.8148260116577148, "69": 0.7998762130737305, "70": 0.8018172383308411, "71": 0.828921377658844, "72": 0.8284296989440918, "73": 0.8317520618438721, "74": 0.8257438540458679, "75": 0.8235108256340027, "76": 0.8364388942718506, "77": 0.8158376216888428, "78": 0.8174929022789001, "79": 0.837337076663971, "80": 0.822998046875}