{"1": 0.7708628177642822, "2": 0.7475388050079346, "3": 0.7341434955596924, "4": 0.7870475649833679, "5": 0.7959092259407043, "6": 0.7617888450622559, "7": 0.7962086200714111, "8": 0.8034825325012207, "9": 0.7786540985107422, "10": 0.7579264640808105, "11": 0.7713788151741028, "12": 0.8256710171699524, "13": 0.7873689532279968, "14": 0.8234642148017883, "15": 0.8219699263572693, "16": 0.7883780598640442, "17": 0.8221211433410645, "18": 0.8074823021888733, "19": 0.8163625597953796, "20": 0.7637941837310791, "21": 0.8275745511054993, "22": 0.810139000415802, "23": 0.8029783368110657, "24": 0.8124666213989258, "25": 0.8261216282844543, "26": 0.8221016526222229, "27": 0.7912010550498962, "28": 0.8194606304168701, "29": 0.8283960223197937, "30": 0.8167407512664795, "31": 0.8250635266304016, "32": 0.8249549865722656, "33": 0.8235546946525574, "34": 0.8104438781738281, "35": 0.8214542269706726, "36": 0.8217523694038391, "37": 0.7694754600524902, "38": 0.8131682276725769, "39": 0.80668044090271, "40": 0.8150806427001953, "41": 0.8164021372795105, "42": 0.8012437224388123, "43": 0.8104912638664246, "44": 0.8261300921440125, "45": 0.8008461594581604, "46": 0.8043496012687683, "47": 0.8195900321006775, "48": 0.8341090679168701, "49": 0.8308754563331604, "50": 0.8123831152915955, "51": 0.8051136136054993, "52": 0.8304948210716248, "53": 0.8100587725639343, "54": 0.8307496905326843, "55": 0.8123547434806824, "56": 0.7990805506706238, "57": 0.8151410222053528, "58": 0.8263235092163086, "59": 0.804648220539093, "60": 0.7886952757835388, "61": 0.8114516139030457, "62": 0.818736732006073, "63": 0.810943603515625, "64": 0.814498245716095, "65": 0.8267665505409241, "66": 0.8157756328582764, "67": 0.8134618401527405, "68": 0.830720841884613, "69": 0.8168678283691406, "70": 0.8111814856529236, "71": 0.8132172226905823, "72": 0.8204633593559265, "73": 0.8154726624488831, "74": 0.8334159851074219, "75": 0.8203406929969788, "76": 0.825787365436554, "77": 0.815031111240387, "78": 0.8045759201049805, "79": 0.8179172873497009, "80": 0.8115465641021729}