{"1": 0.5365568995475769, "2": 0.6488146781921387, "3": 0.6331800818443298, "4": 0.6558852791786194, "5": 0.6328027248382568, "6": 0.5966604351997375, "7": 0.5922340750694275, "8": 0.6572006344795227, "9": 0.639392614364624, "10": 0.640998125076294, "11": 0.5908782482147217, "12": 0.6013519167900085, "13": 0.6458930373191833, "14": 0.6346011161804199, "15": 0.6141418814659119, "16": 0.6084461212158203, "17": 0.6448261141777039, "18": 0.6349518895149231, "19": 0.6158494353294373, "20": 0.6200366616249084, "21": 0.6091741919517517, "22": 0.6342275142669678, "23": 0.6511780619621277, "24": 0.6448493003845215, "25": 0.6283965706825256, "26": 0.647883415222168, "27": 0.6326606869697571, "28": 0.6212419271469116, "29": 0.633661687374115, "30": 0.5942174792289734, "31": 0.6413366794586182, "32": 0.6250243186950684, "33": 0.6220535635948181, "34": 0.632071316242218, "35": 0.6092501282691956, "36": 0.6096498966217041, "37": 0.6002724766731262, "38": 0.6130374073982239, "39": 0.648904025554657, "40": 0.609553337097168, "41": 0.6274617314338684, "42": 0.6387735605239868, "43": 0.6240964531898499, "44": 0.6295673847198486, "45": 0.5850261449813843, "46": 0.6033281683921814, "47": 0.6167959570884705, "48": 0.6160700917243958, "49": 0.6300715804100037, "50": 0.5987095832824707, "51": 0.5905389785766602, "52": 0.6049861907958984, "53": 0.5910326838493347, "54": 0.5763197541236877, "55": 0.6304761171340942, "56": 0.6104931235313416, "57": 0.608636200428009, "58": 0.5931845307350159, "59": 0.5885598659515381, "60": 0.6103845238685608, "61": 0.5958091020584106, "62": 0.6290583610534668, "63": 0.5959880948066711, "64": 0.6179831624031067, "65": 0.5828432440757751, "66": 0.5948919057846069, "67": 0.5790367722511292, "68": 0.5736798644065857, "69": 0.5907554626464844, "70": 0.6239252686500549, "71": 0.5969504117965698, "72": 0.6175529956817627, "73": 0.5853341221809387, "74": 0.5795333385467529, "75": 0.5847620964050293, "76": 0.5789391994476318, "77": 0.5641597509384155, "78": 0.5907666087150574, "79": 0.598147451877594, "80": 0.5934674739837646}