{"1": 0.6231479644775391, "2": 0.5910708904266357, "3": 0.6237859129905701, "4": 0.6590153574943542, "5": 0.6483798623085022, "6": 0.6018616557121277, "7": 0.6529765725135803, "8": 0.6683093905448914, "9": 0.602539598941803, "10": 0.5829182267189026, "11": 0.6269320845603943, "12": 0.6723024249076843, "13": 0.678861141204834, "14": 0.6924352645874023, "15": 0.6966813206672668, "16": 0.6309232115745544, "17": 0.6903073787689209, "18": 0.6981263756752014, "19": 0.6864505410194397, "20": 0.6010118722915649, "21": 0.6929864287376404, "22": 0.6876704096794128, "23": 0.6386697888374329, "24": 0.6800187230110168, "25": 0.6703036427497864, "26": 0.6602044701576233, "27": 0.6466869711875916, "28": 0.6975052952766418, "29": 0.6858404278755188, "30": 0.6897619366645813, "31": 0.675743579864502, "32": 0.6933251023292542, "33": 0.705906093120575, "34": 0.6701059341430664, "35": 0.7076697945594788, "36": 0.7035124897956848, "37": 0.5994412899017334, "38": 0.6537327766418457, "39": 0.6462467312812805, "40": 0.6640949845314026, "41": 0.7027387619018555, "42": 0.6721479892730713, "43": 0.6705470681190491, "44": 0.6829378008842468, "45": 0.6428428888320923, "46": 0.6493139863014221, "47": 0.6920091509819031, "48": 0.7120460867881775, "49": 0.7058005928993225, "50": 0.6656155586242676, "51": 0.6629076600074768, "52": 0.6976714134216309, "53": 0.655349612236023, "54": 0.7148262858390808, "55": 0.6793791651725769, "56": 0.6803434491157532, "57": 0.6700434684753418, "58": 0.7013161778450012, "59": 0.6715385317802429, "60": 0.6228029131889343, "61": 0.6653709411621094, "62": 0.6780800819396973, "63": 0.6695454716682434, "64": 0.6886327266693115, "65": 0.6935405731201172, "66": 0.6936357617378235, "67": 0.6904236674308777, "68": 0.7097532153129578, "69": 0.704423725605011, "70": 0.6877977848052979, "71": 0.6833533644676208, "72": 0.6825968623161316, "73": 0.6984104514122009, "74": 0.7023635506629944, "75": 0.6815221905708313, "76": 0.6928532123565674, "77": 0.688251256942749, "78": 0.6790725588798523, "79": 0.6897210478782654, "80": 0.6698011755943298}