{"1": 0.6708686351776123, "2": 0.6403792500495911, "3": 0.7497398853302002, "4": 0.7013230323791504, "5": 0.7067130208015442, "6": 0.707432210445404, "7": 0.7404047846794128, "8": 0.6917104721069336, "9": 0.6218445897102356, "10": 0.7249085903167725, "11": 0.7961055636405945, "12": 0.7464087009429932, "13": 0.7520983219146729, "14": 0.7339096069335938, "15": 0.7915970683097839, "16": 0.6939597725868225, "17": 0.7315074801445007, "18": 0.7893679738044739, "19": 0.7709500193595886, "20": 0.8009893298149109, "21": 0.7929745316505432, "22": 0.7825276255607605, "23": 0.7967807650566101, "24": 0.7653884291648865, "25": 0.7910683751106262, "26": 0.8004187941551208, "27": 0.7750127911567688, "28": 0.8003501892089844, "29": 0.7839561104774475, "30": 0.8154829144477844, "31": 0.8067017197608948, "32": 0.7586900591850281, "33": 0.7973306179046631, "34": 0.8273304104804993, "35": 0.8126103281974792, "36": 0.8075642585754395, "37": 0.8162784576416016, "38": 0.8463765978813171, "39": 0.8319365978240967, "40": 0.7768652439117432, "41": 0.8399989008903503, "42": 0.8175379633903503, "43": 0.7913939356803894, "44": 0.825070858001709, "45": 0.8075919151306152, "46": 0.8093401789665222, "47": 0.8183258175849915, "48": 0.8331102728843689, "49": 0.8177697062492371, "50": 0.8336341381072998, "51": 0.8351271152496338, "52": 0.8278525471687317, "53": 0.8283123970031738, "54": 0.8365574479103088, "55": 0.7901394367218018, "56": 0.7493510246276855, "57": 0.8351325988769531, "58": 0.8058024048805237, "59": 0.849527895450592, "60": 0.8366379141807556, "61": 0.8467682003974915, "62": 0.8100309371948242, "63": 0.8271267414093018, "64": 0.8250359892845154, "65": 0.8287212252616882, "66": 0.8288926482200623, "67": 0.8447847366333008, "68": 0.8311601281166077, "69": 0.8240508437156677, "70": 0.8271045684814453, "71": 0.8235865235328674, "72": 0.8387941718101501, "73": 0.8374049663543701, "74": 0.8336569666862488, "75": 0.8260976672172546, "76": 0.8109725117683411, "77": 0.8370583653450012, "78": 0.8334085941314697, "79": 0.8242909908294678, "80": 0.8359196782112122}