{"1": 0.6776450276374817, "2": 0.6951467394828796, "3": 0.7353852391242981, "4": 0.7407333254814148, "5": 0.7612884044647217, "6": 0.7291936278343201, "7": 0.7661495208740234, "8": 0.7694747447967529, "9": 0.714297354221344, "10": 0.7985017895698547, "11": 0.7970938682556152, "12": 0.7574066519737244, "13": 0.814426600933075, "14": 0.8082733154296875, "15": 0.811330258846283, "16": 0.7976407408714294, "17": 0.8149215579032898, "18": 0.8178251385688782, "19": 0.8075721263885498, "20": 0.7880285382270813, "21": 0.8137462735176086, "22": 0.8134379386901855, "23": 0.8351097106933594, "24": 0.8036870956420898, "25": 0.8311706185340881, "26": 0.8260960578918457, "27": 0.8122193813323975, "28": 0.8236982822418213, "29": 0.8149102330207825, "30": 0.8206691741943359, "31": 0.8441130518913269, "32": 0.8370225429534912, "33": 0.8181772828102112, "34": 0.8037726283073425, "35": 0.8327760696411133, "36": 0.8364062309265137, "37": 0.815974235534668, "38": 0.8245889544487, "39": 0.8269330859184265, "40": 0.8277049660682678, "41": 0.8294854760169983, "42": 0.8644890785217285, "43": 0.8302486538887024, "44": 0.8468732833862305, "45": 0.8456647992134094, "46": 0.8248699307441711, "47": 0.8275284767150879, "48": 0.8549294471740723, "49": 0.8063419461250305, "50": 0.8310682773590088, "51": 0.8269172310829163, "52": 0.8428370952606201, "53": 0.8390355110168457, "54": 0.8177067637443542, "55": 0.8571859002113342, "56": 0.8460186123847961, "57": 0.8528604507446289, "58": 0.8541541695594788, "59": 0.8429036736488342, "60": 0.8439633250236511, "61": 0.8496997356414795, "62": 0.8529883027076721, "63": 0.8430947661399841, "64": 0.8523457646369934, "65": 0.8491697311401367, "66": 0.8541932106018066, "67": 0.8551815152168274, "68": 0.842150866985321, "69": 0.8458752632141113, "70": 0.8435430526733398, "71": 0.8515912890434265, "72": 0.834601104259491, "73": 0.8374454975128174, "74": 0.8554543852806091, "75": 0.8334081768989563, "76": 0.8510019183158875, "77": 0.8417220115661621, "78": 0.8358060717582703, "79": 0.826083242893219, "80": 0.8366195559501648}