{"1": 0.5364077687263489, "2": 0.5422809720039368, "3": 0.5462395548820496, "4": 0.5570760369300842, "5": 0.5511708855628967, "6": 0.5580077171325684, "7": 0.5607138276100159, "8": 0.6308380961418152, "9": 0.5726938843727112, "10": 0.6790550947189331, "11": 0.626787006855011, "12": 0.6231251955032349, "13": 0.5764691829681396, "14": 0.6227065920829773, "15": 0.5940132141113281, "16": 0.5945686101913452, "17": 0.5961096882820129, "18": 0.5874078273773193, "19": 0.5655556321144104, "20": 0.5696312785148621, "21": 0.5821326971054077, "22": 0.5978671312332153, "23": 0.5575568079948425, "24": 0.5694752931594849, "25": 0.5791564583778381, "26": 0.6078311204910278, "27": 0.6163206696510315, "28": 0.6267557144165039, "29": 0.6242626905441284, "30": 0.5990360975265503, "31": 0.5641488432884216, "32": 0.6772109270095825, "33": 0.5835703015327454, "34": 0.6424584984779358, "35": 0.6901363730430603, "36": 0.6275883913040161, "37": 0.5913584232330322, "38": 0.6560896039009094, "39": 0.6596359014511108, "40": 0.6661274433135986, "41": 0.7746807932853699, "42": 0.6712428331375122, "43": 0.6611656546592712, "44": 0.687005877494812, "45": 0.6001657843589783, "46": 0.7751439213752747, "47": 0.6687645316123962, "48": 0.6195952296257019, "49": 0.5969898104667664, "50": 0.7580034136772156, "51": 0.6288710236549377, "52": 0.8159896731376648, "53": 0.6956508755683899, "54": 0.7423961162567139, "55": 0.714460551738739, "56": 0.6467817425727844, "57": 0.8188866376876831, "58": 0.764525830745697, "59": 0.7663651704788208, "60": 0.8464488983154297, "61": 0.7912288904190063, "62": 0.8486371040344238, "63": 0.7416803240776062, "64": 0.7655128240585327, "65": 0.8449985384941101, "66": 0.7443909049034119, "67": 0.8178744316101074, "68": 0.9477701187133789, "69": 0.7914847731590271, "70": 0.8073614239692688, "71": 0.8429458737373352, "72": 0.8647258877754211, "73": 0.8461945652961731, "74": 0.8364535570144653, "75": 0.8900671005249023, "76": 0.9263757467269897, "77": 0.8575776815414429, "78": 0.8653945922851562, "79": 0.8529072999954224, "80": 0.9712404012680054}