{"1": 0.6729480624198914, "2": 0.6847209930419922, "3": 0.704622745513916, "4": 0.7144028544425964, "5": 0.7243044972419739, "6": 0.6731033325195312, "7": 0.7124302387237549, "8": 0.7163695693016052, "9": 0.6514734625816345, "10": 0.7342373728752136, "11": 0.7183208465576172, "12": 0.6882264614105225, "13": 0.7450210452079773, "14": 0.7165390849113464, "15": 0.7240119576454163, "16": 0.7068710923194885, "17": 0.7210424542427063, "18": 0.7236736416816711, "19": 0.6953153014183044, "20": 0.6974406838417053, "21": 0.7384951710700989, "22": 0.719111979007721, "23": 0.7521660923957825, "24": 0.7132750153541565, "25": 0.7314565777778625, "26": 0.7262915968894958, "27": 0.7067990303039551, "28": 0.736251175403595, "29": 0.7102968096733093, "30": 0.7264775633811951, "31": 0.7366443276405334, "32": 0.7348639369010925, "33": 0.7215902209281921, "34": 0.7052205204963684, "35": 0.7398527264595032, "36": 0.7400543093681335, "37": 0.7194399237632751, "38": 0.7221561074256897, "39": 0.7167659401893616, "40": 0.716282069683075, "41": 0.7439211010932922, "42": 0.7399969696998596, "43": 0.7282557487487793, "44": 0.7482938766479492, "45": 0.7527497410774231, "46": 0.72457355260849, "47": 0.7199388146400452, "48": 0.7517762184143066, "49": 0.7138974070549011, "50": 0.7393091320991516, "51": 0.7306157946586609, "52": 0.7407744526863098, "53": 0.7527434229850769, "54": 0.7139152884483337, "55": 0.7563260197639465, "56": 0.732083797454834, "57": 0.7559297680854797, "58": 0.7518482804298401, "59": 0.736659824848175, "60": 0.7422740459442139, "61": 0.7601833343505859, "62": 0.7515533566474915, "63": 0.7549530863761902, "64": 0.7482350468635559, "65": 0.7565895915031433, "66": 0.7639012336730957, "67": 0.7468116879463196, "68": 0.7373706698417664, "69": 0.7315556406974792, "70": 0.7563182711601257, "71": 0.7677223682403564, "72": 0.7330265045166016, "73": 0.7444207072257996, "74": 0.7494189143180847, "75": 0.7333410382270813, "76": 0.7670958638191223, "77": 0.752507209777832, "78": 0.7542573809623718, "79": 0.727752149105072, "80": 0.7505210041999817}