{"1": 0.5662849545478821, "2": 0.5341846942901611, "3": 0.6233915090560913, "4": 0.5701798796653748, "5": 0.5815485715866089, "6": 0.5757367610931396, "7": 0.609458863735199, "8": 0.5722599029541016, "9": 0.5134242177009583, "10": 0.5821114182472229, "11": 0.6530534625053406, "12": 0.6191512942314148, "13": 0.6032673120498657, "14": 0.6061491966247559, "15": 0.647064745426178, "16": 0.5565980672836304, "17": 0.5704782605171204, "18": 0.6535160541534424, "19": 0.6516961455345154, "20": 0.6761043667793274, "21": 0.680753231048584, "22": 0.6336738467216492, "23": 0.6362634301185608, "24": 0.6375446915626526, "25": 0.6506337523460388, "26": 0.6554145812988281, "27": 0.6479663252830505, "28": 0.663573682308197, "29": 0.6463591456413269, "30": 0.6978411078453064, "31": 0.6930780410766602, "32": 0.604739248752594, "33": 0.647437334060669, "34": 0.6760918498039246, "35": 0.6741805076599121, "36": 0.6729132533073425, "37": 0.6726627349853516, "38": 0.7149445414543152, "39": 0.7172033786773682, "40": 0.6134983897209167, "41": 0.6963710188865662, "42": 0.6812664866447449, "43": 0.6694486141204834, "44": 0.69380784034729, "45": 0.6719808578491211, "46": 0.6584010720252991, "47": 0.6630967855453491, "48": 0.6926096081733704, "49": 0.6880362033843994, "50": 0.700274646282196, "51": 0.7087509632110596, "52": 0.6776254177093506, "53": 0.6950859427452087, "54": 0.7059559226036072, "55": 0.6529435515403748, "56": 0.5847715139389038, "57": 0.6946682333946228, "58": 0.6689953804016113, "59": 0.7252194285392761, "60": 0.7021401524543762, "61": 0.7048793435096741, "62": 0.6780970692634583, "63": 0.6952502131462097, "64": 0.6799710392951965, "65": 0.6919153332710266, "66": 0.695964515209198, "67": 0.718865692615509, "68": 0.7005479335784912, "69": 0.6894379258155823, "70": 0.696768045425415, "71": 0.6927264332771301, "72": 0.6979432106018066, "73": 0.7032319903373718, "74": 0.6970542073249817, "75": 0.7132427096366882, "76": 0.6721279621124268, "77": 0.7083423733711243, "78": 0.7044811248779297, "79": 0.6799943447113037, "80": 0.6983489394187927}