{"1": 0.6465209126472473, "2": 0.6963942646980286, "3": 0.7137781977653503, "4": 0.6307080388069153, "5": 0.7475156784057617, "6": 0.7251027226448059, "7": 0.7650485038757324, "8": 0.756354808807373, "9": 0.7423737645149231, "10": 0.7611064910888672, "11": 0.7297443747520447, "12": 0.7649602890014648, "13": 0.7386736273765564, "14": 0.7529866695404053, "15": 0.7719423174858093, "16": 0.7967615127563477, "17": 0.7081005573272705, "18": 0.7476959228515625, "19": 0.8027389049530029, "20": 0.7747792601585388, "21": 0.7781956791877747, "22": 0.7617502808570862, "23": 0.7771102786064148, "24": 0.7233738899230957, "25": 0.7349168658256531, "26": 0.770216166973114, "27": 0.8175082206726074, "28": 0.7826306223869324, "29": 0.7849225401878357, "30": 0.7965292930603027, "31": 0.8170843720436096, "32": 0.8128552436828613, "33": 0.8064995408058167, "34": 0.7813594341278076, "35": 0.7647302746772766, "36": 0.7814018130302429, "37": 0.7738904356956482, "38": 0.7880256772041321, "39": 0.83647221326828, "40": 0.8109330534934998, "41": 0.8198966979980469, "42": 0.8022525906562805, "43": 0.7978506088256836, "44": 0.8106932640075684, "45": 0.8170797228813171, "46": 0.8043527007102966, "47": 0.8124749660491943, "48": 0.8077988624572754, "49": 0.8122482299804688, "50": 0.8144438862800598, "51": 0.8009645342826843, "52": 0.8120335936546326, "53": 0.8243640065193176, "54": 0.8212695121765137, "55": 0.7956647872924805, "56": 0.7797598242759705, "57": 0.807253360748291, "58": 0.8277377486228943, "59": 0.8109524250030518, "60": 0.8161042332649231, "61": 0.8079121708869934, "62": 0.8051943182945251, "63": 0.830219030380249, "64": 0.804870069026947, "65": 0.7889359593391418, "66": 0.8155720829963684, "67": 0.8261973261833191, "68": 0.8113732933998108, "69": 0.8202178478240967, "70": 0.8193427920341492, "71": 0.8101301193237305, "72": 0.8208637237548828, "73": 0.8002104759216309, "74": 0.8071922659873962, "75": 0.8113399147987366, "76": 0.8181495666503906, "77": 0.8001452088356018, "78": 0.8173487782478333, "79": 0.8247818946838379, "80": 0.8120368123054504}