{"1": 0.5444514751434326, "2": 0.4823703169822693, "3": 0.4520944654941559, "4": 0.4382176399230957, "5": 0.4223879873752594, "6": 0.4621688425540924, "7": 0.4238046109676361, "8": 0.42640528082847595, "9": 0.4958544671535492, "10": 0.3661240041255951, "11": 0.34172147512435913, "12": 0.45339593291282654, "13": 0.364678293466568, "14": 0.329967200756073, "15": 0.3256426751613617, "16": 0.358640193939209, "17": 0.3382778763771057, "18": 0.3313065767288208, "19": 0.3943822979927063, "20": 0.3955214321613312, "21": 0.3506689965724945, "22": 0.3273051381111145, "23": 0.3274308145046234, "24": 0.381987988948822, "25": 0.34936508536338806, "26": 0.34007903933525085, "27": 0.41128307580947876, "28": 0.29085633158683777, "29": 0.3659098744392395, "30": 0.37284302711486816, "31": 0.344667911529541, "32": 0.3179977238178253, "33": 0.38777557015419006, "34": 0.3727099299430847, "35": 0.342061311006546, "36": 0.32605037093162537, "37": 0.3991785943508148, "38": 0.4113578200340271, "39": 0.36259907484054565, "40": 0.3657807409763336, "41": 0.38083526492118835, "42": 0.34879016876220703, "43": 0.43075770139694214, "44": 0.40092238783836365, "45": 0.39081069827079773, "46": 0.4903879165649414, "47": 0.40985602140426636, "48": 0.3321593105792999, "49": 0.5428958535194397, "50": 0.33950456976890564, "51": 0.4122568964958191, "52": 0.4075244069099426, "53": 0.4986174702644348, "54": 0.43529027700424194, "55": 0.35353589057922363, "56": 0.47033071517944336, "57": 0.4587920606136322, "58": 0.4315340518951416, "59": 0.44450053572654724, "60": 0.483619749546051, "61": 0.5061313509941101, "62": 0.40582823753356934, "63": 0.40379229187965393, "64": 0.4394301772117615, "65": 0.48760658502578735, "66": 0.43977054953575134, "67": 0.3463417589664459, "68": 0.5007849335670471, "69": 0.5118667483329773, "70": 0.5747438669204712, "71": 0.5325608849525452, "72": 0.48423662781715393, "73": 0.5437278151512146, "74": 0.34159040451049805, "75": 0.5730630159378052, "76": 0.49531489610671997, "77": 0.41005849838256836, "78": 0.6422756910324097, "79": 0.6398426294326782, "80": 0.6255842447280884}