{"1": 0.5425668358802795, "2": 0.5619843006134033, "3": 0.6050247550010681, "4": 0.503913938999176, "5": 0.6459612250328064, "6": 0.6104533076286316, "7": 0.6337734460830688, "8": 0.6160855889320374, "9": 0.6159359812736511, "10": 0.6379950046539307, "11": 0.5974281430244446, "12": 0.6333136558532715, "13": 0.5922891497612, "14": 0.6396667957305908, "15": 0.632161557674408, "16": 0.6733573079109192, "17": 0.5487350821495056, "18": 0.6228824257850647, "19": 0.6598525047302246, "20": 0.653291642665863, "21": 0.6499876379966736, "22": 0.6176040172576904, "23": 0.6375608444213867, "24": 0.5563105940818787, "25": 0.5703561305999756, "26": 0.6098399758338928, "27": 0.6879665851593018, "28": 0.6429988741874695, "29": 0.6545796990394592, "30": 0.6545566916465759, "31": 0.6946396231651306, "32": 0.6779102683067322, "33": 0.6889967322349548, "34": 0.6238258481025696, "35": 0.604927122592926, "36": 0.6186797618865967, "37": 0.621364414691925, "38": 0.6551647782325745, "39": 0.6909584999084473, "40": 0.6676678657531738, "41": 0.678358256816864, "42": 0.6715807914733887, "43": 0.6662059426307678, "44": 0.6872084736824036, "45": 0.6803696155548096, "46": 0.6678752899169922, "47": 0.6875680088996887, "48": 0.6560757756233215, "49": 0.677901029586792, "50": 0.6670218110084534, "51": 0.6486538648605347, "52": 0.679574728012085, "53": 0.6937087178230286, "54": 0.7015486359596252, "55": 0.6451050639152527, "56": 0.6795361638069153, "57": 0.6590666770935059, "58": 0.6923127174377441, "59": 0.6578499674797058, "60": 0.6828212141990662, "61": 0.6637272238731384, "62": 0.6741051077842712, "63": 0.6879019737243652, "64": 0.65663743019104, "65": 0.6372678279876709, "66": 0.6756647229194641, "67": 0.6853234171867371, "68": 0.6721258759498596, "69": 0.6914642453193665, "70": 0.701430082321167, "71": 0.6608768105506897, "72": 0.6811816096305847, "73": 0.6663248538970947, "74": 0.6524705290794373, "75": 0.6664409041404724, "76": 0.6827178001403809, "77": 0.6640450954437256, "78": 0.6775862574577332, "79": 0.6970615386962891, "80": 0.6741897463798523}