{"1": 0.5209853649139404, "2": 0.5273119807243347, "3": 0.4613090455532074, "4": 0.5719740390777588, "5": 0.4062019884586334, "6": 0.43433064222335815, "7": 0.41176873445510864, "8": 0.4185829162597656, "9": 0.4194094240665436, "10": 0.4056839346885681, "11": 0.4703539311885834, "12": 0.3990454077720642, "13": 0.4264598786830902, "14": 0.3936695456504822, "15": 0.3999943137168884, "16": 0.3521055579185486, "17": 0.4675728678703308, "18": 0.40324077010154724, "19": 0.3615979850292206, "20": 0.37374094128608704, "21": 0.386980801820755, "22": 0.41784006357192993, "23": 0.44053784012794495, "24": 0.4680643081665039, "25": 0.5009711980819702, "26": 0.4515306353569031, "27": 0.3466792702674866, "28": 0.38694432377815247, "29": 0.37768009305000305, "30": 0.40347522497177124, "31": 0.3320046067237854, "32": 0.3656746745109558, "33": 0.35031580924987793, "34": 0.4614994525909424, "35": 0.47341784834861755, "36": 0.45931148529052734, "37": 0.48762983083724976, "38": 0.43034133315086365, "39": 0.4049198627471924, "40": 0.44347476959228516, "41": 0.44406065344810486, "42": 0.45331820845603943, "43": 0.43475061655044556, "44": 0.41770949959754944, "45": 0.4657614827156067, "46": 0.44493159651756287, "47": 0.4465140700340271, "48": 0.5590637922286987, "49": 0.4737776219844818, "50": 0.5146774053573608, "51": 0.565405011177063, "52": 0.5261344313621521, "53": 0.5238418579101562, "54": 0.4115280508995056, "55": 0.6131993532180786, "56": 0.38098159432411194, "57": 0.5738974213600159, "58": 0.5245859026908875, "59": 0.6112932562828064, "60": 0.5697095990180969, "61": 0.6599386930465698, "62": 0.5977796912193298, "63": 0.5139009952545166, "64": 0.706175684928894, "65": 0.6064411401748657, "66": 0.5657120943069458, "67": 0.49755915999412537, "68": 0.615779459476471, "69": 0.6033990979194641, "70": 0.4785689413547516, "71": 0.6435790061950684, "72": 0.6449620127677917, "73": 0.5613985657691956, "74": 0.6644812822341919, "75": 0.5457746982574463, "76": 0.5794988870620728, "77": 0.6626152396202087, "78": 0.6644316911697388, "79": 0.5737231969833374, "80": 0.7111876010894775}