{"1": 0.5134273767471313, "2": 0.5338001847267151, "3": 0.44024333357810974, "4": 0.4750783443450928, "5": 0.4619557857513428, "6": 0.4612138271331787, "7": 0.4275446832180023, "8": 0.47075071930885315, "9": 0.5562182068824768, "10": 0.44822293519973755, "11": 0.39116328954696655, "12": 0.45556315779685974, "13": 0.4291202127933502, "14": 0.4441545605659485, "15": 0.3810863196849823, "16": 0.5186084508895874, "17": 0.4314107894897461, "18": 0.3719724118709564, "19": 0.3749271333217621, "20": 0.34352338314056396, "21": 0.34235531091690063, "22": 0.387507826089859, "23": 0.3741879165172577, "24": 0.39555424451828003, "25": 0.3751910924911499, "26": 0.3653581440448761, "27": 0.3681398630142212, "28": 0.3671022355556488, "29": 0.39319249987602234, "30": 0.31822669506073, "31": 0.3199743628501892, "32": 0.3955797851085663, "33": 0.3637775480747223, "34": 0.35307231545448303, "35": 0.3371024429798126, "36": 0.3470706641674042, "37": 0.36416998505592346, "38": 0.3574402928352356, "39": 0.3063429892063141, "40": 0.42863956093788147, "41": 0.34640032052993774, "42": 0.34930694103240967, "43": 0.36090341210365295, "44": 0.3647729456424713, "45": 0.3843499422073364, "46": 0.36657649278640747, "47": 0.4294051229953766, "48": 0.3802775740623474, "49": 0.3376255929470062, "50": 0.3416340947151184, "51": 0.3236024081707001, "52": 0.4202443063259125, "53": 0.35738998651504517, "54": 0.398637592792511, "55": 0.5211135149002075, "56": 0.656838059425354, "57": 0.3704652786254883, "58": 0.47688207030296326, "59": 0.3621310591697693, "60": 0.3887120187282562, "61": 0.4263830780982971, "62": 0.45694607496261597, "63": 0.3721035122871399, "64": 0.49662333726882935, "65": 0.5082336664199829, "66": 0.5227247476577759, "67": 0.4313805103302002, "68": 0.5371925234794617, "69": 0.5266109704971313, "70": 0.3863285481929779, "71": 0.4697036147117615, "72": 0.4630557894706726, "73": 0.5479514002799988, "74": 0.5659402012825012, "75": 0.40541404485702515, "76": 0.5670233964920044, "77": 0.4723040461540222, "78": 0.5485715866088867, "79": 0.616580069065094, "80": 0.5678654909133911}