{"1": 0.5184825658798218, "2": 0.541169285774231, "3": 0.4410695433616638, "4": 0.4828081727027893, "5": 0.4693385660648346, "6": 0.4723730683326721, "7": 0.4402538239955902, "8": 0.4862552583217621, "9": 0.5758055448532104, "10": 0.46581965684890747, "11": 0.40166622400283813, "12": 0.4738048017024994, "13": 0.43663573265075684, "14": 0.4648563265800476, "15": 0.38897624611854553, "16": 0.5372413396835327, "17": 0.44471168518066406, "18": 0.3815796375274658, "19": 0.39516395330429077, "20": 0.35087066888809204, "21": 0.35522598028182983, "22": 0.4031364917755127, "23": 0.3828646242618561, "24": 0.41943469643592834, "25": 0.3890479505062103, "26": 0.38076072931289673, "27": 0.38584282994270325, "28": 0.3784320056438446, "29": 0.4111955761909485, "30": 0.3306504189968109, "31": 0.3202054500579834, "32": 0.4082767367362976, "33": 0.3699873387813568, "34": 0.3615703582763672, "35": 0.3408339023590088, "36": 0.3573017418384552, "37": 0.36884769797325134, "38": 0.3623014986515045, "39": 0.3032527565956116, "40": 0.4305930733680725, "41": 0.3506222367286682, "42": 0.3467852771282196, "43": 0.36633938550949097, "44": 0.36509594321250916, "45": 0.39053240418434143, "46": 0.37248578667640686, "47": 0.4320937991142273, "48": 0.37940090894699097, "49": 0.3396126329898834, "50": 0.3343403935432434, "51": 0.32533320784568787, "52": 0.4313875138759613, "53": 0.34636637568473816, "54": 0.398723304271698, "55": 0.5343214869499207, "56": 0.6741995215415955, "57": 0.37322306632995605, "58": 0.48031044006347656, "59": 0.37220627069473267, "60": 0.3763650357723236, "61": 0.4277936816215515, "62": 0.4531538486480713, "63": 0.36269527673721313, "64": 0.5018744468688965, "65": 0.5073631405830383, "66": 0.5206318497657776, "67": 0.424076646566391, "68": 0.5387135744094849, "69": 0.5242056846618652, "70": 0.39620476961135864, "71": 0.46340417861938477, "72": 0.46813836693763733, "73": 0.5505613088607788, "74": 0.5584956407546997, "75": 0.42461809515953064, "76": 0.5855597257614136, "77": 0.4737951159477234, "78": 0.5496186017990112, "79": 0.6211336851119995, "80": 0.5669140219688416}