{"1": 0.6823872923851013, "2": 0.709130585193634, "3": 0.7284576296806335, "4": 0.7136440277099609, "5": 0.7502641081809998, "6": 0.7719120979309082, "7": 0.7758905291557312, "8": 0.771204948425293, "9": 0.8022148013114929, "10": 0.7662559151649475, "11": 0.8120973706245422, "12": 0.7907345294952393, "13": 0.8235567212104797, "14": 0.8286618590354919, "15": 0.7955207824707031, "16": 0.8121152520179749, "17": 0.811042845249176, "18": 0.8009510040283203, "19": 0.8350775837898254, "20": 0.8265915513038635, "21": 0.7920877933502197, "22": 0.8088400959968567, "23": 0.8349681496620178, "24": 0.8170962333679199, "25": 0.831210196018219, "26": 0.8242719769477844, "27": 0.8236446380615234, "28": 0.8320276737213135, "29": 0.81770259141922, "30": 0.8415491580963135, "31": 0.8172195553779602, "32": 0.8246338963508606, "33": 0.8316215872764587, "34": 0.8088091015815735, "35": 0.8099281787872314, "36": 0.8156028389930725, "37": 0.8404119610786438, "38": 0.8154972195625305, "39": 0.8482195734977722, "40": 0.8345241546630859, "41": 0.8088972568511963, "42": 0.8591728210449219, "43": 0.8355377316474915, "44": 0.8228023648262024, "45": 0.8357869982719421, "46": 0.7969989776611328, "47": 0.8416397571563721, "48": 0.8412251472473145, "49": 0.8251906037330627, "50": 0.8264623284339905, "51": 0.8368528485298157, "52": 0.8212823271751404, "53": 0.8298545479774475, "54": 0.8301541209220886, "55": 0.8323078155517578, "56": 0.8440353274345398, "57": 0.8235416412353516, "58": 0.8324183821678162, "59": 0.8429276347160339, "60": 0.8171268105506897, "61": 0.8426874279975891, "62": 0.8325435519218445, "63": 0.8329532146453857, "64": 0.8366298675537109, "65": 0.8329307436943054, "66": 0.8483683466911316, "67": 0.8351691365242004, "68": 0.8274077773094177, "69": 0.8474176526069641, "70": 0.8494980335235596, "71": 0.8480963706970215, "72": 0.8357419967651367, "73": 0.8331266045570374, "74": 0.7950577735900879, "75": 0.8227880597114563, "76": 0.841419517993927, "77": 0.8391674160957336, "78": 0.8396294713020325, "79": 0.8299486041069031, "80": 0.8328666687011719}