{"1": 0.5591288208961487, "2": 0.5900634527206421, "3": 0.6095564961433411, "4": 0.6093799471855164, "5": 0.6183805465698242, "6": 0.5812180042266846, "7": 0.6288829445838928, "8": 0.6201147437095642, "9": 0.5663855671882629, "10": 0.6807697415351868, "11": 0.6837812066078186, "12": 0.5975887775421143, "13": 0.6694967150688171, "14": 0.698474109172821, "15": 0.6938650012016296, "16": 0.6655704975128174, "17": 0.70112544298172, "18": 0.696005642414093, "19": 0.6601204872131348, "20": 0.6552998423576355, "21": 0.6919190287590027, "22": 0.6942117810249329, "23": 0.6906938552856445, "24": 0.6378668546676636, "25": 0.6874346733093262, "26": 0.6858198046684265, "27": 0.6557602286338806, "28": 0.7148527503013611, "29": 0.6612213253974915, "30": 0.6675753593444824, "31": 0.7005734443664551, "32": 0.7173238396644592, "33": 0.681008517742157, "34": 0.6460736393928528, "35": 0.6806629300117493, "36": 0.7030165195465088, "37": 0.6625416874885559, "38": 0.6727698445320129, "39": 0.6852084994316101, "40": 0.6947594285011292, "41": 0.6802517771720886, "42": 0.7268841862678528, "43": 0.6738664507865906, "44": 0.6973307728767395, "45": 0.6906177401542664, "46": 0.6538293957710266, "47": 0.6883384585380554, "48": 0.7228207588195801, "49": 0.6591426134109497, "50": 0.7060685753822327, "51": 0.6701920628547668, "52": 0.7038400769233704, "53": 0.6766014695167542, "54": 0.6889809966087341, "55": 0.7255926132202148, "56": 0.7017812132835388, "57": 0.7136576771736145, "58": 0.7142665982246399, "59": 0.7088651061058044, "60": 0.6976659297943115, "61": 0.7018947601318359, "62": 0.7353043556213379, "63": 0.7004210352897644, "64": 0.7183040976524353, "65": 0.7056043148040771, "66": 0.7132222652435303, "67": 0.7300897240638733, "68": 0.7003583908081055, "69": 0.7051815390586853, "70": 0.6955463290214539, "71": 0.7098186016082764, "72": 0.7095561027526855, "73": 0.6910393834114075, "74": 0.748046875, "75": 0.6836828589439392, "76": 0.7184996604919434, "77": 0.7092793583869934, "78": 0.6760077476501465, "79": 0.6667364239692688, "80": 0.6929559111595154}