{"1": 0.6714301705360413, "2": 0.6388850808143616, "3": 0.749039351940155, "4": 0.6986348628997803, "5": 0.7038944363594055, "6": 0.7048170566558838, "7": 0.7354435920715332, "8": 0.6889317035675049, "9": 0.6182110905647278, "10": 0.7182499766349792, "11": 0.7940230965614319, "12": 0.7378379702568054, "13": 0.747812032699585, "14": 0.7253445982933044, "15": 0.7873592376708984, "16": 0.6882279515266418, "17": 0.7257320284843445, "18": 0.784900963306427, "19": 0.7645465731620789, "20": 0.7971286773681641, "21": 0.7867686152458191, "22": 0.7764832377433777, "23": 0.7919847965240479, "24": 0.7563835978507996, "25": 0.7848538756370544, "26": 0.7941805720329285, "27": 0.7676913738250732, "28": 0.7956350445747375, "29": 0.7750679850578308, "30": 0.809912919998169, "31": 0.8048363327980042, "32": 0.7516579031944275, "33": 0.7935793399810791, "34": 0.824577808380127, "35": 0.8080690503120422, "36": 0.8047647476196289, "37": 0.8133348822593689, "38": 0.8424310088157654, "39": 0.830399751663208, "40": 0.773655354976654, "41": 0.8383421897888184, "42": 0.8147387504577637, "43": 0.7869396209716797, "44": 0.8237974643707275, "45": 0.8048539757728577, "46": 0.8048820495605469, "47": 0.8162363171577454, "48": 0.8312273025512695, "49": 0.8164918422698975, "50": 0.8334754109382629, "51": 0.8327889442443848, "52": 0.8260612487792969, "53": 0.8284570574760437, "54": 0.8337308764457703, "55": 0.7833349108695984, "56": 0.7452125549316406, "57": 0.8328650593757629, "58": 0.801567554473877, "59": 0.8480299115180969, "60": 0.8360297679901123, "61": 0.8438647389411926, "62": 0.8092595934867859, "63": 0.8244140148162842, "64": 0.8222032189369202, "65": 0.8271837830543518, "66": 0.826850414276123, "67": 0.8455443382263184, "68": 0.8291816711425781, "69": 0.8215445876121521, "70": 0.8239829540252686, "71": 0.8204779624938965, "72": 0.8368183970451355, "73": 0.8356663584709167, "74": 0.8331282734870911, "75": 0.8229920864105225, "76": 0.8071610927581787, "77": 0.835411548614502, "78": 0.8297598958015442, "79": 0.8197800517082214, "80": 0.8344273567199707}