{"1": 0.6770679354667664, "2": 0.6943602561950684, "3": 0.7108996510505676, "4": 0.6914827227592468, "5": 0.7298497557640076, "6": 0.7465989589691162, "7": 0.7491703033447266, "8": 0.7240479588508606, "9": 0.758801281452179, "10": 0.7208283543586731, "11": 0.7547196745872498, "12": 0.7513288855552673, "13": 0.7741401195526123, "14": 0.7739400267601013, "15": 0.7436752915382385, "16": 0.7662553191184998, "17": 0.7630125880241394, "18": 0.767632782459259, "19": 0.7884034514427185, "20": 0.7877712845802307, "21": 0.7638899683952332, "22": 0.7760006785392761, "23": 0.7916072010993958, "24": 0.7857062220573425, "25": 0.7935723662376404, "26": 0.785902738571167, "27": 0.7761405110359192, "28": 0.7932817339897156, "29": 0.7861135601997375, "30": 0.8009955286979675, "31": 0.7704922556877136, "32": 0.7882733345031738, "33": 0.7858057022094727, "34": 0.7707492709159851, "35": 0.7758240699768066, "36": 0.769158661365509, "37": 0.8027949333190918, "38": 0.7845537662506104, "39": 0.80171138048172, "40": 0.7884085774421692, "41": 0.765861451625824, "42": 0.7996266484260559, "43": 0.7906332015991211, "44": 0.7774698734283447, "45": 0.7931361198425293, "46": 0.7563527226448059, "47": 0.7938496470451355, "48": 0.8010264039039612, "49": 0.7887396812438965, "50": 0.7873843312263489, "51": 0.7984502911567688, "52": 0.7822837829589844, "53": 0.7880905270576477, "54": 0.7872708439826965, "55": 0.7855057716369629, "56": 0.7978861927986145, "57": 0.7822952270507812, "58": 0.7886428236961365, "59": 0.7947688102722168, "60": 0.7816223502159119, "61": 0.7921313643455505, "62": 0.7921485900878906, "63": 0.7999455332756042, "64": 0.7973178029060364, "65": 0.7933419346809387, "66": 0.8019289374351501, "67": 0.7918618321418762, "68": 0.7904486656188965, "69": 0.8063221573829651, "70": 0.8086563944816589, "71": 0.8073639273643494, "72": 0.8024949431419373, "73": 0.7998326420783997, "74": 0.7589088082313538, "75": 0.775925874710083, "76": 0.797253429889679, "77": 0.8048114776611328, "78": 0.7967837452888489, "79": 0.7927300930023193, "80": 0.7957380414009094}