{"1": 0.5547643303871155, "2": 0.5764521956443787, "3": 0.5707277655601501, "4": 0.5753016471862793, "5": 0.5710404515266418, "6": 0.520630419254303, "7": 0.5645003914833069, "8": 0.5577181577682495, "9": 0.5037545561790466, "10": 0.5959198474884033, "11": 0.5778183341026306, "12": 0.5305123329162598, "13": 0.5864509344100952, "14": 0.5687136054039001, "15": 0.5782334208488464, "16": 0.560333788394928, "17": 0.574226975440979, "18": 0.5756579041481018, "19": 0.5377976894378662, "20": 0.5585141777992249, "21": 0.6048843264579773, "22": 0.5765247344970703, "23": 0.5894271731376648, "24": 0.5492313504219055, "25": 0.5639550089836121, "26": 0.5627686381340027, "27": 0.5429850220680237, "28": 0.5875641703605652, "29": 0.5484347343444824, "30": 0.5638847947120667, "31": 0.5694013237953186, "32": 0.5876497626304626, "33": 0.5680533647537231, "34": 0.5411171317100525, "35": 0.5837274193763733, "36": 0.5857447981834412, "37": 0.5586689114570618, "38": 0.5649188160896301, "39": 0.5589553713798523, "40": 0.5636301040649414, "41": 0.5749918818473816, "42": 0.568630576133728, "43": 0.5564796924591064, "44": 0.5748983025550842, "45": 0.5770353078842163, "46": 0.542184054851532, "47": 0.5636873841285706, "48": 0.6020167469978333, "49": 0.565251886844635, "50": 0.5981684327125549, "51": 0.5658469200134277, "52": 0.5841873288154602, "53": 0.5862151980400085, "54": 0.568593442440033, "55": 0.6078701615333557, "56": 0.5647526383399963, "57": 0.5934017300605774, "58": 0.5879589915275574, "59": 0.5812341570854187, "60": 0.5791438817977905, "61": 0.6013840436935425, "62": 0.6031081676483154, "63": 0.5966584086418152, "64": 0.5925984978675842, "65": 0.5972396731376648, "66": 0.6075111031532288, "67": 0.5858321189880371, "68": 0.5901950001716614, "69": 0.5720273852348328, "70": 0.6004915237426758, "71": 0.614271879196167, "72": 0.5898509621620178, "73": 0.594427764415741, "74": 0.603949785232544, "75": 0.5763564705848694, "76": 0.6165594458580017, "77": 0.6051948666572571, "78": 0.5937303304672241, "79": 0.564858615398407, "80": 0.5973421931266785}