{"1": 0.5550894737243652, "2": 0.5027391314506531, "3": 0.4938187599182129, "4": 0.4832243025302887, "5": 0.47890162467956543, "6": 0.5346809029579163, "7": 0.49885040521621704, "8": 0.5136054754257202, "9": 0.5788965225219727, "10": 0.4546799063682556, "11": 0.4372784495353699, "12": 0.5386170148849487, "13": 0.47298288345336914, "14": 0.47791552543640137, "15": 0.483795702457428, "16": 0.4819398522377014, "17": 0.47739067673683167, "18": 0.4963374733924866, "19": 0.5903317928314209, "20": 0.5488969087600708, "21": 0.44405993819236755, "22": 0.5044140219688416, "23": 0.47010064125061035, "24": 0.5586772561073303, "25": 0.5705322623252869, "26": 0.5011450052261353, "27": 0.5971624255180359, "28": 0.4458901286125183, "29": 0.5644734501838684, "30": 0.540948212146759, "31": 0.541919469833374, "32": 0.5649898648262024, "33": 0.5556486248970032, "34": 0.5448579788208008, "35": 0.5299082398414612, "36": 0.5224446058273315, "37": 0.6035842299461365, "38": 0.578458309173584, "39": 0.6186482310295105, "40": 0.5624584555625916, "41": 0.569145679473877, "42": 0.6237339973449707, "43": 0.6464343070983887, "44": 0.6152005791664124, "45": 0.6010138392448425, "46": 0.7305653095245361, "47": 0.6681966185569763, "48": 0.5306936502456665, "49": 0.6986371278762817, "50": 0.5194915533065796, "51": 0.6174259185791016, "52": 0.6460688710212708, "53": 0.6971924901008606, "54": 0.7033920288085938, "55": 0.551156759262085, "56": 0.760092556476593, "57": 0.7209830284118652, "58": 0.6573735475540161, "59": 0.7629076838493347, "60": 0.7633442878723145, "61": 0.6929675340652466, "62": 0.722872257232666, "63": 0.5895369648933411, "64": 0.6847231388092041, "65": 0.7167404890060425, "66": 0.6672099828720093, "67": 0.7434595227241516, "68": 0.7526656985282898, "69": 0.8352543711662292, "70": 0.7889427542686462, "71": 0.7672086954116821, "72": 0.8413610458374023, "73": 0.7675420045852661, "74": 0.6268472075462341, "75": 0.895081639289856, "76": 0.7615764737129211, "77": 0.6361339688301086, "78": 0.8731105923652649, "79": 0.8937215805053711, "80": 0.8526269793510437}