{"1": 0.5182367563247681, "2": 0.5395630598068237, "3": 0.44186797738075256, "4": 0.4804561734199524, "5": 0.467782199382782, "6": 0.4693067669868469, "7": 0.4370895028114319, "8": 0.4836784303188324, "9": 0.5702292919158936, "10": 0.46073880791664124, "11": 0.4007484018802643, "12": 0.4694155752658844, "13": 0.43522757291793823, "14": 0.4573938846588135, "15": 0.38724640011787415, "16": 0.5315495729446411, "17": 0.44113969802856445, "18": 0.3800368309020996, "19": 0.3873036503791809, "20": 0.34888631105422974, "21": 0.3507220447063446, "22": 0.39815831184387207, "23": 0.38017523288726807, "24": 0.410539448261261, "25": 0.3848300576210022, "26": 0.37450599670410156, "27": 0.38025274872779846, "28": 0.37615644931793213, "29": 0.4041171967983246, "30": 0.32778826355934143, "31": 0.3218221068382263, "32": 0.4045674204826355, "33": 0.36954185366630554, "34": 0.3608529567718506, "35": 0.3395659029483795, "36": 0.3552398085594177, "37": 0.3676868677139282, "38": 0.3635086119174957, "39": 0.30761241912841797, "40": 0.431464821100235, "41": 0.34914055466651917, "42": 0.3475083112716675, "43": 0.3660285472869873, "44": 0.3677707612514496, "45": 0.38953205943107605, "46": 0.36942920088768005, "47": 0.43180936574935913, "48": 0.380043625831604, "49": 0.3402899503707886, "50": 0.33796676993370056, "51": 0.3261464834213257, "52": 0.4270518720149994, "53": 0.3500309884548187, "54": 0.3971353769302368, "55": 0.528656542301178, "56": 0.6650539636611938, "57": 0.37296807765960693, "58": 0.47832807898521423, "59": 0.3681817948818207, "60": 0.37951335310935974, "61": 0.4285038113594055, "62": 0.45406317710876465, "63": 0.36306217312812805, "64": 0.49946069717407227, "65": 0.5031348466873169, "66": 0.5240885615348816, "67": 0.4234752655029297, "68": 0.5367247462272644, "69": 0.5251785516738892, "70": 0.39536774158477783, "71": 0.4604283273220062, "72": 0.4626897871494293, "73": 0.5491560101509094, "74": 0.560725212097168, "75": 0.42917758226394653, "76": 0.5775011777877808, "77": 0.47121286392211914, "78": 0.547794759273529, "79": 0.6133719682693481, "80": 0.5652576684951782}