{"1": 0.5636840462684631, "2": 0.5322420001029968, "3": 0.6220636367797852, "4": 0.5659962296485901, "5": 0.5781208872795105, "6": 0.5700296759605408, "7": 0.600823700428009, "8": 0.5635262131690979, "9": 0.5064334273338318, "10": 0.5709264874458313, "11": 0.6469197869300842, "12": 0.6032474040985107, "13": 0.5990703105926514, "14": 0.5951274037361145, "15": 0.6436101198196411, "16": 0.5481942296028137, "17": 0.5639514923095703, "18": 0.6482484340667725, "19": 0.6436352133750916, "20": 0.6723069548606873, "21": 0.6732413172721863, "22": 0.6282557845115662, "23": 0.6353338360786438, "24": 0.6263414025306702, "25": 0.6461648344993591, "26": 0.6523520946502686, "27": 0.6390486359596252, "28": 0.6581041216850281, "29": 0.6383962631225586, "30": 0.6921418309211731, "31": 0.6915273666381836, "32": 0.5969929695129395, "33": 0.6422504782676697, "34": 0.6719148755073547, "35": 0.6700046062469482, "36": 0.6689496040344238, "37": 0.6723341345787048, "38": 0.7106472849845886, "39": 0.7167682647705078, "40": 0.6099457144737244, "41": 0.6960546374320984, "42": 0.6800004839897156, "43": 0.6655523180961609, "44": 0.689285933971405, "45": 0.6673606038093567, "46": 0.6556561589241028, "47": 0.6604316830635071, "48": 0.6916505694389343, "49": 0.6832699179649353, "50": 0.7003021836280823, "51": 0.7056596875190735, "52": 0.6714293360710144, "53": 0.6957912445068359, "54": 0.7032943367958069, "55": 0.6459784507751465, "56": 0.5816493034362793, "57": 0.6931967735290527, "58": 0.6672446131706238, "59": 0.7213671803474426, "60": 0.7055010795593262, "61": 0.7019476890563965, "62": 0.6773500442504883, "63": 0.6993650794029236, "64": 0.6767260432243347, "65": 0.692197859287262, "66": 0.6917375922203064, "67": 0.7198274731636047, "68": 0.6973544955253601, "69": 0.6863803863525391, "70": 0.6899188160896301, "71": 0.6930966973304749, "72": 0.6949222683906555, "73": 0.7004720568656921, "74": 0.6965213418006897, "75": 0.6961655020713806, "76": 0.663201093673706, "77": 0.706275999546051, "78": 0.7006939053535461, "79": 0.6779384613037109, "80": 0.6967673301696777}