{"1": 0.5401158928871155, "2": 0.5564670562744141, "3": 0.6000239849090576, "4": 0.5013282299041748, "5": 0.6411187648773193, "6": 0.6056093573570251, "7": 0.6276089549064636, "8": 0.6105936169624329, "9": 0.6110661625862122, "10": 0.6322341561317444, "11": 0.593011200428009, "12": 0.6282852292060852, "13": 0.5867682099342346, "14": 0.632845938205719, "15": 0.6259496212005615, "16": 0.6662337779998779, "17": 0.5443909168243408, "18": 0.6149749755859375, "19": 0.653969943523407, "20": 0.6463035941123962, "21": 0.6438198685646057, "22": 0.6107296347618103, "23": 0.6318947672843933, "24": 0.5517171025276184, "25": 0.5666363835334778, "26": 0.6049854159355164, "27": 0.681813657283783, "28": 0.6375765204429626, "29": 0.6484958529472351, "30": 0.6473581194877625, "31": 0.6911215782165527, "32": 0.6715698838233948, "33": 0.6834326386451721, "34": 0.6200851798057556, "35": 0.6012197732925415, "36": 0.6139811873435974, "37": 0.6173009872436523, "38": 0.6505804061889648, "39": 0.6870502829551697, "40": 0.6630622744560242, "41": 0.6738408207893372, "42": 0.6661137342453003, "43": 0.6625184416770935, "44": 0.6833829879760742, "45": 0.6760304570198059, "46": 0.6639237403869629, "47": 0.683295726776123, "48": 0.6535877585411072, "49": 0.6736754775047302, "50": 0.6651858687400818, "51": 0.6459181904792786, "52": 0.6734266877174377, "53": 0.6901488304138184, "54": 0.6948280930519104, "55": 0.6431819200515747, "56": 0.6746594309806824, "57": 0.6536756157875061, "58": 0.6907786726951599, "59": 0.6535493731498718, "60": 0.6777434349060059, "61": 0.6602707505226135, "62": 0.6732557415962219, "63": 0.6852787137031555, "64": 0.6525803208351135, "65": 0.6314394474029541, "66": 0.6709897518157959, "67": 0.683868408203125, "68": 0.6703048348426819, "69": 0.6879268288612366, "70": 0.696212112903595, "71": 0.659148633480072, "72": 0.6787288784980774, "73": 0.6596294045448303, "74": 0.6507166028022766, "75": 0.6638815402984619, "76": 0.6794813275337219, "77": 0.6573881506919861, "78": 0.6740114688873291, "79": 0.6915367245674133, "80": 0.6689267158508301}