{"1": 0.559897780418396, "2": 0.5129877924919128, "3": 0.5195477604866028, "4": 0.5098918676376343, "5": 0.5113620162010193, "6": 0.5759983658790588, "7": 0.5400709509849548, "8": 0.561177670955658, "9": 0.6189507842063904, "10": 0.5016454458236694, "11": 0.48321956396102905, "12": 0.5720972418785095, "13": 0.5232201218605042, "14": 0.5393528938293457, "15": 0.5431802272796631, "16": 0.5336066484451294, "17": 0.540885329246521, "18": 0.5659806132316589, "19": 0.6594420075416565, "20": 0.6036311388015747, "21": 0.46879225969314575, "22": 0.5721012949943542, "23": 0.5149582624435425, "24": 0.6031246185302734, "25": 0.6485177874565125, "26": 0.5564785599708557, "27": 0.6370275616645813, "28": 0.5133408308029175, "29": 0.6178855895996094, "30": 0.5821364521980286, "31": 0.6009594202041626, "32": 0.6444095373153687, "33": 0.6131079196929932, "34": 0.5935307741165161, "35": 0.5772721767425537, "36": 0.576916515827179, "37": 0.6366358995437622, "38": 0.625357985496521, "39": 0.6956082582473755, "40": 0.632861852645874, "41": 0.6164954900741577, "42": 0.7305752038955688, "43": 0.7028151750564575, "44": 0.6830492615699768, "45": 0.6658583879470825, "46": 0.7935250997543335, "47": 0.7460906505584717, "48": 0.5756548643112183, "49": 0.7205747365951538, "50": 0.5619685649871826, "51": 0.663300633430481, "52": 0.6923373937606812, "53": 0.7017292976379395, "54": 0.7560299634933472, "55": 0.5833728909492493, "56": 0.8151580095291138, "57": 0.7734408974647522, "58": 0.6858274340629578, "59": 0.8470137715339661, "60": 0.8372423052787781, "61": 0.7202399373054504, "62": 0.7908790707588196, "63": 0.628742516040802, "64": 0.7240979075431824, "65": 0.7713721990585327, "66": 0.7081615924835205, "67": 0.8595142364501953, "68": 0.764587938785553, "69": 0.8978807330131531, "70": 0.7852634191513062, "71": 0.7921926975250244, "72": 0.920354962348938, "73": 0.7753744125366211, "74": 0.7138552665710449, "75": 0.9551806449890137, "76": 0.8064812421798706, "77": 0.6897185444831848, "78": 0.8649366497993469, "79": 0.928120493888855, "80": 0.8618025779724121}