{"1": 0.5108204483985901, "2": 0.487571656703949, "3": 0.47497862577438354, "4": 0.4560733735561371, "5": 0.4560229182243347, "6": 0.4259249269962311, "7": 0.40534672141075134, "8": 0.4006637632846832, "9": 0.3609509766101837, "10": 0.42682915925979614, "11": 0.37140223383903503, "12": 0.40683412551879883, "13": 0.3654688000679016, "14": 0.3656008839607239, "15": 0.3714202046394348, "16": 0.3515704870223999, "17": 0.3618137538433075, "18": 0.3969729542732239, "19": 0.3231036961078644, "20": 0.3635929226875305, "21": 0.4078559875488281, "22": 0.40756353735923767, "23": 0.3356282711029053, "24": 0.4015929698944092, "25": 0.3812025189399719, "26": 0.3631308972835541, "27": 0.3645493686199188, "28": 0.4099760949611664, "29": 0.4388807415962219, "30": 0.3872617781162262, "31": 0.3553374409675598, "32": 0.4303860068321228, "33": 0.34567970037460327, "34": 0.43527325987815857, "35": 0.4768850803375244, "36": 0.4155854284763336, "37": 0.39260855317115784, "38": 0.4609646797180176, "39": 0.3493068814277649, "40": 0.38909316062927246, "41": 0.4874163269996643, "42": 0.3606138825416565, "43": 0.4139242172241211, "44": 0.45363909006118774, "45": 0.3947109580039978, "46": 0.576016366481781, "47": 0.3805674910545349, "48": 0.3686050772666931, "49": 0.42293089628219604, "50": 0.5109529495239258, "51": 0.4159059524536133, "52": 0.5320029854774475, "53": 0.4536997675895691, "54": 0.4676620066165924, "55": 0.44472789764404297, "56": 0.3587217926979065, "57": 0.521661639213562, "58": 0.46676287055015564, "59": 0.4464041292667389, "60": 0.5910657644271851, "61": 0.42266321182250977, "62": 0.5408775210380554, "63": 0.5351120233535767, "64": 0.5054293274879456, "65": 0.5470589399337769, "66": 0.43704113364219666, "67": 0.4978695511817932, "68": 0.6197682619094849, "69": 0.47316256165504456, "70": 0.46996980905532837, "71": 0.4978872239589691, "72": 0.6025554537773132, "73": 0.6088243126869202, "74": 0.6086246967315674, "75": 0.5220677852630615, "76": 0.5529156923294067, "77": 0.5413281321525574, "78": 0.5731261968612671, "79": 0.5573753714561462, "80": 0.6813466548919678}