{"1": 0.5514774918556213, "2": 0.5426051616668701, "3": 0.5669518709182739, "4": 0.5449342727661133, "5": 0.5589243769645691, "6": 0.5716423392295837, "7": 0.5507373213768005, "8": 0.5165483951568604, "9": 0.563485324382782, "10": 0.5119357109069824, "11": 0.5320464968681335, "12": 0.5457660555839539, "13": 0.552627682685852, "14": 0.5442621111869812, "15": 0.5474984049797058, "16": 0.5645353198051453, "17": 0.5446508526802063, "18": 0.5769150853157043, "19": 0.5842253565788269, "20": 0.5729966759681702, "21": 0.5688404440879822, "22": 0.5670442581176758, "23": 0.5831279158592224, "24": 0.5783628821372986, "25": 0.5664980411529541, "26": 0.5726492404937744, "27": 0.5531731247901917, "28": 0.5529919266700745, "29": 0.5551917552947998, "30": 0.5698508620262146, "31": 0.5841776132583618, "32": 0.5593399405479431, "33": 0.581554114818573, "34": 0.556959331035614, "35": 0.5516855716705322, "36": 0.551402747631073, "37": 0.5885389447212219, "38": 0.5744432806968689, "39": 0.5650655627250671, "40": 0.5616300702095032, "41": 0.5242184996604919, "42": 0.5630045533180237, "43": 0.5757153630256653, "44": 0.5498597621917725, "45": 0.5831233263015747, "46": 0.5321107506752014, "47": 0.578448474407196, "48": 0.5915069580078125, "49": 0.5837246775627136, "50": 0.5605986714363098, "51": 0.5914731621742249, "52": 0.5572059154510498, "53": 0.5769427418708801, "54": 0.5702175498008728, "55": 0.5868231654167175, "56": 0.5889406800270081, "57": 0.5595601201057434, "58": 0.5716975331306458, "59": 0.5735240578651428, "60": 0.5679118037223816, "61": 0.5658347010612488, "62": 0.5682732462882996, "63": 0.6008374691009521, "64": 0.5846721529960632, "65": 0.5725252628326416, "66": 0.5779107213020325, "67": 0.5661876201629639, "68": 0.5657415390014648, "69": 0.5956546664237976, "70": 0.6002127528190613, "71": 0.5877676606178284, "72": 0.5935961604118347, "73": 0.6029708385467529, "74": 0.5567466616630554, "75": 0.5438705086708069, "76": 0.5719996094703674, "77": 0.5824272036552429, "78": 0.5822693705558777, "79": 0.5848573446273804, "80": 0.5827173590660095}