{"1": 0.5373409390449524, "2": 0.552227795124054, "3": 0.5923776030540466, "4": 0.4972315728664398, "5": 0.6329936385154724, "6": 0.5962135195732117, "7": 0.6199202537536621, "8": 0.6031680703163147, "9": 0.6021385192871094, "10": 0.6242135167121887, "11": 0.586828887462616, "12": 0.6221664547920227, "13": 0.5803701877593994, "14": 0.6188010573387146, "15": 0.6182422637939453, "16": 0.6558622121810913, "17": 0.5363842844963074, "18": 0.6070484519004822, "19": 0.6439933180809021, "20": 0.6355270743370056, "21": 0.6362879872322083, "22": 0.6035484671592712, "23": 0.6243925094604492, "24": 0.5438263416290283, "25": 0.5595331788063049, "26": 0.5997136831283569, "27": 0.6748206615447998, "28": 0.6313499808311462, "29": 0.6425135731697083, "30": 0.6428868770599365, "31": 0.6825882792472839, "32": 0.6659117341041565, "33": 0.6763569712638855, "34": 0.6138784289360046, "35": 0.5946058630943298, "36": 0.607159435749054, "37": 0.6108807921409607, "38": 0.6392843723297119, "39": 0.682807981967926, "40": 0.6591163873672485, "41": 0.6684558987617493, "42": 0.6575639247894287, "43": 0.6546900868415833, "44": 0.6737208962440491, "45": 0.6692423820495605, "46": 0.6561530828475952, "47": 0.6774323582649231, "48": 0.647733747959137, "49": 0.6672084927558899, "50": 0.6622217297554016, "51": 0.6355980038642883, "52": 0.6654900908470154, "53": 0.6853188872337341, "54": 0.6876769661903381, "55": 0.6367535591125488, "56": 0.6634740233421326, "57": 0.6472160220146179, "58": 0.6825621128082275, "59": 0.6473779678344727, "60": 0.6713712811470032, "61": 0.6555880904197693, "62": 0.6671475768089294, "63": 0.6787096858024597, "64": 0.6443192362785339, "65": 0.6233673691749573, "66": 0.6637166142463684, "67": 0.6781833171844482, "68": 0.6661489605903625, "69": 0.6792876124382019, "70": 0.6846475005149841, "71": 0.6516700387001038, "72": 0.6700072288513184, "73": 0.652178943157196, "74": 0.6424651741981506, "75": 0.6581574082374573, "76": 0.6723010540008545, "77": 0.6474826335906982, "78": 0.6647851467132568, "79": 0.6810587048530579, "80": 0.661594569683075}