{"1": 0.5615994930267334, "2": 0.5619184374809265, "3": 0.5898378491401672, "4": 0.5780002474784851, "5": 0.5870047211647034, "6": 0.6111894249916077, "7": 0.591678261756897, "8": 0.5883442759513855, "9": 0.6390998363494873, "10": 0.5943628549575806, "11": 0.6144699454307556, "12": 0.6070216298103333, "13": 0.6380466222763062, "14": 0.6362928748130798, "15": 0.6229895353317261, "16": 0.649519145488739, "17": 0.6213877201080322, "18": 0.6393394470214844, "19": 0.6680908203125, "20": 0.6414743661880493, "21": 0.6340512633323669, "22": 0.6365698575973511, "23": 0.6594527959823608, "24": 0.6520022749900818, "25": 0.6465664505958557, "26": 0.6630523204803467, "27": 0.6445522904396057, "28": 0.6303335428237915, "29": 0.6338399052619934, "30": 0.6574254631996155, "31": 0.6500489711761475, "32": 0.6307695508003235, "33": 0.6687611937522888, "34": 0.6287470459938049, "35": 0.6249310970306396, "36": 0.6279242634773254, "37": 0.6578856706619263, "38": 0.6275013089179993, "39": 0.6653982996940613, "40": 0.6450107097625732, "41": 0.6159889698028564, "42": 0.6714920997619629, "43": 0.6568639874458313, "44": 0.6282482147216797, "45": 0.6632303595542908, "46": 0.5885849595069885, "47": 0.6631218791007996, "48": 0.6709057688713074, "49": 0.6542738080024719, "50": 0.6344902515411377, "51": 0.6642976403236389, "52": 0.641071081161499, "53": 0.6394661068916321, "54": 0.6488907337188721, "55": 0.6505448222160339, "56": 0.6787037253379822, "57": 0.6430934071540833, "58": 0.6535308957099915, "59": 0.6565470099449158, "60": 0.6358876824378967, "61": 0.6575734615325928, "62": 0.648343563079834, "63": 0.6606983542442322, "64": 0.6556383967399597, "65": 0.6470598578453064, "66": 0.6646459102630615, "67": 0.6508796215057373, "68": 0.6409046053886414, "69": 0.6726056933403015, "70": 0.6788790822029114, "71": 0.6761972904205322, "72": 0.6544449329376221, "73": 0.6582155823707581, "74": 0.6030895113945007, "75": 0.6303320527076721, "76": 0.6532179713249207, "77": 0.6701990962028503, "78": 0.6489565372467041, "79": 0.6563987135887146, "80": 0.6471567153930664}