{"1": 0.6648134589195251, "2": 0.6677926182746887, "3": 0.6831397414207458, "4": 0.6517360806465149, "5": 0.6931082606315613, "6": 0.6981961131095886, "7": 0.7014968395233154, "8": 0.6356361508369446, "9": 0.6721964478492737, "10": 0.619859516620636, "11": 0.6547471880912781, "12": 0.6737375259399414, "13": 0.6726093292236328, "14": 0.6668837666511536, "15": 0.6564428210258484, "16": 0.6681941151618958, "17": 0.6708121299743652, "18": 0.6905664801597595, "19": 0.6979696154594421, "20": 0.708198606967926, "21": 0.6826481819152832, "22": 0.6898543834686279, "23": 0.7083634734153748, "24": 0.6965613961219788, "25": 0.6991351246833801, "26": 0.6856681704521179, "27": 0.6710987091064453, "28": 0.6990677714347839, "29": 0.687800943851471, "30": 0.6999766230583191, "31": 0.6926576495170593, "32": 0.7042288184165955, "33": 0.687584400177002, "34": 0.6816182732582092, "35": 0.6843846440315247, "36": 0.6748523116111755, "37": 0.7232868075370789, "38": 0.720913827419281, "39": 0.6945189833641052, "40": 0.6947715878486633, "41": 0.6602551937103271, "42": 0.6830313205718994, "43": 0.6954534649848938, "44": 0.6814460754394531, "45": 0.7022014260292053, "46": 0.6814376711845398, "47": 0.7013160586357117, "48": 0.7142168879508972, "49": 0.7038822174072266, "50": 0.700748860836029, "51": 0.7155621647834778, "52": 0.6833207011222839, "53": 0.7160984873771667, "54": 0.6943880915641785, "55": 0.7129785418510437, "56": 0.7058013081550598, "57": 0.6866206526756287, "58": 0.6992769837379456, "59": 0.7016738057136536, "60": 0.701697051525116, "61": 0.6935324668884277, "62": 0.7027506828308105, "63": 0.7306971549987793, "64": 0.7151553630828857, "65": 0.7096092104911804, "66": 0.7084969878196716, "67": 0.6956499218940735, "68": 0.7067170143127441, "69": 0.7242738604545593, "70": 0.7288873195648193, "71": 0.7126471996307373, "72": 0.734546422958374, "73": 0.737794816493988, "74": 0.6958494782447815, "75": 0.6795758605003357, "76": 0.7083421349525452, "77": 0.7114877700805664, "78": 0.7249956727027893, "79": 0.7149084210395813, "80": 0.7238978743553162}