{"1": 0.5552298426628113, "2": 0.5809807181358337, "3": 0.5847068428993225, "4": 0.5884005427360535, "5": 0.5879998803138733, "6": 0.5410763621330261, "7": 0.5851814150810242, "8": 0.5779829621315002, "9": 0.5219541192054749, "10": 0.620941698551178, "11": 0.6078395247459412, "12": 0.5443459153175354, "13": 0.6061981320381165, "14": 0.6051391959190369, "15": 0.6097858548164368, "16": 0.5821307301521301, "17": 0.6100558638572693, "18": 0.6038201451301575, "19": 0.5635256767272949, "20": 0.5795600414276123, "21": 0.6241071820259094, "22": 0.6028838157653809, "23": 0.6120808720588684, "24": 0.5646838545799255, "25": 0.5936370491981506, "26": 0.5943760871887207, "27": 0.56839919090271, "28": 0.6245165467262268, "29": 0.5723863244056702, "30": 0.5843401551246643, "31": 0.598514974117279, "32": 0.6170421242713928, "33": 0.5954425930976868, "34": 0.564233124256134, "35": 0.6005293130874634, "36": 0.6101067662239075, "37": 0.5801274180412292, "38": 0.5853418707847595, "39": 0.5860151648521423, "40": 0.5910356640815735, "41": 0.6031545400619507, "42": 0.6070219874382019, "43": 0.5850891470909119, "44": 0.6074466705322266, "45": 0.6057425737380981, "46": 0.5679145455360413, "47": 0.5917835235595703, "48": 0.6271691918373108, "49": 0.5849885940551758, "50": 0.6204912066459656, "51": 0.5860583186149597, "52": 0.6102390289306641, "53": 0.6008771061897278, "54": 0.5936753749847412, "55": 0.6294861435890198, "56": 0.596185028553009, "57": 0.6228082776069641, "58": 0.6167380213737488, "59": 0.6118766665458679, "60": 0.6062625050544739, "61": 0.6236273646354675, "62": 0.6345533728599548, "63": 0.6187536716461182, "64": 0.6206557154655457, "65": 0.6200618147850037, "66": 0.6311886310577393, "67": 0.6225546002388, "68": 0.6079959273338318, "69": 0.6016734838485718, "70": 0.6192493438720703, "71": 0.6325551867485046, "72": 0.6172090172767639, "73": 0.6115567684173584, "74": 0.6432024836540222, "75": 0.5979506969451904, "76": 0.6444115042686462, "77": 0.6281136870384216, "78": 0.607818603515625, "79": 0.5860881805419922, "80": 0.6162535548210144}