{"1": 0.6434459090232849, "2": 0.6911523938179016, "3": 0.7053446769714355, "4": 0.6252614855766296, "5": 0.7390448451042175, "6": 0.7139943242073059, "7": 0.757097065448761, "8": 0.7482848167419434, "9": 0.7317512035369873, "10": 0.7524277567863464, "11": 0.7219870686531067, "12": 0.7581343650817871, "13": 0.7309153079986572, "14": 0.7368742823600769, "15": 0.7625910639762878, "16": 0.7867950797080994, "17": 0.6964437365531921, "18": 0.7375137805938721, "19": 0.7935776710510254, "20": 0.763364315032959, "21": 0.7700903415679932, "22": 0.7535558342933655, "23": 0.7683873176574707, "24": 0.7130270600318909, "25": 0.7253567576408386, "26": 0.7643536925315857, "27": 0.8106803894042969, "28": 0.7759388089179993, "29": 0.7778563499450684, "30": 0.7917116284370422, "31": 0.8087377548217773, "32": 0.8077427744865417, "33": 0.7998175621032715, "34": 0.773794949054718, "35": 0.7561985850334167, "36": 0.7745001912117004, "37": 0.7659776210784912, "38": 0.7763497829437256, "39": 0.8316957950592041, "40": 0.8070170879364014, "41": 0.8143470883369446, "42": 0.7924293875694275, "43": 0.7901127934455872, "44": 0.8016194701194763, "45": 0.8091822266578674, "46": 0.7963760495185852, "47": 0.8066411018371582, "48": 0.8015004992485046, "49": 0.8051850199699402, "50": 0.8106206059455872, "51": 0.7904520630836487, "52": 0.8029868602752686, "53": 0.8195390701293945, "54": 0.8135099411010742, "55": 0.7880223393440247, "56": 0.7704265117645264, "57": 0.799365222454071, "58": 0.8194432258605957, "59": 0.8042827248573303, "60": 0.8095993995666504, "61": 0.8022136688232422, "62": 0.7983269095420837, "63": 0.8230980038642883, "64": 0.7960460782051086, "65": 0.7800755500793457, "66": 0.8074667453765869, "67": 0.8197091221809387, "68": 0.8066475987434387, "69": 0.8110325932502747, "70": 0.8079333305358887, "71": 0.8029775619506836, "72": 0.8115469813346863, "73": 0.7915915846824646, "74": 0.7976323962211609, "75": 0.8046932816505432, "76": 0.8105089068412781, "77": 0.788745641708374, "78": 0.8078482747077942, "79": 0.8158731460571289, "80": 0.8042904734611511}