{"1": 0.5265277624130249, "2": 0.5364891290664673, "3": 0.46892985701560974, "4": 0.5794271230697632, "5": 0.4142763614654541, "6": 0.44363802671432495, "7": 0.42135101556777954, "8": 0.42827320098876953, "9": 0.42918843030929565, "10": 0.4148274064064026, "11": 0.47939762473106384, "12": 0.40872153639793396, "13": 0.43662184476852417, "14": 0.4058736264705658, "15": 0.4111332893371582, "16": 0.36270102858543396, "17": 0.47890886664390564, "18": 0.4169794023036957, "19": 0.37290018796920776, "20": 0.38566160202026367, "21": 0.3984419107437134, "22": 0.43083128333091736, "23": 0.45348820090293884, "24": 0.4795081615447998, "25": 0.5106142163276672, "26": 0.4624033570289612, "27": 0.3571998178958893, "28": 0.39611226320266724, "29": 0.39090320467948914, "30": 0.41451868414878845, "31": 0.3434271216392517, "32": 0.37817713618278503, "33": 0.3621440827846527, "34": 0.4692799150943756, "35": 0.48538893461227417, "36": 0.47067540884017944, "37": 0.5005000829696655, "38": 0.4438684582710266, "39": 0.41439637541770935, "40": 0.45499497652053833, "41": 0.4554135799407959, "42": 0.46568554639816284, "43": 0.4452335238456726, "44": 0.42759808897972107, "45": 0.4804977774620056, "46": 0.4547674059867859, "47": 0.4590930938720703, "48": 0.567979633808136, "49": 0.483478307723999, "50": 0.5226185917854309, "51": 0.577673614025116, "52": 0.5389394164085388, "53": 0.5303612947463989, "54": 0.42892640829086304, "55": 0.6234737038612366, "56": 0.3921875059604645, "57": 0.5978758335113525, "58": 0.5360486507415771, "59": 0.628288745880127, "60": 0.5885709524154663, "61": 0.6765226125717163, "62": 0.6111277341842651, "63": 0.5260676741600037, "64": 0.7222310304641724, "65": 0.629594087600708, "66": 0.5817028284072876, "67": 0.5020686388015747, "68": 0.625572144985199, "69": 0.6208599209785461, "70": 0.49357447028160095, "71": 0.6553502678871155, "72": 0.6588581800460815, "73": 0.5884987115859985, "74": 0.674467921257019, "75": 0.559197187423706, "76": 0.5934260487556458, "77": 0.6841757297515869, "78": 0.6820963621139526, "79": 0.5891674160957336, "80": 0.7349877953529358}