{"1": 0.5657680034637451, "2": 0.5312618613243103, "3": 0.6221204400062561, "4": 0.5641767978668213, "5": 0.5763161778450012, "6": 0.5688915252685547, "7": 0.597882091999054, "8": 0.5625684857368469, "9": 0.5039255023002625, "10": 0.5671798586845398, "11": 0.6458427309989929, "12": 0.597521960735321, "13": 0.5969184041023254, "14": 0.5890746712684631, "15": 0.6411985754966736, "16": 0.5445364117622375, "17": 0.5609184503555298, "18": 0.6452751755714417, "19": 0.6392832398414612, "20": 0.6696574091911316, "21": 0.6683712005615234, "22": 0.623341977596283, "23": 0.6314310431480408, "24": 0.6198216080665588, "25": 0.6416485905647278, "26": 0.6468380093574524, "27": 0.6335882544517517, "28": 0.6548948287963867, "29": 0.6311481595039368, "30": 0.6875254511833191, "31": 0.6913376450538635, "32": 0.5913716554641724, "33": 0.6401615738868713, "34": 0.668583869934082, "35": 0.6657237410545349, "36": 0.6672511100769043, "37": 0.6700739860534668, "38": 0.7065334320068359, "39": 0.7161032557487488, "40": 0.6075217127799988, "41": 0.6948449015617371, "42": 0.677781879901886, "43": 0.6622075438499451, "44": 0.6890684962272644, "45": 0.665047287940979, "46": 0.6514041423797607, "47": 0.6582129001617432, "48": 0.6901405453681946, "49": 0.6826364994049072, "50": 0.7016735672950745, "51": 0.7039675116539001, "52": 0.6689720153808594, "53": 0.6970751881599426, "54": 0.7003846168518066, "55": 0.6388635039329529, "56": 0.5784100294113159, "57": 0.6915648579597473, "58": 0.6631250381469727, "59": 0.7201579213142395, "60": 0.7055833339691162, "61": 0.6971238255500793, "62": 0.6776320934295654, "63": 0.6961140632629395, "64": 0.6733598709106445, "65": 0.6909985542297363, "66": 0.6900895237922668, "67": 0.7216172218322754, "68": 0.6958374977111816, "69": 0.684460461139679, "70": 0.6860590577125549, "71": 0.6898097991943359, "72": 0.6929239630699158, "73": 0.6989956498146057, "74": 0.6970232129096985, "75": 0.6947553753852844, "76": 0.6594433784484863, "77": 0.704691469669342, "78": 0.6974456906318665, "79": 0.6725053787231445, "80": 0.6954922676086426}