{"1": 0.5327929854393005, "2": 0.5453675389289856, "3": 0.4779784679412842, "4": 0.5895229578018188, "5": 0.4244620203971863, "6": 0.4549836218357086, "7": 0.4327901005744934, "8": 0.4398009181022644, "9": 0.44026273488998413, "10": 0.4233802258968353, "11": 0.4887666702270508, "12": 0.416907399892807, "13": 0.4471519887447357, "14": 0.4206131100654602, "15": 0.4223572313785553, "16": 0.3776862323284149, "17": 0.4924086034297943, "18": 0.4315614700317383, "19": 0.3876606822013855, "20": 0.3988683819770813, "21": 0.4132367968559265, "22": 0.44354113936424255, "23": 0.46882256865501404, "24": 0.4945879578590393, "25": 0.5243179798126221, "26": 0.4738944172859192, "27": 0.3662896156311035, "28": 0.40708136558532715, "29": 0.4025034010410309, "30": 0.4229986071586609, "31": 0.3554547429084778, "32": 0.38863807916641235, "33": 0.37306928634643555, "34": 0.48242536187171936, "35": 0.5003465414047241, "36": 0.484499454498291, "37": 0.516472339630127, "38": 0.45841366052627563, "39": 0.4239259362220764, "40": 0.4622553884983063, "41": 0.46775999665260315, "42": 0.4812442660331726, "43": 0.4593517780303955, "44": 0.43922075629234314, "45": 0.4958254396915436, "46": 0.46627873182296753, "47": 0.4693138003349304, "48": 0.5814825892448425, "49": 0.49206671118736267, "50": 0.5279271602630615, "51": 0.5945568084716797, "52": 0.5560197830200195, "53": 0.5429655313491821, "54": 0.4398190975189209, "55": 0.6398988366127014, "56": 0.41280022263526917, "57": 0.6137533187866211, "58": 0.5499945878982544, "59": 0.6418613195419312, "60": 0.6071009635925293, "61": 0.6927945017814636, "62": 0.6296550035476685, "63": 0.542320191860199, "64": 0.745479941368103, "65": 0.6527658700942993, "66": 0.6018037796020508, "67": 0.5155640244483948, "68": 0.642641544342041, "69": 0.6474641561508179, "70": 0.5187064409255981, "71": 0.6749836206436157, "72": 0.6879470944404602, "73": 0.6082310080528259, "74": 0.6926048994064331, "75": 0.5751279592514038, "76": 0.6127578020095825, "77": 0.712810218334198, "78": 0.7081473469734192, "79": 0.6159340739250183, "80": 0.7638025879859924}