{"1": 0.6490468382835388, "2": 0.7016489505767822, "3": 0.7187418937683105, "4": 0.6339008212089539, "5": 0.752136766910553, "6": 0.7299742698669434, "7": 0.7712342739105225, "8": 0.7623462677001953, "9": 0.7475356459617615, "10": 0.7665955424308777, "11": 0.734830379486084, "12": 0.7695240378379822, "13": 0.7444266676902771, "14": 0.7601969242095947, "15": 0.7795197367668152, "16": 0.8042087554931641, "17": 0.7139987349510193, "18": 0.7564058899879456, "19": 0.8085933327674866, "20": 0.7823384404182434, "21": 0.784308910369873, "22": 0.7687578201293945, "23": 0.783191442489624, "24": 0.7295659184455872, "25": 0.7400267124176025, "26": 0.7754039764404297, "27": 0.8234999775886536, "28": 0.7879306674003601, "29": 0.7911033630371094, "30": 0.8028958439826965, "31": 0.820521891117096, "32": 0.8184757828712463, "33": 0.8109248280525208, "34": 0.7856038212776184, "35": 0.7696412205696106, "36": 0.786093533039093, "37": 0.7786953449249268, "38": 0.792656421661377, "39": 0.8395380973815918, "40": 0.8155877590179443, "41": 0.824279248714447, "42": 0.807519257068634, "43": 0.8017707467079163, "44": 0.8138733506202698, "45": 0.8212239146232605, "46": 0.8087491393089294, "47": 0.8165526390075684, "48": 0.8104766011238098, "49": 0.8166884779930115, "50": 0.8170190453529358, "51": 0.8041159510612488, "52": 0.8182477951049805, "53": 0.8288527131080627, "54": 0.8279774785041809, "55": 0.7983828186988831, "56": 0.7841457724571228, "57": 0.812656581401825, "58": 0.8307621479034424, "59": 0.8152716755867004, "60": 0.8218204379081726, "61": 0.812351405620575, "62": 0.8074620366096497, "63": 0.8341032862663269, "64": 0.8100077509880066, "65": 0.7950051426887512, "66": 0.8197029232978821, "67": 0.8286092877388, "68": 0.8144577145576477, "69": 0.825042724609375, "70": 0.8245953917503357, "71": 0.8122918605804443, "72": 0.8242362141609192, "73": 0.8064797520637512, "74": 0.8097760677337646, "75": 0.8150375485420227, "76": 0.8217160105705261, "77": 0.8076045513153076, "78": 0.821596622467041, "79": 0.8308135867118835, "80": 0.8177363276481628}