{"1": 0.6740943789482117, "2": 0.642877459526062, "3": 0.7515289783477783, "4": 0.7071577906608582, "5": 0.7115175127983093, "6": 0.7154713273048401, "7": 0.7524817585945129, "8": 0.7025524973869324, "9": 0.6314176917076111, "10": 0.7402334213256836, "11": 0.8018584847450256, "12": 0.7656345367431641, "13": 0.7585453987121582, "14": 0.7488048076629639, "15": 0.7960652709007263, "16": 0.7058839797973633, "17": 0.7414612174034119, "18": 0.7954300045967102, "19": 0.7807742953300476, "20": 0.8052453398704529, "21": 0.801508903503418, "22": 0.7886486053466797, "23": 0.7971746325492859, "24": 0.7784860730171204, "25": 0.7968524098396301, "26": 0.8036758899688721, "27": 0.7862486839294434, "28": 0.807280957698822, "29": 0.7930290699005127, "30": 0.8215479254722595, "31": 0.8095595836639404, "32": 0.768190324306488, "33": 0.8031116127967834, "34": 0.8308112025260925, "35": 0.816154956817627, "36": 0.812422513961792, "37": 0.8160808682441711, "38": 0.8496804237365723, "39": 0.8317630887031555, "40": 0.7808974385261536, "41": 0.8408942222595215, "42": 0.8190245032310486, "43": 0.7964873313903809, "44": 0.8300387263298035, "45": 0.8124110102653503, "46": 0.8128265738487244, "47": 0.8204280734062195, "48": 0.834235668182373, "49": 0.8233249187469482, "50": 0.8339607119560242, "51": 0.8375072479248047, "52": 0.8314003944396973, "53": 0.8265588879585266, "54": 0.8393343091011047, "55": 0.7986777424812317, "56": 0.7528685927391052, "57": 0.8365054726600647, "58": 0.8099663853645325, "59": 0.8523678779602051, "60": 0.834867000579834, "61": 0.847534716129303, "62": 0.811834990978241, "63": 0.8229774832725525, "64": 0.8290408253669739, "65": 0.8297832012176514, "66": 0.8339084982872009, "67": 0.8445947766304016, "68": 0.8356940150260925, "69": 0.8281061053276062, "70": 0.834058940410614, "71": 0.8236983418464661, "72": 0.8420422673225403, "73": 0.8405515551567078, "74": 0.8355141282081604, "75": 0.8406661152839661, "76": 0.8197442889213562, "77": 0.838782548904419, "78": 0.8385398387908936, "79": 0.82658451795578, "80": 0.8377678394317627}