{"1": 0.520929217338562, "2": 0.5062063932418823, "3": 0.49943965673446655, "4": 0.4899696707725525, "5": 0.48787063360214233, "6": 0.46472030878067017, "7": 0.45791634917259216, "8": 0.47600454092025757, "9": 0.42832431197166443, "10": 0.49590086936950684, "11": 0.4539547860622406, "12": 0.4710632860660553, "13": 0.4284733235836029, "14": 0.44641751050949097, "15": 0.4461389183998108, "16": 0.4293210506439209, "17": 0.43795934319496155, "18": 0.4549857974052429, "19": 0.3944677412509918, "20": 0.4339261054992676, "21": 0.45220106840133667, "22": 0.4594348073005676, "23": 0.4193972051143646, "24": 0.43977564573287964, "25": 0.4307476580142975, "26": 0.4348737299442291, "27": 0.4411478638648987, "28": 0.4700585901737213, "29": 0.48762020468711853, "30": 0.4414907991886139, "31": 0.43255776166915894, "32": 0.5007147192955017, "33": 0.4189128279685974, "34": 0.4925967752933502, "35": 0.5246613025665283, "36": 0.47771406173706055, "37": 0.4626004099845886, "38": 0.5229077339172363, "39": 0.4422334134578705, "40": 0.47469767928123474, "41": 0.5679548978805542, "42": 0.4583163857460022, "43": 0.49125176668167114, "44": 0.5219050645828247, "45": 0.46279436349868774, "46": 0.6302762031555176, "47": 0.4687032699584961, "48": 0.4546194076538086, "49": 0.4734262526035309, "50": 0.5770416259765625, "51": 0.4824404716491699, "52": 0.5954710245132446, "53": 0.5388228297233582, "54": 0.5477732419967651, "55": 0.5382040739059448, "56": 0.46027058362960815, "57": 0.6093331575393677, "58": 0.5555435419082642, "59": 0.562482476234436, "60": 0.6623691320419312, "61": 0.5551847219467163, "62": 0.6303758025169373, "63": 0.589933454990387, "64": 0.5814394950866699, "65": 0.6311118006706238, "66": 0.5338289141654968, "67": 0.5981420278549194, "68": 0.7175931334495544, "69": 0.5688950419425964, "70": 0.5903888940811157, "71": 0.5919357538223267, "72": 0.6712561249732971, "73": 0.6893830299377441, "74": 0.6830721497535706, "75": 0.6422624588012695, "76": 0.6630203127861023, "77": 0.6198655366897583, "78": 0.6637495756149292, "79": 0.6460550427436829, "80": 0.7590504288673401}