{"1": 0.5661244988441467, "2": 0.5730281472206116, "3": 0.605194628238678, "4": 0.5977569818496704, "5": 0.6036617755889893, "6": 0.6329240798950195, "7": 0.6174339652061462, "8": 0.629408597946167, "9": 0.6781280636787415, "10": 0.6295915842056274, "11": 0.66562819480896, "12": 0.6370044350624084, "13": 0.6794446110725403, "14": 0.6850917935371399, "15": 0.6683517098426819, "16": 0.6856978535652161, "17": 0.6654711365699768, "18": 0.6660110354423523, "19": 0.7120814323425293, "20": 0.6778345704078674, "21": 0.6513442397117615, "22": 0.6592774987220764, "23": 0.7005074620246887, "24": 0.6743789315223694, "25": 0.6777651309967041, "26": 0.6939263939857483, "27": 0.68355393409729, "28": 0.6667690277099609, "29": 0.6566470265388489, "30": 0.6899048686027527, "31": 0.6944486498832703, "32": 0.6619570255279541, "33": 0.705752432346344, "34": 0.6568514704704285, "35": 0.6482769250869751, "36": 0.6634745597839355, "37": 0.6916607022285461, "38": 0.656226634979248, "39": 0.7085129618644714, "40": 0.6817496418952942, "41": 0.6511907577514648, "42": 0.7288643717765808, "43": 0.6944829821586609, "44": 0.6658582091331482, "45": 0.699382483959198, "46": 0.620019257068634, "47": 0.7078869938850403, "48": 0.7082193493843079, "49": 0.6828644871711731, "50": 0.6671262383460999, "51": 0.697033703327179, "52": 0.6689465045928955, "53": 0.6779756546020508, "54": 0.6816360354423523, "55": 0.6924355030059814, "56": 0.7238428592681885, "57": 0.6765888333320618, "58": 0.691030740737915, "59": 0.7003469467163086, "60": 0.6652924418449402, "61": 0.706341564655304, "62": 0.6823070049285889, "63": 0.6898794174194336, "64": 0.6918430924415588, "65": 0.6798099875450134, "66": 0.7087540030479431, "67": 0.6859667897224426, "68": 0.671370804309845, "69": 0.7109222412109375, "70": 0.7209512591362, "71": 0.7132156491279602, "72": 0.6844287514686584, "73": 0.6890192031860352, "74": 0.6316919326782227, "75": 0.6714420914649963, "76": 0.698375940322876, "77": 0.7008311152458191, "78": 0.6901375651359558, "79": 0.6869974732398987, "80": 0.6802471280097961}