{"1": 0.6711906790733337, "2": 0.6793034672737122, "3": 0.6874966621398926, "4": 0.6977612376213074, "5": 0.7014896273612976, "6": 0.6445202231407166, "7": 0.6846449375152588, "8": 0.6882545351982117, "9": 0.6240312457084656, "10": 0.7031789422035217, "11": 0.6823683381080627, "12": 0.6642995476722717, "13": 0.7178066372871399, "14": 0.6725648045539856, "15": 0.6844688057899475, "16": 0.676585853099823, "17": 0.677844226360321, "18": 0.6864471435546875, "19": 0.6551526188850403, "20": 0.6673005223274231, "21": 0.712070882320404, "22": 0.6835872530937195, "23": 0.7199385762214661, "24": 0.6860774159431458, "25": 0.6904230117797852, "26": 0.6829125881195068, "27": 0.6688747406005859, "28": 0.6915270686149597, "29": 0.6753395199775696, "30": 0.6961541175842285, "31": 0.6979119777679443, "32": 0.697424590587616, "33": 0.6831815242767334, "34": 0.6689499020576477, "35": 0.7108471393585205, "36": 0.7062570452690125, "37": 0.6871500611305237, "38": 0.6881535053253174, "39": 0.6780176162719727, "40": 0.6773650646209717, "41": 0.7054226994514465, "42": 0.6903612017631531, "43": 0.6876152157783508, "44": 0.7033273577690125, "45": 0.7131770253181458, "46": 0.6846825480461121, "47": 0.6807301640510559, "48": 0.7161919474601746, "49": 0.6825173497200012, "50": 0.7073990702629089, "51": 0.6969180703163147, "52": 0.7021138072013855, "53": 0.7269337773323059, "54": 0.6776690483093262, "55": 0.7249343395233154, "56": 0.6891184449195862, "57": 0.7181559205055237, "58": 0.7125406265258789, "59": 0.6959190368652344, "60": 0.7034974694252014, "61": 0.7278693318367004, "62": 0.7128397822380066, "63": 0.7215930819511414, "64": 0.7107903957366943, "65": 0.7238572239875793, "66": 0.731041431427002, "67": 0.7020853161811829, "68": 0.7089207768440247, "69": 0.6910004615783691, "70": 0.7268545627593994, "71": 0.7398597598075867, "72": 0.6973527073860168, "73": 0.7150152325630188, "74": 0.7039310336112976, "75": 0.7004835605621338, "76": 0.7309287190437317, "77": 0.7188531756401062, "78": 0.7308544516563416, "79": 0.6919984817504883, "80": 0.720154345035553}