{"Examples": {"_type": "images/separated", "width": 220, "height": 220, "format": "png", "count": 3, "captions": ["Image", "True Mask", "Predicted Mask"]}, "_step": 19, "_runtime": 8, "_timestamp": 1613687088, "Training Loss": 1.1440995931625366, "graph_0": {"_type": "graph-file", "path": "media/graph/graph_0_summary_ea325b15.graph.json", "sha256": "ea325b15b9080e9a56c4fa4e3e118b3a725e248d1e4a246c1b6ad2386b47353b", "size": 7510}, "Validation Loss": 1.0296016395092011, "Validation IoU": 0.22318410873413086, "Validation Accuracy": 0.3946036696434021}