{"1": 0.80345618724823, "2": 0.7035781145095825, "3": 0.6093736290931702, "4": 0.540087878704071, "5": 0.5824349522590637, "6": 0.5478473901748657, "7": 0.6400133967399597, "8": 0.547637403011322, "9": 0.578277587890625, "10": 0.41869574785232544, "11": 0.40842151641845703, "12": 0.4542546272277832, "13": 0.5628727078437805, "14": 0.38898926973342896, "15": 0.46699514985084534, "16": 0.6097521781921387, "17": 0.4136326313018799, "18": 0.45596981048583984, "19": 0.46255025267601013, "20": 0.49308666586875916, "21": 0.3944951891899109, "22": 0.4052106738090515, "23": 0.5399026870727539, "24": 0.34787601232528687, "25": 0.3732219338417053, "26": 0.5193947553634644, "27": 0.33808133006095886, "28": 0.5094292163848877, "29": 0.35254842042922974, "30": 0.3356013000011444, "31": 0.34869083762168884, "32": 0.5210515856742859, "33": 0.4581562578678131, "34": 0.37166911363601685, "35": 0.42865830659866333, "36": 0.5434359312057495, "37": 0.3186706602573395, "38": 0.3140946924686432, "39": 0.4057130813598633, "40": 0.37667116522789, "41": 0.4010876715183258, "42": 0.3813190162181854, "43": 0.3115262985229492, "44": 0.48107367753982544, "45": 0.43629640340805054, "46": 0.339589923620224, "47": 0.45538920164108276, "48": 0.3838184177875519, "49": 0.36100924015045166, "50": 0.4536460041999817, "51": 0.33968716859817505, "52": 0.3847520053386688, "53": 0.32912975549697876, "54": 0.4424024224281311, "55": 0.3288540840148926, "56": 0.45107513666152954, "57": 0.365898072719574, "58": 0.4558010697364807, "59": 0.396944135427475, "60": 0.29185205698013306, "61": 0.3978283405303955, "62": 0.3692460358142853, "63": 0.3825546205043793, "64": 0.32629361748695374, "65": 0.3584709167480469, "66": 0.3812771737575531, "67": 0.3289218842983246, "68": 0.4184115529060364, "69": 0.4304635524749756, "70": 0.3448343873023987, "71": 0.437846839427948, "72": 0.49592384696006775, "73": 0.4647130072116852, "74": 0.31297874450683594, "75": 0.4477770924568176, "76": 0.4372459053993225, "77": 0.3445173501968384, "78": 0.40692996978759766, "79": 0.3504953682422638, "80": 0.3734745383262634}