{"1": 0.5890759825706482, "2": 0.6048791408538818, "3": 0.5797550082206726, "4": 0.5350317358970642, "5": 0.5605963468551636, "6": 0.5952947735786438, "7": 0.6240202784538269, "8": 0.625559389591217, "9": 0.6640877723693848, "10": 0.676063060760498, "11": 0.6255459189414978, "12": 0.6311091780662537, "13": 0.6492732167243958, "14": 0.6416221261024475, "15": 0.6549129486083984, "16": 0.6856999397277832, "17": 0.6701145172119141, "18": 0.635786235332489, "19": 0.6440990567207336, "20": 0.6948038935661316, "21": 0.6782855987548828, "22": 0.6551727652549744, "23": 0.6103671193122864, "24": 0.6449024677276611, "25": 0.653810977935791, "26": 0.6465103030204773, "27": 0.6254761219024658, "28": 0.6109951138496399, "29": 0.6284412741661072, "30": 0.5840727686882019, "31": 0.6907429099082947, "32": 0.7001931071281433, "33": 0.6331787109375, "34": 0.628340482711792, "35": 0.6897590160369873, "36": 0.6651051044464111, "37": 0.6398805975914001, "38": 0.6526796817779541, "39": 0.6560984253883362, "40": 0.6721082329750061, "41": 0.6660180687904358, "42": 0.6797524094581604, "43": 0.6701576709747314, "44": 0.7045952677726746, "45": 0.6856648325920105, "46": 0.6025509834289551, "47": 0.6141420006752014, "48": 0.7002719044685364, "49": 0.6789142489433289, "50": 0.6627501845359802, "51": 0.6671884655952454, "52": 0.6334685683250427, "53": 0.652504563331604, "54": 0.6706666946411133, "55": 0.7063980102539062, "56": 0.6832950711250305, "57": 0.6677379012107849, "58": 0.6638116836547852, "59": 0.7121674418449402, "60": 0.6329985857009888, "61": 0.6678330302238464, "62": 0.6989949345588684, "63": 0.6120216846466064, "64": 0.5925989747047424, "65": 0.6678817868232727, "66": 0.6849910616874695, "67": 0.6163003444671631, "68": 0.7009620070457458, "69": 0.6520139575004578, "70": 0.674706757068634, "71": 0.7041621208190918, "72": 0.7015445828437805, "73": 0.6353471875190735, "74": 0.6597545742988586, "75": 0.687748908996582, "76": 0.6691536903381348, "77": 0.6849303245544434, "78": 0.6188917756080627, "79": 0.678652822971344, "80": 0.6795876622200012}