{"1": 0.6026671528816223, "2": 0.6313398480415344, "3": 0.6207296252250671, "4": 0.6731002330780029, "5": 0.650917649269104, "6": 0.6404962539672852, "7": 0.6657600998878479, "8": 0.6534556150436401, "9": 0.6964278817176819, "10": 0.6589142680168152, "11": 0.6311190724372864, "12": 0.6576852798461914, "13": 0.6747334599494934, "14": 0.6537215113639832, "15": 0.6962347626686096, "16": 0.6282151341438293, "17": 0.6333845257759094, "18": 0.6779396533966064, "19": 0.6857993006706238, "20": 0.6548173427581787, "21": 0.6531379222869873, "22": 0.6838293075561523, "23": 0.647185742855072, "24": 0.6557555198669434, "25": 0.7107017636299133, "26": 0.6955873370170593, "27": 0.6486580967903137, "28": 0.6847977638244629, "29": 0.6810888648033142, "30": 0.6654878258705139, "31": 0.6451388001441956, "32": 0.7027338147163391, "33": 0.6793928146362305, "34": 0.7058030962944031, "35": 0.6303001046180725, "36": 0.6965591311454773, "37": 0.6836960911750793, "38": 0.6977061629295349, "39": 0.6836748123168945, "40": 0.7153058052062988, "41": 0.6601816415786743, "42": 0.7262468934059143, "43": 0.6803863048553467, "44": 0.6875506043434143, "45": 0.6618631482124329, "46": 0.6960532665252686, "47": 0.6221925616264343, "48": 0.6964100003242493, "49": 0.710857093334198, "50": 0.6948204040527344, "51": 0.6828756332397461, "52": 0.6428191065788269, "53": 0.7116014361381531, "54": 0.7192881107330322, "55": 0.6876041293144226, "56": 0.68294358253479, "57": 0.6956207752227783, "58": 0.6842708587646484, "59": 0.703442394733429, "60": 0.6768732666969299, "61": 0.6854265332221985, "62": 0.66781085729599, "63": 0.7239503860473633, "64": 0.6685562133789062, "65": 0.7132366299629211, "66": 0.6786181926727295, "67": 0.628246009349823, "68": 0.7029337882995605, "69": 0.6923895478248596, "70": 0.7109054923057556, "71": 0.5610518455505371, "72": 0.6912745833396912, "73": 0.6151599884033203, "74": 0.7208029627799988, "75": 0.7270498275756836, "76": 0.6736533045768738, "77": 0.7093431353569031, "78": 0.6300731897354126, "79": 0.6884645819664001, "80": 0.6344366073608398}