{"1": 0.5688099265098572, "2": 0.5346882939338684, "3": 0.7033429145812988, "4": 0.6504441499710083, "5": 0.69439697265625, "6": 0.6702782511711121, "7": 0.6683392524719238, "8": 0.5971459746360779, "9": 0.714824378490448, "10": 0.6881178021430969, "11": 0.5828064680099487, "12": 0.7102035880088806, "13": 0.664352297782898, "14": 0.6092100739479065, "15": 0.6211215853691101, "16": 0.6984290480613708, "17": 0.6881890296936035, "18": 0.5983151793479919, "19": 0.5891801714897156, "20": 0.6983234286308289, "21": 0.619023323059082, "22": 0.690544605255127, "23": 0.7258105278015137, "24": 0.6229875683784485, "25": 0.6383630633354187, "26": 0.7037742733955383, "27": 0.7116971015930176, "28": 0.7060512900352478, "29": 0.6973555684089661, "30": 0.6788718700408936, "31": 0.6134986877441406, "32": 0.684408962726593, "33": 0.6162395477294922, "34": 0.625803530216217, "35": 0.6016070246696472, "36": 0.7094986438751221, "37": 0.7028282284736633, "38": 0.706561267375946, "39": 0.697761058807373, "40": 0.6162204742431641, "41": 0.6794438362121582, "42": 0.7155547738075256, "43": 0.6791229844093323, "44": 0.5964466333389282, "45": 0.6175627708435059, "46": 0.6790892481803894, "47": 0.7030801773071289, "48": 0.6575474143028259, "49": 0.6223340630531311, "50": 0.6996014714241028, "51": 0.712701141834259, "52": 0.642802894115448, "53": 0.6519255638122559, "54": 0.6755471229553223, "55": 0.6512501835823059, "56": 0.6726033091545105, "57": 0.7055003643035889, "58": 0.6940007209777832, "59": 0.6659219861030579, "60": 0.6270391345024109, "61": 0.5965398550033569, "62": 0.6243658065795898, "63": 0.6317372918128967, "64": 0.6871611475944519, "65": 0.6613776087760925, "66": 0.6566109657287598, "67": 0.7149057984352112, "68": 0.6056624054908752, "69": 0.7243265509605408, "70": 0.6832659840583801, "71": 0.7071514129638672, "72": 0.6668040752410889, "73": 0.7095186710357666, "74": 0.6783173680305481, "75": 0.6854456067085266, "76": 0.7037072777748108, "77": 0.6830334067344666, "78": 0.650518000125885, "79": 0.6814269423484802, "80": 0.7056096196174622}