{"1": 0.4482232928276062, "2": 0.48818856477737427, "3": 0.49421706795692444, "4": 0.5130302906036377, "5": 0.47720155119895935, "6": 0.449519544839859, "7": 0.41423240303993225, "8": 0.41062718629837036, "9": 0.3736591935157776, "10": 0.3508385717868805, "11": 0.41947850584983826, "12": 0.3847951889038086, "13": 0.3921739161014557, "14": 0.3788068890571594, "15": 0.374227911233902, "16": 0.33511191606521606, "17": 0.3551977276802063, "18": 0.3950961232185364, "19": 0.38398513197898865, "20": 0.3254005014896393, "21": 0.3367174565792084, "22": 0.3551698327064514, "23": 0.3982364535331726, "24": 0.3823687434196472, "25": 0.36001259088516235, "26": 0.3713821768760681, "27": 0.3874381482601166, "28": 0.40893393754959106, "29": 0.3784334659576416, "30": 0.4412214159965515, "31": 0.30922722816467285, "32": 0.2947399914264679, "33": 0.3840583562850952, "34": 0.37423571944236755, "35": 0.3123583197593689, "36": 0.3452739119529724, "37": 0.36451321840286255, "38": 0.35029444098472595, "39": 0.3499402105808258, "40": 0.3357083201408386, "41": 0.33516091108322144, "42": 0.32988911867141724, "43": 0.3331741988658905, "44": 0.2930716574192047, "45": 0.3133755922317505, "46": 0.44625988602638245, "47": 0.399566113948822, "48": 0.2937977910041809, "49": 0.3251568675041199, "50": 0.3502764105796814, "51": 0.3453887104988098, "52": 0.37807101011276245, "53": 0.3680572807788849, "54": 0.34131309390068054, "55": 0.297192245721817, "56": 0.3379766345024109, "57": 0.3472631275653839, "58": 0.3472791314125061, "59": 0.27794888615608215, "60": 0.3812099099159241, "61": 0.35048049688339233, "62": 0.3014698624610901, "63": 0.4202989637851715, "64": 0.44257092475891113, "65": 0.3412960171699524, "66": 0.3202365040779114, "67": 0.4347303509712219, "68": 0.29312705993652344, "69": 0.3728187680244446, "70": 0.3336384892463684, "71": 0.2983318865299225, "72": 0.2983753979206085, "73": 0.41897982358932495, "74": 0.36242377758026123, "75": 0.31652313470840454, "76": 0.344146192073822, "77": 0.3159147799015045, "78": 0.42122021317481995, "79": 0.3333066999912262, "80": 0.33722764253616333}