{"1": 0.6879915595054626, "2": 0.769223690032959, "3": 0.7589733004570007, "4": 0.7149277329444885, "5": 0.7395772337913513, "6": 0.7684772610664368, "7": 0.7745923399925232, "8": 0.7823634147644043, "9": 0.8063806891441345, "10": 0.8021254539489746, "11": 0.7837111353874207, "12": 0.7909188270568848, "13": 0.8084058165550232, "14": 0.7911071181297302, "15": 0.7865708470344543, "16": 0.8199928402900696, "17": 0.8092474937438965, "18": 0.8045427799224854, "19": 0.8007874488830566, "20": 0.8261263966560364, "21": 0.8168562054634094, "22": 0.8093941807746887, "23": 0.7883943915367126, "24": 0.7984550595283508, "25": 0.8051933646202087, "26": 0.8104047775268555, "27": 0.7986558079719543, "28": 0.7861800193786621, "29": 0.7963058352470398, "30": 0.7742123007774353, "31": 0.8147306442260742, "32": 0.8177017569541931, "33": 0.8000949025154114, "34": 0.7949173450469971, "35": 0.8240187764167786, "36": 0.818960964679718, "37": 0.7993364930152893, "38": 0.8153074383735657, "39": 0.8169121146202087, "40": 0.8207753300666809, "41": 0.8224931359291077, "42": 0.8249180316925049, "43": 0.8095560073852539, "44": 0.8294554352760315, "45": 0.8192627429962158, "46": 0.7821565270423889, "47": 0.7991492748260498, "48": 0.8141558766365051, "49": 0.8258035778999329, "50": 0.8150858283042908, "51": 0.8223843574523926, "52": 0.8045138716697693, "53": 0.810809314250946, "54": 0.8274962306022644, "55": 0.8162202835083008, "56": 0.8126732707023621, "57": 0.8230009078979492, "58": 0.8193578720092773, "59": 0.8293672204017639, "60": 0.7970786094665527, "61": 0.8130912184715271, "62": 0.831095278263092, "63": 0.7779129147529602, "64": 0.7734441161155701, "65": 0.815976619720459, "66": 0.8209738731384277, "67": 0.7800328135490417, "68": 0.828105628490448, "69": 0.8156612515449524, "70": 0.8155383467674255, "71": 0.8317281603813171, "72": 0.8320305943489075, "73": 0.8057105541229248, "74": 0.8154993057250977, "75": 0.822138249874115, "76": 0.8240838050842285, "77": 0.8162776827812195, "78": 0.7863252758979797, "79": 0.8173134922981262, "80": 0.8185341358184814}