{"1": 0.6885635256767273, "2": 0.5473195910453796, "3": 0.4179946780204773, "4": 0.47669515013694763, "5": 0.6420161128044128, "6": 0.36618995666503906, "7": 0.46989569067955017, "8": 0.40907353162765503, "9": 0.40994247794151306, "10": 0.3841056823730469, "11": 0.3618466258049011, "12": 0.6057517528533936, "13": 0.3698424994945526, "14": 0.6534579992294312, "15": 0.5365060567855835, "16": 0.3960821032524109, "17": 0.6230112910270691, "18": 0.4562436044216156, "19": 0.4763304591178894, "20": 0.422933965921402, "21": 0.4061170518398285, "22": 0.37712568044662476, "23": 0.5502941012382507, "24": 0.42724448442459106, "25": 0.4745674729347229, "26": 0.317300409078598, "27": 0.3851219713687897, "28": 0.33693045377731323, "29": 0.4286758303642273, "30": 0.42152562737464905, "31": 0.362672358751297, "32": 0.5524266362190247, "33": 0.4972924292087555, "34": 0.43491330742836, "35": 0.3667412996292114, "36": 0.3571529984474182, "37": 0.4016636312007904, "38": 0.3551058769226074, "39": 0.35032424330711365, "40": 0.3820064663887024, "41": 0.4331161081790924, "42": 0.40985018014907837, "43": 0.5270473957061768, "44": 0.3634384572505951, "45": 0.33896109461784363, "46": 0.5093408823013306, "47": 0.4115302562713623, "48": 0.44998493790626526, "49": 0.3493006229400635, "50": 0.47483009099960327, "51": 0.4045897126197815, "52": 0.37403416633605957, "53": 0.4700351357460022, "54": 0.3478965163230896, "55": 0.47022372484207153, "56": 0.3927750289440155, "57": 0.41968855261802673, "58": 0.3817102611064911, "59": 0.3711634874343872, "60": 0.3607657551765442, "61": 0.38241124153137207, "62": 0.6026521921157837, "63": 0.3440015912055969, "64": 0.3768731951713562, "65": 0.39225906133651733, "66": 0.3438038229942322, "67": 0.3498251736164093, "68": 0.3171965181827545, "69": 0.34883567690849304, "70": 0.4275667071342468, "71": 0.44104570150375366, "72": 0.3408339023590088, "73": 0.35187259316444397, "74": 0.39096900820732117, "75": 0.35401806235313416, "76": 0.4358929693698883, "77": 0.3841642737388611, "78": 0.41700249910354614, "79": 0.3871254324913025, "80": 0.40800827741622925}