{"1": 0.5604619383811951, "2": 0.5684480667114258, "3": 0.5586585998535156, "4": 0.5994929671287537, "5": 0.5464903712272644, "6": 0.6088780164718628, "7": 0.5414519906044006, "8": 0.5832398533821106, "9": 0.540030300617218, "10": 0.6423186659812927, "11": 0.6459356546401978, "12": 0.6256434321403503, "13": 0.583982527256012, "14": 0.6649684309959412, "15": 0.5935981869697571, "16": 0.5452846884727478, "17": 0.6448227763175964, "18": 0.5958102345466614, "19": 0.6040278077125549, "20": 0.6042675971984863, "21": 0.6503074765205383, "22": 0.6487278938293457, "23": 0.5572720766067505, "24": 0.6846854090690613, "25": 0.6668875217437744, "26": 0.5472530126571655, "27": 0.6751070618629456, "28": 0.5520142912864685, "29": 0.6751477718353271, "30": 0.6826426386833191, "31": 0.6808193325996399, "32": 0.5527128577232361, "33": 0.6148561835289001, "34": 0.6627603769302368, "35": 0.6383609175682068, "36": 0.5630645155906677, "37": 0.6973454356193542, "38": 0.6992874145507812, "39": 0.6298641562461853, "40": 0.6456560492515564, "41": 0.6358057260513306, "42": 0.6604633927345276, "43": 0.6871572136878967, "44": 0.5864916443824768, "45": 0.6216309666633606, "46": 0.6799890398979187, "47": 0.6173117160797119, "48": 0.6624376177787781, "49": 0.6677224040031433, "50": 0.6139106154441833, "51": 0.6774839758872986, "52": 0.6525757908821106, "53": 0.6871304512023926, "54": 0.6215515732765198, "55": 0.6836622357368469, "56": 0.6110612750053406, "57": 0.6715032458305359, "58": 0.5955533981323242, "59": 0.6544396877288818, "60": 0.7164705395698547, "61": 0.6428766250610352, "62": 0.6727397441864014, "63": 0.6614586710929871, "64": 0.6996827125549316, "65": 0.6678001284599304, "66": 0.6715078353881836, "67": 0.6874060034751892, "68": 0.6347224712371826, "69": 0.6274818778038025, "70": 0.6857118010520935, "71": 0.621095597743988, "72": 0.595168948173523, "73": 0.6264570355415344, "74": 0.7073948979377747, "75": 0.6064261794090271, "76": 0.6305200457572937, "77": 0.6807320713996887, "78": 0.6581094264984131, "79": 0.6598510146141052, "80": 0.6593225002288818}