{"1": 0.6765773892402649, "2": 0.6745960116386414, "3": 0.7451963424682617, "4": 0.7040050029754639, "5": 0.7715697288513184, "6": 0.7872614860534668, "7": 0.7929565906524658, "8": 0.7967908978462219, "9": 0.80234295129776, "10": 0.8101930022239685, "11": 0.7944493889808655, "12": 0.7988130450248718, "13": 0.7988752722740173, "14": 0.8099720478057861, "15": 0.8188009858131409, "16": 0.8005644679069519, "17": 0.8092748522758484, "18": 0.8023198246955872, "19": 0.800962507724762, "20": 0.8161846995353699, "21": 0.792985200881958, "22": 0.8104674816131592, "23": 0.8137304186820984, "24": 0.8231949806213379, "25": 0.799419105052948, "26": 0.8105613589286804, "27": 0.8170304298400879, "28": 0.8131316304206848, "29": 0.8210230469703674, "30": 0.7816924452781677, "31": 0.7898573875427246, "32": 0.7897760272026062, "33": 0.8134966492652893, "34": 0.822192907333374, "35": 0.7660682201385498, "36": 0.8052406311035156, "37": 0.8047694563865662, "38": 0.8135154247283936, "39": 0.8192571997642517, "40": 0.7871959209442139, "41": 0.8146741986274719, "42": 0.8012143969535828, "43": 0.7951664924621582, "44": 0.7966690063476562, "45": 0.8112492561340332, "46": 0.8093530535697937, "47": 0.8056923747062683, "48": 0.7834463715553284, "49": 0.8006039261817932, "50": 0.7959690093994141, "51": 0.8180634379386902, "52": 0.8002694249153137, "53": 0.8114785552024841, "54": 0.7815513610839844, "55": 0.8005973696708679, "56": 0.795306384563446, "57": 0.7981742024421692, "58": 0.8143032193183899, "59": 0.8013062477111816, "60": 0.7953715920448303, "61": 0.8161985874176025, "62": 0.8010548949241638, "63": 0.796109139919281, "64": 0.8195978999137878, "65": 0.7876510620117188, "66": 0.8032631874084473, "67": 0.7979951500892639, "68": 0.8072111010551453, "69": 0.8126696944236755, "70": 0.7976141571998596, "71": 0.797640323638916, "72": 0.8064568638801575, "73": 0.8024761080741882, "74": 0.8077900409698486, "75": 0.8037299513816833, "76": 0.8218579292297363, "77": 0.7826836109161377, "78": 0.8089020848274231, "79": 0.7766714096069336, "80": 0.8204553127288818}