{"1": 0.49851083755493164, "2": 0.5423725843429565, "3": 0.42293742299079895, "4": 0.6496992111206055, "5": 0.6161827445030212, "6": 0.6381531357765198, "7": 0.6752307415008545, "8": 0.656908392906189, "9": 0.6034204363822937, "10": 0.6341212391853333, "11": 0.6233903765678406, "12": 0.5701811909675598, "13": 0.6465402245521545, "14": 0.6513449549674988, "15": 0.6769693493843079, "16": 0.5930059552192688, "17": 0.6238349676132202, "18": 0.576019287109375, "19": 0.654924750328064, "20": 0.6002365946769714, "21": 0.6595907807350159, "22": 0.6455380916595459, "23": 0.6019902229309082, "24": 0.7127798199653625, "25": 0.6963777542114258, "26": 0.6989926695823669, "27": 0.6362619400024414, "28": 0.5550696849822998, "29": 0.600598156452179, "30": 0.6714221835136414, "31": 0.5687448382377625, "32": 0.6551015377044678, "33": 0.6711878180503845, "34": 0.6875824332237244, "35": 0.6757745146751404, "36": 0.710307776927948, "37": 0.7205967307090759, "38": 0.6719191670417786, "39": 0.6730067729949951, "40": 0.6846427321434021, "41": 0.6792044043540955, "42": 0.6447206735610962, "43": 0.6797416806221008, "44": 0.7231926918029785, "45": 0.7096982002258301, "46": 0.7156508564949036, "47": 0.7072603106498718, "48": 0.6863736510276794, "49": 0.6703118681907654, "50": 0.7017657160758972, "51": 0.6796350479125977, "52": 0.6921529769897461, "53": 0.696592390537262, "54": 0.6832790374755859, "55": 0.6838104128837585, "56": 0.6567400097846985, "57": 0.6872289776802063, "58": 0.661076009273529, "59": 0.669130802154541, "60": 0.7107389569282532, "61": 0.715172290802002, "62": 0.699609100818634, "63": 0.7144895195960999, "64": 0.6062090992927551, "65": 0.6941320300102234, "66": 0.6858515739440918, "67": 0.7015945315361023, "68": 0.6419249176979065, "69": 0.6580429673194885, "70": 0.5428785681724548, "71": 0.6149314045906067, "72": 0.7049274444580078, "73": 0.6063874959945679, "74": 0.6542834639549255, "75": 0.55611652135849, "76": 0.639497697353363, "77": 0.6535813808441162, "78": 0.6547383666038513, "79": 0.6755123138427734, "80": 0.7206113934516907}