{"1": 0.7404105067253113, "2": 0.7360828518867493, "3": 0.7859725952148438, "4": 0.7778393626213074, "5": 0.7786684036254883, "6": 0.7694761157035828, "7": 0.8009381294250488, "8": 0.7553045749664307, "9": 0.7691723704338074, "10": 0.8002641797065735, "11": 0.7868174910545349, "12": 0.7791509628295898, "13": 0.799177348613739, "14": 0.803001880645752, "15": 0.8177895545959473, "16": 0.800875723361969, "17": 0.7859792113304138, "18": 0.8194893002510071, "19": 0.8165499567985535, "20": 0.764083206653595, "21": 0.80406254529953, "22": 0.8056405186653137, "23": 0.8052353858947754, "24": 0.8030088543891907, "25": 0.8169388771057129, "26": 0.8147557377815247, "27": 0.7974950671195984, "28": 0.8178364634513855, "29": 0.7711345553398132, "30": 0.8098800182342529, "31": 0.8128957152366638, "32": 0.8272524476051331, "33": 0.8070590496063232, "34": 0.8188486099243164, "35": 0.8187234997749329, "36": 0.8261675834655762, "37": 0.8198316693305969, "38": 0.8241878151893616, "39": 0.790808916091919, "40": 0.8201274871826172, "41": 0.7959489822387695, "42": 0.8205890655517578, "43": 0.7996788620948792, "44": 0.788377046585083, "45": 0.8322665095329285, "46": 0.8048461079597473, "47": 0.8207090497016907, "48": 0.806386411190033, "49": 0.8145454525947571, "50": 0.8085947632789612, "51": 0.8177265524864197, "52": 0.8240130543708801, "53": 0.8091201186180115, "54": 0.8181825280189514, "55": 0.795560359954834, "56": 0.8315302729606628, "57": 0.8301823735237122, "58": 0.8197999000549316, "59": 0.8295066952705383, "60": 0.8146272301673889, "61": 0.8177916407585144, "62": 0.8340960144996643, "63": 0.8298267722129822, "64": 0.8230149149894714, "65": 0.797812283039093, "66": 0.8264115452766418, "67": 0.8154845833778381, "68": 0.8110496401786804, "69": 0.7737638354301453, "70": 0.8197870850563049, "71": 0.8020212650299072, "72": 0.8187834620475769, "73": 0.8118436932563782, "74": 0.8262825012207031, "75": 0.8191511631011963, "76": 0.8227372765541077, "77": 0.8391360640525818, "78": 0.8239598274230957, "79": 0.8222331404685974, "80": 0.8183228969573975}