{"1": 0.7097490429878235, "2": 0.7419759631156921, "3": 0.7607300877571106, "4": 0.767982006072998, "5": 0.6987708210945129, "6": 0.7880496978759766, "7": 0.7289533019065857, "8": 0.7780186533927917, "9": 0.7926439642906189, "10": 0.7971537709236145, "11": 0.793971598148346, "12": 0.7150421738624573, "13": 0.7804937958717346, "14": 0.6928134560585022, "15": 0.7755996584892273, "16": 0.7787469029426575, "17": 0.7288572192192078, "18": 0.7587499618530273, "19": 0.7781705260276794, "20": 0.7950928211212158, "21": 0.789174497127533, "22": 0.8017364144325256, "23": 0.7516698241233826, "24": 0.7981435656547546, "25": 0.7388489842414856, "26": 0.7985237240791321, "27": 0.8053557872772217, "28": 0.7878584265708923, "29": 0.7921853065490723, "30": 0.7709649205207825, "31": 0.7993462681770325, "32": 0.7477709650993347, "33": 0.7734571099281311, "34": 0.7988560199737549, "35": 0.813419759273529, "36": 0.808111846446991, "37": 0.7813570499420166, "38": 0.7991325259208679, "39": 0.7959389090538025, "40": 0.7827441692352295, "41": 0.78121018409729, "42": 0.7836222648620605, "43": 0.7293870449066162, "44": 0.7904555797576904, "45": 0.7961124777793884, "46": 0.7680788040161133, "47": 0.7731906771659851, "48": 0.7978260517120361, "49": 0.8078047633171082, "50": 0.760532796382904, "51": 0.7888736128807068, "52": 0.7901160717010498, "53": 0.7563017010688782, "54": 0.8184624314308167, "55": 0.7828021049499512, "56": 0.7891104221343994, "57": 0.7968563437461853, "58": 0.7973794937133789, "59": 0.8046200275421143, "60": 0.802575409412384, "61": 0.7739155888557434, "62": 0.7290129661560059, "63": 0.7928645610809326, "64": 0.8024675250053406, "65": 0.8165112137794495, "66": 0.8082979321479797, "67": 0.7988080382347107, "68": 0.7974855899810791, "69": 0.8193876147270203, "70": 0.7941883206367493, "71": 0.8006582260131836, "72": 0.8109595775604248, "73": 0.805682897567749, "74": 0.7915659546852112, "75": 0.8160958886146545, "76": 0.7977736592292786, "77": 0.7815999984741211, "78": 0.7959878444671631, "79": 0.7891914248466492, "80": 0.8015524744987488}