{"1": 0.5432819724082947, "2": 0.5657386183738708, "3": 0.6132113337516785, "4": 0.6277115345001221, "5": 0.6462982296943665, "6": 0.6140522360801697, "7": 0.620591938495636, "8": 0.6530371308326721, "9": 0.6421703696250916, "10": 0.6471287608146667, "11": 0.6020335555076599, "12": 0.686217725276947, "13": 0.6571847796440125, "14": 0.5528498888015747, "15": 0.6344745755195618, "16": 0.645819365978241, "17": 0.5734922289848328, "18": 0.6561377644538879, "19": 0.6595091223716736, "20": 0.6752026081085205, "21": 0.5912692546844482, "22": 0.675287663936615, "23": 0.6370463371276855, "24": 0.682201087474823, "25": 0.6215988993644714, "26": 0.6935799717903137, "27": 0.6819431781768799, "28": 0.6701266765594482, "29": 0.7033255100250244, "30": 0.634236752986908, "31": 0.6818608641624451, "32": 0.6922791600227356, "33": 0.6203988194465637, "34": 0.6578070521354675, "35": 0.6786937713623047, "36": 0.6994094848632812, "37": 0.6898832321166992, "38": 0.5801442265510559, "39": 0.6682541966438293, "40": 0.669422447681427, "41": 0.6732004284858704, "42": 0.6877194046974182, "43": 0.6851690411567688, "44": 0.6193209290504456, "45": 0.6909957528114319, "46": 0.6309206485748291, "47": 0.673777163028717, "48": 0.6275091171264648, "49": 0.6823267936706543, "50": 0.6672623157501221, "51": 0.5977745652198792, "52": 0.5968047380447388, "53": 0.6570304036140442, "54": 0.6748941540718079, "55": 0.6959554553031921, "56": 0.6842086911201477, "57": 0.6846172213554382, "58": 0.6567630767822266, "59": 0.6727250218391418, "60": 0.6657251715660095, "61": 0.6401783227920532, "62": 0.6275990605354309, "63": 0.6637408137321472, "64": 0.6787280440330505, "65": 0.696446418762207, "66": 0.623275876045227, "67": 0.6296642422676086, "68": 0.7155466675758362, "69": 0.6811477541923523, "70": 0.6825251579284668, "71": 0.6527534127235413, "72": 0.6313908696174622, "73": 0.6034059524536133, "74": 0.6837062835693359, "75": 0.6394379734992981, "76": 0.6786573529243469, "77": 0.6703941226005554, "78": 0.6626524925231934, "79": 0.6813338398933411, "80": 0.6909610629081726}