{"1": 0.6030784249305725, "2": 0.6448750495910645, "3": 0.6245959401130676, "4": 0.772044837474823, "5": 0.7684345841407776, "6": 0.7704019546508789, "7": 0.805802583694458, "8": 0.8018741011619568, "9": 0.7108026146888733, "10": 0.7937260270118713, "11": 0.7794468402862549, "12": 0.7448706030845642, "13": 0.7993813157081604, "14": 0.8008431792259216, "15": 0.8191847801208496, "16": 0.7748938202857971, "17": 0.7994363903999329, "18": 0.7608356475830078, "19": 0.8117678165435791, "20": 0.7842080593109131, "21": 0.8247591853141785, "22": 0.8092813491821289, "23": 0.7712984681129456, "24": 0.8238603472709656, "25": 0.8367857933044434, "26": 0.8306851387023926, "27": 0.8144376873970032, "28": 0.7559778094291687, "29": 0.7797999978065491, "30": 0.8220334053039551, "31": 0.7643870711326599, "32": 0.8156210780143738, "33": 0.8104283213615417, "34": 0.8341965675354004, "35": 0.8303905129432678, "36": 0.8438485264778137, "37": 0.8397664427757263, "38": 0.8222079277038574, "39": 0.8264687061309814, "40": 0.8195462822914124, "41": 0.8312680125236511, "42": 0.8179343342781067, "43": 0.8171716332435608, "44": 0.8399784564971924, "45": 0.8397248387336731, "46": 0.8473424911499023, "47": 0.8372135162353516, "48": 0.8374512195587158, "49": 0.815443217754364, "50": 0.8347516059875488, "51": 0.8278620839118958, "52": 0.8431370258331299, "53": 0.8307251930236816, "54": 0.8356952667236328, "55": 0.8231543898582458, "56": 0.8094512820243835, "57": 0.8316638469696045, "58": 0.8248828053474426, "59": 0.8235814571380615, "60": 0.8540259003639221, "61": 0.8463931679725647, "62": 0.8362022042274475, "63": 0.8470079898834229, "64": 0.7826380133628845, "65": 0.8331878781318665, "66": 0.8380764126777649, "67": 0.8332157731056213, "68": 0.8085765838623047, "69": 0.8183313012123108, "70": 0.7440517544746399, "71": 0.787037193775177, "72": 0.8349871039390564, "73": 0.7821664810180664, "74": 0.8129108548164368, "75": 0.7527914643287659, "76": 0.8105022311210632, "77": 0.8173578381538391, "78": 0.8189372420310974, "79": 0.8214173316955566, "80": 0.8365144729614258}