{"1": 1.3463200330734253, "2": 0.8991607427597046, "3": 0.8537863492965698, "4": 0.5393978357315063, "5": 1.6034471988677979, "6": 0.7236588597297668, "7": 0.5123783349990845, "8": 0.5222993493080139, "9": 0.6784419417381287, "10": 0.6872748732566833, "11": 0.4370930790901184, "12": 0.6161109209060669, "13": 0.6705287098884583, "14": 0.42521587014198303, "15": 0.6927472949028015, "16": 0.3671722710132599, "17": 0.4029861092567444, "18": 0.8395312428474426, "19": 0.4190453886985779, "20": 0.4087603688240051, "21": 0.7349162697792053, "22": 0.37582704424858093, "23": 0.495731920003891, "24": 0.4207878112792969, "25": 0.5063014030456543, "26": 0.3492046594619751, "27": 0.48576197028160095, "28": 0.4873583912849426, "29": 0.37944692373275757, "30": 0.3937515914440155, "31": 0.4979308247566223, "32": 0.31927937269210815, "33": 0.45160460472106934, "34": 0.34210091829299927, "35": 0.39773088693618774, "36": 0.42233872413635254, "37": 0.4979779124259949, "38": 0.5991557240486145, "39": 0.43056416511535645, "40": 0.3520703613758087, "41": 0.6032540202140808, "42": 0.3557431697845459, "43": 0.3327900469303131, "44": 0.34024012088775635, "45": 0.37215977907180786, "46": 0.44695019721984863, "47": 0.3698461055755615, "48": 0.39292630553245544, "49": 0.47939348220825195, "50": 0.3547361493110657, "51": 0.5088623762130737, "52": 0.3400108218193054, "53": 0.3910558819770813, "54": 0.40819692611694336, "55": 0.37038230895996094, "56": 0.5764683485031128, "57": 0.3643030822277069, "58": 0.3844617009162903, "59": 0.35693538188934326, "60": 0.3474692702293396, "61": 0.3656325340270996, "62": 0.34735268354415894, "63": 0.3732237219810486, "64": 0.43941420316696167, "65": 0.39290982484817505, "66": 0.34890827536582947, "67": 0.3946980834007263, "68": 0.5035682916641235, "69": 0.3615904152393341, "70": 0.36635997891426086, "71": 0.4304286539554596, "72": 0.3615040183067322, "73": 0.33078843355178833, "74": 0.3679073750972748, "75": 0.35373467206954956, "76": 0.45298999547958374, "77": 0.4209737777709961, "78": 0.3210184574127197, "79": 0.42403215169906616, "80": 0.39311257004737854}