{"1": 0.7492966055870056, "2": 0.764927327632904, "3": 0.7840828895568848, "4": 0.8131446838378906, "5": 0.8131613731384277, "6": 0.7890190482139587, "7": 0.7987216114997864, "8": 0.8126678466796875, "9": 0.8250768780708313, "10": 0.8168217539787292, "11": 0.7997641563415527, "12": 0.8137626647949219, "13": 0.8239306807518005, "14": 0.8193950057029724, "15": 0.8336029648780823, "16": 0.799881637096405, "17": 0.8105461001396179, "18": 0.828325092792511, "19": 0.8267521858215332, "20": 0.8123932480812073, "21": 0.8141759037971497, "22": 0.8346719741821289, "23": 0.8148183226585388, "24": 0.8059189319610596, "25": 0.8398551940917969, "26": 0.8378236293792725, "27": 0.8190388083457947, "28": 0.828481912612915, "29": 0.8286539912223816, "30": 0.8245428204536438, "31": 0.8097606301307678, "32": 0.8409237861633301, "33": 0.830319881439209, "34": 0.8475719094276428, "35": 0.799656093120575, "36": 0.8422608971595764, "37": 0.8300125002861023, "38": 0.8421462178230286, "39": 0.8282644152641296, "40": 0.8409289717674255, "41": 0.8227531313896179, "42": 0.8388447761535645, "43": 0.831256091594696, "44": 0.831991970539093, "45": 0.8227518200874329, "46": 0.8414053320884705, "47": 0.7957122325897217, "48": 0.8335806727409363, "49": 0.8408443331718445, "50": 0.8383657932281494, "51": 0.8328879475593567, "52": 0.8088517785072327, "53": 0.8418696522712708, "54": 0.8374850749969482, "55": 0.8366523385047913, "56": 0.836644172668457, "57": 0.8387207388877869, "58": 0.836661159992218, "59": 0.8361361622810364, "60": 0.833048403263092, "61": 0.8336765170097351, "62": 0.8272397518157959, "63": 0.8406173586845398, "64": 0.8250288963317871, "65": 0.8494768738746643, "66": 0.8329973220825195, "67": 0.8017522692680359, "68": 0.8367668986320496, "69": 0.8358282446861267, "70": 0.848357617855072, "71": 0.7543286681175232, "72": 0.8292979598045349, "73": 0.7959722876548767, "74": 0.8415014743804932, "75": 0.8383669853210449, "76": 0.816432535648346, "77": 0.8383500576019287, "78": 0.7991633415222168, "79": 0.8288680911064148, "80": 0.802582323551178}