{"1": 0.601974606513977, "2": 0.624361515045166, "3": 0.6410039663314819, "4": 0.6251773238182068, "5": 0.6401464343070984, "6": 0.6396627426147461, "7": 0.646960437297821, "8": 0.590415894985199, "9": 0.5962966680526733, "10": 0.6602316498756409, "11": 0.6089114546775818, "12": 0.6180238723754883, "13": 0.6348795294761658, "14": 0.649799644947052, "15": 0.6775533556938171, "16": 0.6626550555229187, "17": 0.6195324063301086, "18": 0.6858797073364258, "19": 0.6686184406280518, "20": 0.5962479710578918, "21": 0.6651825904846191, "22": 0.7017769813537598, "23": 0.6846789717674255, "24": 0.6491718292236328, "25": 0.6797229647636414, "26": 0.6724873185157776, "27": 0.6542213559150696, "28": 0.6665036082267761, "29": 0.6702786087989807, "30": 0.6530897617340088, "31": 0.6670321822166443, "32": 0.6832931041717529, "33": 0.6464676260948181, "34": 0.6778416633605957, "35": 0.6925997734069824, "36": 0.7074094414710999, "37": 0.6686409115791321, "38": 0.6793811917304993, "39": 0.6168543696403503, "40": 0.6748791337013245, "41": 0.6103678345680237, "42": 0.678534984588623, "43": 0.678337037563324, "44": 0.6213944554328918, "45": 0.7129407525062561, "46": 0.6730144619941711, "47": 0.6714248061180115, "48": 0.6472471356391907, "49": 0.6774978041648865, "50": 0.641840398311615, "51": 0.6678591370582581, "52": 0.6731663346290588, "53": 0.6390784382820129, "54": 0.6936083436012268, "55": 0.6223414540290833, "56": 0.6993139386177063, "57": 0.7128168940544128, "58": 0.684211015701294, "59": 0.7044873833656311, "60": 0.6888823509216309, "61": 0.6502927541732788, "62": 0.6931158900260925, "63": 0.7123602032661438, "64": 0.6835491061210632, "65": 0.6361225247383118, "66": 0.7065934538841248, "67": 0.6501947045326233, "68": 0.6499208807945251, "69": 0.6769023537635803, "70": 0.7061048150062561, "71": 0.6279120445251465, "72": 0.6773863434791565, "73": 0.6538109183311462, "74": 0.709373950958252, "75": 0.6698760986328125, "76": 0.702345073223114, "77": 0.6962377429008484, "78": 0.6625750660896301, "79": 0.6792939305305481, "80": 0.663171112537384}