{"1": 0.5269835591316223, "2": 0.5447708368301392, "3": 0.5283979773521423, "4": 0.5886638164520264, "5": 0.38210657238960266, "6": 0.5238773226737976, "7": 0.6037412285804749, "8": 0.6029492020606995, "9": 0.5284197330474854, "10": 0.5366222262382507, "11": 0.6310622692108154, "12": 0.5567131638526917, "13": 0.5389212965965271, "14": 0.6365448236465454, "15": 0.5260629057884216, "16": 0.676266610622406, "17": 0.6562368273735046, "18": 0.4427262842655182, "19": 0.6386734843254089, "20": 0.6342827677726746, "21": 0.5060575008392334, "22": 0.6702787280082703, "23": 0.60957932472229, "24": 0.6511793732643127, "25": 0.5784927606582642, "26": 0.6856679916381836, "27": 0.6141488552093506, "28": 0.592893123626709, "29": 0.6637897491455078, "30": 0.6535825133323669, "31": 0.5711885690689087, "32": 0.6952874064445496, "33": 0.6087307929992676, "34": 0.6918099522590637, "35": 0.6498851180076599, "36": 0.623796284198761, "37": 0.5825650095939636, "38": 0.5354584455490112, "39": 0.6294100880622864, "40": 0.6812548637390137, "41": 0.5090806484222412, "42": 0.6778547763824463, "43": 0.6908876895904541, "44": 0.6813046336174011, "45": 0.6753538250923157, "46": 0.6206312775611877, "47": 0.6739138960838318, "48": 0.6393750309944153, "49": 0.5855657458305359, "50": 0.6701595187187195, "51": 0.5827845931053162, "52": 0.6849079728126526, "53": 0.6530647277832031, "54": 0.6275268197059631, "55": 0.6593716740608215, "56": 0.5514820218086243, "57": 0.673596203327179, "58": 0.6598733067512512, "59": 0.6736974716186523, "60": 0.6777663826942444, "61": 0.6646623015403748, "62": 0.6825471520423889, "63": 0.6618229746818542, "64": 0.6140106320381165, "65": 0.6573195457458496, "66": 0.6810310482978821, "67": 0.6520747542381287, "68": 0.5763189196586609, "69": 0.6706089973449707, "70": 0.6671915054321289, "71": 0.6325700879096985, "72": 0.670717179775238, "73": 0.6936480402946472, "74": 0.6687200665473938, "75": 0.6845572590827942, "76": 0.6103535294532776, "77": 0.6405211091041565, "78": 0.7028300166130066, "79": 0.6375980377197266, "80": 0.6687440872192383}