{"1": 0.5109273791313171, "2": 0.4294498562812805, "3": 0.41957545280456543, "4": 0.3642652630805969, "5": 0.3870910704135895, "6": 0.39742815494537354, "7": 0.3571280539035797, "8": 0.37257131934165955, "9": 0.3197602927684784, "10": 0.37264949083328247, "11": 0.3917260468006134, "12": 0.3681466281414032, "13": 0.3492667078971863, "14": 0.3642430901527405, "15": 0.31737953424453735, "16": 0.3924817442893982, "17": 0.39027586579322815, "18": 0.3351089358329773, "19": 0.3309372067451477, "20": 0.35646507143974304, "21": 0.36452874541282654, "22": 0.3399190604686737, "23": 0.3623480796813965, "24": 0.3518582284450531, "25": 0.29324325919151306, "26": 0.31678307056427, "27": 0.3766274154186249, "28": 0.3215922713279724, "29": 0.33381253480911255, "30": 0.3765921890735626, "31": 0.3749663829803467, "32": 0.3124299645423889, "33": 0.33110511302948, "34": 0.3118759095668793, "35": 0.38935449719429016, "36": 0.3130302429199219, "37": 0.32917463779449463, "38": 0.3213920295238495, "39": 0.322393000125885, "40": 0.2943229079246521, "41": 0.3681006133556366, "42": 0.27127015590667725, "43": 0.33851611614227295, "44": 0.33149418234825134, "45": 0.35940176248550415, "46": 0.32510626316070557, "47": 0.4124101996421814, "48": 0.3103087842464447, "49": 0.3042563796043396, "50": 0.3252889811992645, "51": 0.33792001008987427, "52": 0.3965685963630676, "53": 0.2993537485599518, "54": 0.29421383142471313, "55": 0.3376528024673462, "56": 0.35752061009407043, "57": 0.32258525490760803, "58": 0.3389895260334015, "59": 0.31057679653167725, "60": 0.3541678786277771, "61": 0.3376801311969757, "62": 0.3647204041481018, "63": 0.28396496176719666, "64": 0.35376089811325073, "65": 0.3061596751213074, "66": 0.3524923324584961, "67": 0.43651121854782104, "68": 0.31580856442451477, "69": 0.3349995017051697, "70": 0.3095260262489319, "71": 0.5171159505844116, "72": 0.3252592086791992, "73": 0.45208391547203064, "74": 0.28966766595840454, "75": 0.27422064542770386, "76": 0.35126739740371704, "77": 0.3119853138923645, "78": 0.40871816873550415, "79": 0.3230881094932556, "80": 0.39242249727249146}