{"1": 1.1551870107650757, "2": 0.8347538709640503, "3": 0.4022304117679596, "4": 0.416738897562027, "5": 0.3710371255874634, "6": 0.3807496428489685, "7": 0.37408602237701416, "8": 0.4796689450740814, "9": 0.3033934533596039, "10": 0.36403194069862366, "11": 0.49166780710220337, "12": 0.30584916472435, "13": 0.3832627832889557, "14": 0.48913487792015076, "15": 0.4739944040775299, "16": 0.3366999328136444, "17": 0.3467431962490082, "18": 0.4940555691719055, "19": 0.4865899085998535, "20": 0.31609946489334106, "21": 0.4549514651298523, "22": 0.3623095750808716, "23": 0.3075045943260193, "24": 0.4122065603733063, "25": 0.40995272994041443, "26": 0.32864755392074585, "27": 0.308685839176178, "28": 0.32180142402648926, "29": 0.33697596192359924, "30": 0.3517076373100281, "31": 0.47310495376586914, "32": 0.3562661409378052, "33": 0.46908336877822876, "34": 0.4678737223148346, "35": 0.4608732759952545, "36": 0.31339478492736816, "37": 0.3225986957550049, "38": 0.3225366473197937, "39": 0.34355583786964417, "40": 0.41906100511550903, "41": 0.3515685796737671, "42": 0.3138262927532196, "43": 0.42159223556518555, "44": 0.4666871428489685, "45": 0.4203416705131531, "46": 0.3677157461643219, "47": 0.3156629204750061, "48": 0.37944653630256653, "49": 0.4231957793235779, "50": 0.3146324157714844, "51": 0.3064458966255188, "52": 0.4053664803504944, "53": 0.38749897480010986, "54": 0.358241468667984, "55": 0.4010208249092102, "56": 0.38331300020217896, "57": 0.30726248025894165, "58": 0.3570865988731384, "59": 0.4179571270942688, "60": 0.4311484694480896, "61": 0.47987622022628784, "62": 0.4497658610343933, "63": 0.44026389718055725, "64": 0.34174397587776184, "65": 0.3701956868171692, "66": 0.38569438457489014, "67": 0.31789714097976685, "68": 0.4724692404270172, "69": 0.2813493609428406, "70": 0.37433916330337524, "71": 0.3290838599205017, "72": 0.37719497084617615, "73": 0.3151063024997711, "74": 0.35069113969802856, "75": 0.3488054573535919, "76": 0.3352477252483368, "77": 0.36650025844573975, "78": 0.4205719530582428, "79": 0.3744502365589142, "80": 0.3270840048789978}