{"1": 0.6845313906669617, "2": 0.7300264239311218, "3": 0.7218953967094421, "4": 0.7304184436798096, "5": 0.7090247273445129, "6": 0.763103187084198, "7": 0.724915087223053, "8": 0.7676976323127747, "9": 0.7207794189453125, "10": 0.7755481600761414, "11": 0.7911369204521179, "12": 0.7703710198402405, "13": 0.7256193161010742, "14": 0.7873711585998535, "15": 0.7549946904182434, "16": 0.7142143249511719, "17": 0.8023486733436584, "18": 0.7668593525886536, "19": 0.7809784412384033, "20": 0.7784687876701355, "21": 0.7939743995666504, "22": 0.7995390892028809, "23": 0.7418525815010071, "24": 0.8070138096809387, "25": 0.8078201413154602, "26": 0.7362699508666992, "27": 0.78434818983078, "28": 0.7313163876533508, "29": 0.8049400448799133, "30": 0.781519889831543, "31": 0.8020588755607605, "32": 0.7445321679115295, "33": 0.784550130367279, "34": 0.8119365572929382, "35": 0.7737990021705627, "36": 0.7515271306037903, "37": 0.8229203224182129, "38": 0.8175854682922363, "39": 0.7867541909217834, "40": 0.7992721199989319, "41": 0.791442334651947, "42": 0.7911084294319153, "43": 0.7963529229164124, "44": 0.7499127388000488, "45": 0.7824511528015137, "46": 0.8138530850410461, "47": 0.7866412997245789, "48": 0.8031685948371887, "49": 0.818683922290802, "50": 0.7888070940971375, "51": 0.8083420395851135, "52": 0.8066620826721191, "53": 0.8080397248268127, "54": 0.788254976272583, "55": 0.7939319014549255, "56": 0.786874532699585, "57": 0.8035869002342224, "58": 0.7692574858665466, "59": 0.8219487071037292, "60": 0.8244921565055847, "61": 0.7994374632835388, "62": 0.8133476376533508, "63": 0.816922128200531, "64": 0.8149735927581787, "65": 0.8050729632377625, "66": 0.8081066608428955, "67": 0.817533016204834, "68": 0.7983526587486267, "69": 0.7976489067077637, "70": 0.8249878883361816, "71": 0.7889764904975891, "72": 0.787553071975708, "73": 0.8053436279296875, "74": 0.828530490398407, "75": 0.7851138114929199, "76": 0.7964776158332825, "77": 0.814082145690918, "78": 0.8048632740974426, "79": 0.796226978302002, "80": 0.8019970059394836}