{"1": 0.7466529011726379, "2": 0.7398991584777832, "3": 0.8184680938720703, "4": 0.7965667843818665, "5": 0.8129108548164368, "6": 0.8187577128410339, "7": 0.8132330775260925, "8": 0.780040979385376, "9": 0.8246720433235168, "10": 0.824638843536377, "11": 0.7756114602088928, "12": 0.8253194689750671, "13": 0.824600875377655, "14": 0.7941535115242004, "15": 0.7967939376831055, "16": 0.8425285220146179, "17": 0.8278830647468567, "18": 0.7881516814231873, "19": 0.7763082981109619, "20": 0.8202922344207764, "21": 0.7975289821624756, "22": 0.8399248719215393, "23": 0.8506923317909241, "24": 0.793544590473175, "25": 0.8111035227775574, "26": 0.846213161945343, "27": 0.8404787182807922, "28": 0.8459156155586243, "29": 0.8382466435432434, "30": 0.8381584286689758, "31": 0.7911539673805237, "32": 0.8368570804595947, "33": 0.8050203919410706, "34": 0.7958150506019592, "35": 0.7881441712379456, "36": 0.8395346999168396, "37": 0.8411828875541687, "38": 0.8396725654602051, "39": 0.8446699976921082, "40": 0.7903316617012024, "41": 0.8307467103004456, "42": 0.8402640223503113, "43": 0.8403000235557556, "44": 0.7855744957923889, "45": 0.7967581748962402, "46": 0.8333179354667664, "47": 0.840160071849823, "48": 0.8200321197509766, "49": 0.8041785359382629, "50": 0.8453032970428467, "51": 0.8441054224967957, "52": 0.8158101439476013, "53": 0.8231156468391418, "54": 0.8296232223510742, "55": 0.8259789943695068, "56": 0.8344866633415222, "57": 0.82826167345047, "58": 0.8431267142295837, "59": 0.8270159363746643, "60": 0.8028774261474609, "61": 0.787783145904541, "62": 0.8055539131164551, "63": 0.8049521446228027, "64": 0.843461811542511, "65": 0.8226214051246643, "66": 0.8238971829414368, "67": 0.8484417796134949, "68": 0.7880955338478088, "69": 0.8457410335540771, "70": 0.836505115032196, "71": 0.8535450100898743, "72": 0.8204994201660156, "73": 0.8458024859428406, "74": 0.8354128003120422, "75": 0.8367452621459961, "76": 0.8392676711082458, "77": 0.8359376788139343, "78": 0.8174601197242737, "79": 0.8376563191413879, "80": 0.8426423668861389}