{"1": 0.5526485443115234, "2": 0.43497785925865173, "3": 0.45100265741348267, "4": 0.4808608591556549, "5": 0.4112586975097656, "6": 0.43023666739463806, "7": 0.41513094305992126, "8": 0.49522027373313904, "9": 0.4631475806236267, "10": 0.3819912075996399, "11": 0.4670488238334656, "12": 0.4380222260951996, "13": 0.40700945258140564, "14": 0.38966602087020874, "15": 0.35120919346809387, "16": 0.3856934607028961, "17": 0.43518441915512085, "18": 0.34295421838760376, "19": 0.3685700297355652, "20": 0.44941043853759766, "21": 0.36319294571876526, "22": 0.30423977971076965, "23": 0.3412633538246155, "24": 0.4224962294101715, "25": 0.3576005697250366, "26": 0.3716112971305847, "27": 0.41800564527511597, "28": 0.38063180446624756, "29": 0.3363414406776428, "30": 0.38530853390693665, "31": 0.3801901340484619, "32": 0.3493424654006958, "33": 0.41661515831947327, "34": 0.36763519048690796, "35": 0.32420963048934937, "36": 0.3059428036212921, "37": 0.3697754442691803, "38": 0.34364813566207886, "39": 0.45454055070877075, "40": 0.3564036786556244, "41": 0.4914775788784027, "42": 0.3558948040008545, "43": 0.33797597885131836, "44": 0.44378462433815, "45": 0.300197958946228, "46": 0.3487822413444519, "47": 0.3752104640007019, "48": 0.41561323404312134, "49": 0.3528098464012146, "50": 0.43450218439102173, "51": 0.3660132884979248, "52": 0.37933334708213806, "53": 0.4319772720336914, "54": 0.33051472902297974, "55": 0.4470176100730896, "56": 0.3243561387062073, "57": 0.29485970735549927, "58": 0.3598237633705139, "59": 0.3175773322582245, "60": 0.3325173258781433, "61": 0.3897016942501068, "62": 0.34311169385910034, "63": 0.2967202067375183, "64": 0.34210968017578125, "65": 0.43318334221839905, "66": 0.31258848309516907, "67": 0.40460410714149475, "68": 0.4274097979068756, "69": 0.3392978310585022, "70": 0.3226010203361511, "71": 0.474926233291626, "72": 0.34475651383399963, "73": 0.396959125995636, "74": 0.30694037675857544, "75": 0.36247164011001587, "76": 0.31792309880256653, "77": 0.33132410049438477, "78": 0.40879788994789124, "79": 0.36541420221328735, "80": 0.3998202681541443}