{"1": 0.4974042773246765, "2": 0.4887581765651703, "3": 0.457325279712677, "4": 0.42279309034347534, "5": 0.3954232335090637, "6": 0.4284619390964508, "7": 0.4172508716583252, "8": 0.3813663125038147, "9": 0.4027383327484131, "10": 0.38977307081222534, "11": 0.4328060746192932, "12": 0.32701659202575684, "13": 0.35984915494918823, "14": 0.4682168960571289, "15": 0.38712477684020996, "16": 0.3740214705467224, "17": 0.47565770149230957, "18": 0.3673512935638428, "19": 0.3804776966571808, "20": 0.33998793363571167, "21": 0.42981091141700745, "22": 0.34174028038978577, "23": 0.37760230898857117, "24": 0.3353390097618103, "25": 0.40810710191726685, "26": 0.314258873462677, "27": 0.3360293507575989, "28": 0.35147854685783386, "29": 0.297931969165802, "30": 0.40263643860816956, "31": 0.3327188491821289, "32": 0.3183063864707947, "33": 0.39431032538414, "34": 0.3409930169582367, "35": 0.3253370225429535, "36": 0.30538704991340637, "37": 0.3208695948123932, "38": 0.4765051007270813, "39": 0.344733327627182, "40": 0.37408164143562317, "41": 0.3387550711631775, "42": 0.32490110397338867, "43": 0.32531577348709106, "44": 0.4452897906303406, "45": 0.3213157057762146, "46": 0.4168950915336609, "47": 0.3523714244365692, "48": 0.4075813889503479, "49": 0.3238634765148163, "50": 0.3561403453350067, "51": 0.46248874068260193, "52": 0.5189092755317688, "53": 0.37311893701553345, "54": 0.3295062184333801, "55": 0.3085063397884369, "56": 0.32210874557495117, "57": 0.32724204659461975, "58": 0.36086806654930115, "59": 0.34624695777893066, "60": 0.36046117544174194, "61": 0.4048527777194977, "62": 0.43276968598365784, "63": 0.3755984306335449, "64": 0.3417918086051941, "65": 0.3108154535293579, "66": 0.4487377107143402, "67": 0.4004206657409668, "68": 0.2847665846347809, "69": 0.3358185589313507, "70": 0.3410840332508087, "71": 0.3872978091239929, "72": 0.43067431449890137, "73": 0.49461641907691956, "74": 0.3369362950325012, "75": 0.42953363060951233, "76": 0.35701414942741394, "77": 0.3707585632801056, "78": 0.3604751527309418, "79": 0.34010207653045654, "80": 0.31615346670150757}