{"1": 0.6420343518257141, "2": 0.682976245880127, "3": 0.7034693360328674, "4": 0.7122330665588379, "5": 0.6002448201179504, "6": 0.7117754817008972, "7": 0.7489907145500183, "8": 0.7405366897583008, "9": 0.7125864028930664, "10": 0.7230105400085449, "11": 0.7335149645805359, "12": 0.7405286431312561, "13": 0.7176339626312256, "14": 0.7840682864189148, "15": 0.7157261371612549, "16": 0.7891661524772644, "17": 0.8041520118713379, "18": 0.6674220561981201, "19": 0.7679546475410461, "20": 0.7389662265777588, "21": 0.706842839717865, "22": 0.8133483529090881, "23": 0.7742121815681458, "24": 0.7862992286682129, "25": 0.7587089538574219, "26": 0.8124256730079651, "27": 0.7794303894042969, "28": 0.7665865421295166, "29": 0.8013421893119812, "30": 0.8040278553962708, "31": 0.7448651194572449, "32": 0.8036565184593201, "33": 0.7785646915435791, "34": 0.8143754601478577, "35": 0.8047197461128235, "36": 0.7915494441986084, "37": 0.7643818259239197, "38": 0.7327936291694641, "39": 0.7771940231323242, "40": 0.8149914145469666, "41": 0.720618724822998, "42": 0.8205694556236267, "43": 0.7929367423057556, "44": 0.8017067909240723, "45": 0.8189913630485535, "46": 0.8016809821128845, "47": 0.7985733151435852, "48": 0.7949414253234863, "49": 0.7765503525733948, "50": 0.7959243655204773, "51": 0.7577885985374451, "52": 0.8061408400535583, "53": 0.7938494086265564, "54": 0.7882077693939209, "55": 0.7925857901573181, "56": 0.7325339913368225, "57": 0.8015766739845276, "58": 0.8099760413169861, "59": 0.8071451783180237, "60": 0.8083787560462952, "61": 0.8110587000846863, "62": 0.8089025616645813, "63": 0.8077442049980164, "64": 0.7893006801605225, "65": 0.8043749332427979, "66": 0.8125935196876526, "67": 0.7954782843589783, "68": 0.7645995020866394, "69": 0.798298180103302, "70": 0.8049271702766418, "71": 0.7901667952537537, "72": 0.8097779750823975, "73": 0.8174884915351868, "74": 0.8126003742218018, "75": 0.8143793940544128, "76": 0.771109402179718, "77": 0.7881105542182922, "78": 0.8133314251899719, "79": 0.7953320145606995, "80": 0.8116326928138733}