{"1": 0.5855981707572937, "2": 0.599803626537323, "3": 0.6528050303459167, "4": 0.6077395677566528, "5": 0.5230088829994202, "6": 0.6768280863761902, "7": 0.5787131190299988, "8": 0.6388680934906006, "9": 0.6459046006202698, "10": 0.6657650470733643, "11": 0.6741936802864075, "12": 0.5147482752799988, "13": 0.66538006067276, "14": 0.47975000739097595, "15": 0.5922173857688904, "16": 0.6349945664405823, "17": 0.514258086681366, "18": 0.5828301310539246, "19": 0.6022955775260925, "20": 0.62904292345047, "21": 0.6348503232002258, "22": 0.6480967998504639, "23": 0.5599333643913269, "24": 0.6237785220146179, "25": 0.5673156380653381, "26": 0.6887357831001282, "27": 0.6529061198234558, "28": 0.6734766364097595, "29": 0.6334294676780701, "30": 0.6056671738624573, "31": 0.6522918343544006, "32": 0.550909698009491, "33": 0.5898521542549133, "34": 0.6283764243125916, "35": 0.6591658592224121, "36": 0.6732192039489746, "37": 0.6260724067687988, "38": 0.6619855761528015, "39": 0.6629012227058411, "40": 0.6437872052192688, "41": 0.6284000277519226, "42": 0.6114279627799988, "43": 0.539877712726593, "44": 0.6515811085700989, "45": 0.6653324961662292, "46": 0.5797238945960999, "47": 0.6176278591156006, "48": 0.617205798625946, "49": 0.6730592250823975, "50": 0.5797208547592163, "51": 0.6450452208518982, "52": 0.6513532996177673, "53": 0.5740687847137451, "54": 0.6819356083869934, "55": 0.6019608974456787, "56": 0.6354114413261414, "57": 0.6468809247016907, "58": 0.6502528786659241, "59": 0.6533343195915222, "60": 0.6575015783309937, "61": 0.6275234818458557, "62": 0.5286352038383484, "63": 0.678192138671875, "64": 0.6506620645523071, "65": 0.6653363108634949, "66": 0.6769838333129883, "67": 0.6597244739532471, "68": 0.6921765804290771, "69": 0.679966151714325, "70": 0.6269115805625916, "71": 0.6319467425346375, "72": 0.6829449534416199, "73": 0.6751816868782043, "74": 0.6370063424110413, "75": 0.6782601475715637, "76": 0.6247940063476562, "77": 0.6529057621955872, "78": 0.6326114535331726, "79": 0.643603503704071, "80": 0.6411432027816772}