{"1": 0.5521922707557678, "2": 0.5492905378341675, "3": 0.44462886452674866, "4": 0.524499237537384, "5": 0.43428319692611694, "6": 0.39362430572509766, "7": 0.4068511128425598, "8": 0.40459123253822327, "9": 0.39322707056999207, "10": 0.4034149646759033, "11": 0.3922775983810425, "12": 0.41080302000045776, "13": 0.34478992223739624, "14": 0.3848409652709961, "15": 0.34348374605178833, "16": 0.3799430727958679, "17": 0.3652885854244232, "18": 0.3949580490589142, "19": 0.37899714708328247, "20": 0.343189537525177, "21": 0.41629499197006226, "22": 0.3521481454372406, "23": 0.3805091977119446, "24": 0.3427903354167938, "25": 0.3874470293521881, "26": 0.36451202630996704, "27": 0.3538748025894165, "28": 0.33945387601852417, "29": 0.363883376121521, "30": 0.41088199615478516, "31": 0.4341827929019928, "32": 0.4321579337120056, "33": 0.33043891191482544, "34": 0.3524456024169922, "35": 0.4498571753501892, "36": 0.3854707181453705, "37": 0.34388312697410583, "38": 0.3349844217300415, "39": 0.34874483942985535, "40": 0.3942224085330963, "41": 0.3766825795173645, "42": 0.39117103815078735, "43": 0.38273873925209045, "44": 0.38310328125953674, "45": 0.37465551495552063, "46": 0.3804524540901184, "47": 0.3979347348213196, "48": 0.4511394500732422, "49": 0.3945251405239105, "50": 0.41979414224624634, "51": 0.3410993218421936, "52": 0.38003844022750854, "53": 0.3601212799549103, "54": 0.4340592920780182, "55": 0.3967666029930115, "56": 0.43615779280662537, "57": 0.3849915862083435, "58": 0.3988952040672302, "59": 0.41134732961654663, "60": 0.44066423177719116, "61": 0.3766965866088867, "62": 0.4081122875213623, "63": 0.4129025340080261, "64": 0.37687626481056213, "65": 0.4527910649776459, "66": 0.43914300203323364, "67": 0.4295836389064789, "68": 0.38189956545829773, "69": 0.41514158248901367, "70": 0.42268961668014526, "71": 0.42354798316955566, "72": 0.37293022871017456, "73": 0.4064812660217285, "74": 0.3679378628730774, "75": 0.36041802167892456, "76": 0.3534337282180786, "77": 0.45317763090133667, "78": 0.37277764081954956, "79": 0.40161243081092834, "80": 0.34633710980415344}