{"1": 0.6446290612220764, "2": 0.7040122151374817, "3": 0.7745537757873535, "4": 0.7554054856300354, "5": 0.7872040867805481, "6": 0.7647638916969299, "7": 0.7719063758850098, "8": 0.7818541526794434, "9": 0.795073926448822, "10": 0.7961885333061218, "11": 0.7742099165916443, "12": 0.8003859519958496, "13": 0.784264862537384, "14": 0.7485731244087219, "15": 0.7739617228507996, "16": 0.8009145259857178, "17": 0.7464694380760193, "18": 0.7850462794303894, "19": 0.800165593624115, "20": 0.8092311024665833, "21": 0.7666826248168945, "22": 0.8168970942497253, "23": 0.7941367030143738, "24": 0.8105347156524658, "25": 0.7871355414390564, "26": 0.8198445439338684, "27": 0.8175572752952576, "28": 0.8205758929252625, "29": 0.8120260834693909, "30": 0.788560152053833, "31": 0.8127163052558899, "32": 0.8245533108711243, "33": 0.7876127362251282, "34": 0.797926664352417, "35": 0.8095014691352844, "36": 0.8225300908088684, "37": 0.8245754241943359, "38": 0.7655592560768127, "39": 0.8084328770637512, "40": 0.8070002198219299, "41": 0.8105852007865906, "42": 0.8099625706672668, "43": 0.8208160400390625, "44": 0.7819406986236572, "45": 0.8232066631317139, "46": 0.7943024635314941, "47": 0.812092125415802, "48": 0.7906184196472168, "49": 0.8177828192710876, "50": 0.8129566311836243, "51": 0.7741758823394775, "52": 0.7791452407836914, "53": 0.7996623516082764, "54": 0.8045609593391418, "55": 0.8268401622772217, "56": 0.8134171962738037, "57": 0.8239447474479675, "58": 0.8114192485809326, "59": 0.805051326751709, "60": 0.8129556179046631, "61": 0.803586483001709, "62": 0.7914164066314697, "63": 0.8081722259521484, "64": 0.8175904750823975, "65": 0.8342390060424805, "66": 0.7945982813835144, "67": 0.7911626696586609, "68": 0.830599308013916, "69": 0.8160107135772705, "70": 0.8241870999336243, "71": 0.8120936751365662, "72": 0.7989871501922607, "73": 0.7825192809104919, "74": 0.8219635486602783, "75": 0.7991140484809875, "76": 0.8177503943443298, "77": 0.8257415890693665, "78": 0.8077471256256104, "79": 0.8141307234764099, "80": 0.8029235005378723}