{"1": 0.579639732837677, "2": 0.5274896025657654, "3": 0.5918904542922974, "4": 0.4001837372779846, "5": 0.42445287108421326, "6": 0.40676718950271606, "7": 0.3554016649723053, "8": 0.3667434751987457, "9": 0.45162755250930786, "10": 0.3959489166736603, "11": 0.40062934160232544, "12": 0.4609362483024597, "13": 0.37356728315353394, "14": 0.369098961353302, "15": 0.33505716919898987, "16": 0.43898066878318787, "17": 0.4017573297023773, "18": 0.4597644805908203, "19": 0.3499571681022644, "20": 0.41491976380348206, "21": 0.36214858293533325, "22": 0.36243587732315063, "23": 0.4266444742679596, "24": 0.29083096981048584, "25": 0.30923551321029663, "26": 0.31090328097343445, "27": 0.3716966509819031, "28": 0.4683862328529358, "29": 0.40384453535079956, "30": 0.3302716612815857, "31": 0.4564948081970215, "32": 0.34975501894950867, "33": 0.3427121639251709, "34": 0.3204194903373718, "35": 0.33119022846221924, "36": 0.29520195722579956, "37": 0.28658097982406616, "38": 0.348725289106369, "39": 0.3253537714481354, "40": 0.3216809034347534, "41": 0.33032673597335815, "42": 0.3811488747596741, "43": 0.3296167254447937, "44": 0.2752182185649872, "45": 0.29661449790000916, "46": 0.2911490499973297, "47": 0.2950177788734436, "48": 0.32492560148239136, "49": 0.33293992280960083, "50": 0.30293992161750793, "51": 0.32108524441719055, "52": 0.3178333640098572, "53": 0.31373661756515503, "54": 0.3199803829193115, "55": 0.3269864022731781, "56": 0.3584885001182556, "57": 0.3147009313106537, "58": 0.3515710234642029, "59": 0.3362664580345154, "60": 0.30824753642082214, "61": 0.2958768308162689, "62": 0.3072162866592407, "63": 0.2948800027370453, "64": 0.3940335512161255, "65": 0.3104015290737152, "66": 0.3320402204990387, "67": 0.30124229192733765, "68": 0.37247538566589355, "69": 0.3481222093105316, "70": 0.5031661987304688, "71": 0.38775715231895447, "72": 0.30428746342658997, "73": 0.41392308473587036, "74": 0.37470313906669617, "75": 0.4981083273887634, "76": 0.3860648274421692, "77": 0.36384841799736023, "78": 0.34557244181632996, "79": 0.33281606435775757, "80": 0.2775905728340149}