{"1": 0.5528426766395569, "2": 0.5308169722557068, "3": 0.6173923015594482, "4": 0.5347871780395508, "5": 0.6144362092018127, "6": 0.6539711356163025, "7": 0.6396190524101257, "8": 0.6400455832481384, "9": 0.6506633162498474, "10": 0.6478419899940491, "11": 0.6435129642486572, "12": 0.6299509406089783, "13": 0.6821937561035156, "14": 0.657091498374939, "15": 0.6904866099357605, "16": 0.6500300765037537, "17": 0.6677365899085999, "18": 0.6380701065063477, "19": 0.6548340320587158, "20": 0.6865703463554382, "21": 0.6215118765830994, "22": 0.6790062785148621, "23": 0.6557478308677673, "24": 0.6879914402961731, "25": 0.644641101360321, "26": 0.6665677428245544, "27": 0.672240674495697, "28": 0.6890826225280762, "29": 0.670109748840332, "30": 0.6271886229515076, "31": 0.609668493270874, "32": 0.6093140244483948, "33": 0.6910021305084229, "34": 0.6816122531890869, "35": 0.591677188873291, "36": 0.6484501957893372, "37": 0.6787082552909851, "38": 0.6860693097114563, "39": 0.6837446689605713, "40": 0.6419060826301575, "41": 0.6617798805236816, "42": 0.6545819044113159, "43": 0.6451795101165771, "44": 0.6522219777107239, "45": 0.6555907130241394, "46": 0.657535970211029, "47": 0.6451771855354309, "48": 0.6020570397377014, "49": 0.6451811790466309, "50": 0.6301615238189697, "51": 0.6843869090080261, "52": 0.6597461104393005, "53": 0.6641868948936462, "54": 0.6143566966056824, "55": 0.6366970539093018, "56": 0.6178798675537109, "57": 0.6491988301277161, "58": 0.6459291577339172, "59": 0.6333007216453552, "60": 0.6212518811225891, "61": 0.6585811376571655, "62": 0.6344926357269287, "63": 0.6438169479370117, "64": 0.6662651300430298, "65": 0.6133384704589844, "66": 0.6320712566375732, "67": 0.633809506893158, "68": 0.6598967909812927, "69": 0.644380509853363, "70": 0.6379490494728088, "71": 0.6306664347648621, "72": 0.6628064513206482, "73": 0.6450572609901428, "74": 0.6683793067932129, "75": 0.6690487265586853, "76": 0.6778182983398438, "77": 0.6126765608787537, "78": 0.66498202085495, "79": 0.6468365788459778, "80": 0.6874094009399414}