{"Examples": {"_type": "images/separated", "width": 448, "height": 378, "format": "png", "count": 3, "captions": ["Image", "True Mask", "Predicted Mask"]}, "_step": 102, "_runtime": 24, "_timestamp": 1613687364, "Training Loss": 0.3909858465194702, "graph_0": {"_type": "graph-file", "path": "media/graph/graph_0_summary_e2e0975d.graph.json", "sha256": "e2e0975d3a5d914f77ce2029a81a2cc1985cca0d28078677f3894529e54b88ee", "size": 10050}, "Validation Loss": 0.7800639539957046, "Validation IoU": 0.4767272174358368, "Validation Accuracy": 0.6241647005081177}