{"unet": 150.37024974822998, "lbc_unet": 105.36674690246582, "small_axial_lbc_unet": 203.79060745239258, "deeplab_mobile_net": 29.665353536605835, "lraspp_mobile_net": 15.262174367904663, "dsc_unet": 71.06444048881531, "small_dsc_unet": 56.226073026657104, "dsc_lbc_unet": 40.58742809295654, "small_dsc_lbc_unet": 34.6545991897583, "small_unet": 89.13280510902405, "small_lbc_unet": 68.26133465766907}