{"unet": 124.85768365859985, "dsc_unet": 65.98528218269348, "lbc_unet": 99.84195017814636, "dsc_lbc_unet": 40.37428283691406, "skinny_small_unet": 16.652222633361816, "skinny_small_dsc_unet": 16.271753072738647, "skinny_small_lbc_unet": 22.5647234916687, "skinny_small_dsc_lbc_unet": 15.39915156364441, "deeplab_mobile_net": 27.137043237686157, "lraspp_mobile_net": 14.346273422241211}