{"unet": 124.77639126777649, "dsc_unet": 65.1325671672821, "lbc_unet": 97.54613590240479, "dsc_lbc_unet": 40.544188022613525, "skinny_small_unet": 27.48255729675293, "skinny_small_dsc_unet": 23.90173649787903, "skinny_small_lbc_unet": 22.49044680595398, "skinny_small_dsc_lbc_unet": 15.401998519897461, "deeplab_mobile_net": 27.7196626663208, "lraspp_mobile_net": 15.585951328277588}