{"unet": 123.68287634849548, "lbc_unet": 94.71822357177734, "small_axial_lbc_unet": 190.1218433380127, "deeplab_mobile_net": 26.80898952484131, "lraspp_mobile_net": 14.050484657287598, "dsc_unet": 63.87644863128662, "small_dsc_unet": 51.25153374671936, "dsc_lbc_unet": 37.03938055038452, "small_dsc_lbc_unet": 31.6544406414032, "small_unet": 88.6092746257782, "small_lbc_unet": 72.47799921035767}