{"unet": 8.511907815933228, "dsc_unet": 8.735591888427734, "lbc_unet": 8.082634687423706, "dsc_lbc_unet": 5.619909763336182, "skinny_small_unet": 4.396625995635986, "skinny_small_dsc_unet": 4.5803868770599365, "skinny_small_lbc_unet": 4.7684855461120605, "skinny_small_dsc_lbc_unet": 4.573844909667969, "deeplab_mobile_net": 6.70297646522522, "lraspp_mobile_net": 5.812182188034058}