{"unet": 8.777976512908936, "dsc_unet": 9.096027851104736, "lbc_unet": 8.114866971969604, "dsc_lbc_unet": 5.724926948547363, "skinny_small_unet": 4.9421563148498535, "skinny_small_dsc_unet": 5.065749168395996, "skinny_small_lbc_unet": 4.708452939987183, "skinny_small_dsc_lbc_unet": 4.605220317840576, "deeplab_mobile_net": 6.827775716781616, "lraspp_mobile_net": 5.837213754653931}