{"unet": 8.713525772094727, "dsc_unet": 8.766367435455322, "lbc_unet": 7.9101481437683105, "dsc_lbc_unet": 5.561765670776367, "skinny_small_unet": 4.377237796783447, "skinny_small_dsc_unet": 4.454552173614502, "skinny_small_lbc_unet": 4.681253671646118, "skinny_small_dsc_lbc_unet": 4.59157657623291, "deeplab_mobile_net": 6.890941143035889, "lraspp_mobile_net": 5.754440069198608}