{"unet": 125.7755753993988, "dsc_unet": 65.05029654502869, "lbc_unet": 96.59050178527832, "dsc_lbc_unet": 40.44043231010437, "skinny_small_unet": 16.02234411239624, "skinny_small_dsc_unet": 16.50273823738098, "skinny_small_lbc_unet": 23.248810052871704, "skinny_small_dsc_lbc_unet": 15.375919818878174, "deeplab_mobile_net": 27.42512273788452, "lraspp_mobile_net": 14.344777822494507}