{"unet": 124.21460247039795, "dsc_unet": 66.16403245925903, "lbc_unet": 98.7771224975586, "dsc_lbc_unet": 39.7959349155426, "skinny_small_unet": 28.552822828292847, "skinny_small_dsc_unet": 23.82474184036255, "skinny_small_lbc_unet": 22.271883010864258, "skinny_small_dsc_lbc_unet": 15.391165256500244, "deeplab_mobile_net": 27.421240091323853, "lraspp_mobile_net": 14.090213060379028}