{"unet": 8.276565074920654, "lbc_unet": 7.966915607452393, "small_axial_lbc_unet": 17.066635608673096, "deeplab_mobile_net": 6.800851583480835, "lraspp_mobile_net": 5.810518503189087, "dsc_unet": 8.798837900161743, "small_dsc_unet": 5.85875129699707, "dsc_lbc_unet": 5.569793701171875, "small_dsc_lbc_unet": 5.062552452087402, "small_unet": 5.691149473190308, "small_lbc_unet": 5.525851011276245}