{"unet": 8.44373083114624, "dsc_unet": 8.848519086837769, "lbc_unet": 7.986055135726929, "dsc_lbc_unet": 5.5566675662994385, "skinny_small_unet": 4.359947919845581, "skinny_small_dsc_unet": 4.445379257202148, "skinny_small_lbc_unet": 4.629879951477051, "skinny_small_dsc_lbc_unet": 4.588085174560547, "deeplab_mobile_net": 6.744292974472046, "lraspp_mobile_net": 5.8030054569244385}