{"unet": 129.03737878799438, "lbc_unet": 94.76900434494019, "small_axial_lbc_unet": 196.18049144744873, "deeplab_mobile_net": 29.740267753601074, "lraspp_mobile_net": 15.373332023620605, "dsc_unet": 70.28414344787598, "small_dsc_unet": 55.639774799346924, "dsc_lbc_unet": 40.77955770492554, "small_dsc_lbc_unet": 34.77270293235779, "small_unet": 71.99490857124329, "small_lbc_unet": 61.279972076416016}