{"unet": 8.754563808441162, "dsc_unet": 8.854481220245361, "lbc_unet": 8.112900733947754, "dsc_lbc_unet": 5.515647649765015, "skinny_small_unet": 4.773886680603027, "skinny_small_dsc_unet": 4.993353843688965, "skinny_small_lbc_unet": 4.602883338928223, "skinny_small_dsc_lbc_unet": 4.758188724517822, "deeplab_mobile_net": 6.721837043762207, "lraspp_mobile_net": 5.6642560958862305}