{"unet": 147.93351697921753, "lbc_unet": 111.00540518760681, "small_axial_lbc_unet": 211.12778282165527, "deeplab_mobile_net": 27.1495521068573, "lraspp_mobile_net": 13.84394884109497, "dsc_unet": 63.16325378417969, "small_dsc_unet": 50.52318072319031, "dsc_lbc_unet": 36.12884283065796, "small_dsc_lbc_unet": 31.22651743888855, "small_unet": 86.98865914344788, "small_lbc_unet": 71.59097075462341}