{"unet": 125.9561038017273, "lbc_unet": 92.9434962272644, "small_axial_lbc_unet": 192.18628478050232, "deeplab_mobile_net": 27.495420694351196, "lraspp_mobile_net": 14.050242900848389, "dsc_unet": 64.84572172164917, "small_dsc_unet": 51.221794843673706, "dsc_lbc_unet": 37.09441018104553, "small_dsc_lbc_unet": 32.11500096321106, "small_unet": 72.92976808547974, "small_lbc_unet": 63.306516885757446}