{"unet": 124.87932300567627, "dsc_unet": 64.92821073532104, "lbc_unet": 95.67793202400208, "dsc_lbc_unet": 39.84258270263672, "skinny_small_unet": 28.754755973815918, "skinny_small_dsc_unet": 24.766356229782104, "skinny_small_lbc_unet": 23.310279607772827, "skinny_small_dsc_lbc_unet": 15.310547828674316, "deeplab_mobile_net": 27.359148502349854, "lraspp_mobile_net": 14.251198053359985}