{"unet": 8.399540901184082, "dsc_unet": 8.752089500427246, "lbc_unet": 8.047241926193237, "dsc_lbc_unet": 5.635191440582275, "skinny_small_unet": 4.4313645362854, "skinny_small_dsc_unet": 4.558067798614502, "skinny_small_lbc_unet": 4.627593517303467, "skinny_small_dsc_lbc_unet": 4.570073127746582, "deeplab_mobile_net": 6.895714521408081, "lraspp_mobile_net": 5.841770887374878}