{"unet": 125.86198854446411, "lbc_unet": 95.31222558021545, "small_axial_lbc_unet": 209.03640484809875, "deeplab_mobile_net": 29.361013174057007, "lraspp_mobile_net": 15.222275733947754, "dsc_unet": 70.20918798446655, "small_dsc_unet": 56.61581873893738, "dsc_lbc_unet": 38.098812103271484, "small_dsc_lbc_unet": 32.16664528846741, "small_unet": 84.64870810508728, "small_lbc_unet": 71.79827785491943}