{"unet": 8.380803108215332, "lbc_unet": 8.38247299194336, "small_axial_lbc_unet": 17.06584095954895, "deeplab_mobile_net": 6.769130706787109, "lraspp_mobile_net": 5.747972011566162, "dsc_unet": 8.728210687637329, "small_dsc_unet": 5.770202159881592, "dsc_lbc_unet": 5.484557151794434, "small_dsc_lbc_unet": 5.144835948944092, "small_unet": 5.694079875946045, "small_lbc_unet": 5.526214838027954}