{"unet": 8.450642347335815, "lbc_unet": 7.943647861480713, "small_axial_lbc_unet": 17.02616858482361, "deeplab_mobile_net": 6.824800491333008, "lraspp_mobile_net": 5.958347320556641, "dsc_unet": 8.664645671844482, "small_dsc_unet": 5.809376955032349, "dsc_lbc_unet": 5.650188684463501, "small_dsc_lbc_unet": 5.128633975982666, "small_unet": 5.512085676193237, "small_lbc_unet": 5.4732441902160645}