{"unet": 8.292298078536987, "lbc_unet": 7.941607713699341, "small_axial_lbc_unet": 17.11197566986084, "deeplab_mobile_net": 6.681879758834839, "lraspp_mobile_net": 5.8024537563323975, "dsc_unet": 8.731099128723145, "small_dsc_unet": 5.730833292007446, "dsc_lbc_unet": 5.665043830871582, "small_dsc_lbc_unet": 5.162449359893799, "small_unet": 5.552271127700806, "small_lbc_unet": 5.518547296524048}