{"unet": 124.764732837677, "lbc_unet": 93.89054274559021, "small_axial_lbc_unet": 192.15561628341675, "deeplab_mobile_net": 27.683372497558594, "lraspp_mobile_net": 14.201252937316895, "dsc_unet": 65.08361196517944, "small_dsc_unet": 50.93778920173645, "dsc_lbc_unet": 37.480915546417236, "small_dsc_lbc_unet": 31.511638641357422, "small_unet": 69.23478841781616, "small_lbc_unet": 59.72740864753723}