{"unet": 8.315565347671509, "lbc_unet": 7.958613157272339, "small_axial_lbc_unet": 17.072186946868896, "deeplab_mobile_net": 6.968855857849121, "lraspp_mobile_net": 5.825059175491333, "dsc_unet": 8.749716758728027, "small_dsc_unet": 5.746617317199707, "dsc_lbc_unet": 5.534633636474609, "small_dsc_lbc_unet": 5.183680534362793, "small_unet": 5.535724639892578, "small_lbc_unet": 5.497936725616455}