{"unet": 8.634644746780396, "lbc_unet": 8.294371843338013, "small_axial_lbc_unet": 17.635258197784424, "deeplab_mobile_net": 7.27584171295166, "lraspp_mobile_net": 6.210899591445923, "dsc_unet": 9.177325248718262, "small_dsc_unet": 6.204358816146851, "dsc_lbc_unet": 5.8610265254974365, "small_dsc_lbc_unet": 5.551299333572388, "small_unet": 5.7780303955078125, "small_lbc_unet": 5.727954387664795}