{"unet": 8.761135816574097, "lbc_unet": 8.153144598007202, "small_axial_lbc_unet": 17.62938356399536, "deeplab_mobile_net": 7.197475433349609, "lraspp_mobile_net": 6.276848077774048, "dsc_unet": 9.32103443145752, "small_dsc_unet": 6.179101467132568, "dsc_lbc_unet": 5.85775899887085, "small_dsc_lbc_unet": 5.4844970703125, "small_unet": 5.603316307067871, "small_lbc_unet": 5.518378257751465}