{"unet": 8.413525819778442, "dsc_unet": 8.782666206359863, "lbc_unet": 8.424216508865356, "dsc_lbc_unet": 5.61484169960022, "skinny_small_unet": 4.313953876495361, "skinny_small_dsc_unet": 4.470977544784546, "skinny_small_lbc_unet": 4.663820266723633, "skinny_small_dsc_lbc_unet": 4.7420244216918945, "deeplab_mobile_net": 6.706707000732422, "lraspp_mobile_net": 5.688369989395142}