{"unet": 124.50086307525635, "lbc_unet": 95.54806566238403, "small_axial_lbc_unet": 189.10981106758118, "deeplab_mobile_net": 27.50726842880249, "lraspp_mobile_net": 13.9279203414917, "dsc_unet": 63.99213433265686, "small_dsc_unet": 51.977933168411255, "dsc_lbc_unet": 37.605470180511475, "small_dsc_lbc_unet": 32.27453827857971, "small_unet": 73.20628595352173, "small_lbc_unet": 61.33526134490967}