{"unet": 8.495090007781982, "dsc_unet": 8.719637870788574, "lbc_unet": 7.996094703674316, "dsc_lbc_unet": 5.682448387145996, "skinny_small_unet": 4.377696990966797, "skinny_small_dsc_unet": 4.52135443687439, "skinny_small_lbc_unet": 4.632803440093994, "skinny_small_dsc_lbc_unet": 4.548318147659302, "deeplab_mobile_net": 6.84305214881897, "lraspp_mobile_net": 5.735936641693115}