{"unet": 126.40980815887451, "dsc_unet": 65.93450450897217, "lbc_unet": 97.04976415634155, "dsc_lbc_unet": 40.48469042778015, "skinny_small_unet": 15.958703756332397, "skinny_small_dsc_unet": 16.397990942001343, "skinny_small_lbc_unet": 22.326635360717773, "skinny_small_dsc_lbc_unet": 15.833057880401611, "deeplab_mobile_net": 27.628464221954346, "lraspp_mobile_net": 14.07800579071045}