{"unet": 8.377153635025024, "dsc_unet": 8.773344278335571, "lbc_unet": 8.15841031074524, "dsc_lbc_unet": 5.590181589126587, "skinny_small_unet": 4.30591893196106, "skinny_small_dsc_unet": 4.474121809005737, "skinny_small_lbc_unet": 4.663442611694336, "skinny_small_dsc_lbc_unet": 4.611140251159668, "deeplab_mobile_net": 6.8154802322387695, "lraspp_mobile_net": 5.796340703964233}