{"unet": 124.95772337913513, "dsc_unet": 66.09492182731628, "lbc_unet": 98.74935722351074, "dsc_lbc_unet": 40.24167561531067, "skinny_small_unet": 17.21009635925293, "skinny_small_dsc_unet": 16.114415407180786, "skinny_small_lbc_unet": 22.947734117507935, "skinny_small_dsc_lbc_unet": 15.79464054107666, "deeplab_mobile_net": 27.687028169631958, "lraspp_mobile_net": 14.250396013259888}