{"unet": 8.932540893554688, "lbc_unet": 8.765743017196655, "small_axial_lbc_unet": 17.589120388031006, "deeplab_mobile_net": 7.242801666259766, "lraspp_mobile_net": 6.196894884109497, "dsc_unet": 9.26752519607544, "small_dsc_unet": 6.137882709503174, "dsc_lbc_unet": 5.9493772983551025, "small_dsc_lbc_unet": 5.533480882644653, "small_unet": 5.607974290847778, "small_lbc_unet": 5.505473613739014}