{"unet": 8.383167266845703, "lbc_unet": 7.931881666183472, "small_axial_lbc_unet": 17.080324172973633, "deeplab_mobile_net": 6.781251430511475, "lraspp_mobile_net": 5.803908348083496, "dsc_unet": 8.752526044845581, "small_dsc_unet": 5.830729961395264, "dsc_lbc_unet": 5.53545880317688, "small_dsc_lbc_unet": 5.116409778594971, "small_unet": 6.042271852493286, "small_lbc_unet": 5.773063898086548}