{"unet": 136.6329333782196, "dsc_unet": 68.20219850540161, "lbc_unet": 108.37837052345276, "dsc_lbc_unet": 42.449400663375854, "skinny_small_unet": 16.609838247299194, "skinny_small_dsc_unet": 16.02197003364563, "skinny_small_lbc_unet": 23.37548327445984, "skinny_small_dsc_lbc_unet": 15.862585544586182, "deeplab_mobile_net": 27.585853099822998, "lraspp_mobile_net": 13.95533275604248}