{"unet": 8.397159099578857, "lbc_unet": 8.32058334350586, "small_axial_lbc_unet": 17.619627952575684, "deeplab_mobile_net": 7.042175769805908, "lraspp_mobile_net": 6.221002817153931, "dsc_unet": 9.225352048873901, "small_dsc_unet": 6.061103105545044, "dsc_lbc_unet": 5.86253023147583, "small_dsc_lbc_unet": 5.429349899291992, "small_unet": 5.991373062133789, "small_lbc_unet": 5.851052761077881}