{"unet": 125.86205554008484, "dsc_unet": 65.41005229949951, "lbc_unet": 97.53097772598267, "dsc_lbc_unet": 40.27912926673889, "skinny_small_unet": 16.749927043914795, "skinny_small_dsc_unet": 16.61550211906433, "skinny_small_lbc_unet": 22.778160333633423, "skinny_small_dsc_lbc_unet": 15.869465589523315, "deeplab_mobile_net": 27.73588466644287, "lraspp_mobile_net": 14.181083679199219}