{"unet": 150.69734454154968, "lbc_unet": 110.5665180683136, "small_axial_lbc_unet": 211.51969599723816, "deeplab_mobile_net": 27.169264316558838, "lraspp_mobile_net": 14.125842094421387, "dsc_unet": 63.95462608337402, "small_dsc_unet": 50.791728258132935, "dsc_lbc_unet": 37.14127469062805, "small_dsc_lbc_unet": 32.10292983055115, "small_unet": 72.6627836227417, "small_lbc_unet": 61.87790012359619}