{"unet": 140.25760221481323, "dsc_unet": 69.65993618965149, "lbc_unet": 98.14036440849304, "dsc_lbc_unet": 40.44933247566223, "skinny_small_unet": 16.262126684188843, "skinny_small_dsc_unet": 15.792774677276611, "skinny_small_lbc_unet": 23.307453393936157, "skinny_small_dsc_lbc_unet": 15.757756471633911, "deeplab_mobile_net": 27.408490419387817, "lraspp_mobile_net": 14.274333477020264}