{"unet": 124.61764311790466, "lbc_unet": 93.41613531112671, "small_axial_lbc_unet": 192.3987729549408, "deeplab_mobile_net": 27.533660173416138, "lraspp_mobile_net": 13.99654507637024, "dsc_unet": 63.82306933403015, "small_dsc_unet": 51.877131938934326, "dsc_lbc_unet": 37.18344974517822, "small_dsc_lbc_unet": 31.788124799728394, "small_unet": 68.74736833572388, "small_lbc_unet": 59.46809411048889}