{"unet": 8.495554447174072, "dsc_unet": 8.799658060073853, "lbc_unet": 7.9874584674835205, "dsc_lbc_unet": 5.581276893615723, "skinny_small_unet": 4.786998510360718, "skinny_small_dsc_unet": 5.030944347381592, "skinny_small_lbc_unet": 4.616596698760986, "skinny_small_dsc_lbc_unet": 4.602375507354736, "deeplab_mobile_net": 6.610237121582031, "lraspp_mobile_net": 5.78456449508667}