{"1": 0.7553970813751221, "2": 0.7991089820861816, "3": 0.7823662161827087, "4": 0.7940546870231628, "5": 0.802534818649292, "6": 0.7941376566886902, "7": 0.8012421727180481, "8": 0.7792088389396667, "9": 0.794045627117157, "10": 0.810187816619873, "11": 0.8196911811828613, "12": 0.7963828444480896, "13": 0.8187246322631836, "14": 0.8050172924995422, "15": 0.8232748508453369, "16": 0.7962356209754944, "17": 0.817863941192627, "18": 0.8089015483856201, "19": 0.819934606552124, "20": 0.8251320719718933, "21": 0.8179200291633606, "22": 0.8222026824951172, "23": 0.8244324326515198, "24": 0.8058649897575378, "25": 0.814220130443573, "26": 0.8259907364845276, "27": 0.8106184005737305, "28": 0.8139781355857849, "29": 0.8181173801422119, "30": 0.8294067978858948, "31": 0.8199033737182617, "32": 0.8204297423362732, "33": 0.8231201767921448, "34": 0.8176262974739075, "35": 0.8220529556274414, "36": 0.8097252249717712, "37": 0.8068816661834717, "38": 0.8182347416877747, "39": 0.8124377727508545, "40": 0.8078513145446777, "41": 0.813092052936554, "42": 0.8104586005210876, "43": 0.8027427792549133, "44": 0.8134985566139221, "45": 0.805785596370697, "46": 0.8169514536857605, "47": 0.8165791630744934, "48": 0.8145243525505066, "49": 0.8168455958366394, "50": 0.8094496726989746, "51": 0.8140351176261902, "52": 0.8057589530944824, "53": 0.8151052594184875, "54": 0.8197507262229919, "55": 0.8219000697135925, "56": 0.81297367811203, "57": 0.803009569644928, "58": 0.8129037022590637, "59": 0.8142299652099609, "60": 0.8031026721000671, "61": 0.8086455464363098, "62": 0.8009555339813232, "63": 0.8135128021240234, "64": 0.8171764016151428, "65": 0.8193292617797852, "66": 0.816577136516571, "67": 0.8244202733039856, "68": 0.8243658542633057, "69": 0.8079355359077454, "70": 0.819831907749176, "71": 0.8051572442054749, "72": 0.8226240277290344, "73": 0.8064729571342468, "74": 0.8094615340232849, "75": 0.8069472312927246, "76": 0.8082016110420227, "77": 0.8061606287956238, "78": 0.8060819506645203, "79": 0.8048443794250488, "80": 0.8111810684204102}