{"1": 0.42657309770584106, "2": 0.36201947927474976, "3": 0.4174025058746338, "4": 0.39881181716918945, "5": 0.4216139316558838, "6": 0.44297653436660767, "7": 0.43757978081703186, "8": 0.4875461459159851, "9": 0.503053605556488, "10": 0.4759194254875183, "11": 0.43177908658981323, "12": 0.5143191814422607, "13": 0.48045334219932556, "14": 0.5380576848983765, "15": 0.510689377784729, "16": 0.5409575700759888, "17": 0.5093576908111572, "18": 0.5683395266532898, "19": 0.5186177492141724, "20": 0.5515694618225098, "21": 0.5389039516448975, "22": 0.5262880325317383, "23": 0.5759390592575073, "24": 0.6302913427352905, "25": 0.5510845184326172, "26": 0.5528229475021362, "27": 0.6258625388145447, "28": 0.5978804230690002, "29": 0.6186569929122925, "30": 0.5811558961868286, "31": 0.5938872694969177, "32": 0.6156018376350403, "33": 0.6280263662338257, "34": 0.6005091071128845, "35": 0.6084975004196167, "36": 0.6698878407478333, "37": 0.6054196953773499, "38": 0.6457235217094421, "39": 0.6335576772689819, "40": 0.6544645428657532, "41": 0.65510094165802, "42": 0.6704539656639099, "43": 0.7055870890617371, "44": 0.6821408867835999, "45": 0.7177453637123108, "46": 0.624542236328125, "47": 0.5940369367599487, "48": 0.6664273738861084, "49": 0.6744251251220703, "50": 0.708741307258606, "51": 0.7000364661216736, "52": 0.7053824663162231, "53": 0.7032548785209656, "54": 0.7122434377670288, "55": 0.7078851461410522, "56": 0.7138862013816833, "57": 0.7724089026451111, "58": 0.7218717336654663, "59": 0.7056764364242554, "60": 0.7599347233772278, "61": 0.738074779510498, "62": 0.7851136326789856, "63": 0.7474596500396729, "64": 0.7727287411689758, "65": 0.751728355884552, "66": 0.7146394848823547, "67": 0.7773723602294922, "68": 0.7601085901260376, "69": 0.7300733923912048, "70": 0.7593086957931519, "71": 0.7447843551635742, "72": 0.6870450973510742, "73": 0.7307275533676147, "74": 0.7538124322891235, "75": 0.8075268864631653, "76": 0.8152572512626648, "77": 0.8482980728149414, "78": 0.8774803280830383, "79": 0.8248130083084106, "80": 0.8509764671325684}