{"1": 0.7660191655158997, "2": 0.7879273891448975, "3": 0.8198871612548828, "4": 0.8227629065513611, "5": 0.8100326657295227, "6": 0.8175802230834961, "7": 0.829287052154541, "8": 0.8335462212562561, "9": 0.8389542698860168, "10": 0.8394465446472168, "11": 0.836669921875, "12": 0.8367635607719421, "13": 0.8413283228874207, "14": 0.840822696685791, "15": 0.8429015278816223, "16": 0.8386997580528259, "17": 0.8338956236839294, "18": 0.8380110859870911, "19": 0.8450871109962463, "20": 0.845574140548706, "21": 0.8489565253257751, "22": 0.8457147479057312, "23": 0.8370361328125, "24": 0.8447254300117493, "25": 0.8388827443122864, "26": 0.8506128787994385, "27": 0.8314973711967468, "28": 0.8312273621559143, "29": 0.8377845883369446, "30": 0.8427736759185791, "31": 0.8368366360664368, "32": 0.8478096127510071, "33": 0.8473865985870361, "34": 0.8469467163085938, "35": 0.8470473885536194, "36": 0.8419468998908997, "37": 0.8425150513648987, "38": 0.840583324432373, "39": 0.8416879177093506, "40": 0.8435240387916565, "41": 0.8407894968986511, "42": 0.8493120670318604, "43": 0.8487001061439514, "44": 0.8466507792472839, "45": 0.8466857075691223, "46": 0.8468799591064453, "47": 0.8414145112037659, "48": 0.8516511917114258, "49": 0.8298425078392029, "50": 0.8440430760383606, "51": 0.8398377299308777, "52": 0.8424463272094727, "53": 0.8277319073677063, "54": 0.8192026019096375, "55": 0.8310387134552002, "56": 0.8388919830322266, "57": 0.8343833088874817, "58": 0.8424760699272156, "59": 0.8432481288909912, "60": 0.8366742134094238, "61": 0.8403558731079102, "62": 0.8461132645606995, "63": 0.8426521420478821, "64": 0.8386991024017334, "65": 0.8438377380371094, "66": 0.8412714004516602, "67": 0.8423671722412109, "68": 0.8410702347755432, "69": 0.8381800055503845, "70": 0.8427894711494446, "71": 0.8344414234161377, "72": 0.8429723381996155, "73": 0.843633234500885, "74": 0.8391199111938477, "75": 0.8435823321342468, "76": 0.8396780490875244, "77": 0.8328800797462463, "78": 0.8412086367607117, "79": 0.8353843688964844, "80": 0.840593159198761}