{"1": 0.4384429454803467, "2": 0.3909037113189697, "3": 0.3541778326034546, "4": 0.34793272614479065, "5": 0.3885953426361084, "6": 0.3756366968154907, "7": 0.3756808042526245, "8": 0.3782863914966583, "9": 0.3843226730823517, "10": 0.37469035387039185, "11": 0.4049674868583679, "12": 0.44631919264793396, "13": 0.43957266211509705, "14": 0.4217436909675598, "15": 0.3986573815345764, "16": 0.4577428698539734, "17": 0.4891040325164795, "18": 0.4978143274784088, "19": 0.4896303713321686, "20": 0.4746963381767273, "21": 0.5108699798583984, "22": 0.5138224363327026, "23": 0.5296022891998291, "24": 0.5275585651397705, "25": 0.5254026055335999, "26": 0.43698519468307495, "27": 0.4829345643520355, "28": 0.5512849688529968, "29": 0.507168710231781, "30": 0.5384103655815125, "31": 0.5758719444274902, "32": 0.5320311784744263, "33": 0.5174166560173035, "34": 0.4905991554260254, "35": 0.5174757242202759, "36": 0.5172057747840881, "37": 0.565543532371521, "38": 0.5530288815498352, "39": 0.5693671703338623, "40": 0.5509525537490845, "41": 0.5356966257095337, "42": 0.6057431101799011, "43": 0.5731058120727539, "44": 0.5557787418365479, "45": 0.6140766739845276, "46": 0.5691731572151184, "47": 0.590070366859436, "48": 0.5638677477836609, "49": 0.5983611345291138, "50": 0.6060518622398376, "51": 0.6075333952903748, "52": 0.6676924228668213, "53": 0.6274282932281494, "54": 0.5515592098236084, "55": 0.5576387643814087, "56": 0.5407170057296753, "57": 0.598270058631897, "58": 0.5981482267379761, "59": 0.6262893676757812, "60": 0.6391151547431946, "61": 0.6248096823692322, "62": 0.6173218488693237, "63": 0.698678731918335, "64": 0.6259660720825195, "65": 0.6596046686172485, "66": 0.6542766094207764, "67": 0.641739010810852, "68": 0.6651051044464111, "69": 0.6774169206619263, "70": 0.6328741312026978, "71": 0.672243595123291, "72": 0.6163100004196167, "73": 0.6491106152534485, "74": 0.6600090861320496, "75": 0.6402186155319214, "76": 0.6682747602462769, "77": 0.6298798322677612, "78": 0.6068590879440308, "79": 0.6566937565803528, "80": 0.6266540288925171}