{"1": 0.6049190163612366, "2": 0.6370460391044617, "3": 0.6772357821464539, "4": 0.688870906829834, "5": 0.6675891876220703, "6": 0.6771861910820007, "7": 0.701973021030426, "8": 0.6992153525352478, "9": 0.7136403918266296, "10": 0.715376615524292, "11": 0.7123845219612122, "12": 0.7094855308532715, "13": 0.7138509750366211, "14": 0.7193996906280518, "15": 0.7227904796600342, "16": 0.710972011089325, "17": 0.7137575149536133, "18": 0.7138271927833557, "19": 0.72626131772995, "20": 0.7275258898735046, "21": 0.7319974303245544, "22": 0.7228171825408936, "23": 0.7146129608154297, "24": 0.7180585861206055, "25": 0.7137272357940674, "26": 0.7394376397132874, "27": 0.7121095657348633, "28": 0.7067826390266418, "29": 0.7158975601196289, "30": 0.7225598692893982, "31": 0.7166069149971008, "32": 0.7284572720527649, "33": 0.7246239185333252, "34": 0.733599841594696, "35": 0.7287748456001282, "36": 0.7225136756896973, "37": 0.7163047790527344, "38": 0.7152454853057861, "39": 0.7258040308952332, "40": 0.7280516028404236, "41": 0.729520320892334, "42": 0.729168713092804, "43": 0.7311158776283264, "44": 0.7305646538734436, "45": 0.7259326577186584, "46": 0.7295748591423035, "47": 0.7256982922554016, "48": 0.7323403358459473, "49": 0.7142086625099182, "50": 0.726980984210968, "51": 0.7234012484550476, "52": 0.7156873345375061, "53": 0.7046804428100586, "54": 0.7016539573669434, "55": 0.7141931056976318, "56": 0.7255504727363586, "57": 0.7190687656402588, "58": 0.7266945242881775, "59": 0.7235111594200134, "60": 0.7231164574623108, "61": 0.7239117622375488, "62": 0.7289788126945496, "63": 0.7199587225914001, "64": 0.7198023796081543, "65": 0.7237278819084167, "66": 0.723334789276123, "67": 0.7296819090843201, "68": 0.7247557640075684, "69": 0.7217752933502197, "70": 0.7235054969787598, "71": 0.7122676968574524, "72": 0.7287458777427673, "73": 0.7262198328971863, "74": 0.7224662899971008, "75": 0.72833251953125, "76": 0.7219000458717346, "77": 0.7158174514770508, "78": 0.7295796871185303, "79": 0.7158135771751404, "80": 0.7226763367652893}