{"1": 0.4948245882987976, "2": 0.4065265655517578, "3": 0.38164955377578735, "4": 0.3749259412288666, "5": 0.3650550842285156, "6": 0.3594498336315155, "7": 0.376351922750473, "8": 0.35324424505233765, "9": 0.3685843348503113, "10": 0.3632844388484955, "11": 0.36403852701187134, "12": 0.3893176019191742, "13": 0.3684479892253876, "14": 0.4015175700187683, "15": 0.37012913823127747, "16": 0.4099915027618408, "17": 0.42077428102493286, "18": 0.42875319719314575, "19": 0.4392366409301758, "20": 0.4441748261451721, "21": 0.4397098124027252, "22": 0.45315679907798767, "23": 0.4442223608493805, "24": 0.45346441864967346, "25": 0.4356096386909485, "26": 0.4663734436035156, "27": 0.46301761269569397, "28": 0.4556313455104828, "29": 0.4802009165287018, "30": 0.46396762132644653, "31": 0.4595288634300232, "32": 0.47913217544555664, "33": 0.48957204818725586, "34": 0.49749475717544556, "35": 0.5031425356864929, "36": 0.48843914270401, "37": 0.5514768958091736, "38": 0.4919465184211731, "39": 0.5326810479164124, "40": 0.49265751242637634, "41": 0.46602997183799744, "42": 0.4811769127845764, "43": 0.5275577902793884, "44": 0.5166532397270203, "45": 0.5293049216270447, "46": 0.45162639021873474, "47": 0.4708324372768402, "48": 0.48333629965782166, "49": 0.4837525486946106, "50": 0.49661654233932495, "51": 0.5153869390487671, "52": 0.543636679649353, "53": 0.5388717651367188, "54": 0.5565075278282166, "55": 0.5097593069076538, "56": 0.5472357273101807, "57": 0.4869295060634613, "58": 0.48689255118370056, "59": 0.46398282051086426, "60": 0.47560936212539673, "61": 0.5024831891059875, "62": 0.5118435621261597, "63": 0.5509299635887146, "64": 0.5585883259773254, "65": 0.5477163195610046, "66": 0.5457593202590942, "67": 0.5063969492912292, "68": 0.5511449575424194, "69": 0.5297854542732239, "70": 0.5333935618400574, "71": 0.5328599214553833, "72": 0.5625367760658264, "73": 0.5647215247154236, "74": 0.5852206945419312, "75": 0.5467345118522644, "76": 0.5590755939483643, "77": 0.5579119920730591, "78": 0.5670675039291382, "79": 0.5690861940383911, "80": 0.5837866067886353}