{"1": 0.5861138701438904, "2": 0.6208531260490417, "3": 0.6703687310218811, "4": 0.661083996295929, "5": 0.7041745781898499, "6": 0.6538159847259521, "7": 0.6698805689811707, "8": 0.6579170227050781, "9": 0.6329962611198425, "10": 0.6565424799919128, "11": 0.6643967628479004, "12": 0.6570203900337219, "13": 0.6516956686973572, "14": 0.6477513909339905, "15": 0.6720756888389587, "16": 0.644321858882904, "17": 0.6309624314308167, "18": 0.64877849817276, "19": 0.6256556510925293, "20": 0.671999454498291, "21": 0.6434206366539001, "22": 0.6438212990760803, "23": 0.6446974277496338, "24": 0.6434131860733032, "25": 0.6684445738792419, "26": 0.6206730008125305, "27": 0.640751302242279, "28": 0.6375935673713684, "29": 0.6716015338897705, "30": 0.6147049069404602, "31": 0.6668770909309387, "32": 0.6482933163642883, "33": 0.632422924041748, "34": 0.6369542479515076, "35": 0.6440443396568298, "36": 0.6462432742118835, "37": 0.6602359414100647, "38": 0.6450247168540955, "39": 0.6529344916343689, "40": 0.6555249691009521, "41": 0.6524283289909363, "42": 0.6562180519104004, "43": 0.6611049771308899, "44": 0.6815027594566345, "45": 0.6580308079719543, "46": 0.65180903673172, "47": 0.6433934569358826, "48": 0.6427815556526184, "49": 0.6222248077392578, "50": 0.6515229344367981, "51": 0.6318052411079407, "52": 0.6542662978172302, "53": 0.6371840834617615, "54": 0.623687744140625, "55": 0.6613227725028992, "56": 0.6328343749046326, "57": 0.6491479873657227, "58": 0.6439621448516846, "59": 0.6532421112060547, "60": 0.6607784628868103, "61": 0.6384672522544861, "62": 0.6501299738883972, "63": 0.6493306756019592, "64": 0.6483446955680847, "65": 0.6311600804328918, "66": 0.6689563393592834, "67": 0.6175312995910645, "68": 0.6279343962669373, "69": 0.6558231711387634, "70": 0.6324694752693176, "71": 0.6442185044288635, "72": 0.6410151124000549, "73": 0.6374320983886719, "74": 0.650021493434906, "75": 0.6307811737060547, "76": 0.6521482467651367, "77": 0.6407787799835205, "78": 0.6444465517997742, "79": 0.6454492211341858, "80": 0.6556217670440674}