{"1": 0.47732123732566833, "2": 0.44338759779930115, "3": 0.382742702960968, "4": 0.39849284291267395, "5": 0.3342418670654297, "6": 0.402247816324234, "7": 0.4215286374092102, "8": 0.4492418169975281, "9": 0.509804904460907, "10": 0.5011762380599976, "11": 0.4548359513282776, "12": 0.49027520418167114, "13": 0.5335648655891418, "14": 0.5554774403572083, "15": 0.5111492872238159, "16": 0.6031970977783203, "17": 0.6299616098403931, "18": 0.6086254119873047, "19": 0.6224874258041382, "20": 0.5828024744987488, "21": 0.5999934077262878, "22": 0.6572898030281067, "23": 0.6461066603660583, "24": 0.6875509023666382, "25": 0.6095386743545532, "26": 0.7292567491531372, "27": 0.7229284048080444, "28": 0.7446051836013794, "29": 0.6509171724319458, "30": 0.863564133644104, "31": 0.6205649971961975, "32": 0.6347211599349976, "33": 0.6954632997512817, "34": 0.7788882851600647, "35": 0.728191077709198, "36": 0.7458063364028931, "37": 0.6802796125411987, "38": 0.7418212890625, "39": 0.7854641675949097, "40": 0.6908234357833862, "41": 0.741661548614502, "42": 0.6966325044631958, "43": 0.697687566280365, "44": 0.6827694177627563, "45": 0.7409805059432983, "46": 0.779983401298523, "47": 0.7989261746406555, "48": 0.8219718933105469, "49": 0.882301926612854, "50": 0.7634690403938293, "51": 0.7541241645812988, "52": 0.7195924520492554, "53": 0.7477611303329468, "54": 0.8091136813163757, "55": 0.7152055501937866, "56": 0.870610237121582, "57": 0.7631086111068726, "58": 0.8632863759994507, "59": 0.7582637071609497, "60": 0.7813056707382202, "61": 0.8461492657661438, "62": 0.8314418792724609, "63": 0.8414033651351929, "64": 0.8518506288528442, "65": 0.8912041783332825, "66": 0.7354240417480469, "67": 0.8531032800674438, "68": 0.958220362663269, "69": 0.7112451791763306, "70": 0.9058229327201843, "71": 0.8598878979682922, "72": 0.9174521565437317, "73": 0.9470847249031067, "74": 0.9184824228286743, "75": 0.9817968606948853, "76": 0.866531491279602, "77": 0.9355000257492065, "78": 0.9329181909561157, "79": 0.9269326329231262, "80": 0.8881626129150391}