{"1": 0.6203736662864685, "2": 0.6822881102561951, "3": 0.6592115759849548, "4": 0.6780052185058594, "5": 0.6860790252685547, "6": 0.6823030114173889, "7": 0.6899940371513367, "8": 0.6622377038002014, "9": 0.6793100237846375, "10": 0.703169047832489, "11": 0.7148675918579102, "12": 0.6845255494117737, "13": 0.7115070223808289, "14": 0.6985281109809875, "15": 0.7167930006980896, "16": 0.6889808773994446, "17": 0.7132982611656189, "18": 0.6975345015525818, "19": 0.7175597548484802, "20": 0.7159109711647034, "21": 0.7086966633796692, "22": 0.7125473022460938, "23": 0.712726891040802, "24": 0.6902487874031067, "25": 0.7052884101867676, "26": 0.7192361950874329, "27": 0.7033147811889648, "28": 0.7055632472038269, "29": 0.7102933526039124, "30": 0.7244477868080139, "31": 0.7132943272590637, "32": 0.7151162624359131, "33": 0.7185578346252441, "34": 0.7128751873970032, "35": 0.7171528935432434, "36": 0.7051313519477844, "37": 0.6995059847831726, "38": 0.7118626236915588, "39": 0.704907238483429, "40": 0.6987969279289246, "41": 0.7061037421226501, "42": 0.7001760601997375, "43": 0.6919705867767334, "44": 0.7115148901939392, "45": 0.6946845054626465, "46": 0.7101089954376221, "47": 0.710690438747406, "48": 0.7050982117652893, "49": 0.7103128433227539, "50": 0.7017243504524231, "51": 0.7043961882591248, "52": 0.6986303925514221, "53": 0.708138644695282, "54": 0.713214099407196, "55": 0.7134785056114197, "56": 0.7068979144096375, "57": 0.691227912902832, "58": 0.7068045735359192, "59": 0.7098057270050049, "60": 0.6956493258476257, "61": 0.7029991149902344, "62": 0.6915264129638672, "63": 0.7054445147514343, "64": 0.7090352177619934, "65": 0.7151451110839844, "66": 0.7119672894477844, "67": 0.7172160744667053, "68": 0.7209987640380859, "69": 0.7056605219841003, "70": 0.7168073654174805, "71": 0.6979491710662842, "72": 0.7190546989440918, "73": 0.6962006688117981, "74": 0.7007989883422852, "75": 0.697364330291748, "76": 0.6998479962348938, "77": 0.6965916752815247, "78": 0.696203887462616, "79": 0.6978142261505127, "80": 0.6974814534187317}