{"1": 0.7471725344657898, "2": 0.7843100428581238, "3": 0.784217119216919, "4": 0.8092305660247803, "5": 0.7917090058326721, "6": 0.8014273047447205, "7": 0.7828593850135803, "8": 0.7992245554924011, "9": 0.8082217574119568, "10": 0.811229407787323, "11": 0.8223803639411926, "12": 0.8093416690826416, "13": 0.8107385635375977, "14": 0.8117750287055969, "15": 0.8061697483062744, "16": 0.8138740658760071, "17": 0.8113064169883728, "18": 0.8197219967842102, "19": 0.8131682872772217, "20": 0.8056510090827942, "21": 0.7994102835655212, "22": 0.8138701319694519, "23": 0.8228805661201477, "24": 0.8165059685707092, "25": 0.8157298564910889, "26": 0.8140161633491516, "27": 0.8152155876159668, "28": 0.8240284323692322, "29": 0.8054583072662354, "30": 0.8062270283699036, "31": 0.8069044947624207, "32": 0.8157968521118164, "33": 0.8064794540405273, "34": 0.8237093091011047, "35": 0.7976865768432617, "36": 0.8262317180633545, "37": 0.8177582621574402, "38": 0.8212068676948547, "39": 0.8095328211784363, "40": 0.8323166966438293, "41": 0.8202129006385803, "42": 0.8224226832389832, "43": 0.8164172768592834, "44": 0.8087436556816101, "45": 0.8078317642211914, "46": 0.8077630996704102, "47": 0.8211497664451599, "48": 0.8197532296180725, "49": 0.809191882610321, "50": 0.8046910166740417, "51": 0.8122291564941406, "52": 0.8106115460395813, "53": 0.8214289546012878, "54": 0.8109173774719238, "55": 0.8206186294555664, "56": 0.8207022547721863, "57": 0.8229815363883972, "58": 0.8238251805305481, "59": 0.8309772610664368, "60": 0.805766761302948, "61": 0.8169131875038147, "62": 0.8187372088432312, "63": 0.8230819702148438, "64": 0.8160414695739746, "65": 0.8215940594673157, "66": 0.8064424395561218, "67": 0.8222730159759521, "68": 0.8245623111724854, "69": 0.823826789855957, "70": 0.8306069374084473, "71": 0.8241891860961914, "72": 0.8232628703117371, "73": 0.8186917304992676, "74": 0.8179323077201843, "75": 0.8173112869262695, "76": 0.8172724843025208, "77": 0.8214808106422424, "78": 0.8233757019042969, "79": 0.8338925838470459, "80": 0.8078760504722595}