{"1": 0.7554416656494141, "2": 0.7861776947975159, "3": 0.8166954517364502, "4": 0.7973541617393494, "5": 0.8282355666160583, "6": 0.8004811406135559, "7": 0.8180133700370789, "8": 0.808915913105011, "9": 0.7961533069610596, "10": 0.7971522808074951, "11": 0.8093751072883606, "12": 0.8063702583312988, "13": 0.8001918792724609, "14": 0.7905800938606262, "15": 0.8155563473701477, "16": 0.7972396016120911, "17": 0.783220112323761, "18": 0.794775664806366, "19": 0.7807290554046631, "20": 0.8214274048805237, "21": 0.7922945618629456, "22": 0.7952759861946106, "23": 0.8032476305961609, "24": 0.7941578030586243, "25": 0.8080177307128906, "26": 0.7736174464225769, "27": 0.7914185523986816, "28": 0.7959890961647034, "29": 0.8085554242134094, "30": 0.7839348316192627, "31": 0.7928844094276428, "32": 0.8028457164764404, "33": 0.7916984558105469, "34": 0.7945017218589783, "35": 0.7939652800559998, "36": 0.7968894839286804, "37": 0.8011684417724609, "38": 0.7978677749633789, "39": 0.8071154952049255, "40": 0.7973576188087463, "41": 0.7968103289604187, "42": 0.7959156036376953, "43": 0.8035988211631775, "44": 0.8230271339416504, "45": 0.8092017769813538, "46": 0.807652473449707, "47": 0.7910313606262207, "48": 0.794201135635376, "49": 0.7783453464508057, "50": 0.7970998883247375, "51": 0.779837429523468, "52": 0.8025819659233093, "53": 0.7856860756874084, "54": 0.7793400883674622, "55": 0.8036549687385559, "56": 0.7883340716362, "57": 0.8014690279960632, "58": 0.7980589866638184, "59": 0.8059435486793518, "60": 0.8057336211204529, "61": 0.7886224389076233, "62": 0.8027649521827698, "63": 0.7960475087165833, "64": 0.801914393901825, "65": 0.7813332676887512, "66": 0.8073968887329102, "67": 0.7732930183410645, "68": 0.7955542206764221, "69": 0.800998866558075, "70": 0.7911343574523926, "71": 0.7976614832878113, "72": 0.7957648634910583, "73": 0.7964868545532227, "74": 0.8035731911659241, "75": 0.7902666926383972, "76": 0.8023025393486023, "77": 0.7888653874397278, "78": 0.8022254109382629, "79": 0.7969100475311279, "80": 0.8107230067253113}