{"1": 0.4542158246040344, "2": 0.3681889474391937, "3": 0.33943596482276917, "4": 0.32370156049728394, "5": 0.3316037952899933, "6": 0.31608718633651733, "7": 0.3267669677734375, "8": 0.31939607858657837, "9": 0.31160447001457214, "10": 0.31895992159843445, "11": 0.3226873576641083, "12": 0.32749372720718384, "13": 0.34965142607688904, "14": 0.34229403734207153, "15": 0.34771621227264404, "16": 0.3343934416770935, "17": 0.3390529453754425, "18": 0.32635435461997986, "19": 0.3552427887916565, "20": 0.37006208300590515, "21": 0.4059893488883972, "22": 0.3690382242202759, "23": 0.34752416610717773, "24": 0.39359986782073975, "25": 0.3796522319316864, "26": 0.381320983171463, "27": 0.40534329414367676, "28": 0.3846825957298279, "29": 0.39833587408065796, "30": 0.40271249413490295, "31": 0.42198634147644043, "32": 0.4068271219730377, "33": 0.4208742678165436, "34": 0.36591294407844543, "35": 0.46631795167922974, "36": 0.4236311912536621, "37": 0.4131104052066803, "38": 0.4176018238067627, "39": 0.46603426337242126, "40": 0.3783433139324188, "41": 0.41241344809532166, "42": 0.3918899893760681, "43": 0.40165290236473083, "44": 0.42445915937423706, "45": 0.4467410147190094, "46": 0.4429945945739746, "47": 0.45543256402015686, "48": 0.46538519859313965, "49": 0.4731563925743103, "50": 0.4637559950351715, "51": 0.4436364769935608, "52": 0.4757274091243744, "53": 0.47299724817276, "54": 0.4829915165901184, "55": 0.5066552758216858, "56": 0.46072596311569214, "57": 0.46740850806236267, "58": 0.4599217474460602, "59": 0.44486504793167114, "60": 0.5365041494369507, "61": 0.42082005739212036, "62": 0.49145254492759705, "63": 0.4453161656856537, "64": 0.48812437057495117, "65": 0.4785660207271576, "66": 0.5258421897888184, "67": 0.46994537115097046, "68": 0.4699949622154236, "69": 0.5104079246520996, "70": 0.4343124032020569, "71": 0.437893807888031, "72": 0.47989630699157715, "73": 0.4917345941066742, "74": 0.5172743201255798, "75": 0.5099760293960571, "76": 0.46479177474975586, "77": 0.5072529315948486, "78": 0.48065200448036194, "79": 0.444328635931015, "80": 0.5665806531906128}