{"1": 0.578113853931427, "2": 0.6643735766410828, "3": 0.6730605959892273, "4": 0.6780841946601868, "5": 0.6857526302337646, "6": 0.6883059144020081, "7": 0.6871007084846497, "8": 0.7011909484863281, "9": 0.7040554881095886, "10": 0.7032365798950195, "11": 0.7050366401672363, "12": 0.7015151977539062, "13": 0.7154724597930908, "14": 0.7105106711387634, "15": 0.7281726002693176, "16": 0.7188032269477844, "17": 0.7100221514701843, "18": 0.7077133059501648, "19": 0.7110603451728821, "20": 0.6930674910545349, "21": 0.7122454643249512, "22": 0.7064028382301331, "23": 0.7192447781562805, "24": 0.7186920046806335, "25": 0.7280519008636475, "26": 0.7065122723579407, "27": 0.7142560482025146, "28": 0.7219178080558777, "29": 0.7165605425834656, "30": 0.7212685942649841, "31": 0.7274457812309265, "32": 0.7106158137321472, "33": 0.7214428782463074, "34": 0.7082006931304932, "35": 0.7131237387657166, "36": 0.7188010811805725, "37": 0.6907021403312683, "38": 0.7164372801780701, "39": 0.7090936303138733, "40": 0.7145864963531494, "41": 0.7291328310966492, "42": 0.7299657464027405, "43": 0.7120351791381836, "44": 0.7169529795646667, "45": 0.7182901501655579, "46": 0.7088727951049805, "47": 0.7210297584533691, "48": 0.7296831607818604, "49": 0.7208166122436523, "50": 0.7253169417381287, "51": 0.7161088585853577, "52": 0.7170543670654297, "53": 0.7187647223472595, "54": 0.7182488441467285, "55": 0.7224891781806946, "56": 0.7000710368156433, "57": 0.7001800537109375, "58": 0.7090306282043457, "59": 0.7214522361755371, "60": 0.7241716384887695, "61": 0.7211765646934509, "62": 0.7234715819358826, "63": 0.7178218364715576, "64": 0.7170326709747314, "65": 0.7182855010032654, "66": 0.7177929282188416, "67": 0.729974091053009, "68": 0.7180787920951843, "69": 0.7275524139404297, "70": 0.7267600893974304, "71": 0.7295870780944824, "72": 0.7180853486061096, "73": 0.72218257188797, "74": 0.7205175757408142, "75": 0.7260779738426208, "76": 0.7213811874389648, "77": 0.7188720703125, "78": 0.7245578169822693, "79": 0.7167178988456726, "80": 0.7109104990959167}