{"1": 0.6073035597801208, "2": 0.6672351956367493, "3": 0.6674067378044128, "4": 0.6944298148155212, "5": 0.6742451190948486, "6": 0.6834583282470703, "7": 0.667698085308075, "8": 0.684276282787323, "9": 0.698894739151001, "10": 0.7019071578979492, "11": 0.7085322737693787, "12": 0.7022321224212646, "13": 0.6992480158805847, "14": 0.7023098468780518, "15": 0.6984161734580994, "16": 0.7100908160209656, "17": 0.7040574550628662, "18": 0.7226529717445374, "19": 0.7026718258857727, "20": 0.7007123827934265, "21": 0.6934865117073059, "22": 0.7113339304924011, "23": 0.7218915820121765, "24": 0.7093731760978699, "25": 0.7125968933105469, "26": 0.7141907811164856, "27": 0.7041399478912354, "28": 0.7218826413154602, "29": 0.7076912522315979, "30": 0.7041676640510559, "31": 0.6998241543769836, "32": 0.7136504054069519, "33": 0.7011132836341858, "34": 0.7249954342842102, "35": 0.6902973651885986, "36": 0.7175135612487793, "37": 0.711627721786499, "38": 0.7200133800506592, "39": 0.7059555053710938, "40": 0.7315991520881653, "41": 0.7154855132102966, "42": 0.7203555703163147, "43": 0.713024377822876, "44": 0.7082840800285339, "45": 0.7056429982185364, "46": 0.7009525299072266, "47": 0.7213463187217712, "48": 0.7116846442222595, "49": 0.6982672214508057, "50": 0.7004026770591736, "51": 0.7078484892845154, "52": 0.7082295417785645, "53": 0.714364767074585, "54": 0.7063296437263489, "55": 0.7163057923316956, "56": 0.7163158059120178, "57": 0.7195422053337097, "58": 0.7249751091003418, "59": 0.7330758571624756, "60": 0.6999171376228333, "61": 0.7146161198616028, "62": 0.7082462310791016, "63": 0.7229304313659668, "64": 0.7123062014579773, "65": 0.7172810435295105, "66": 0.7015390992164612, "67": 0.7237956523895264, "68": 0.723152220249176, "69": 0.7146822810173035, "70": 0.7323983311653137, "71": 0.728755533695221, "72": 0.7242363095283508, "73": 0.7219004034996033, "74": 0.7139751315116882, "75": 0.7160876393318176, "76": 0.7180296778678894, "77": 0.7149364948272705, "78": 0.7119693160057068, "79": 0.7348659634590149, "80": 0.696488082408905}