{"1": 0.7064853310585022, "2": 0.7805323600769043, "3": 0.7844933867454529, "4": 0.789134681224823, "5": 0.7986962199211121, "6": 0.8000929951667786, "7": 0.7953555583953857, "8": 0.8101875185966492, "9": 0.8148189187049866, "10": 0.8106551170349121, "11": 0.8168997764587402, "12": 0.8091403841972351, "13": 0.8209059834480286, "14": 0.820605456829071, "15": 0.8337011337280273, "16": 0.8236874938011169, "17": 0.8227360248565674, "18": 0.8140218257904053, "19": 0.819387674331665, "20": 0.8007002472877502, "21": 0.8202710151672363, "22": 0.8214569687843323, "23": 0.827781617641449, "24": 0.8253169059753418, "25": 0.8288335204124451, "26": 0.8120506405830383, "27": 0.8176246285438538, "28": 0.8247384428977966, "29": 0.8224058151245117, "30": 0.8312984108924866, "31": 0.8308666348457336, "32": 0.8164001107215881, "33": 0.8294051289558411, "34": 0.8172714710235596, "35": 0.8194248676300049, "36": 0.8233645558357239, "37": 0.8010666966438293, "38": 0.8210431933403015, "39": 0.8102715015411377, "40": 0.8191585540771484, "41": 0.8305997252464294, "42": 0.8299093246459961, "43": 0.8137324452400208, "44": 0.8192302584648132, "45": 0.8218262791633606, "46": 0.8202821612358093, "47": 0.8243435025215149, "48": 0.8369020819664001, "49": 0.8209478259086609, "50": 0.8298437595367432, "51": 0.8203485012054443, "52": 0.8189711570739746, "53": 0.8210331797599792, "54": 0.828798770904541, "55": 0.8257367610931396, "56": 0.8129926323890686, "57": 0.8119175434112549, "58": 0.8164289593696594, "59": 0.8248574137687683, "60": 0.8280432224273682, "61": 0.8235266208648682, "62": 0.8266127705574036, "63": 0.8222708702087402, "64": 0.8257441520690918, "65": 0.8224156498908997, "66": 0.8219313025474548, "67": 0.8315197825431824, "68": 0.8212880492210388, "69": 0.8285061717033386, "70": 0.8283290863037109, "71": 0.8351411819458008, "72": 0.822274386882782, "73": 0.825901985168457, "74": 0.8268964886665344, "75": 0.8294258117675781, "76": 0.8243897557258606, "77": 0.8274030089378357, "78": 0.8279598355293274, "79": 0.8199897408485413, "80": 0.8150061964988708}