{"1": 0.44110187888145447, "2": 0.38111305236816406, "3": 0.42159977555274963, "4": 0.35678020119667053, "5": 0.352691113948822, "6": 0.3335919678211212, "7": 0.3403638005256653, "8": 0.33934637904167175, "9": 0.33256927132606506, "10": 0.3252580463886261, "11": 0.3447491526603699, "12": 0.3378602862358093, "13": 0.32906463742256165, "14": 0.3356630206108093, "15": 0.33744320273399353, "16": 0.32639873027801514, "17": 0.31218987703323364, "18": 0.33335840702056885, "19": 0.33255231380462646, "20": 0.34600454568862915, "21": 0.3128124177455902, "22": 0.31389105319976807, "23": 0.34368768334388733, "24": 0.32187575101852417, "25": 0.31962960958480835, "26": 0.3372376561164856, "27": 0.30963072180747986, "28": 0.3243318200111389, "29": 0.38136598467826843, "30": 0.32358166575431824, "31": 0.3111088275909424, "32": 0.31083744764328003, "33": 0.3368503451347351, "34": 0.33332642912864685, "35": 0.3642440140247345, "36": 0.32663530111312866, "37": 0.32980677485466003, "38": 0.3147262930870056, "39": 0.31337907910346985, "40": 0.3036547303199768, "41": 0.3044587969779968, "42": 0.35869693756103516, "43": 0.3291195034980774, "44": 0.32210224866867065, "45": 0.3193095028400421, "46": 0.3055902421474457, "47": 0.3598799705505371, "48": 0.3253365755081177, "49": 0.321113258600235, "50": 0.31620991230010986, "51": 0.30687814950942993, "52": 0.31966647505760193, "53": 0.33521923422813416, "54": 0.31685537099838257, "55": 0.33459192514419556, "56": 0.2991676926612854, "57": 0.31004807353019714, "58": 0.3279000520706177, "59": 0.30602914094924927, "60": 0.30039945244789124, "61": 0.3265020251274109, "62": 0.30063480138778687, "63": 0.29634904861450195, "64": 0.3053119480609894, "65": 0.30480480194091797, "66": 0.3215084373950958, "67": 0.3061496615409851, "68": 0.3013588786125183, "69": 0.31381955742836, "70": 0.3023587465286255, "71": 0.30681362748146057, "72": 0.3094700276851654, "73": 0.3316265940666199, "74": 0.3114219307899475, "75": 0.3385187089443207, "76": 0.32922127842903137, "77": 0.31554529070854187, "78": 0.3099591135978699, "79": 0.32656848430633545, "80": 0.30089372396469116}