{"1": 0.4551149904727936, "2": 0.3477340042591095, "3": 0.32421597838401794, "4": 0.3046373724937439, "5": 0.29163965582847595, "6": 0.27534621953964233, "7": 0.2757014036178589, "8": 0.26820844411849976, "9": 0.24978205561637878, "10": 0.2662585377693176, "11": 0.2498801201581955, "12": 0.24381127953529358, "13": 0.23830433189868927, "14": 0.2505386173725128, "15": 0.23859629034996033, "16": 0.22693395614624023, "17": 0.2268064022064209, "18": 0.23599521815776825, "19": 0.23369595408439636, "20": 0.22853019833564758, "21": 0.22204232215881348, "22": 0.22601079940795898, "23": 0.22500351071357727, "24": 0.23252856731414795, "25": 0.22921967506408691, "26": 0.22368314862251282, "27": 0.2336806058883667, "28": 0.23852741718292236, "29": 0.2240736484527588, "30": 0.2449434995651245, "31": 0.2268267124891281, "32": 0.22810617089271545, "33": 0.27832359075546265, "34": 0.23493900895118713, "35": 0.24613597989082336, "36": 0.2520049512386322, "37": 0.24131008982658386, "38": 0.25373899936676025, "39": 0.24065768718719482, "40": 0.23709818720817566, "41": 0.23235368728637695, "42": 0.23828522861003876, "43": 0.258417010307312, "44": 0.23582987487316132, "45": 0.23858627676963806, "46": 0.24116671085357666, "47": 0.2401444911956787, "48": 0.23356647789478302, "49": 0.25236624479293823, "50": 0.2486448734998703, "51": 0.2539827823638916, "52": 0.23798052966594696, "53": 0.2598484754562378, "54": 0.27237647771835327, "55": 0.2457006424665451, "56": 0.23972471058368683, "57": 0.23866403102874756, "58": 0.2368738204240799, "59": 0.25560271739959717, "60": 0.2385118007659912, "61": 0.23905345797538757, "62": 0.2485165148973465, "63": 0.3324487805366516, "64": 0.24685418605804443, "65": 0.24729017913341522, "66": 0.24064815044403076, "67": 0.25189369916915894, "68": 0.2551814615726471, "69": 0.2465590238571167, "70": 0.262380450963974, "71": 0.24916556477546692, "72": 0.2486545294523239, "73": 0.2589402198791504, "74": 0.26931414008140564, "75": 0.24090576171875, "76": 0.27293306589126587, "77": 0.24810650944709778, "78": 0.260958731174469, "79": 0.23719599843025208, "80": 0.290534645318985}