{"1": 0.6358299255371094, "2": 0.6524221897125244, "3": 0.6522015929222107, "4": 0.6851754784584045, "5": 0.6760029792785645, "6": 0.6931427121162415, "7": 0.7108086943626404, "8": 0.7081496715545654, "9": 0.6503392457962036, "10": 0.7112640738487244, "11": 0.702050507068634, "12": 0.6879299283027649, "13": 0.7320625185966492, "14": 0.7283527851104736, "15": 0.6468191146850586, "16": 0.712158739566803, "17": 0.7235962748527527, "18": 0.7209606766700745, "19": 0.6987111568450928, "20": 0.684288501739502, "21": 0.7461499571800232, "22": 0.6967523694038391, "23": 0.6968004107475281, "24": 0.6967398524284363, "25": 0.7062875628471375, "26": 0.7409589290618896, "27": 0.7173107266426086, "28": 0.722022294998169, "29": 0.6995798945426941, "30": 0.727160632610321, "31": 0.6996557116508484, "32": 0.6715473532676697, "33": 0.7369871139526367, "34": 0.7291256785392761, "35": 0.7250940203666687, "36": 0.7228646278381348, "37": 0.7081820368766785, "38": 0.7295904755592346, "39": 0.7125566601753235, "40": 0.7477259039878845, "41": 0.746211051940918, "42": 0.6997827887535095, "43": 0.7469885945320129, "44": 0.7209875583648682, "45": 0.7338776588439941, "46": 0.6961908936500549, "47": 0.7175409197807312, "48": 0.7482917904853821, "49": 0.7389154434204102, "50": 0.7071205973625183, "51": 0.7182013988494873, "52": 0.7294302582740784, "53": 0.7230603098869324, "54": 0.7080294489860535, "55": 0.7340011596679688, "56": 0.6907919049263, "57": 0.6909740567207336, "58": 0.7278863787651062, "59": 0.6845313906669617, "60": 0.7238588333129883, "61": 0.7459049224853516, "62": 0.7425403594970703, "63": 0.709627628326416, "64": 0.7187588214874268, "65": 0.6872040629386902, "66": 0.7139053344726562, "67": 0.7240980267524719, "68": 0.7533276081085205, "69": 0.7173148989677429, "70": 0.7219130992889404, "71": 0.744066059589386, "72": 0.7108149528503418, "73": 0.7135108113288879, "74": 0.7143824100494385, "75": 0.7086827158927917, "76": 0.7413673996925354, "77": 0.6915972232818604, "78": 0.7340587973594666, "79": 0.7401731610298157, "80": 0.6661466956138611}