{"1": 0.40829968452453613, "2": 0.34040534496307373, "3": 0.34620657563209534, "4": 0.30975842475891113, "5": 0.30600327253341675, "6": 0.29844266176223755, "7": 0.2833351790904999, "8": 0.27764609456062317, "9": 0.3567957282066345, "10": 0.27876925468444824, "11": 0.2771604061126709, "12": 0.3203892111778259, "13": 0.2479226291179657, "14": 0.2564050853252411, "15": 0.34183093905448914, "16": 0.2753506302833557, "17": 0.2704908847808838, "18": 0.2681332230567932, "19": 0.2911090850830078, "20": 0.32530146837234497, "21": 0.23940527439117432, "22": 0.2961834669113159, "23": 0.29842305183410645, "24": 0.2923693358898163, "25": 0.29095664620399475, "26": 0.24712832272052765, "27": 0.2759488523006439, "28": 0.2601665258407593, "29": 0.2871600091457367, "30": 0.2562459111213684, "31": 0.2962949573993683, "32": 0.3289645314216614, "33": 0.2504516541957855, "34": 0.2759648859500885, "35": 0.26511114835739136, "36": 0.2661846876144409, "37": 0.29634806513786316, "38": 0.267098605632782, "39": 0.2945975661277771, "40": 0.24335090816020966, "41": 0.24470464885234833, "42": 0.32534220814704895, "43": 0.2449382096529007, "44": 0.2587600350379944, "45": 0.26204580068588257, "46": 0.29842519760131836, "47": 0.278419554233551, "48": 0.24287469685077667, "49": 0.25203225016593933, "50": 0.2884497046470642, "51": 0.30278337001800537, "52": 0.2778051197528839, "53": 0.2751440703868866, "54": 0.2868570387363434, "55": 0.247760608792305, "56": 0.31858396530151367, "57": 0.3683781027793884, "58": 0.27733558416366577, "59": 0.33206290006637573, "60": 0.28447017073631287, "61": 0.25050511956214905, "62": 0.23986342549324036, "63": 0.28245335817337036, "64": 0.2777746319770813, "65": 0.3295753598213196, "66": 0.30451470613479614, "67": 0.2710954546928406, "68": 0.2547788619995117, "69": 0.2852168381214142, "70": 0.2771269679069519, "71": 0.2585424780845642, "72": 0.29365068674087524, "73": 0.3056130111217499, "74": 0.3006457984447479, "75": 0.27218037843704224, "76": 0.2653932571411133, "77": 0.3167342245578766, "78": 0.2667948305606842, "79": 0.24316731095314026, "80": 0.32945480942726135}