{"1": 0.7470676302909851, "2": 0.7672378420829773, "3": 0.7537491917610168, "4": 0.7763965725898743, "5": 0.7838671803474426, "6": 0.7929956912994385, "7": 0.7849634289741516, "8": 0.7876946330070496, "9": 0.7942050099372864, "10": 0.7932794690132141, "11": 0.7851905822753906, "12": 0.7837058901786804, "13": 0.8006405234336853, "14": 0.7906389236450195, "15": 0.802212655544281, "16": 0.790551483631134, "17": 0.8112700581550598, "18": 0.7937228679656982, "19": 0.7913557887077332, "20": 0.804009735584259, "21": 0.8120601773262024, "22": 0.8076106905937195, "23": 0.7869181632995605, "24": 0.8073933124542236, "25": 0.8040146827697754, "26": 0.7922409176826477, "27": 0.8088555932044983, "28": 0.8052161335945129, "29": 0.7843671441078186, "30": 0.8152078986167908, "31": 0.8117664456367493, "32": 0.816229522228241, "33": 0.8028774857521057, "34": 0.8128579258918762, "35": 0.7909627556800842, "36": 0.8030121326446533, "37": 0.8086830973625183, "38": 0.8252449035644531, "39": 0.8192564845085144, "40": 0.8247032165527344, "41": 0.817441999912262, "42": 0.7942463755607605, "43": 0.7967377305030823, "44": 0.8180541396141052, "45": 0.81224125623703, "46": 0.8196370601654053, "47": 0.7815315127372742, "48": 0.8104178309440613, "49": 0.8175344467163086, "50": 0.8080412745475769, "51": 0.8282223343849182, "52": 0.820936381816864, "53": 0.8151671290397644, "54": 0.8094773292541504, "55": 0.8063144683837891, "56": 0.8270463347434998, "57": 0.8276469111442566, "58": 0.8104307055473328, "59": 0.821662962436676, "60": 0.826503574848175, "61": 0.819140613079071, "62": 0.825402557849884, "63": 0.8295131325721741, "64": 0.8249347805976868, "65": 0.8245530724525452, "66": 0.8145611882209778, "67": 0.8272885680198669, "68": 0.8213711380958557, "69": 0.8177985548973083, "70": 0.8277063369750977, "71": 0.8237216472625732, "72": 0.8315413594245911, "73": 0.8080611228942871, "74": 0.8163295388221741, "75": 0.7991321086883545, "76": 0.8125953078269958, "77": 0.8142303824424744, "78": 0.8311975002288818, "79": 0.8244081139564514, "80": 0.8287236094474792}