{"1": 0.6650893688201904, "2": 0.7134299278259277, "3": 0.7560141682624817, "4": 0.7801058888435364, "5": 0.7932913899421692, "6": 0.7935905456542969, "7": 0.8092875480651855, "8": 0.7881885170936584, "9": 0.8051204085350037, "10": 0.8088231086730957, "11": 0.8079769015312195, "12": 0.817474901676178, "13": 0.8074516654014587, "14": 0.8151531219482422, "15": 0.7965717315673828, "16": 0.7937625050544739, "17": 0.8278339505195618, "18": 0.8213420510292053, "19": 0.8263372778892517, "20": 0.8143443465232849, "21": 0.8272964954376221, "22": 0.8117147088050842, "23": 0.8196273446083069, "24": 0.8208486437797546, "25": 0.8236608505249023, "26": 0.8158478736877441, "27": 0.8205950260162354, "28": 0.8315652012825012, "29": 0.8367467522621155, "30": 0.8204576373100281, "31": 0.8178630471229553, "32": 0.8104333281517029, "33": 0.8182153701782227, "34": 0.8344743251800537, "35": 0.826487123966217, "36": 0.8278762698173523, "37": 0.7860586047172546, "38": 0.8351144790649414, "39": 0.8308115005493164, "40": 0.8314983248710632, "41": 0.818821907043457, "42": 0.8230953812599182, "43": 0.8246433138847351, "44": 0.8353939056396484, "45": 0.8432984948158264, "46": 0.8315094113349915, "47": 0.8409773707389832, "48": 0.8434811234474182, "49": 0.8198758959770203, "50": 0.8294923901557922, "51": 0.8369941711425781, "52": 0.836854875087738, "53": 0.8355957865715027, "54": 0.8412794470787048, "55": 0.8292573094367981, "56": 0.8368939757347107, "57": 0.8238021731376648, "58": 0.8424806594848633, "59": 0.8341655731201172, "60": 0.8148079514503479, "61": 0.8315330147743225, "62": 0.839529275894165, "63": 0.8328184485435486, "64": 0.8409883975982666, "65": 0.8307526707649231, "66": 0.8440396785736084, "67": 0.8350870609283447, "68": 0.8403567671775818, "69": 0.8240689635276794, "70": 0.8293452858924866, "71": 0.8374848365783691, "72": 0.8328935503959656, "73": 0.8297615647315979, "74": 0.8445071578025818, "75": 0.8344528675079346, "76": 0.8199182152748108, "77": 0.8302531838417053, "78": 0.8327136039733887, "79": 0.836020290851593, "80": 0.8374565243721008}