{"1": 0.6264688968658447, "2": 0.6386504173278809, "3": 0.6183241605758667, "4": 0.6626781821250916, "5": 0.6650781631469727, "6": 0.6814300417900085, "7": 0.6700946688652039, "8": 0.6734156608581543, "9": 0.6834942698478699, "10": 0.6825756430625916, "11": 0.6724700927734375, "12": 0.665194034576416, "13": 0.6874666213989258, "14": 0.6689715385437012, "15": 0.6811855435371399, "16": 0.6822115778923035, "17": 0.7009096741676331, "18": 0.6750760674476624, "19": 0.6772706508636475, "20": 0.6899120211601257, "21": 0.7053790092468262, "22": 0.6968294978141785, "23": 0.675161600112915, "24": 0.7015084624290466, "25": 0.6947024464607239, "26": 0.6793136596679688, "27": 0.7021729946136475, "28": 0.7002026438713074, "29": 0.6609270572662354, "30": 0.7040228247642517, "31": 0.7052984833717346, "32": 0.7094346880912781, "33": 0.6826438903808594, "34": 0.6979852318763733, "35": 0.6682416796684265, "36": 0.6959571242332458, "37": 0.6980063319206238, "38": 0.7136785984039307, "39": 0.7112917900085449, "40": 0.7180207371711731, "41": 0.7108718752861023, "42": 0.6767017245292664, "43": 0.6893191337585449, "44": 0.7109715342521667, "45": 0.6988492012023926, "46": 0.7114787101745605, "47": 0.6559974551200867, "48": 0.6992106437683105, "49": 0.7071676254272461, "50": 0.7041735053062439, "51": 0.7263512015342712, "52": 0.7152147889137268, "53": 0.7091764807701111, "54": 0.6988849639892578, "55": 0.6941917538642883, "56": 0.7204685807228088, "57": 0.718061625957489, "58": 0.6935740113258362, "59": 0.7145695686340332, "60": 0.7245374321937561, "61": 0.7091785073280334, "62": 0.7195477485656738, "63": 0.7222238183021545, "64": 0.7242301106452942, "65": 0.7165958881378174, "66": 0.7029609084129333, "67": 0.7253024578094482, "68": 0.7199892997741699, "69": 0.7113068699836731, "70": 0.7234299182891846, "71": 0.7173963189125061, "72": 0.7297513484954834, "73": 0.700255811214447, "74": 0.7100943922996521, "75": 0.681143581867218, "76": 0.69847172498703, "77": 0.7038905024528503, "78": 0.7303562164306641, "79": 0.7121272087097168, "80": 0.718566358089447}