{"1": 0.6133389472961426, "2": 0.659707248210907, "3": 0.6787782311439514, "4": 0.6639737486839294, "5": 0.6751044392585754, "6": 0.6777979731559753, "7": 0.6807947158813477, "8": 0.688640832901001, "9": 0.7045479416847229, "10": 0.6774458289146423, "11": 0.6872790455818176, "12": 0.7048368453979492, "13": 0.692615270614624, "14": 0.6922592520713806, "15": 0.6950179934501648, "16": 0.7105161547660828, "17": 0.7038549780845642, "18": 0.6775269508361816, "19": 0.7044572234153748, "20": 0.700603187084198, "21": 0.7058091163635254, "22": 0.701066255569458, "23": 0.7026410102844238, "24": 0.6983053088188171, "25": 0.7090889811515808, "26": 0.714192807674408, "27": 0.6972687244415283, "28": 0.694608747959137, "29": 0.705448567867279, "30": 0.6860682368278503, "31": 0.7049677968025208, "32": 0.7055718302726746, "33": 0.6393483281135559, "34": 0.6955695748329163, "35": 0.6834595203399658, "36": 0.6632449626922607, "37": 0.6897034049034119, "38": 0.6632126569747925, "39": 0.682205855846405, "40": 0.6957582831382751, "41": 0.6996319890022278, "42": 0.6878610253334045, "43": 0.6892268061637878, "44": 0.7076447606086731, "45": 0.7007074952125549, "46": 0.6989497542381287, "47": 0.7027547359466553, "48": 0.6947424411773682, "49": 0.6825666427612305, "50": 0.6900574564933777, "51": 0.6834971308708191, "52": 0.6945338249206543, "53": 0.6645105481147766, "54": 0.6861815452575684, "55": 0.6845033168792725, "56": 0.6927655339241028, "57": 0.7018351554870605, "58": 0.7058027386665344, "59": 0.6740498542785645, "60": 0.6904379725456238, "61": 0.6956079602241516, "62": 0.6902816891670227, "63": 0.6204678416252136, "64": 0.6975383162498474, "65": 0.6940269470214844, "66": 0.7022673487663269, "67": 0.6821076273918152, "68": 0.6847501397132874, "69": 0.6990611553192139, "70": 0.6829237937927246, "71": 0.6936835646629333, "72": 0.7038979530334473, "73": 0.6814311146736145, "74": 0.6665734648704529, "75": 0.7054956555366516, "76": 0.6914849877357483, "77": 0.69354248046875, "78": 0.6957046389579773, "79": 0.7066960334777832, "80": 0.650585412979126}