{"1": 0.5254577398300171, "2": 0.49145784974098206, "3": 0.4406169354915619, "4": 0.4032514989376068, "5": 0.3728221654891968, "6": 0.36782321333885193, "7": 0.36942046880722046, "8": 0.36886972188949585, "9": 0.3761497437953949, "10": 0.34300586581230164, "11": 0.3505668342113495, "12": 0.3620186448097229, "13": 0.3268777132034302, "14": 0.32561710476875305, "15": 0.3305562436580658, "16": 0.3223733603954315, "17": 0.35193681716918945, "18": 0.33826398849487305, "19": 0.33959487080574036, "20": 0.3172670006752014, "21": 0.33087196946144104, "22": 0.36550772190093994, "23": 0.35440707206726074, "24": 0.33449673652648926, "25": 0.3159709870815277, "26": 0.37573593854904175, "27": 0.3123444616794586, "28": 0.33531126379966736, "29": 0.365510493516922, "30": 0.3305742144584656, "31": 0.3335459232330322, "32": 0.3330703377723694, "33": 0.35740381479263306, "34": 0.3690336048603058, "35": 0.3103369176387787, "36": 0.31531813740730286, "37": 0.37126776576042175, "38": 0.29538604617118835, "39": 0.33012479543685913, "40": 0.32398295402526855, "41": 0.309608519077301, "42": 0.3077257573604584, "43": 0.3307831883430481, "44": 0.33486098051071167, "45": 0.28378772735595703, "46": 0.3464955985546112, "47": 0.2989974617958069, "48": 0.3270362317562103, "49": 0.31152769923210144, "50": 0.2880544662475586, "51": 0.30973291397094727, "52": 0.2997709810733795, "53": 0.2980365455150604, "54": 0.3308259844779968, "55": 0.3157804310321808, "56": 0.327282577753067, "57": 0.32473909854888916, "58": 0.3205566704273224, "59": 0.330953449010849, "60": 0.3185158669948578, "61": 0.35931849479675293, "62": 0.2978138327598572, "63": 0.3140752613544464, "64": 0.30655017495155334, "65": 0.31676965951919556, "66": 0.3050006031990051, "67": 0.30319923162460327, "68": 0.3313639760017395, "69": 0.34838712215423584, "70": 0.3133354187011719, "71": 0.32450050115585327, "72": 0.3132059872150421, "73": 0.3190916180610657, "74": 0.3322497308254242, "75": 0.3651268482208252, "76": 0.32832419872283936, "77": 0.31494635343551636, "78": 0.31774774193763733, "79": 0.3223094046115875, "80": 0.30511659383773804}