{"1": 0.5492889285087585, "2": 0.5963217616081238, "3": 0.6391040682792664, "4": 0.6660537719726562, "5": 0.6778876781463623, "6": 0.6690192818641663, "7": 0.6956480145454407, "8": 0.6787440776824951, "9": 0.696570873260498, "10": 0.6942014098167419, "11": 0.7013800740242004, "12": 0.7068271040916443, "13": 0.6935613751411438, "14": 0.7048388123512268, "15": 0.68315190076828, "16": 0.6843480467796326, "17": 0.7176799774169922, "18": 0.7140904068946838, "19": 0.7194808125495911, "20": 0.705833375453949, "21": 0.7186026573181152, "22": 0.7032744884490967, "23": 0.710576057434082, "24": 0.7153306007385254, "25": 0.7196354866027832, "26": 0.715894877910614, "27": 0.707380473613739, "28": 0.7271059155464172, "29": 0.7258980870246887, "30": 0.7043481469154358, "31": 0.7092493176460266, "32": 0.6969609260559082, "33": 0.7114855647087097, "34": 0.7311550974845886, "35": 0.7226869463920593, "36": 0.7211996912956238, "37": 0.6645045280456543, "38": 0.7249813675880432, "39": 0.726966381072998, "40": 0.7250824570655823, "41": 0.7151947617530823, "42": 0.7207184433937073, "43": 0.7223202586174011, "44": 0.7299569249153137, "45": 0.7364537119865417, "46": 0.7244298458099365, "47": 0.7377654910087585, "48": 0.7374470829963684, "49": 0.7128210663795471, "50": 0.7296841144561768, "51": 0.7320246696472168, "52": 0.727501392364502, "53": 0.7339127063751221, "54": 0.7344862818717957, "55": 0.720194399356842, "56": 0.7312909960746765, "57": 0.7168136239051819, "58": 0.7340579628944397, "59": 0.7288241386413574, "60": 0.6987927556037903, "61": 0.7293680310249329, "62": 0.7350420951843262, "63": 0.7298064231872559, "64": 0.7365029454231262, "65": 0.729335606098175, "66": 0.736792266368866, "67": 0.7271180152893066, "68": 0.7349598407745361, "69": 0.7155973315238953, "70": 0.7200682163238525, "71": 0.7364880442619324, "72": 0.7254579663276672, "73": 0.7254591584205627, "74": 0.734637439250946, "75": 0.7302887439727783, "76": 0.7096558213233948, "77": 0.7289161086082458, "78": 0.7276421189308167, "79": 0.7314016222953796, "80": 0.7310990691184998}