{"1": 0.6596357226371765, "2": 0.6956683993339539, "3": 0.7594316601753235, "4": 0.7868844866752625, "5": 0.8020114898681641, "6": 0.7738580107688904, "7": 0.7922423481941223, "8": 0.7999944686889648, "9": 0.8148689866065979, "10": 0.8068591952323914, "11": 0.797659695148468, "12": 0.8054526448249817, "13": 0.7987412810325623, "14": 0.8207185864448547, "15": 0.8188085556030273, "16": 0.8178773522377014, "17": 0.815710723400116, "18": 0.8331906795501709, "19": 0.8116679191589355, "20": 0.8278527855873108, "21": 0.817051112651825, "22": 0.805901050567627, "23": 0.819669246673584, "24": 0.8301050066947937, "25": 0.8216472268104553, "26": 0.8210896849632263, "27": 0.8266432881355286, "28": 0.8042397499084473, "29": 0.8129488825798035, "30": 0.8127288222312927, "31": 0.8263168334960938, "32": 0.8174708485603333, "33": 0.8113412857055664, "34": 0.8198888301849365, "35": 0.8298999667167664, "36": 0.8334869742393494, "37": 0.8070919513702393, "38": 0.8195130228996277, "39": 0.8270208835601807, "40": 0.8320053219795227, "41": 0.8321802616119385, "42": 0.8216712474822998, "43": 0.8118836283683777, "44": 0.8228096961975098, "45": 0.8252339363098145, "46": 0.8255882859230042, "47": 0.8257916569709778, "48": 0.8296672701835632, "49": 0.8224158883094788, "50": 0.8259666562080383, "51": 0.8282195925712585, "52": 0.8304585814476013, "53": 0.8391909599304199, "54": 0.8160396218299866, "55": 0.8279337882995605, "56": 0.8350000977516174, "57": 0.8301530480384827, "58": 0.8325883746147156, "59": 0.8300247192382812, "60": 0.8137056231498718, "61": 0.8242799639701843, "62": 0.8169558048248291, "63": 0.8222717642784119, "64": 0.8174899220466614, "65": 0.8179097175598145, "66": 0.8351675868034363, "67": 0.8356569409370422, "68": 0.8237652778625488, "69": 0.8056680560112, "70": 0.8311684131622314, "71": 0.8163101077079773, "72": 0.8261158466339111, "73": 0.8051725029945374, "74": 0.8175415992736816, "75": 0.811161458492279, "76": 0.8229264616966248, "77": 0.8247897028923035, "78": 0.8204949498176575, "79": 0.8195540904998779, "80": 0.8349574208259583}