{"1": 0.4967826306819916, "2": 0.45108580589294434, "3": 0.4043880105018616, "4": 0.38015860319137573, "5": 0.3653782904148102, "6": 0.39623457193374634, "7": 0.3493346571922302, "8": 0.3502659797668457, "9": 0.3380579948425293, "10": 0.3409438729286194, "11": 0.33687928318977356, "12": 0.3282318711280823, "13": 0.32843083143234253, "14": 0.3253895044326782, "15": 0.3328387439250946, "16": 0.33829158544540405, "17": 0.32157325744628906, "18": 0.3129816949367523, "19": 0.31555911898612976, "20": 0.31383398175239563, "21": 0.3115115463733673, "22": 0.3253893554210663, "23": 0.3157998025417328, "24": 0.30470728874206543, "25": 0.30422133207321167, "26": 0.3069241940975189, "27": 0.3285563290119171, "28": 0.302839994430542, "29": 0.3026854991912842, "30": 0.3138725161552429, "31": 0.30940955877304077, "32": 0.32388800382614136, "33": 0.3025997579097748, "34": 0.29475775361061096, "35": 0.2954864501953125, "36": 0.30006831884384155, "37": 0.34633320569992065, "38": 0.2941087782382965, "39": 0.2916422486305237, "40": 0.2898641526699066, "41": 0.29259294271469116, "42": 0.29479148983955383, "43": 0.2909323275089264, "44": 0.28358402848243713, "45": 0.285026490688324, "46": 0.2967057228088379, "47": 0.2745477557182312, "48": 0.2825075089931488, "49": 0.29060015082359314, "50": 0.2814561724662781, "51": 0.2801052927970886, "52": 0.2845516800880432, "53": 0.27682194113731384, "54": 0.2809492349624634, "55": 0.2862110733985901, "56": 0.2804895341396332, "57": 0.28882095217704773, "58": 0.2797310948371887, "59": 0.278043270111084, "60": 0.3057500123977661, "61": 0.2738022804260254, "62": 0.27906665205955505, "63": 0.27380770444869995, "64": 0.27158603072166443, "65": 0.27819713950157166, "66": 0.277557909488678, "67": 0.2791357636451721, "68": 0.2803904712200165, "69": 0.28971391916275024, "70": 0.28840014338493347, "71": 0.271601140499115, "72": 0.27654311060905457, "73": 0.28048670291900635, "74": 0.2789286673069, "75": 0.27181825041770935, "76": 0.29226741194725037, "77": 0.2769591510295868, "78": 0.28509801626205444, "79": 0.27201879024505615, "80": 0.2713530659675598}