{"1": 0.7687060832977295, "2": 0.7681652903556824, "3": 0.789683997631073, "4": 0.7609157562255859, "5": 0.7807243466377258, "6": 0.7833356857299805, "7": 0.7851767539978027, "8": 0.7976877093315125, "9": 0.8027201294898987, "10": 0.7827854156494141, "11": 0.7870166301727295, "12": 0.8011083602905273, "13": 0.7916336059570312, "14": 0.7999261021614075, "15": 0.7905696034431458, "16": 0.8131356239318848, "17": 0.8048839569091797, "18": 0.7851828932762146, "19": 0.8108627796173096, "20": 0.7994630932807922, "21": 0.805833637714386, "22": 0.8044347763061523, "23": 0.8044266700744629, "24": 0.7972480654716492, "25": 0.8120012283325195, "26": 0.8184913992881775, "27": 0.8041582703590393, "28": 0.798804521560669, "29": 0.8060815930366516, "30": 0.7902584075927734, "31": 0.8010342717170715, "32": 0.8078078627586365, "33": 0.7514846920967102, "34": 0.804394543170929, "35": 0.7921697497367859, "36": 0.7733739018440247, "37": 0.7919914126396179, "38": 0.773780345916748, "39": 0.7869083285331726, "40": 0.8064374923706055, "41": 0.8017674088478088, "42": 0.7974006533622742, "43": 0.8000712990760803, "44": 0.8080195784568787, "45": 0.798495352268219, "46": 0.8035274147987366, "47": 0.8055585026741028, "48": 0.797527551651001, "49": 0.784807026386261, "50": 0.8009522557258606, "51": 0.788314163684845, "52": 0.8021722435951233, "53": 0.7765286564826965, "54": 0.7965386509895325, "55": 0.7882245182991028, "56": 0.7997185587882996, "57": 0.8037111163139343, "58": 0.8043591976165771, "59": 0.7815064787864685, "60": 0.7951290011405945, "61": 0.7964466214179993, "62": 0.7918820977210999, "63": 0.7383406758308411, "64": 0.8012714385986328, "65": 0.7930434346199036, "66": 0.8034233450889587, "67": 0.7867093682289124, "68": 0.7918387055397034, "69": 0.8034469485282898, "70": 0.7916379570960999, "71": 0.7962190508842468, "72": 0.8040804862976074, "73": 0.7844808101654053, "74": 0.7759611010551453, "75": 0.8051913380622864, "76": 0.796022891998291, "77": 0.7980480790138245, "78": 0.7977461814880371, "79": 0.8067564964294434, "80": 0.7591304779052734}