{"1": 0.5456973910331726, "2": 0.5709642767906189, "3": 0.620234489440918, "4": 0.6487235426902771, "5": 0.6708503365516663, "6": 0.6598086953163147, "7": 0.6653490662574768, "8": 0.668997049331665, "9": 0.6657044887542725, "10": 0.684382438659668, "11": 0.6732534766197205, "12": 0.6658336520195007, "13": 0.6856816411018372, "14": 0.6944959163665771, "15": 0.6911589503288269, "16": 0.6924216151237488, "17": 0.6708968281745911, "18": 0.6846039891242981, "19": 0.6825504302978516, "20": 0.696799099445343, "21": 0.6850127577781677, "22": 0.6616652607917786, "23": 0.6670435070991516, "24": 0.6841389536857605, "25": 0.6949885487556458, "26": 0.652543306350708, "27": 0.69809889793396, "28": 0.6758431792259216, "29": 0.6556329727172852, "30": 0.6858046650886536, "31": 0.6817581653594971, "32": 0.6825547814369202, "33": 0.6667871475219727, "34": 0.6634339690208435, "35": 0.6996161341667175, "36": 0.6947265267372131, "37": 0.6442350745201111, "38": 0.7059645652770996, "39": 0.6820995807647705, "40": 0.6910216808319092, "41": 0.7009463310241699, "42": 0.6994455456733704, "43": 0.6813458800315857, "44": 0.679607629776001, "45": 0.7130980491638184, "46": 0.67355877161026, "47": 0.704379141330719, "48": 0.688528835773468, "49": 0.694163978099823, "50": 0.7098529934883118, "51": 0.6927693486213684, "52": 0.7049942016601562, "53": 0.7088189125061035, "54": 0.6826706528663635, "55": 0.6945350766181946, "56": 0.6867315769195557, "57": 0.6881968379020691, "58": 0.6892151236534119, "59": 0.6827988624572754, "60": 0.690334141254425, "61": 0.6645817756652832, "62": 0.7019618153572083, "63": 0.6910464763641357, "64": 0.6957042217254639, "65": 0.6915518641471863, "66": 0.6995189189910889, "67": 0.7058070302009583, "68": 0.6790719032287598, "69": 0.6719736456871033, "70": 0.6944501996040344, "71": 0.6846669316291809, "72": 0.6913628578186035, "73": 0.6901261210441589, "74": 0.6820111274719238, "75": 0.6475794911384583, "76": 0.6823949217796326, "77": 0.6903185248374939, "78": 0.6896615624427795, "79": 0.6907792091369629, "80": 0.7000160217285156}