{"1": 0.7793040871620178, "2": 0.7834791541099548, "3": 0.7994688153266907, "4": 0.8184862732887268, "5": 0.8047768473625183, "6": 0.8187508583068848, "7": 0.831303060054779, "8": 0.8326999545097351, "9": 0.8024336695671082, "10": 0.8356394171714783, "11": 0.8212353587150574, "12": 0.8184606432914734, "13": 0.8407620787620544, "14": 0.838726282119751, "15": 0.7976859211921692, "16": 0.8357083201408386, "17": 0.8391027450561523, "18": 0.8374984264373779, "19": 0.8273077011108398, "20": 0.822149932384491, "21": 0.8434643745422363, "22": 0.8239005208015442, "23": 0.8219035267829895, "24": 0.8267672061920166, "25": 0.8217422366142273, "26": 0.8511350750923157, "27": 0.8360922932624817, "28": 0.8354029059410095, "29": 0.8295855522155762, "30": 0.8443498611450195, "31": 0.828700065612793, "32": 0.8151687979698181, "33": 0.8518721461296082, "34": 0.8512449860572815, "35": 0.8424766659736633, "36": 0.8407048583030701, "37": 0.8320203423500061, "38": 0.8461564183235168, "39": 0.8320857882499695, "40": 0.8573606610298157, "41": 0.8499228358268738, "42": 0.8346865177154541, "43": 0.8490301966667175, "44": 0.8371676802635193, "45": 0.8505308032035828, "46": 0.8304500579833984, "47": 0.8385358452796936, "48": 0.8545045852661133, "49": 0.8520224690437317, "50": 0.834306538105011, "51": 0.8445825576782227, "52": 0.8468424677848816, "53": 0.842402994632721, "54": 0.8380940556526184, "55": 0.8367664217948914, "56": 0.8277559280395508, "57": 0.8272056579589844, "58": 0.8486790657043457, "59": 0.8214693069458008, "60": 0.8419690132141113, "61": 0.8565967679023743, "62": 0.8472341895103455, "63": 0.8397027850151062, "64": 0.8429407477378845, "65": 0.8221316337585449, "66": 0.8410965800285339, "67": 0.8380835652351379, "68": 0.8540698885917664, "69": 0.8365725874900818, "70": 0.843360960483551, "71": 0.8511450886726379, "72": 0.8325865268707275, "73": 0.8429696559906006, "74": 0.8375851511955261, "75": 0.8343455791473389, "76": 0.8541781306266785, "77": 0.8288900256156921, "78": 0.8459017872810364, "79": 0.8476703763008118, "80": 0.8076329827308655}