{"1": 0.5824941992759705, "2": 0.5973917245864868, "3": 0.6476741433143616, "4": 0.6599893569946289, "5": 0.6707218289375305, "6": 0.6744263768196106, "7": 0.6474316716194153, "8": 0.6855729222297668, "9": 0.6742234230041504, "10": 0.6845099925994873, "11": 0.7140374183654785, "12": 0.7238944172859192, "13": 0.7172206044197083, "14": 0.702766478061676, "15": 0.709803581237793, "16": 0.732893168926239, "17": 0.7292130589485168, "18": 0.7348713278770447, "19": 0.7364263534545898, "20": 0.69437575340271, "21": 0.742347240447998, "22": 0.7343496680259705, "23": 0.7182047963142395, "24": 0.7254858613014221, "25": 0.7289695739746094, "26": 0.7330315113067627, "27": 0.6893019676208496, "28": 0.7245864868164062, "29": 0.7163946032524109, "30": 0.7257328033447266, "31": 0.7301363945007324, "32": 0.7190041542053223, "33": 0.7480894923210144, "34": 0.7164006233215332, "35": 0.7165334820747375, "36": 0.7319498062133789, "37": 0.7258558869361877, "38": 0.7058796286582947, "39": 0.7406535148620605, "40": 0.7444831728935242, "41": 0.7248809933662415, "42": 0.7140588760375977, "43": 0.7230668067932129, "44": 0.7181141376495361, "45": 0.7140873074531555, "46": 0.7287099361419678, "47": 0.7441756129264832, "48": 0.7493696212768555, "49": 0.7168965339660645, "50": 0.7569935917854309, "51": 0.7021347880363464, "52": 0.7352891564369202, "53": 0.72162264585495, "54": 0.6977469325065613, "55": 0.6973411440849304, "56": 0.7405235171318054, "57": 0.7379190325737, "58": 0.7040791511535645, "59": 0.6986435055732727, "60": 0.6975781917572021, "61": 0.7312423586845398, "62": 0.731398344039917, "63": 0.6955685615539551, "64": 0.7456251978874207, "65": 0.7538542747497559, "66": 0.7214107513427734, "67": 0.6787795424461365, "68": 0.7106793522834778, "69": 0.7293794751167297, "70": 0.7326958179473877, "71": 0.7377645969390869, "72": 0.7166439890861511, "73": 0.7606784701347351, "74": 0.7479958534240723, "75": 0.7537611126899719, "76": 0.7206470966339111, "77": 0.7550482749938965, "78": 0.7143015265464783, "79": 0.7638781666755676, "80": 0.7552578449249268}