{"1": 0.5501120686531067, "2": 0.5633326172828674, "3": 0.6367794871330261, "4": 0.5884512066841125, "5": 0.6524078249931335, "6": 0.6685934066772461, "7": 0.6684817671775818, "8": 0.6537624001502991, "9": 0.6671607494354248, "10": 0.6417219638824463, "11": 0.6926474571228027, "12": 0.7001892924308777, "13": 0.705632209777832, "14": 0.7074739336967468, "15": 0.7221199870109558, "16": 0.7116495966911316, "17": 0.7029948234558105, "18": 0.676312267780304, "19": 0.706972599029541, "20": 0.714440107345581, "21": 0.7293787002563477, "22": 0.7140514254570007, "23": 0.7166699767112732, "24": 0.7204599976539612, "25": 0.7039806842803955, "26": 0.6793863773345947, "27": 0.6791639924049377, "28": 0.7313041090965271, "29": 0.728108823299408, "30": 0.704524040222168, "31": 0.7254219055175781, "32": 0.6777200698852539, "33": 0.7170977592468262, "34": 0.7147729396820068, "35": 0.6689231991767883, "36": 0.7025489211082458, "37": 0.7171847224235535, "38": 0.7157704830169678, "39": 0.7100282311439514, "40": 0.6852943301200867, "41": 0.6947364807128906, "42": 0.7081008553504944, "43": 0.6970420479774475, "44": 0.7237961888313293, "45": 0.714900016784668, "46": 0.7068911194801331, "47": 0.6976853013038635, "48": 0.7118105292320251, "49": 0.6901087760925293, "50": 0.7009032368659973, "51": 0.6941924095153809, "52": 0.7218907475471497, "53": 0.7195056080818176, "54": 0.7046689987182617, "55": 0.7061648964881897, "56": 0.6866971850395203, "57": 0.7341421246528625, "58": 0.736156165599823, "59": 0.7241217494010925, "60": 0.7173924446105957, "61": 0.7181916832923889, "62": 0.718858540058136, "63": 0.7136223912239075, "64": 0.7099390625953674, "65": 0.7197821736335754, "66": 0.7136836051940918, "67": 0.7177096009254456, "68": 0.7277474999427795, "69": 0.7224882245063782, "70": 0.7017590999603271, "71": 0.7106037139892578, "72": 0.7404143214225769, "73": 0.7128879427909851, "74": 0.7209681868553162, "75": 0.7087224125862122, "76": 0.7203585505485535, "77": 0.7253161072731018, "78": 0.7151913642883301, "79": 0.7188162207603455, "80": 0.7162092328071594}