{"1": 0.7160816192626953, "2": 0.7656033635139465, "3": 0.7313868999481201, "4": 0.7834205031394958, "5": 0.7561423182487488, "6": 0.8041882514953613, "7": 0.7810871601104736, "8": 0.7842650413513184, "9": 0.8239457011222839, "10": 0.8037379384040833, "11": 0.7566080689430237, "12": 0.8261119723320007, "13": 0.8238992094993591, "14": 0.8206999897956848, "15": 0.8064041137695312, "16": 0.8167385458946228, "17": 0.8113464713096619, "18": 0.8135571479797363, "19": 0.8213934302330017, "20": 0.8234550356864929, "21": 0.8299228549003601, "22": 0.8219344019889832, "23": 0.8490595817565918, "24": 0.8280571103096008, "25": 0.816302478313446, "26": 0.8002035617828369, "27": 0.827864408493042, "28": 0.851672351360321, "29": 0.8020060062408447, "30": 0.8443455696105957, "31": 0.8353675007820129, "32": 0.8412073254585266, "33": 0.7889289259910583, "34": 0.8416522145271301, "35": 0.8330650925636292, "36": 0.8231469988822937, "37": 0.8547956347465515, "38": 0.8357162475585938, "39": 0.8430571556091309, "40": 0.8180456757545471, "41": 0.8360058665275574, "42": 0.8054997324943542, "43": 0.8436549305915833, "44": 0.8197967410087585, "45": 0.8368050456047058, "46": 0.8047097325325012, "47": 0.8475062251091003, "48": 0.8434745669364929, "49": 0.8347294330596924, "50": 0.8442681431770325, "51": 0.8393314480781555, "52": 0.8257705569267273, "53": 0.823792040348053, "54": 0.8158695101737976, "55": 0.8253121376037598, "56": 0.8314483165740967, "57": 0.8435601592063904, "58": 0.8325582146644592, "59": 0.8461871147155762, "60": 0.808393657207489, "61": 0.845888614654541, "62": 0.8516547083854675, "63": 0.8315272331237793, "64": 0.8365747928619385, "65": 0.84627366065979, "66": 0.8198007941246033, "67": 0.8414792418479919, "68": 0.8518988490104675, "69": 0.8348791003227234, "70": 0.82954341173172, "71": 0.8332093358039856, "72": 0.8367361426353455, "73": 0.8439562916755676, "74": 0.8444063067436218, "75": 0.8467325568199158, "76": 0.8530275821685791, "77": 0.8375903964042664, "78": 0.8455373644828796, "79": 0.8234594464302063, "80": 0.8299627900123596}