{"1": 0.6853699684143066, "2": 0.7039406299591064, "3": 0.7535631060600281, "4": 0.7189679145812988, "5": 0.7750306129455566, "6": 0.78415846824646, "7": 0.7859973907470703, "8": 0.7712844014167786, "9": 0.7754477858543396, "10": 0.7532779574394226, "11": 0.8023354411125183, "12": 0.8064873814582825, "13": 0.8114073276519775, "14": 0.8107166290283203, "15": 0.8249008655548096, "16": 0.8194053769111633, "17": 0.8115575909614563, "18": 0.786024272441864, "19": 0.8172406554222107, "20": 0.8179110884666443, "21": 0.8302202224731445, "22": 0.8182032108306885, "23": 0.8218924403190613, "24": 0.8219024538993835, "25": 0.8089895248413086, "26": 0.796720027923584, "27": 0.7952094674110413, "28": 0.8310359120368958, "29": 0.832444429397583, "30": 0.812593936920166, "31": 0.8260992169380188, "32": 0.7960830330848694, "33": 0.8252783417701721, "34": 0.8197536468505859, "35": 0.7896633744239807, "36": 0.8130748867988586, "37": 0.8236441612243652, "38": 0.8168649673461914, "39": 0.8165575861930847, "40": 0.8029277920722961, "41": 0.8045163154602051, "42": 0.8180789351463318, "43": 0.8064810633659363, "44": 0.8266837000846863, "45": 0.8209517002105713, "46": 0.8165144324302673, "47": 0.8079320788383484, "48": 0.8168074488639832, "49": 0.8032458424568176, "50": 0.812643826007843, "51": 0.8022594451904297, "52": 0.8258311152458191, "53": 0.825610876083374, "54": 0.8122114539146423, "55": 0.8177974820137024, "56": 0.7971763610839844, "57": 0.8375610709190369, "58": 0.8337804675102234, "59": 0.828367292881012, "60": 0.82472163438797, "61": 0.8240267634391785, "62": 0.8269398808479309, "63": 0.8225222229957581, "64": 0.8203198313713074, "65": 0.8269159197807312, "66": 0.8211001753807068, "67": 0.8243358731269836, "68": 0.8307090401649475, "69": 0.8267152309417725, "70": 0.8118910193443298, "71": 0.8211995959281921, "72": 0.8417840600013733, "73": 0.8212440609931946, "74": 0.8235337138175964, "75": 0.8184905648231506, "76": 0.8265247344970703, "77": 0.8303573727607727, "78": 0.8232746124267578, "79": 0.823030948638916, "80": 0.8245604634284973}