{"1": 0.5024407505989075, "2": 0.42266425490379333, "3": 0.444357305765152, "4": 0.38863515853881836, "5": 0.38489511609077454, "6": 0.3647118806838989, "7": 0.3107161223888397, "8": 0.3230169415473938, "9": 0.3370663523674011, "10": 0.32108181715011597, "11": 0.3033500611782074, "12": 0.2827288806438446, "13": 0.2928770184516907, "14": 0.2552029490470886, "15": 0.2374662607908249, "16": 0.24793744087219238, "17": 0.301979660987854, "18": 0.27963608503341675, "19": 0.2612222731113434, "20": 0.2313345968723297, "21": 0.3104548454284668, "22": 0.27442410588264465, "23": 0.25985217094421387, "24": 0.24112901091575623, "25": 0.24761274456977844, "26": 0.2571879029273987, "27": 0.21521511673927307, "28": 0.2566368877887726, "29": 0.22391970455646515, "30": 0.2447393238544464, "31": 0.22405393421649933, "32": 0.21357186138629913, "33": 0.2924441695213318, "34": 0.22668404877185822, "35": 0.3105880320072174, "36": 0.26841309666633606, "37": 0.2234162539243698, "38": 0.22847430408000946, "39": 0.2519102990627289, "40": 0.25207775831222534, "41": 0.26144900918006897, "42": 0.2430202215909958, "43": 0.26747411489486694, "44": 0.26377078890800476, "45": 0.30239740014076233, "46": 0.3086141049861908, "47": 0.2742960751056671, "48": 0.2562844157218933, "49": 0.2950153946876526, "50": 0.2934274673461914, "51": 0.33472299575805664, "52": 0.2780424952507019, "53": 0.2822001576423645, "54": 0.3042721748352051, "55": 0.3919025957584381, "56": 0.37169119715690613, "57": 0.3046754002571106, "58": 0.31333842873573303, "59": 0.3068159222602844, "60": 0.3789415657520294, "61": 0.33292168378829956, "62": 0.3640918433666229, "63": 0.36940261721611023, "64": 0.359331876039505, "65": 0.42658868432044983, "66": 0.3719402253627777, "67": 0.3557072877883911, "68": 0.412090539932251, "69": 0.42726579308509827, "70": 0.3855995535850525, "71": 0.37254899740219116, "72": 0.42049533128738403, "73": 0.4213322103023529, "74": 0.47493916749954224, "75": 0.399689257144928, "76": 0.41374093294143677, "77": 0.47645965218544006, "78": 0.4304085373878479, "79": 0.470865398645401, "80": 0.45285677909851074}