{"1": 0.5468368530273438, "2": 0.6125667095184326, "3": 0.6377346515655518, "4": 0.6435622572898865, "5": 0.6415379047393799, "6": 0.6974188685417175, "7": 0.6950573325157166, "8": 0.6873571276664734, "9": 0.6926088333129883, "10": 0.7330583930015564, "11": 0.699241578578949, "12": 0.7248772978782654, "13": 0.7174234986305237, "14": 0.7213258743286133, "15": 0.7219107747077942, "16": 0.7367779612541199, "17": 0.6984310150146484, "18": 0.7318251132965088, "19": 0.728705883026123, "20": 0.7273669242858887, "21": 0.7542667388916016, "22": 0.6859044432640076, "23": 0.7369019389152527, "24": 0.7180107235908508, "25": 0.7651039958000183, "26": 0.753971517086029, "27": 0.7550852298736572, "28": 0.7493342757225037, "29": 0.7442976832389832, "30": 0.74972003698349, "31": 0.7466428279876709, "32": 0.7500943541526794, "33": 0.7675521373748779, "34": 0.7653219103813171, "35": 0.774132251739502, "36": 0.7762293219566345, "37": 0.7661800384521484, "38": 0.7557950019836426, "39": 0.7686800956726074, "40": 0.7541338801383972, "41": 0.7414811253547668, "42": 0.7724303603172302, "43": 0.7657729983329773, "44": 0.7245141863822937, "45": 0.7620332837104797, "46": 0.7572612762451172, "47": 0.7648131251335144, "48": 0.7807697653770447, "49": 0.7613635063171387, "50": 0.7535028457641602, "51": 0.7493743896484375, "52": 0.7685530781745911, "53": 0.744861364364624, "54": 0.7535611987113953, "55": 0.7364627718925476, "56": 0.7562804818153381, "57": 0.7616152763366699, "58": 0.7580841183662415, "59": 0.7439751625061035, "60": 0.7620804905891418, "61": 0.7704095840454102, "62": 0.7692133784294128, "63": 0.7441978454589844, "64": 0.7664299011230469, "65": 0.7762541174888611, "66": 0.7558726668357849, "67": 0.7662509083747864, "68": 0.7633719444274902, "69": 0.7684560418128967, "70": 0.7709576487541199, "71": 0.7552891373634338, "72": 0.7740529179573059, "73": 0.7678406238555908, "74": 0.7870417237281799, "75": 0.7702024579048157, "76": 0.7698268890380859, "77": 0.7528946995735168, "78": 0.7725865244865417, "79": 0.7702361941337585, "80": 0.774381160736084}