{"1": 0.5851216912269592, "2": 0.6509461998939514, "3": 0.5710217356681824, "4": 0.6481733918190002, "5": 0.6266914010047913, "6": 0.6899993419647217, "7": 0.6498278379440308, "8": 0.6367804408073425, "9": 0.69268798828125, "10": 0.661572277545929, "11": 0.6094738841056824, "12": 0.7046597599983215, "13": 0.6748619079589844, "14": 0.6804224848747253, "15": 0.6854901909828186, "16": 0.655001163482666, "17": 0.6455334424972534, "18": 0.6858875155448914, "19": 0.6630709767341614, "20": 0.6657123565673828, "21": 0.6644642949104309, "22": 0.6881914138793945, "23": 0.7203285694122314, "24": 0.6639028191566467, "25": 0.6836023330688477, "26": 0.6363669037818909, "27": 0.6869581341743469, "28": 0.7267085909843445, "29": 0.6538441777229309, "30": 0.6987325549125671, "31": 0.6753231883049011, "32": 0.6969349980354309, "33": 0.619634211063385, "34": 0.7311320900917053, "35": 0.6828686594963074, "36": 0.6727775931358337, "37": 0.7109453082084656, "38": 0.6765375137329102, "39": 0.6951456069946289, "40": 0.6530706286430359, "41": 0.6785948872566223, "42": 0.6430123448371887, "43": 0.683631420135498, "44": 0.6627650260925293, "45": 0.6996943354606628, "46": 0.6343241333961487, "47": 0.6930780410766602, "48": 0.6874501705169678, "49": 0.6757124066352844, "50": 0.6886565685272217, "51": 0.6915859580039978, "52": 0.6637719869613647, "53": 0.6687507629394531, "54": 0.652636706829071, "55": 0.6767366528511047, "56": 0.6905513405799866, "57": 0.6890296936035156, "58": 0.6939439177513123, "59": 0.6979314684867859, "60": 0.6315277218818665, "61": 0.7005329132080078, "62": 0.7128298878669739, "63": 0.6896176338195801, "64": 0.6903936266899109, "65": 0.7074065208435059, "66": 0.6604575514793396, "67": 0.6961258053779602, "68": 0.7074292302131653, "69": 0.6860318183898926, "70": 0.6801120638847351, "71": 0.6776964068412781, "72": 0.6973235011100769, "73": 0.6979167461395264, "74": 0.699685275554657, "75": 0.7074360847473145, "76": 0.7028387188911438, "77": 0.6883175373077393, "78": 0.695959746837616, "79": 0.6608189344406128, "80": 0.6798079609870911}