{"1": 0.5152779817581177, "2": 0.43286243081092834, "3": 0.43025723099708557, "4": 0.3823220431804657, "5": 0.3877609372138977, "6": 0.3428509831428528, "7": 0.34264832735061646, "8": 0.3490317165851593, "9": 0.3418842852115631, "10": 0.3086622655391693, "11": 0.32184094190597534, "12": 0.3009259104728699, "13": 0.30137690901756287, "14": 0.3042694926261902, "15": 0.3056693971157074, "16": 0.2930319905281067, "17": 0.3284774720668793, "18": 0.2889172434806824, "19": 0.29671600461006165, "20": 0.29874157905578613, "21": 0.26349300146102905, "22": 0.34320226311683655, "23": 0.28784385323524475, "24": 0.29980161786079407, "25": 0.25309422612190247, "26": 0.2651737928390503, "27": 0.27192065119743347, "28": 0.27059584856033325, "29": 0.2847653031349182, "30": 0.26349905133247375, "31": 0.2762203812599182, "32": 0.2704050838947296, "33": 0.2575186491012573, "34": 0.25607872009277344, "35": 0.2537321448326111, "36": 0.2432546615600586, "37": 0.253366619348526, "38": 0.26079294085502625, "39": 0.2455812245607376, "40": 0.25689196586608887, "41": 0.2896975874900818, "42": 0.25948458909988403, "43": 0.2567446529865265, "44": 0.3008884787559509, "45": 0.2868933379650116, "46": 0.2898884415626526, "47": 0.2806369364261627, "48": 0.2652166783809662, "49": 0.31136631965637207, "50": 0.2871930003166199, "51": 0.3130147457122803, "52": 0.2727401554584503, "53": 0.307477205991745, "54": 0.30119770765304565, "55": 0.32379862666130066, "56": 0.3114684820175171, "57": 0.3007470965385437, "58": 0.3246004283428192, "59": 0.3594213128089905, "60": 0.2999482750892639, "61": 0.2822476923465729, "62": 0.3003365993499756, "63": 0.3080504536628723, "64": 0.3148152828216553, "65": 0.3183888792991638, "66": 0.3126172423362732, "67": 0.3582281172275543, "68": 0.32163915038108826, "69": 0.3285476863384247, "70": 0.34663742780685425, "71": 0.29822441935539246, "72": 0.3068479895591736, "73": 0.33096885681152344, "74": 0.31510376930236816, "75": 0.33511772751808167, "76": 0.3328009247779846, "77": 0.3414662182331085, "78": 0.35290098190307617, "79": 0.3560473918914795, "80": 0.357750803232193}