{"1": 0.6648221611976624, "2": 0.727360725402832, "3": 0.7668337821960449, "4": 0.7661067843437195, "5": 0.7569430470466614, "6": 0.803933322429657, "7": 0.8018684387207031, "8": 0.789099931716919, "9": 0.7933785319328308, "10": 0.8298249840736389, "11": 0.8062513470649719, "12": 0.831676721572876, "13": 0.8262695670127869, "14": 0.8240201473236084, "15": 0.822979748249054, "16": 0.8334138989448547, "17": 0.8032521605491638, "18": 0.8302968144416809, "19": 0.8235438466072083, "20": 0.8224392533302307, "21": 0.8491277098655701, "22": 0.7933987975120544, "23": 0.8311817049980164, "24": 0.8196075558662415, "25": 0.8547213673591614, "26": 0.8514237403869629, "27": 0.8430573344230652, "28": 0.8493689894676208, "29": 0.8429268002510071, "30": 0.8461889624595642, "31": 0.8385089039802551, "32": 0.8508744835853577, "33": 0.8580698370933533, "34": 0.8599281907081604, "35": 0.86626797914505, "36": 0.8626091480255127, "37": 0.8598429560661316, "38": 0.8451078534126282, "39": 0.863983154296875, "40": 0.8490121960639954, "41": 0.8454392552375793, "42": 0.8659690022468567, "43": 0.8606716990470886, "44": 0.8284298777580261, "45": 0.8556466102600098, "46": 0.8518107533454895, "47": 0.8592142462730408, "48": 0.8708574771881104, "49": 0.8589619994163513, "50": 0.8485774397850037, "51": 0.8459421992301941, "52": 0.8630662560462952, "53": 0.8445122838020325, "54": 0.8511719703674316, "55": 0.8344636559486389, "56": 0.8485541343688965, "57": 0.8597450256347656, "58": 0.855548083782196, "59": 0.8501642346382141, "60": 0.8588200211524963, "61": 0.863994836807251, "62": 0.8631671071052551, "63": 0.8459364771842957, "64": 0.8583537936210632, "65": 0.8689725995063782, "66": 0.8520605564117432, "67": 0.8650751709938049, "68": 0.864464521408081, "69": 0.8630164265632629, "70": 0.8644925951957703, "71": 0.8566592335700989, "72": 0.8648249506950378, "73": 0.864857017993927, "74": 0.8755510449409485, "75": 0.8633852005004883, "76": 0.8632681965827942, "77": 0.8512489199638367, "78": 0.8659324645996094, "79": 0.865136444568634, "80": 0.8673694133758545}