{"1": 0.4900287389755249, "2": 0.5886455774307251, "3": 0.5578464865684509, "4": 0.5861418843269348, "5": 0.6292304396629333, "6": 0.6310258507728577, "7": 0.6735802292823792, "8": 0.6645112633705139, "9": 0.6220365166664124, "10": 0.6571261286735535, "11": 0.7193188071250916, "12": 0.7202820181846619, "13": 0.687805712223053, "14": 0.7493453621864319, "15": 0.7589167952537537, "16": 0.7432215809822083, "17": 0.6786642670631409, "18": 0.7169482111930847, "19": 0.7227327227592468, "20": 0.7541406154632568, "21": 0.6911637187004089, "22": 0.7062891125679016, "23": 0.7340261936187744, "24": 0.746556282043457, "25": 0.741266667842865, "26": 0.7340170741081238, "27": 0.7875209450721741, "28": 0.7186093926429749, "29": 0.7670685648918152, "30": 0.7510427832603455, "31": 0.7679502367973328, "32": 0.7826222777366638, "33": 0.7140678763389587, "34": 0.7757306098937988, "35": 0.6993564963340759, "36": 0.72341388463974, "37": 0.7722499966621399, "38": 0.7738658785820007, "39": 0.7561996579170227, "40": 0.7648541331291199, "41": 0.7330772876739502, "42": 0.7662451863288879, "43": 0.7540812492370605, "44": 0.7743804454803467, "45": 0.757972240447998, "46": 0.7500318884849548, "47": 0.7721126675605774, "48": 0.7721226215362549, "49": 0.7606062293052673, "50": 0.7621080279350281, "51": 0.7497298717498779, "52": 0.7836803793907166, "53": 0.7796604037284851, "54": 0.7814165949821472, "55": 0.7380814552307129, "56": 0.7568304538726807, "57": 0.782692015171051, "58": 0.7635231614112854, "59": 0.7790291905403137, "60": 0.7422847747802734, "61": 0.7669787406921387, "62": 0.7656679153442383, "63": 0.7529719471931458, "64": 0.7753190994262695, "65": 0.7502586245536804, "66": 0.7576694488525391, "67": 0.7618892192840576, "68": 0.7664951682090759, "69": 0.7524998188018799, "70": 0.7714767456054688, "71": 0.7712712287902832, "72": 0.7528600692749023, "73": 0.7670639157295227, "74": 0.743558406829834, "75": 0.7735359072685242, "76": 0.7655274271965027, "77": 0.7374265193939209, "78": 0.7638492584228516, "79": 0.7506077289581299, "80": 0.7534399032592773}