{"1": 0.6746860146522522, "2": 0.7459701895713806, "3": 0.7085577845573425, "4": 0.7337761521339417, "5": 0.7719449400901794, "6": 0.7789615988731384, "7": 0.8087277412414551, "8": 0.7970810532569885, "9": 0.7769290804862976, "10": 0.7842825055122375, "11": 0.8387073874473572, "12": 0.8444647789001465, "13": 0.8122286200523376, "14": 0.8533888459205627, "15": 0.8466164469718933, "16": 0.8504225611686707, "17": 0.8092195391654968, "18": 0.8326022028923035, "19": 0.8367668986320496, "20": 0.8508716225624084, "21": 0.8309643864631653, "22": 0.8355811238288879, "23": 0.8461098074913025, "24": 0.8539180755615234, "25": 0.8491964340209961, "26": 0.8477317690849304, "27": 0.8691356778144836, "28": 0.8425804972648621, "29": 0.8679010272026062, "30": 0.8573160171508789, "31": 0.8681806921958923, "32": 0.8725166916847229, "33": 0.836583137512207, "34": 0.8700868487358093, "35": 0.8274629712104797, "36": 0.8476805686950684, "37": 0.8670782446861267, "38": 0.8714235424995422, "39": 0.8598068356513977, "40": 0.8708824515342712, "41": 0.8477177619934082, "42": 0.8639867305755615, "43": 0.8607707619667053, "44": 0.8711128830909729, "45": 0.8610751032829285, "46": 0.856373131275177, "47": 0.8741101622581482, "48": 0.8679175972938538, "49": 0.8565638661384583, "50": 0.8705058693885803, "51": 0.860230028629303, "52": 0.8836029171943665, "53": 0.8692920804023743, "54": 0.8831894993782043, "55": 0.8569943308830261, "56": 0.8646344542503357, "57": 0.8831114768981934, "58": 0.8662571310997009, "59": 0.8740759491920471, "60": 0.8574379086494446, "61": 0.8710506558418274, "62": 0.8649723529815674, "63": 0.867865264415741, "64": 0.874112606048584, "65": 0.8606426119804382, "66": 0.8664000034332275, "67": 0.8688433170318604, "68": 0.8738651275634766, "69": 0.8610360622406006, "70": 0.8702433705329895, "71": 0.8739643692970276, "72": 0.8664389252662659, "73": 0.8657415509223938, "74": 0.8589208722114563, "75": 0.8738080859184265, "76": 0.8710456490516663, "77": 0.8564265370368958, "78": 0.8712061047554016, "79": 0.8640599250793457, "80": 0.8661887049674988}