{"1": 0.436624675989151, "2": 0.4119812548160553, "3": 0.3704390823841095, "4": 0.3135297894477844, "5": 0.31455448269844055, "6": 0.3002035617828369, "7": 0.33350101113319397, "8": 0.2873309254646301, "9": 0.2799656093120575, "10": 0.27433714270591736, "11": 0.2527536153793335, "12": 0.24300341308116913, "13": 0.25124067068099976, "14": 0.25043249130249023, "15": 0.24088986217975616, "16": 0.22962673008441925, "17": 0.24260064959526062, "18": 0.22777827084064484, "19": 0.2324785739183426, "20": 0.2536274194717407, "21": 0.23832067847251892, "22": 0.23721876740455627, "23": 0.22949998080730438, "24": 0.235995814204216, "25": 0.23304159939289093, "26": 0.22455039620399475, "27": 0.2485685795545578, "28": 0.22250428795814514, "29": 0.23149161040782928, "30": 0.21554827690124512, "31": 0.22193455696105957, "32": 0.21563999354839325, "33": 0.21253903210163116, "34": 0.21202266216278076, "35": 0.21983511745929718, "36": 0.2107848823070526, "37": 0.22237572073936462, "38": 0.2163008153438568, "39": 0.21610119938850403, "40": 0.21381931006908417, "41": 0.228162482380867, "42": 0.24420103430747986, "43": 0.23188166320323944, "44": 0.22712194919586182, "45": 0.23945598304271698, "46": 0.23492133617401123, "47": 0.21742050349712372, "48": 0.2166014462709427, "49": 0.22478218376636505, "50": 0.21500711143016815, "51": 0.2501758337020874, "52": 0.23643498122692108, "53": 0.24819989502429962, "54": 0.254149466753006, "55": 0.24454879760742188, "56": 0.25178807973861694, "57": 0.24161715805530548, "58": 0.2543829083442688, "59": 0.27325019240379333, "60": 0.2786497473716736, "61": 0.2333846539258957, "62": 0.2584304213523865, "63": 0.30875423550605774, "64": 0.2592293620109558, "65": 0.2515040338039398, "66": 0.2878485918045044, "67": 0.3056214451789856, "68": 0.3134171664714813, "69": 0.2866453230381012, "70": 0.28359532356262207, "71": 0.2882482409477234, "72": 0.28332802653312683, "73": 0.27173498272895813, "74": 0.30735477805137634, "75": 0.2801116406917572, "76": 0.3247773051261902, "77": 0.29535359144210815, "78": 0.32807785272598267, "79": 0.30175232887268066, "80": 0.30296748876571655}