{"1": 0.7050110697746277, "2": 0.7179074287414551, "3": 0.7580267786979675, "4": 0.7633852958679199, "5": 0.7780151963233948, "6": 0.7785251140594482, "7": 0.7506494522094727, "8": 0.7889325022697449, "9": 0.781391441822052, "10": 0.7872138023376465, "11": 0.8095918297767639, "12": 0.8205921053886414, "13": 0.8119843602180481, "14": 0.8050100207328796, "15": 0.8010239601135254, "16": 0.8227992057800293, "17": 0.8303102850914001, "18": 0.8249269127845764, "19": 0.827785074710846, "20": 0.8003572821617126, "21": 0.8440728187561035, "22": 0.8294156193733215, "23": 0.8154217600822449, "24": 0.815181314945221, "25": 0.8248093724250793, "26": 0.8233270049095154, "27": 0.789034903049469, "28": 0.8170523047447205, "29": 0.8077788352966309, "30": 0.819240152835846, "31": 0.8236575722694397, "32": 0.8174646496772766, "33": 0.8423718810081482, "34": 0.8096371293067932, "35": 0.8123142123222351, "36": 0.8225324153900146, "37": 0.8196266293525696, "38": 0.8035664558410645, "39": 0.8338213562965393, "40": 0.8380017280578613, "41": 0.816745936870575, "42": 0.8125115036964417, "43": 0.8195231556892395, "44": 0.8214334845542908, "45": 0.807428777217865, "46": 0.8215352892875671, "47": 0.8335764408111572, "48": 0.8375372290611267, "49": 0.8173535466194153, "50": 0.8467515110969543, "51": 0.799356997013092, "52": 0.8247354626655579, "53": 0.8144317269325256, "54": 0.8032447695732117, "55": 0.796721875667572, "56": 0.8353254199028015, "57": 0.8291952610015869, "58": 0.8034769892692566, "59": 0.7937231063842773, "60": 0.7972304224967957, "61": 0.8307531476020813, "62": 0.828040599822998, "63": 0.7983319163322449, "64": 0.8371120095252991, "65": 0.8412505984306335, "66": 0.8192083239555359, "67": 0.7825729250907898, "68": 0.812443733215332, "69": 0.8263621926307678, "70": 0.8268715739250183, "71": 0.8303914666175842, "72": 0.8124279975891113, "73": 0.8490126729011536, "74": 0.8392128944396973, "75": 0.8485131859779358, "76": 0.8145387172698975, "77": 0.845525324344635, "78": 0.812353789806366, "79": 0.8497741222381592, "80": 0.846118152141571}