{"1": 0.4741416573524475, "2": 0.42736393213272095, "3": 0.3900739848613739, "4": 0.4133201241493225, "5": 0.35320958495140076, "6": 0.3469535708427429, "7": 0.34891438484191895, "8": 0.3484894633293152, "9": 0.35294410586357117, "10": 0.3815487027168274, "11": 0.3074716031551361, "12": 0.3044494092464447, "13": 0.3069462776184082, "14": 0.3143613636493683, "15": 0.2943875789642334, "16": 0.3062167763710022, "17": 0.307515949010849, "18": 0.3596206605434418, "19": 0.30154767632484436, "20": 0.30420589447021484, "21": 0.288237988948822, "22": 0.29717618227005005, "23": 0.3108382523059845, "24": 0.30036288499832153, "25": 0.32812899351119995, "26": 0.35286447405815125, "27": 0.33888331055641174, "28": 0.2978529930114746, "29": 0.30027514696121216, "30": 0.33237510919570923, "31": 0.30253252387046814, "32": 0.361049085855484, "33": 0.31164535880088806, "34": 0.32186827063560486, "35": 0.3799632787704468, "36": 0.3310405910015106, "37": 0.3067532181739807, "38": 0.33542656898498535, "39": 0.345760315656662, "40": 0.41266927123069763, "41": 0.38961029052734375, "42": 0.38906919956207275, "43": 0.3797169029712677, "44": 0.3647206425666809, "45": 0.3599185049533844, "46": 0.4091363847255707, "47": 0.3965991139411926, "48": 0.38130638003349304, "49": 0.4788205623626709, "50": 0.41855669021606445, "51": 0.49385738372802734, "52": 0.405451238155365, "53": 0.42777949571609497, "54": 0.4576881527900696, "55": 0.5343136787414551, "56": 0.5226637721061707, "57": 0.4341392517089844, "58": 0.4251159727573395, "59": 0.4709421992301941, "60": 0.49962538480758667, "61": 0.5233131051063538, "62": 0.5390006899833679, "63": 0.5379120111465454, "64": 0.5045274496078491, "65": 0.4376072883605957, "66": 0.4929652214050293, "67": 0.5603919625282288, "68": 0.5314762592315674, "69": 0.5543712973594666, "70": 0.5662757158279419, "71": 0.561373770236969, "72": 0.4794551730155945, "73": 0.5063089728355408, "74": 0.5301498174667358, "75": 0.5528028607368469, "76": 0.5781286954879761, "77": 0.5449286699295044, "78": 0.6307299137115479, "79": 0.6107978224754333, "80": 0.6171636581420898}