{"1": 0.46440330147743225, "2": 0.39730891585350037, "3": 0.4910767674446106, "4": 0.3983313739299774, "5": 0.4391399323940277, "6": 0.3577811121940613, "7": 0.4074943959712982, "8": 0.4057106077671051, "9": 0.35145875811576843, "10": 0.38039809465408325, "11": 0.45203715562820435, "12": 0.32260268926620483, "13": 0.3637189269065857, "14": 0.3609815239906311, "15": 0.3275386095046997, "16": 0.3929649293422699, "17": 0.39378514885902405, "18": 0.3310488164424896, "19": 0.36885392665863037, "20": 0.35965606570243835, "21": 0.35177135467529297, "22": 0.35871586203575134, "23": 0.29708364605903625, "24": 0.35321134328842163, "25": 0.33914098143577576, "26": 0.43833866715431213, "27": 0.3642489016056061, "28": 0.2873350977897644, "29": 0.39332929253578186, "30": 0.3156949579715729, "31": 0.3575912415981293, "32": 0.34452715516090393, "33": 0.4138060212135315, "34": 0.27646756172180176, "35": 0.3275551199913025, "36": 0.36822253465652466, "37": 0.3075164258480072, "38": 0.3648536801338196, "39": 0.34780824184417725, "40": 0.3731927275657654, "41": 0.35108986496925354, "42": 0.4548446536064148, "43": 0.36619558930397034, "44": 0.43623846769332886, "45": 0.3495725989341736, "46": 0.45645445585250854, "47": 0.4227297902107239, "48": 0.4380923807621002, "49": 0.42399415373802185, "50": 0.482708603143692, "51": 0.4001447558403015, "52": 0.5123315453529358, "53": 0.5077515840530396, "54": 0.5141308903694153, "55": 0.43160438537597656, "56": 0.4632266163825989, "57": 0.500314474105835, "58": 0.5118198990821838, "59": 0.43793949484825134, "60": 0.5642517805099487, "61": 0.44443565607070923, "62": 0.43515318632125854, "63": 0.5268471240997314, "64": 0.5406155586242676, "65": 0.42235827445983887, "66": 0.5786583423614502, "67": 0.5142472982406616, "68": 0.4849810004234314, "69": 0.5777031183242798, "70": 0.6217145323753357, "71": 0.5382277965545654, "72": 0.5579997301101685, "73": 0.4836624264717102, "74": 0.5091975331306458, "75": 0.5650155544281006, "76": 0.6363146305084229, "77": 0.6363816857337952, "78": 0.6723021268844604, "79": 0.6211289167404175, "80": 0.5940723419189453}