{"Examples": {"_type": "images/separated", "width": 220, "height": 220, "format": "png", "count": 3, "captions": ["Image", "True Mask", "Predicted Mask"]}, "_step": 206, "_runtime": 36, "_timestamp": 1613687829, "Training Loss": 0.8055302500724792, "graph_0": {"_type": "graph-file", "path": "media/graph/graph_0_summary_da54dd6c.graph.json", "sha256": "da54dd6c2531cd0897052f9a76d74605d686c4b3ddf3f4e69a1c7a5e5a0c04ad", "size": 7510}, "Validation Loss": 0.6552534401416779, "Validation IoU": 0.5146538019180298, "Validation Accuracy": 0.6911574602127075}