{"1": 0.5395627021789551, "2": 0.4752004146575928, "3": 0.44276127219200134, "4": 0.41190487146377563, "5": 0.39677220582962036, "6": 0.37823086977005005, "7": 0.3908846080303192, "8": 0.373670756816864, "9": 0.33026114106178284, "10": 0.36610668897628784, "11": 0.37806496024131775, "12": 0.31287893652915955, "13": 0.32266029715538025, "14": 0.30477461218833923, "15": 0.36118894815444946, "16": 0.34431520104408264, "17": 0.3458614647388458, "18": 0.3103645443916321, "19": 0.34267348051071167, "20": 0.33526021242141724, "21": 0.33378368616104126, "22": 0.4724869728088379, "23": 0.34941908717155457, "24": 0.4302061200141907, "25": 0.38431328535079956, "26": 0.4764828681945801, "27": 0.48428720235824585, "28": 0.5125397443771362, "29": 0.45306453108787537, "30": 0.6342366337776184, "31": 0.5032880306243896, "32": 0.5539952516555786, "33": 0.5639856457710266, "34": 0.48994573950767517, "35": 0.54248046875, "36": 0.5193212032318115, "37": 0.6348557472229004, "38": 0.6273549199104309, "39": 0.6946029663085938, "40": 0.6916424632072449, "41": 0.6279903054237366, "42": 0.5816709399223328, "43": 0.6627897620201111, "44": 0.6503802537918091, "45": 0.6277041435241699, "46": 0.6727795600891113, "47": 0.6473920941352844, "48": 0.7275001406669617, "49": 0.7111219763755798, "50": 0.6874114274978638, "51": 0.7642384767532349, "52": 0.7572697401046753, "53": 0.7564024925231934, "54": 0.7921560406684875, "55": 0.7935188412666321, "56": 0.8037447929382324, "57": 0.8107721209526062, "58": 0.8044494390487671, "59": 0.7298493385314941, "60": 0.7560862302780151, "61": 0.9214377403259277, "62": 0.8283705711364746, "63": 0.7808365821838379, "64": 0.8573763966560364, "65": 0.8276892900466919, "66": 0.8621317744255066, "67": 0.9084461331367493, "68": 0.9326575994491577, "69": 0.8588690757751465, "70": 0.8946294784545898, "71": 0.8487526178359985, "72": 0.9287149310112, "73": 0.8431861996650696, "74": 0.9249104261398315, "75": 0.9624447822570801, "76": 0.896273136138916, "77": 0.9065515398979187, "78": 0.9441059231758118, "79": 0.9452835321426392, "80": 0.940163254737854}