{"1": 0.5519141554832458, "2": 0.5880733132362366, "3": 0.7146652340888977, "4": 0.6988170742988586, "5": 0.6898037791252136, "6": 0.5166684985160828, "7": 0.6522483229637146, "8": 0.6389737725257874, "9": 0.6937481760978699, "10": 0.7212178111076355, "11": 0.7195539474487305, "12": 0.7031978964805603, "13": 0.6835939288139343, "14": 0.6437992453575134, "15": 0.6749680638313293, "16": 0.7230682969093323, "17": 0.6384313106536865, "18": 0.652825653553009, "19": 0.6802162528038025, "20": 0.7017833590507507, "21": 0.7028298377990723, "22": 0.6340256333351135, "23": 0.6737142205238342, "24": 0.6767413020133972, "25": 0.6806396842002869, "26": 0.7036426663398743, "27": 0.7051005363464355, "28": 0.7363543510437012, "29": 0.6861850619316101, "30": 0.6971258521080017, "31": 0.666713535785675, "32": 0.6679496169090271, "33": 0.6457860469818115, "34": 0.6127308011054993, "35": 0.6481336951255798, "36": 0.7188809514045715, "37": 0.6987981200218201, "38": 0.7070889472961426, "39": 0.7061870098114014, "40": 0.7102319598197937, "41": 0.6956480145454407, "42": 0.6791632771492004, "43": 0.707410991191864, "44": 0.7103280425071716, "45": 0.7165715098381042, "46": 0.6818239092826843, "47": 0.6927273869514465, "48": 0.6843743324279785, "49": 0.7249390482902527, "50": 0.7085270881652832, "51": 0.7082171440124512, "52": 0.6952223181724548, "53": 0.697392463684082, "54": 0.7033080458641052, "55": 0.6954123377799988, "56": 0.7071962356567383, "57": 0.667023241519928, "58": 0.697986900806427, "59": 0.7100377678871155, "60": 0.7139084935188293, "61": 0.7149528861045837, "62": 0.6734967231750488, "63": 0.6889269948005676, "64": 0.6750428080558777, "65": 0.6953625679016113, "66": 0.7106818556785583, "67": 0.6826236248016357, "68": 0.710540235042572, "69": 0.701387345790863, "70": 0.7060186266899109, "71": 0.705023467540741, "72": 0.7162147164344788, "73": 0.7099676132202148, "74": 0.7046347260475159, "75": 0.7259489893913269, "76": 0.6930872797966003, "77": 0.7014215588569641, "78": 0.6772661209106445, "79": 0.6574718952178955, "80": 0.7043889164924622}