{"1": 0.5182546377182007, "2": 0.5589187145233154, "3": 0.2843093276023865, "4": 0.3303353190422058, "5": 0.33315566182136536, "6": 0.6364871859550476, "7": 0.3871799111366272, "8": 0.41660651564598083, "9": 0.34991344809532166, "10": 0.2996439039707184, "11": 0.3182757794857025, "12": 0.34378620982170105, "13": 0.4117090702056885, "14": 0.5415381193161011, "15": 0.42314034700393677, "16": 0.34298890829086304, "17": 0.49428242444992065, "18": 0.5661832094192505, "19": 0.5084120035171509, "20": 0.4385465085506439, "21": 0.46944278478622437, "22": 0.654285192489624, "23": 0.5184314846992493, "24": 0.582085132598877, "25": 0.48190170526504517, "26": 0.4380807876586914, "27": 0.45837682485580444, "28": 0.40453511476516724, "29": 0.5542024374008179, "30": 0.49306219816207886, "31": 0.6234739422798157, "32": 0.5497798919677734, "33": 0.6538348197937012, "34": 0.7552772760391235, "35": 0.6518326997756958, "36": 0.4298326373100281, "37": 0.5246724486351013, "38": 0.5183987617492676, "39": 0.5482077598571777, "40": 0.46084579825401306, "41": 0.5689734220504761, "42": 0.5790872573852539, "43": 0.544216513633728, "44": 0.5214554667472839, "45": 0.5365986824035645, "46": 0.5840295553207397, "47": 0.5964184999465942, "48": 0.5626269578933716, "49": 0.48715725541114807, "50": 0.5201929807662964, "51": 0.5893716812133789, "52": 0.5996768474578857, "53": 0.6127190589904785, "54": 0.5931883454322815, "55": 0.6409502029418945, "56": 0.6136359572410583, "57": 0.7746748924255371, "58": 0.6000943183898926, "59": 0.4582478106021881, "60": 0.4770633578300476, "61": 0.5122771859169006, "62": 0.7318565249443054, "63": 0.6430894136428833, "64": 0.7420719265937805, "65": 0.6658136248588562, "66": 0.5936609506607056, "67": 0.7011218070983887, "68": 0.5991088151931763, "69": 0.6286258697509766, "70": 0.6272053122520447, "71": 0.6321375966072083, "72": 0.583229660987854, "73": 0.5907264947891235, "74": 0.644538164138794, "75": 0.49914947152137756, "76": 0.6586182713508606, "77": 0.6053534150123596, "78": 0.5869783163070679, "79": 0.7590145468711853, "80": 0.6169374585151672}