{"1": 0.6925411224365234, "2": 0.6991762518882751, "3": 0.6553676724433899, "4": 0.6618525981903076, "5": 0.7124438881874084, "6": 0.6956648826599121, "7": 0.6901230812072754, "8": 0.6671646237373352, "9": 0.6367058157920837, "10": 0.6779115200042725, "11": 0.684526264667511, "12": 0.7113927006721497, "13": 0.6538340449333191, "14": 0.6855378150939941, "15": 0.6875060200691223, "16": 0.6795598864555359, "17": 0.7154529094696045, "18": 0.6775471568107605, "19": 0.7021012902259827, "20": 0.6338076591491699, "21": 0.7075130343437195, "22": 0.673863410949707, "23": 0.6794736981391907, "24": 0.6489869952201843, "25": 0.6876699328422546, "26": 0.7042438387870789, "27": 0.6878160834312439, "28": 0.705010175704956, "29": 0.670403003692627, "30": 0.6766262054443359, "31": 0.6701866984367371, "32": 0.7145905494689941, "33": 0.6684289574623108, "34": 0.7083767056465149, "35": 0.7027994990348816, "36": 0.6902437806129456, "37": 0.7062460780143738, "38": 0.6786163449287415, "39": 0.7024460434913635, "40": 0.7021947503089905, "41": 0.6990883946418762, "42": 0.696871817111969, "43": 0.6835811138153076, "44": 0.6803362965583801, "45": 0.6824724078178406, "46": 0.6417959332466125, "47": 0.6905344128608704, "48": 0.6913743019104004, "49": 0.6894645690917969, "50": 0.6600772142410278, "51": 0.7101040482521057, "52": 0.6878678798675537, "53": 0.7025013566017151, "54": 0.7086763381958008, "55": 0.7039518356323242, "56": 0.6874179840087891, "57": 0.7047619223594666, "58": 0.7109651565551758, "59": 0.6571447849273682, "60": 0.6942441463470459, "61": 0.7030981183052063, "62": 0.6387119293212891, "63": 0.6771559715270996, "64": 0.6783123016357422, "65": 0.688086748123169, "66": 0.6938877105712891, "67": 0.6892524361610413, "68": 0.6917105317115784, "69": 0.6850042343139648, "70": 0.6920116543769836, "71": 0.6990310549736023, "72": 0.6908674836158752, "73": 0.6734938025474548, "74": 0.6660314202308655, "75": 0.6958789229393005, "76": 0.673229992389679, "77": 0.7059969902038574, "78": 0.6916244626045227, "79": 0.6887543797492981, "80": 0.6434990167617798}