{"1": 0.7367558479309082, "2": 0.8186046481132507, "3": 0.8023625016212463, "4": 0.7836499214172363, "5": 0.8189230561256409, "6": 0.8343271613121033, "7": 0.8306459784507751, "8": 0.8165950775146484, "9": 0.7926716804504395, "10": 0.8245360255241394, "11": 0.8282372355461121, "12": 0.8297038078308105, "13": 0.8355595469474792, "14": 0.8268364071846008, "15": 0.8425280451774597, "16": 0.8256757855415344, "17": 0.8025946617126465, "18": 0.8400051593780518, "19": 0.8312852382659912, "20": 0.8516707420349121, "21": 0.8401432633399963, "22": 0.8233354687690735, "23": 0.819096028804779, "24": 0.8052164912223816, "25": 0.8269362449645996, "26": 0.8370727896690369, "27": 0.8496516346931458, "28": 0.8216931819915771, "29": 0.8229427337646484, "30": 0.8267142176628113, "31": 0.8408563137054443, "32": 0.8394856452941895, "33": 0.8385860919952393, "34": 0.8390395641326904, "35": 0.8325654864311218, "36": 0.8347342610359192, "37": 0.8361716270446777, "38": 0.8320667147636414, "39": 0.8450037837028503, "40": 0.8245329856872559, "41": 0.8329247832298279, "42": 0.8386979103088379, "43": 0.8405954837799072, "44": 0.8409102559089661, "45": 0.8362118601799011, "46": 0.8233547806739807, "47": 0.8387497067451477, "48": 0.8472234606742859, "49": 0.8365594744682312, "50": 0.8461387753486633, "51": 0.8359074592590332, "52": 0.8307295441627502, "53": 0.8376083374023438, "54": 0.8497726321220398, "55": 0.8267889022827148, "56": 0.8327347636222839, "57": 0.833502471446991, "58": 0.8200831413269043, "59": 0.8401568531990051, "60": 0.8330397605895996, "61": 0.8347134590148926, "62": 0.8381670117378235, "63": 0.82565838098526, "64": 0.8313621878623962, "65": 0.8294660449028015, "66": 0.8288202285766602, "67": 0.8247717022895813, "68": 0.8398714065551758, "69": 0.8248357176780701, "70": 0.8428409099578857, "71": 0.838039219379425, "72": 0.8234467506408691, "73": 0.834800660610199, "74": 0.8512882590293884, "75": 0.8371641635894775, "76": 0.8439814448356628, "77": 0.823054313659668, "78": 0.8101136088371277, "79": 0.8435678482055664, "80": 0.8371859192848206}