{"1": 0.6157423853874207, "2": 0.505824625492096, "3": 0.42267459630966187, "4": 0.46958765387535095, "5": 0.436830997467041, "6": 0.39994513988494873, "7": 0.43319305777549744, "8": 0.3967016339302063, "9": 0.35886985063552856, "10": 0.35090094804763794, "11": 0.31696027517318726, "12": 0.3624870181083679, "13": 0.32025569677352905, "14": 0.3276556432247162, "15": 0.3354339301586151, "16": 0.4847536087036133, "17": 0.36884763836860657, "18": 0.3331705629825592, "19": 0.3463725745677948, "20": 0.41449469327926636, "21": 0.4184595048427582, "22": 0.4029921591281891, "23": 0.42267948389053345, "24": 0.3679295480251312, "25": 0.4583790898323059, "26": 0.46199125051498413, "27": 0.4933741092681885, "28": 0.4855772852897644, "29": 0.466342031955719, "30": 0.4931754171848297, "31": 0.5315852761268616, "32": 0.6234524846076965, "33": 0.6039004921913147, "34": 0.5607122182846069, "35": 0.6001874208450317, "36": 0.598953366279602, "37": 0.6344731450080872, "38": 0.6423504948616028, "39": 0.6048021912574768, "40": 0.7272015810012817, "41": 0.6289331912994385, "42": 0.7338846325874329, "43": 0.6590994000434875, "44": 0.6981721520423889, "45": 0.5378591418266296, "46": 0.6854392290115356, "47": 0.7169181108474731, "48": 0.5432090759277344, "49": 0.6418242454528809, "50": 0.7025794982910156, "51": 0.7098394632339478, "52": 0.7498422861099243, "53": 0.7638603448867798, "54": 0.7561472654342651, "55": 0.7615514993667603, "56": 0.7547762393951416, "57": 0.8138633966445923, "58": 0.7816391587257385, "59": 0.7497415542602539, "60": 0.7651718258857727, "61": 0.8304799199104309, "62": 0.772131621837616, "63": 0.8075140714645386, "64": 0.823196530342102, "65": 0.8082359433174133, "66": 0.9197484254837036, "67": 0.8522360920906067, "68": 0.8712911605834961, "69": 0.832116425037384, "70": 0.9221188426017761, "71": 0.9605434536933899, "72": 0.9626303911209106, "73": 0.9452998042106628, "74": 0.7956950068473816, "75": 0.9154911041259766, "76": 0.9995104670524597, "77": 1.0105509757995605, "78": 0.9685643315315247, "79": 1.1777423620224, "80": 0.787507951259613}