{"1": 0.542909562587738, "2": 0.5950296521186829, "3": 0.596329391002655, "4": 0.6245361566543579, "5": 0.6630732417106628, "6": 0.6213403344154358, "7": 0.6511611342430115, "8": 0.6847766041755676, "9": 0.6401488780975342, "10": 0.7096220850944519, "11": 0.6827712655067444, "12": 0.7081980109214783, "13": 0.6759753227233887, "14": 0.7199301719665527, "15": 0.6808223128318787, "16": 0.7067289352416992, "17": 0.6782261729240417, "18": 0.6739906668663025, "19": 0.6699097752571106, "20": 0.6935334205627441, "21": 0.6799481511116028, "22": 0.6924938559532166, "23": 0.6771506667137146, "24": 0.7173757553100586, "25": 0.6746525168418884, "26": 0.6810361742973328, "27": 0.7004026770591736, "28": 0.6950948238372803, "29": 0.6944330334663391, "30": 0.6984139084815979, "31": 0.7185375094413757, "32": 0.6568315625190735, "33": 0.6967365145683289, "34": 0.7049167156219482, "35": 0.6954967975616455, "36": 0.7167046666145325, "37": 0.6936550140380859, "38": 0.715501070022583, "39": 0.6820192337036133, "40": 0.6916494369506836, "41": 0.7063106894493103, "42": 0.6831686496734619, "43": 0.7050251364707947, "44": 0.7215574383735657, "45": 0.709918737411499, "46": 0.715289831161499, "47": 0.7120665907859802, "48": 0.7026928067207336, "49": 0.7035079002380371, "50": 0.714236319065094, "51": 0.7090842127799988, "52": 0.6966262459754944, "53": 0.7088831067085266, "54": 0.7087880969047546, "55": 0.7032250761985779, "56": 0.7125322222709656, "57": 0.7068613171577454, "58": 0.6988121867179871, "59": 0.7093067765235901, "60": 0.7060644030570984, "61": 0.6974443793296814, "62": 0.7104031443595886, "63": 0.6950202584266663, "64": 0.7121272087097168, "65": 0.7084466814994812, "66": 0.7028999328613281, "67": 0.7081430554389954, "68": 0.7125666737556458, "69": 0.6974765658378601, "70": 0.6727125644683838, "71": 0.7110990881919861, "72": 0.708451509475708, "73": 0.6998010277748108, "74": 0.6996629238128662, "75": 0.7079818248748779, "76": 0.7065694332122803, "77": 0.7062556147575378, "78": 0.7056817412376404, "79": 0.7073936462402344, "80": 0.7046511769294739}