{"1": 0.487469345331192, "2": 0.5391461253166199, "3": 0.6289923191070557, "4": 0.5747435092926025, "5": 0.5782449841499329, "6": 0.6155334115028381, "7": 0.6231825351715088, "8": 0.6256535649299622, "9": 0.6645317077636719, "10": 0.6981551051139832, "11": 0.7137213349342346, "12": 0.6578552722930908, "13": 0.6997036933898926, "14": 0.7071395516395569, "15": 0.6880447864532471, "16": 0.5947036147117615, "17": 0.674979031085968, "18": 0.6894049644470215, "19": 0.6827624440193176, "20": 0.653491199016571, "21": 0.6668818593025208, "22": 0.6883459091186523, "23": 0.6804013848304749, "24": 0.7170305252075195, "25": 0.6864150166511536, "26": 0.691649854183197, "27": 0.674050509929657, "28": 0.6916379332542419, "29": 0.7002438902854919, "30": 0.7043213844299316, "31": 0.6865329146385193, "32": 0.6688957810401917, "33": 0.6826679706573486, "34": 0.6937546133995056, "35": 0.6886162757873535, "36": 0.7032098770141602, "37": 0.6888620257377625, "38": 0.7036716341972351, "39": 0.7010860443115234, "40": 0.6887076497077942, "41": 0.7106782793998718, "42": 0.6879652142524719, "43": 0.6867906451225281, "44": 0.6827382445335388, "45": 0.7119152545928955, "46": 0.7087938189506531, "47": 0.6533789038658142, "48": 0.6947774291038513, "49": 0.6882752776145935, "50": 0.6765473484992981, "51": 0.6871698498725891, "52": 0.6862966418266296, "53": 0.6863365173339844, "54": 0.6882969737052917, "55": 0.6872407793998718, "56": 0.6897702217102051, "57": 0.6897799372673035, "58": 0.6934661865234375, "59": 0.6965224146842957, "60": 0.6836126446723938, "61": 0.6837021708488464, "62": 0.7029750347137451, "63": 0.7012156844139099, "64": 0.6969771981239319, "65": 0.6930055618286133, "66": 0.6852958798408508, "67": 0.6990143656730652, "68": 0.6861562728881836, "69": 0.7031311392784119, "70": 0.6933603882789612, "71": 0.6891639828681946, "72": 0.685002326965332, "73": 0.6996035575866699, "74": 0.7086178660392761, "75": 0.7011356949806213, "76": 0.6816976070404053, "77": 0.6861152052879333, "78": 0.6834538578987122, "79": 0.6391907334327698, "80": 0.6751274466514587}