{"1": 0.3867008686065674, "2": 0.38753020763397217, "3": 0.4165140688419342, "4": 0.3459779918193817, "5": 0.3131958544254303, "6": 0.3024420440196991, "7": 0.34699344635009766, "8": 0.466668039560318, "9": 0.49218234419822693, "10": 0.3856891691684723, "11": 0.37658819556236267, "12": 0.40954524278640747, "13": 0.5014727115631104, "14": 0.3993013799190521, "15": 0.47379937767982483, "16": 0.33970674872398376, "17": 0.4520374834537506, "18": 0.47773367166519165, "19": 0.5267779231071472, "20": 0.4125674366950989, "21": 0.43694013357162476, "22": 0.6140087842941284, "23": 0.5911972522735596, "24": 0.5076999068260193, "25": 0.5072419047355652, "26": 0.5479300618171692, "27": 0.5918828248977661, "28": 0.5864800810813904, "29": 0.6101233959197998, "30": 0.4418500065803528, "31": 0.5937151312828064, "32": 0.4976636469364166, "33": 0.5551886558532715, "34": 0.5744861364364624, "35": 0.7422974109649658, "36": 0.5777313709259033, "37": 0.5300569534301758, "38": 0.48109251260757446, "39": 0.628964364528656, "40": 0.6838372945785522, "41": 0.5495998859405518, "42": 0.5978295803070068, "43": 0.5315496921539307, "44": 0.6489436030387878, "45": 0.6461249589920044, "46": 0.6553815603256226, "47": 0.6835924386978149, "48": 0.6126664280891418, "49": 0.6213976740837097, "50": 0.715465247631073, "51": 0.5685396194458008, "52": 0.7244216799736023, "53": 0.7326276898384094, "54": 0.5594727993011475, "55": 0.7580176591873169, "56": 0.6749061346054077, "57": 0.6145651936531067, "58": 0.7563101053237915, "59": 0.6634913682937622, "60": 0.7716016173362732, "61": 0.7453373670578003, "62": 0.6961393356323242, "63": 0.6635387539863586, "64": 0.6462743878364563, "65": 0.8247612118721008, "66": 0.7062679529190063, "67": 0.7513018846511841, "68": 0.7073222398757935, "69": 0.9198114275932312, "70": 0.6536545157432556, "71": 0.7590567469596863, "72": 0.6753534078598022, "73": 0.7219451069831848, "74": 0.6943514347076416, "75": 0.733150064945221, "76": 0.6997196078300476, "77": 0.7683223485946655, "78": 0.7195013165473938, "79": 0.48645156621932983, "80": 0.6147075891494751}