{"1": 0.6431722044944763, "2": 0.6816176772117615, "3": 0.6468172669410706, "4": 0.6823630928993225, "5": 0.7045432925224304, "6": 0.7100818157196045, "7": 0.7000824809074402, "8": 0.6566745042800903, "9": 0.6345641016960144, "10": 0.6884958744049072, "11": 0.704500675201416, "12": 0.6916642189025879, "13": 0.676809549331665, "14": 0.698086678981781, "15": 0.7002940773963928, "16": 0.6950492858886719, "17": 0.668562114238739, "18": 0.6920749545097351, "19": 0.6790177226066589, "20": 0.7196972966194153, "21": 0.7069995999336243, "22": 0.6730032563209534, "23": 0.6537886261940002, "24": 0.6608944535255432, "25": 0.6955001950263977, "26": 0.6999260783195496, "27": 0.6930081844329834, "28": 0.6701269745826721, "29": 0.6763088703155518, "30": 0.707650363445282, "31": 0.692253589630127, "32": 0.7105501294136047, "33": 0.7001801133155823, "34": 0.6994993090629578, "35": 0.6784858107566833, "36": 0.692302405834198, "37": 0.7105791568756104, "38": 0.7074265480041504, "39": 0.7043250203132629, "40": 0.6782658100128174, "41": 0.7007408738136292, "42": 0.6972139477729797, "43": 0.7101478576660156, "44": 0.699173629283905, "45": 0.6992682814598083, "46": 0.6790766716003418, "47": 0.6952057480812073, "48": 0.6949102878570557, "49": 0.7083292007446289, "50": 0.7055776715278625, "51": 0.7102539539337158, "52": 0.6872327923774719, "53": 0.7057066559791565, "54": 0.720034658908844, "55": 0.6781537532806396, "56": 0.6860015988349915, "57": 0.7103717923164368, "58": 0.6776830554008484, "59": 0.7020375728607178, "60": 0.6849663853645325, "61": 0.6911177635192871, "62": 0.7031574249267578, "63": 0.6943717002868652, "64": 0.7059634327888489, "65": 0.6787126660346985, "66": 0.693697988986969, "67": 0.6644864082336426, "68": 0.7019147872924805, "69": 0.6699032783508301, "70": 0.7123637795448303, "71": 0.691687822341919, "72": 0.6971701979637146, "73": 0.6968532204627991, "74": 0.7093904614448547, "75": 0.7049680352210999, "76": 0.7131069302558899, "77": 0.6854767799377441, "78": 0.6855016350746155, "79": 0.7014157772064209, "80": 0.7102258801460266}