{"1": 0.6483532190322876, "2": 0.7268953323364258, "3": 0.7414634823799133, "4": 0.7759793400764465, "5": 0.800199031829834, "6": 0.7903871536254883, "7": 0.8062937259674072, "8": 0.8160209059715271, "9": 0.7744884490966797, "10": 0.8295372128486633, "11": 0.8110721707344055, "12": 0.8392760157585144, "13": 0.8244028687477112, "14": 0.8415504097938538, "15": 0.8131478428840637, "16": 0.843120276927948, "17": 0.8317265510559082, "18": 0.8203689455986023, "19": 0.819263219833374, "20": 0.8396744728088379, "21": 0.8252779841423035, "22": 0.8254799842834473, "23": 0.8282327651977539, "24": 0.8391451835632324, "25": 0.8218080401420593, "26": 0.8250485062599182, "27": 0.8346779346466064, "28": 0.8316695690155029, "29": 0.8306333422660828, "30": 0.8359624743461609, "31": 0.8417596220970154, "32": 0.8072502613067627, "33": 0.830390989780426, "34": 0.8355949521064758, "35": 0.8297974467277527, "36": 0.840735912322998, "37": 0.828094482421875, "38": 0.8438909649848938, "39": 0.8218176960945129, "40": 0.8144838809967041, "41": 0.8407098650932312, "42": 0.8226115107536316, "43": 0.8417273163795471, "44": 0.8429757952690125, "45": 0.8425719141960144, "46": 0.8475691676139832, "47": 0.842517614364624, "48": 0.8439357280731201, "49": 0.8371292948722839, "50": 0.8488172888755798, "51": 0.8399698138237, "52": 0.8336494565010071, "53": 0.8420116901397705, "54": 0.8400211334228516, "55": 0.840808629989624, "56": 0.8444771766662598, "57": 0.8374534249305725, "58": 0.8371555805206299, "59": 0.8461759686470032, "60": 0.8394486308097839, "61": 0.8352848887443542, "62": 0.8407214283943176, "63": 0.8370025753974915, "64": 0.842301607131958, "65": 0.8366324305534363, "66": 0.8343209624290466, "67": 0.8371492028236389, "68": 0.8459275364875793, "69": 0.8307697176933289, "70": 0.8238535523414612, "71": 0.8389009833335876, "72": 0.8297275900840759, "73": 0.8320775628089905, "74": 0.8338308334350586, "75": 0.8380177617073059, "76": 0.8366706371307373, "77": 0.8383577466011047, "78": 0.838006317615509, "79": 0.8385438919067383, "80": 0.836806058883667}