{"1": 0.3583175241947174, "2": 0.3179395794868469, "3": 0.3842174708843231, "4": 0.42150458693504333, "5": 0.3548666536808014, "6": 0.34461677074432373, "7": 0.396440327167511, "8": 0.4451448321342468, "9": 0.6174120306968689, "10": 0.45398053526878357, "11": 0.4384060502052307, "12": 0.3754715621471405, "13": 0.5260766744613647, "14": 0.4906577169895172, "15": 0.44471389055252075, "16": 0.478424608707428, "17": 0.38320034742355347, "18": 0.5198006629943848, "19": 0.45783743262290955, "20": 0.6292465925216675, "21": 0.4706610143184662, "22": 0.6189614534378052, "23": 0.5563023686408997, "24": 0.732891857624054, "25": 0.5390671491622925, "26": 0.5048347115516663, "27": 0.6067168116569519, "28": 0.5157486200332642, "29": 0.6128414869308472, "30": 0.5463131666183472, "31": 0.6345081925392151, "32": 0.42508164048194885, "33": 0.6703892350196838, "34": 0.4990549683570862, "35": 0.5460642576217651, "36": 0.5602753758430481, "37": 0.510236382484436, "38": 0.6613922119140625, "39": 0.5683721303939819, "40": 0.5502603650093079, "41": 0.6082294583320618, "42": 0.6418963670730591, "43": 0.6832866668701172, "44": 0.6957720518112183, "45": 0.6173284649848938, "46": 0.7906638383865356, "47": 0.5827029943466187, "48": 0.6010889410972595, "49": 0.6507426500320435, "50": 0.7686439752578735, "51": 0.5582920908927917, "52": 0.6595245003700256, "53": 0.6027551889419556, "54": 0.6043396592140198, "55": 0.5963185429573059, "56": 0.6689943075180054, "57": 0.6323426365852356, "58": 0.5763868093490601, "59": 0.7602478861808777, "60": 0.5742913484573364, "61": 0.6653409600257874, "62": 0.7990363836288452, "63": 0.6608127355575562, "64": 0.6960147619247437, "65": 0.6689389944076538, "66": 0.6662405729293823, "67": 0.6728659272193909, "68": 0.6973215341567993, "69": 0.7280035018920898, "70": 0.7042034864425659, "71": 0.6298879384994507, "72": 0.691633403301239, "73": 0.7424997091293335, "74": 0.7273671627044678, "75": 0.6467562317848206, "76": 0.7185590267181396, "77": 0.6233326196670532, "78": 0.7011120915412903, "79": 0.6674050092697144, "80": 0.9126554727554321}