{"1": 0.4958963394165039, "2": 0.5991858839988708, "3": 0.6141138672828674, "4": 0.649776041507721, "5": 0.654590368270874, "6": 0.6685812473297119, "7": 0.6485395431518555, "8": 0.6786379814147949, "9": 0.7102277874946594, "10": 0.6851881146430969, "11": 0.6875812411308289, "12": 0.7048923373222351, "13": 0.7057342529296875, "14": 0.7198693752288818, "15": 0.6763749718666077, "16": 0.7038142085075378, "17": 0.7058458924293518, "18": 0.7208221554756165, "19": 0.7106872200965881, "20": 0.7119947075843811, "21": 0.7234655022621155, "22": 0.6602274179458618, "23": 0.7072768807411194, "24": 0.6976306438446045, "25": 0.7109193801879883, "26": 0.6954683661460876, "27": 0.6954731345176697, "28": 0.6861464977264404, "29": 0.7195451855659485, "30": 0.6755037903785706, "31": 0.6900362372398376, "32": 0.680302083492279, "33": 0.7008969783782959, "34": 0.7154085040092468, "35": 0.718512773513794, "36": 0.7196142673492432, "37": 0.6860489845275879, "38": 0.7093527913093567, "39": 0.6821627020835876, "40": 0.691634476184845, "41": 0.6981813907623291, "42": 0.7135457992553711, "43": 0.69921875, "44": 0.693621814250946, "45": 0.7057245373725891, "46": 0.7020280361175537, "47": 0.7145875096321106, "48": 0.6978106498718262, "49": 0.7050068378448486, "50": 0.706054151058197, "51": 0.7057709693908691, "52": 0.7030280232429504, "53": 0.6999924182891846, "54": 0.6961483359336853, "55": 0.6989511847496033, "56": 0.6991777420043945, "57": 0.7054669857025146, "58": 0.7117261290550232, "59": 0.6719028353691101, "60": 0.6965290904045105, "61": 0.6771314740180969, "62": 0.7021804451942444, "63": 0.7138072848320007, "64": 0.7087013125419617, "65": 0.7089647650718689, "66": 0.7076557278633118, "67": 0.699841320514679, "68": 0.6967825889587402, "69": 0.7094104886054993, "70": 0.6946334838867188, "71": 0.7088706493377686, "72": 0.6889400482177734, "73": 0.7035946249961853, "74": 0.7063698768615723, "75": 0.6964364647865295, "76": 0.7035746574401855, "77": 0.7131900787353516, "78": 0.7048553824424744, "79": 0.7090809941291809, "80": 0.7068042159080505}