{"1": 0.6073070168495178, "2": 0.7359529137611389, "3": 0.7409973740577698, "4": 0.7796710133552551, "5": 0.7894921898841858, "6": 0.81585693359375, "7": 0.8018457889556885, "8": 0.8126041293144226, "9": 0.8342633247375488, "10": 0.8202925324440002, "11": 0.8100895881652832, "12": 0.8181354403495789, "13": 0.8436460494995117, "14": 0.8341034054756165, "15": 0.8188028335571289, "16": 0.8504032492637634, "17": 0.8397698402404785, "18": 0.8539226651191711, "19": 0.8371328711509705, "20": 0.8376980423927307, "21": 0.8383880257606506, "22": 0.8117149472236633, "23": 0.8294079899787903, "24": 0.8335912227630615, "25": 0.8401601910591125, "26": 0.837412416934967, "27": 0.8341897130012512, "28": 0.8293819427490234, "29": 0.8522167205810547, "30": 0.824547290802002, "31": 0.8201689720153809, "32": 0.8297198414802551, "33": 0.8394089341163635, "34": 0.8453559279441833, "35": 0.8440957069396973, "36": 0.8450446724891663, "37": 0.8298562169075012, "38": 0.8441454768180847, "39": 0.831002950668335, "40": 0.8351278305053711, "41": 0.8319403529167175, "42": 0.8501576781272888, "43": 0.8416897654533386, "44": 0.83407062292099, "45": 0.8321943283081055, "46": 0.8409852385520935, "47": 0.8502733111381531, "48": 0.838879406452179, "49": 0.8366239070892334, "50": 0.840031623840332, "51": 0.8451918959617615, "52": 0.8421337604522705, "53": 0.8373050689697266, "54": 0.837207019329071, "55": 0.8382589817047119, "56": 0.8360056281089783, "57": 0.8417410254478455, "58": 0.8474653363227844, "59": 0.8062381744384766, "60": 0.8374542593955994, "61": 0.8264196515083313, "62": 0.8417693972587585, "63": 0.8512349128723145, "64": 0.8450688719749451, "65": 0.8464812636375427, "66": 0.8446044921875, "67": 0.8401020169258118, "68": 0.8348466753959656, "69": 0.8449603915214539, "70": 0.8377037048339844, "71": 0.8444242477416992, "72": 0.8260999321937561, "73": 0.8379302024841309, "74": 0.846486508846283, "75": 0.8388308882713318, "76": 0.8451154232025146, "77": 0.8461707234382629, "78": 0.8406221866607666, "79": 0.8453505635261536, "80": 0.8426651358604431}