{"1": 0.5951446890830994, "2": 0.6437543034553528, "3": 0.7568729519844055, "4": 0.7047740817070007, "5": 0.7403262257575989, "6": 0.7722859382629395, "7": 0.7454912066459656, "8": 0.7816910743713379, "9": 0.8131430745124817, "10": 0.8099443912506104, "11": 0.8309855461120605, "12": 0.8135409355163574, "13": 0.8369434475898743, "14": 0.8415297865867615, "15": 0.8211812973022461, "16": 0.7463966012001038, "17": 0.8162407875061035, "18": 0.8144967555999756, "19": 0.8235602378845215, "20": 0.800830066204071, "21": 0.8152284622192383, "22": 0.8387661576271057, "23": 0.8108663558959961, "24": 0.8503023982048035, "25": 0.8275455832481384, "26": 0.8390352129936218, "27": 0.8265643119812012, "28": 0.8257411122322083, "29": 0.836972713470459, "30": 0.8384943008422852, "31": 0.8185979723930359, "32": 0.8174145221710205, "33": 0.824164628982544, "34": 0.8179991841316223, "35": 0.8335959911346436, "36": 0.8364605903625488, "37": 0.8285892605781555, "38": 0.8395755290985107, "39": 0.8350679874420166, "40": 0.8356202244758606, "41": 0.8424140810966492, "42": 0.8326246738433838, "43": 0.8193469047546387, "44": 0.8228548169136047, "45": 0.8308961987495422, "46": 0.8424347043037415, "47": 0.8114471435546875, "48": 0.8274689316749573, "49": 0.8226435780525208, "50": 0.8207605481147766, "51": 0.8246544003486633, "52": 0.8251981139183044, "53": 0.8257271647453308, "54": 0.8213152885437012, "55": 0.8239185810089111, "56": 0.8247954845428467, "57": 0.8246713280677795, "58": 0.8236253261566162, "59": 0.8295558094978333, "60": 0.8201439380645752, "61": 0.8230690956115723, "62": 0.8362941145896912, "63": 0.8354909420013428, "64": 0.836663007736206, "65": 0.8275648951530457, "66": 0.8284527659416199, "67": 0.8364412188529968, "68": 0.8251840472221375, "69": 0.8372382521629333, "70": 0.8324236273765564, "71": 0.8295642733573914, "72": 0.8150731921195984, "73": 0.8403885960578918, "74": 0.8349390029907227, "75": 0.8356509804725647, "76": 0.8244627118110657, "77": 0.830355167388916, "78": 0.8224458694458008, "79": 0.8027520775794983, "80": 0.8271366953849792}