{"1": 0.5242120623588562, "2": 0.4652385711669922, "3": 0.4463129937648773, "4": 0.40994319319725037, "5": 0.3790828287601471, "6": 0.40742167830467224, "7": 0.3753312826156616, "8": 0.3438141644001007, "9": 0.38739025592803955, "10": 0.32058796286582947, "11": 0.3400152623653412, "12": 0.32507604360580444, "13": 0.34932929277420044, "14": 0.2884226441383362, "15": 0.3438514471054077, "16": 0.3144912123680115, "17": 0.38403844833374023, "18": 0.3860244154930115, "19": 0.4209950566291809, "20": 0.3796791434288025, "21": 0.4463180601596832, "22": 0.40114861726760864, "23": 0.4392792582511902, "24": 0.38532084226608276, "25": 0.5151514410972595, "26": 0.5183184742927551, "27": 0.4623740315437317, "28": 0.4839886724948883, "29": 0.5112951993942261, "30": 0.5303400754928589, "31": 0.42851725220680237, "32": 0.6491385102272034, "33": 0.5335171818733215, "34": 0.5595729947090149, "35": 0.6111334562301636, "36": 0.5196477174758911, "37": 0.6151711344718933, "38": 0.5894085764884949, "39": 0.6817417740821838, "40": 0.5582080483436584, "41": 0.5638834238052368, "42": 0.6286716461181641, "43": 0.6095812916755676, "44": 0.5684516429901123, "45": 0.6481232643127441, "46": 0.6434301137924194, "47": 0.6661340594291687, "48": 0.7111629843711853, "49": 0.6935588121414185, "50": 0.6799030303955078, "51": 0.6681936979293823, "52": 0.7645429372787476, "53": 0.7170989513397217, "54": 0.7564466595649719, "55": 0.7279669046401978, "56": 0.7639663219451904, "57": 0.7264987826347351, "58": 0.8452242612838745, "59": 0.81474369764328, "60": 0.7913309335708618, "61": 0.8404086232185364, "62": 0.7854233980178833, "63": 0.904128909111023, "64": 0.8029313087463379, "65": 0.8198733329772949, "66": 0.7886145114898682, "67": 0.8956555128097534, "68": 0.8595763444900513, "69": 0.885463535785675, "70": 0.9712276458740234, "71": 0.5920277833938599, "72": 0.4840494990348816, "73": 0.689248263835907, "74": 0.7637484073638916, "75": 0.780647337436676, "76": 0.8195539712905884, "77": 0.8509477376937866, "78": 0.8638572692871094, "79": 0.8616793751716614, "80": 0.8929775953292847}