{"1": 0.6542589068412781, "2": 0.7645538449287415, "3": 0.8130500912666321, "4": 0.8418734669685364, "5": 0.8372563719749451, "6": 0.6954914927482605, "7": 0.8122639656066895, "8": 0.7951323986053467, "9": 0.8471630215644836, "10": 0.8508648872375488, "11": 0.8517866134643555, "12": 0.8329361081123352, "13": 0.8370270133018494, "14": 0.807539701461792, "15": 0.8323386311531067, "16": 0.8543074727058411, "17": 0.7844274640083313, "18": 0.8151617646217346, "19": 0.8275179266929626, "20": 0.8312460780143738, "21": 0.8520646095275879, "22": 0.8046125769615173, "23": 0.8236109614372253, "24": 0.8290035128593445, "25": 0.822711706161499, "26": 0.8351127505302429, "27": 0.8420083522796631, "28": 0.8501272797584534, "29": 0.8298506736755371, "30": 0.8486447930335999, "31": 0.8282396197319031, "32": 0.8212262988090515, "33": 0.8069159984588623, "34": 0.7891603112220764, "35": 0.8059958815574646, "36": 0.8505053520202637, "37": 0.8291678428649902, "38": 0.8476175665855408, "39": 0.8466763496398926, "40": 0.8375592231750488, "41": 0.84087735414505, "42": 0.8356730341911316, "43": 0.8527663350105286, "44": 0.8352697491645813, "45": 0.8454327583312988, "46": 0.8264074921607971, "47": 0.8466309905052185, "48": 0.8361021876335144, "49": 0.8445495963096619, "50": 0.83767169713974, "51": 0.849557101726532, "52": 0.8335850834846497, "53": 0.8382858633995056, "54": 0.8370682597160339, "55": 0.8381543159484863, "56": 0.8537446856498718, "57": 0.8238341808319092, "58": 0.829087495803833, "59": 0.8366990089416504, "60": 0.8356487154960632, "61": 0.8358860015869141, "62": 0.8306725025177002, "63": 0.8341693878173828, "64": 0.8246198296546936, "65": 0.8413174748420715, "66": 0.8482057452201843, "67": 0.8255346417427063, "68": 0.846991240978241, "69": 0.8394556045532227, "70": 0.8408077359199524, "71": 0.8458218574523926, "72": 0.8473345637321472, "73": 0.838726282119751, "74": 0.842968225479126, "75": 0.8476860523223877, "76": 0.8367400169372559, "77": 0.829810380935669, "78": 0.8076266646385193, "79": 0.8064954876899719, "80": 0.8424908518791199}