{"1": 0.8112227320671082, "2": 0.8107929229736328, "3": 0.8030989766120911, "4": 0.8002521395683289, "5": 0.8322306275367737, "6": 0.8207480907440186, "7": 0.8260921835899353, "8": 0.8060162663459778, "9": 0.800321638584137, "10": 0.8245741724967957, "11": 0.8243281245231628, "12": 0.8282537460327148, "13": 0.8004502654075623, "14": 0.81926029920578, "15": 0.8177098631858826, "16": 0.8011865019798279, "17": 0.8408541679382324, "18": 0.8161015510559082, "19": 0.8224077820777893, "20": 0.7909477353096008, "21": 0.8328348994255066, "22": 0.8189433217048645, "23": 0.8227925300598145, "24": 0.8179348111152649, "25": 0.835730791091919, "26": 0.8374902606010437, "27": 0.8379979729652405, "28": 0.8223962783813477, "29": 0.8082932829856873, "30": 0.8034761548042297, "31": 0.8280236721038818, "32": 0.8260104656219482, "33": 0.8260264992713928, "34": 0.8246169090270996, "35": 0.8351244330406189, "36": 0.8262012600898743, "37": 0.8317604660987854, "38": 0.8244290947914124, "39": 0.8338615894317627, "40": 0.8321533203125, "41": 0.8344221115112305, "42": 0.8362744450569153, "43": 0.8269338011741638, "44": 0.827061653137207, "45": 0.80902498960495, "46": 0.802825927734375, "47": 0.82611083984375, "48": 0.8367037773132324, "49": 0.8263691067695618, "50": 0.8174850940704346, "51": 0.8411129117012024, "52": 0.8257951140403748, "53": 0.8332023620605469, "54": 0.8381645083427429, "55": 0.8332440853118896, "56": 0.8247666358947754, "57": 0.8415728211402893, "58": 0.8428974151611328, "59": 0.8064929842948914, "60": 0.8363021016120911, "61": 0.8287104964256287, "62": 0.8040655255317688, "63": 0.8186318278312683, "64": 0.8315193057060242, "65": 0.8265552520751953, "66": 0.8315567374229431, "67": 0.82741379737854, "68": 0.8351716995239258, "69": 0.8263710141181946, "70": 0.8314335346221924, "71": 0.831696093082428, "72": 0.8318881392478943, "73": 0.8225383758544922, "74": 0.8096604943275452, "75": 0.8300740122795105, "76": 0.8248541951179504, "77": 0.8317158818244934, "78": 0.8323526382446289, "79": 0.8273314833641052, "80": 0.8046948909759521}