{"1": 2.287768840789795, "2": 1.9496965408325195, "3": 0.7367676496505737, "4": 1.2086308002471924, "5": 0.5940961241722107, "6": 0.4463012218475342, "7": 0.6695300936698914, "8": 0.4825020432472229, "9": 0.4063791334629059, "10": 0.6561640501022339, "11": 0.8193655014038086, "12": 0.6242146492004395, "13": 0.4596948027610779, "14": 0.46480804681777954, "15": 0.48404574394226074, "16": 0.7675542235374451, "17": 0.7279403209686279, "18": 0.4045182168483734, "19": 0.7629491686820984, "20": 0.40356168150901794, "21": 0.6035629510879517, "22": 0.5768513679504395, "23": 0.45322269201278687, "24": 0.5750600099563599, "25": 0.4236941933631897, "26": 0.3629001975059509, "27": 0.6131346225738525, "28": 0.46273475885391235, "29": 0.4473143517971039, "30": 0.37275296449661255, "31": 0.40074509382247925, "32": 0.5425980091094971, "33": 0.39707690477371216, "34": 0.4495500922203064, "35": 0.5987551212310791, "36": 0.35722067952156067, "37": 0.4443441331386566, "38": 0.5138139128684998, "39": 0.3331800699234009, "40": 0.4858047068119049, "41": 0.5668613314628601, "42": 0.5292810797691345, "43": 0.4090067446231842, "44": 0.4769863188266754, "45": 0.4435177445411682, "46": 0.31114912033081055, "47": 0.7010056376457214, "48": 0.7025266289710999, "49": 0.6695765256881714, "50": 0.34122681617736816, "51": 0.3983149826526642, "52": 0.3897554576396942, "53": 0.3987903296947479, "54": 0.543255627155304, "55": 0.5779229402542114, "56": 0.7358211278915405, "57": 0.5936094522476196, "58": 0.362169474363327, "59": 0.582046627998352, "60": 0.4325482249259949, "61": 0.4557185173034668, "62": 0.7043256759643555, "63": 0.4567434787750244, "64": 0.6077827215194702, "65": 0.5112950205802917, "66": 0.4174785614013672, "67": 0.4982241094112396, "68": 0.5350294709205627, "69": 0.3654937446117401, "70": 0.5921626091003418, "71": 0.3875337243080139, "72": 0.45257607102394104, "73": 0.5510972142219543, "74": 0.4740385413169861, "75": 0.501153826713562, "76": 0.662358283996582, "77": 0.6228944063186646, "78": 0.642630934715271, "79": 0.47499513626098633, "80": 0.6864767670631409}