{"1": 3.396448850631714, "2": 1.0520203113555908, "3": 1.1234925985336304, "4": 0.6486337780952454, "5": 0.6624908447265625, "6": 0.5525802969932556, "7": 0.48421502113342285, "8": 0.46284645795822144, "9": 0.4309689998626709, "10": 0.9697888493537903, "11": 0.41164523363113403, "12": 0.5829536318778992, "13": 0.5716022253036499, "14": 0.5219864249229431, "15": 0.4553409516811371, "16": 0.5627168416976929, "17": 0.6251576542854309, "18": 0.7354904413223267, "19": 0.6247829794883728, "20": 0.4386276304721832, "21": 0.5655208230018616, "22": 0.7682228684425354, "23": 0.4928509593009949, "24": 0.4762238562107086, "25": 0.3937996029853821, "26": 0.5557411909103394, "27": 0.40621572732925415, "28": 0.4426742494106293, "29": 0.7564934492111206, "30": 0.5202498435974121, "31": 0.4404464364051819, "32": 0.3937964141368866, "33": 0.5438947677612305, "34": 0.46036496758461, "35": 0.49305447936058044, "36": 0.6040751934051514, "37": 0.49599796533584595, "38": 0.8121694326400757, "39": 0.427558958530426, "40": 0.8503429293632507, "41": 0.5904980301856995, "42": 0.49119052290916443, "43": 0.5701562166213989, "44": 0.620723307132721, "45": 0.5224140882492065, "46": 0.5106068849563599, "47": 0.5448942184448242, "48": 0.5778220891952515, "49": 0.656461775302887, "50": 0.5779715180397034, "51": 0.603067934513092, "52": 0.4654580056667328, "53": 0.4969058632850647, "54": 0.5632287263870239, "55": 0.5006288290023804, "56": 0.4750228524208069, "57": 0.5714235305786133, "58": 0.8310599327087402, "59": 0.48308706283569336, "60": 0.5639806985855103, "61": 0.3808586299419403, "62": 0.9651180505752563, "63": 0.4882579743862152, "64": 0.5367828607559204, "65": 0.5350257754325867, "66": 0.4684901237487793, "67": 0.6948536038398743, "68": 0.6970365047454834, "69": 0.44331103563308716, "70": 0.49940770864486694, "71": 0.9950000047683716, "72": 0.4788648188114166, "73": 0.5797451734542847, "74": 0.5915771722793579, "75": 0.6149733662605286, "76": 0.5481653809547424, "77": 0.6416627168655396, "78": 0.6748126745223999, "79": 0.7010873556137085, "80": 0.6252104043960571}