{"1": 0.5969679951667786, "2": 0.6487689018249512, "3": 0.6314107179641724, "4": 0.646194338798523, "5": 0.5982217788696289, "6": 0.6491262912750244, "7": 0.6397886276245117, "8": 0.6719632148742676, "9": 0.6288018822669983, "10": 0.6405914425849915, "11": 0.6354413628578186, "12": 0.6482168436050415, "13": 0.6502125263214111, "14": 0.6798941493034363, "15": 0.6739659905433655, "16": 0.6809324622154236, "17": 0.61844801902771, "18": 0.6664018034934998, "19": 0.6532707810401917, "20": 0.6700310707092285, "21": 0.6831700205802917, "22": 0.6583436131477356, "23": 0.6708831787109375, "24": 0.619353711605072, "25": 0.708207905292511, "26": 0.6606481671333313, "27": 0.7137978076934814, "28": 0.6201756000518799, "29": 0.6306288242340088, "30": 0.5998011231422424, "31": 0.6622071862220764, "32": 0.6612656712532043, "33": 0.6548759341239929, "34": 0.7181947827339172, "35": 0.6751785278320312, "36": 0.5763572454452515, "37": 0.6224548816680908, "38": 0.7011601328849792, "39": 0.6621573567390442, "40": 0.5751115679740906, "41": 0.7218459248542786, "42": 0.634647786617279, "43": 0.7102190852165222, "44": 0.7242226004600525, "45": 0.6641753911972046, "46": 0.7161735892295837, "47": 0.6842477917671204, "48": 0.6832652688026428, "49": 0.6969026923179626, "50": 0.7171263694763184, "51": 0.6639636158943176, "52": 0.683255672454834, "53": 0.6871815323829651, "54": 0.6424984335899353, "55": 0.6529284119606018, "56": 0.6837513446807861, "57": 0.65836101770401, "58": 0.7036718726158142, "59": 0.7053192257881165, "60": 0.654738187789917, "61": 0.690732479095459, "62": 0.6684970855712891, "63": 0.6475446224212646, "64": 0.6877029538154602, "65": 0.6722826361656189, "66": 0.6336960196495056, "67": 0.6784225106239319, "68": 0.7248024344444275, "69": 0.6504313349723816, "70": 0.6636221408843994, "71": 0.7000680565834045, "72": 0.6689856052398682, "73": 0.6678048968315125, "74": 0.6923145651817322, "75": 0.7157136797904968, "76": 0.6768987774848938, "77": 0.6778534054756165, "78": 0.7134962677955627, "79": 0.6306396126747131, "80": 0.6787678599357605}