{"1": 0.4589203894138336, "2": 0.5791080594062805, "3": 0.5365808606147766, "4": 0.6409021019935608, "5": 0.6318507194519043, "6": 0.6054275035858154, "7": 0.6645416617393494, "8": 0.6728209853172302, "9": 0.6606915593147278, "10": 0.5515062212944031, "11": 0.7002646327018738, "12": 0.6441662907600403, "13": 0.6353203654289246, "14": 0.675544798374176, "15": 0.6773403286933899, "16": 0.6445069313049316, "17": 0.6769070625305176, "18": 0.6394948363304138, "19": 0.6421762704849243, "20": 0.6859016418457031, "21": 0.6621768474578857, "22": 0.5601791739463806, "23": 0.6841592788696289, "24": 0.6480126976966858, "25": 0.6916890144348145, "26": 0.6542861461639404, "27": 0.6973400115966797, "28": 0.6957125663757324, "29": 0.6567335724830627, "30": 0.6221343874931335, "31": 0.6887312531471252, "32": 0.6953096389770508, "33": 0.6616965532302856, "34": 0.6976456642150879, "35": 0.6104840636253357, "36": 0.6542838215827942, "37": 0.6771742701530457, "38": 0.610288143157959, "39": 0.6623279452323914, "40": 0.5812851786613464, "41": 0.5436933040618896, "42": 0.680366575717926, "43": 0.6558085083961487, "44": 0.6411113142967224, "45": 0.6845158934593201, "46": 0.6686291694641113, "47": 0.6632421612739563, "48": 0.6460277438163757, "49": 0.6787104606628418, "50": 0.6166931390762329, "51": 0.6694234013557434, "52": 0.6988213062286377, "53": 0.6967275738716125, "54": 0.7072914242744446, "55": 0.7253909111022949, "56": 0.6890853047370911, "57": 0.67718106508255, "58": 0.6119943857192993, "59": 0.6764835715293884, "60": 0.6605014204978943, "61": 0.7241048812866211, "62": 0.6148117780685425, "63": 0.7003437876701355, "64": 0.6690958142280579, "65": 0.6935734152793884, "66": 0.7175367474555969, "67": 0.6511959433555603, "68": 0.6540250778198242, "69": 0.7070655822753906, "70": 0.682345449924469, "71": 0.6716955304145813, "72": 0.71864253282547, "73": 0.7138721942901611, "74": 0.6799829602241516, "75": 0.6435480117797852, "76": 0.6878644824028015, "77": 0.652260422706604, "78": 0.6646645665168762, "79": 0.6507129669189453, "80": 0.6608903408050537}