{"1": 0.564961850643158, "2": 0.681975781917572, "3": 0.6410841345787048, "4": 0.7673776149749756, "5": 0.7950329780578613, "6": 0.7820841670036316, "7": 0.8262205719947815, "8": 0.8319573998451233, "9": 0.7940303683280945, "10": 0.7206221222877502, "11": 0.8142979741096497, "12": 0.7754161953926086, "13": 0.7936641573905945, "14": 0.8087130188941956, "15": 0.8048803210258484, "16": 0.7926371693611145, "17": 0.828822910785675, "18": 0.7784767150878906, "19": 0.8079948425292969, "20": 0.8349447250366211, "21": 0.8137194514274597, "22": 0.7443137764930725, "23": 0.8150317072868347, "24": 0.8022921681404114, "25": 0.8329330086708069, "26": 0.8129432201385498, "27": 0.8061263561248779, "28": 0.8139107823371887, "29": 0.8111999034881592, "30": 0.7957482933998108, "31": 0.8236637711524963, "32": 0.8258034586906433, "33": 0.8183959126472473, "34": 0.8327656388282776, "35": 0.7842893600463867, "36": 0.8146846890449524, "37": 0.8144879937171936, "38": 0.7853927612304688, "39": 0.7956039309501648, "40": 0.7396268844604492, "41": 0.7164909839630127, "42": 0.8058111071586609, "43": 0.8155126571655273, "44": 0.8009583353996277, "45": 0.8130590319633484, "46": 0.8188775181770325, "47": 0.8221403956413269, "48": 0.8019606471061707, "49": 0.8338391184806824, "50": 0.7817643284797668, "51": 0.8040420413017273, "52": 0.8256349563598633, "53": 0.8380005359649658, "54": 0.8427459597587585, "55": 0.8477680087089539, "56": 0.8292471766471863, "57": 0.8208220601081848, "58": 0.7694058418273926, "59": 0.8068987727165222, "60": 0.7965168952941895, "61": 0.8307817578315735, "62": 0.786998450756073, "63": 0.8470599055290222, "64": 0.8135560154914856, "65": 0.8295989036560059, "66": 0.829038679599762, "67": 0.8202036023139954, "68": 0.8148338794708252, "69": 0.8270454406738281, "70": 0.8260253071784973, "71": 0.8279509544372559, "72": 0.8373125195503235, "73": 0.8444981575012207, "74": 0.8229385018348694, "75": 0.7989354133605957, "76": 0.8293663859367371, "77": 0.8020384907722473, "78": 0.8096480965614319, "79": 0.7988507747650146, "80": 0.8184971213340759}