{"1": 0.6192887425422668, "2": 0.5196694731712341, "3": 0.6654565930366516, "4": 0.58197420835495, "5": 0.6244637370109558, "6": 0.6882343292236328, "7": 0.5682904124259949, "8": 0.643286406993866, "9": 0.6687664985656738, "10": 0.6472867131233215, "11": 0.5956687927246094, "12": 0.6135427951812744, "13": 0.6599388718605042, "14": 0.6525939702987671, "15": 0.6427137851715088, "16": 0.5956667065620422, "17": 0.658979594707489, "18": 0.6850677132606506, "19": 0.6031047701835632, "20": 0.688869059085846, "21": 0.6358965635299683, "22": 0.6569189429283142, "23": 0.7143433690071106, "24": 0.6982245445251465, "25": 0.6850094795227051, "26": 0.725361168384552, "27": 0.6575911045074463, "28": 0.6895843148231506, "29": 0.6795341372489929, "30": 0.7136191725730896, "31": 0.6831531524658203, "32": 0.6791203022003174, "33": 0.7107360363006592, "34": 0.6887795329093933, "35": 0.6555658578872681, "36": 0.7318571209907532, "37": 0.7002036571502686, "38": 0.6924089789390564, "39": 0.7067778706550598, "40": 0.683411180973053, "41": 0.6808733940124512, "42": 0.6704854965209961, "43": 0.6914806365966797, "44": 0.7096099257469177, "45": 0.6671516299247742, "46": 0.7333111763000488, "47": 0.6119282245635986, "48": 0.6745632290840149, "49": 0.6568267345428467, "50": 0.7302477955818176, "51": 0.7193899154663086, "52": 0.7189767360687256, "53": 0.6995000839233398, "54": 0.6734859347343445, "55": 0.6588240265846252, "56": 0.5732963681221008, "57": 0.6726779937744141, "58": 0.705311119556427, "59": 0.6881867051124573, "60": 0.6991441249847412, "61": 0.6958290934562683, "62": 0.6664789319038391, "63": 0.7075290083885193, "64": 0.6841451525688171, "65": 0.695721447467804, "66": 0.7026352882385254, "67": 0.7033399939537048, "68": 0.7044959664344788, "69": 0.6877124905586243, "70": 0.6943903565406799, "71": 0.7120028138160706, "72": 0.7071018218994141, "73": 0.6806483268737793, "74": 0.6915046572685242, "75": 0.7183630466461182, "76": 0.6832510828971863, "77": 0.6861920952796936, "78": 0.67864590883255, "79": 0.709277331829071, "80": 0.645995557308197}