{"1": 0.748711884021759, "2": 0.681109607219696, "3": 0.8087244033813477, "4": 0.7574160695075989, "5": 0.7850963473320007, "6": 0.826298713684082, "7": 0.7689458727836609, "8": 0.7450162768363953, "9": 0.8135309219360352, "10": 0.8266086578369141, "11": 0.779140293598175, "12": 0.7974145412445068, "13": 0.8116206526756287, "14": 0.8068587779998779, "15": 0.801372230052948, "16": 0.7791352272033691, "17": 0.8260747790336609, "18": 0.7758738994598389, "19": 0.7791287302970886, "20": 0.7923223972320557, "21": 0.7951057553291321, "22": 0.8155189156532288, "23": 0.8459852337837219, "24": 0.8322450518608093, "25": 0.7991852164268494, "26": 0.8352537155151367, "27": 0.8250260949134827, "28": 0.8286048769950867, "29": 0.8173339366912842, "30": 0.8289530873298645, "31": 0.8311130404472351, "32": 0.8226990699768066, "33": 0.8437726497650146, "34": 0.8258578181266785, "35": 0.828486442565918, "36": 0.8411693572998047, "37": 0.8412616848945618, "38": 0.8242917060852051, "39": 0.8324001431465149, "40": 0.8334107995033264, "41": 0.8192933201789856, "42": 0.7891961932182312, "43": 0.8243424296379089, "44": 0.8453704714775085, "45": 0.8248113989830017, "46": 0.855632483959198, "47": 0.7865111231803894, "48": 0.8209056854248047, "49": 0.8243155479431152, "50": 0.8545648455619812, "51": 0.8403763771057129, "52": 0.8395515084266663, "53": 0.8278313279151917, "54": 0.8280860781669617, "55": 0.8087015151977539, "56": 0.7641568779945374, "57": 0.8285724520683289, "58": 0.8432331085205078, "59": 0.8348236680030823, "60": 0.8348717093467712, "61": 0.8403487205505371, "62": 0.8276677131652832, "63": 0.8408775329589844, "64": 0.8345139622688293, "65": 0.8291041851043701, "66": 0.8370713591575623, "67": 0.8114218711853027, "68": 0.805417537689209, "69": 0.7793673872947693, "70": 0.8347720503807068, "71": 0.8242108821868896, "72": 0.8371018767356873, "73": 0.8234996795654297, "74": 0.8365811705589294, "75": 0.8411485552787781, "76": 0.8387227058410645, "77": 0.829677164554596, "78": 0.8336549401283264, "79": 0.8388311862945557, "80": 0.8133845329284668}