{"1": 0.7477953433990479, "2": 0.7561709880828857, "3": 0.7312202453613281, "4": 0.7898505330085754, "5": 0.7851845622062683, "6": 0.8040868639945984, "7": 0.7903255820274353, "8": 0.7979404330253601, "9": 0.79030442237854, "10": 0.7747290730476379, "11": 0.7987866997718811, "12": 0.7913387417793274, "13": 0.7720818519592285, "14": 0.8053761124610901, "15": 0.8218643069267273, "16": 0.7833461761474609, "17": 0.7895566821098328, "18": 0.8149380087852478, "19": 0.8168613314628601, "20": 0.7999270558357239, "21": 0.8203175663948059, "22": 0.8042632937431335, "23": 0.8375449180603027, "24": 0.7932712435722351, "25": 0.8309770226478577, "26": 0.806217610836029, "27": 0.8570201396942139, "28": 0.7826921343803406, "29": 0.7991740107536316, "30": 0.7724540829658508, "31": 0.8269257545471191, "32": 0.797905683517456, "33": 0.8216002583503723, "34": 0.8330284953117371, "35": 0.8174114227294922, "36": 0.778143584728241, "37": 0.7946338653564453, "38": 0.82756108045578, "39": 0.7994682192802429, "40": 0.7545027732849121, "41": 0.8355358242988586, "42": 0.7888596057891846, "43": 0.8321210741996765, "44": 0.832325279712677, "45": 0.8067540526390076, "46": 0.848901093006134, "47": 0.8206837177276611, "48": 0.8136805891990662, "49": 0.8439576029777527, "50": 0.843544065952301, "51": 0.7965522408485413, "52": 0.8179655075073242, "53": 0.8390040397644043, "54": 0.806222140789032, "55": 0.8049499988555908, "56": 0.8321454524993896, "57": 0.8221203684806824, "58": 0.8350531458854675, "59": 0.8336135745048523, "60": 0.8206427693367004, "61": 0.8229716420173645, "62": 0.8123504519462585, "63": 0.7931833863258362, "64": 0.829271137714386, "65": 0.8249132633209229, "66": 0.803602933883667, "67": 0.8138601183891296, "68": 0.8419904708862305, "69": 0.7967440485954285, "70": 0.80909663438797, "71": 0.8298516273498535, "72": 0.8265531659126282, "73": 0.8260106444358826, "74": 0.8341600298881531, "75": 0.8349555134773254, "76": 0.817530632019043, "77": 0.8191871643066406, "78": 0.8270800113677979, "79": 0.790644109249115, "80": 0.8175987601280212}