{"1": 2.18989896774292, "2": 0.9123773574829102, "3": 0.8902391195297241, "4": 0.7500864267349243, "5": 1.0869264602661133, "6": 0.5328137874603271, "7": 0.5317623615264893, "8": 0.4346241354942322, "9": 0.5726192593574524, "10": 0.4283163547515869, "11": 0.560600757598877, "12": 0.5601500272750854, "13": 0.6220449209213257, "14": 0.4523155689239502, "15": 0.5211716890335083, "16": 0.3807356655597687, "17": 0.6111421585083008, "18": 0.5974168181419373, "19": 0.4860258102416992, "20": 0.47998324036598206, "21": 0.47844260931015015, "22": 0.5398234724998474, "23": 0.6115299463272095, "24": 0.8257662653923035, "25": 0.3816264867782593, "26": 0.5093643069267273, "27": 0.4386439323425293, "28": 0.7485374808311462, "29": 0.6492038369178772, "30": 0.6685410141944885, "31": 0.6703230142593384, "32": 0.5651500225067139, "33": 0.6430754065513611, "34": 0.3476065993309021, "35": 0.48253387212753296, "36": 0.7775686979293823, "37": 0.5972665548324585, "38": 0.420134961605072, "39": 0.45162758231163025, "40": 0.763792872428894, "41": 0.33704841136932373, "42": 0.6081450581550598, "43": 0.4597541391849518, "44": 0.4798787534236908, "45": 0.5272400975227356, "46": 0.45003557205200195, "47": 0.5023881196975708, "48": 0.6903542280197144, "49": 0.5912796258926392, "50": 0.49494409561157227, "51": 0.5949031114578247, "52": 0.46742019057273865, "53": 0.6768717765808105, "54": 0.7182803750038147, "55": 0.7343331575393677, "56": 0.6875507831573486, "57": 0.7641842365264893, "58": 0.4459071755409241, "59": 0.5209180116653442, "60": 0.6838962435722351, "61": 0.49766793847084045, "62": 0.6256086230278015, "63": 0.7186523675918579, "64": 0.706024706363678, "65": 0.8292551040649414, "66": 0.6481311321258545, "67": 0.5811632871627808, "68": 0.35930904746055603, "69": 0.7683277726173401, "70": 0.6147153973579407, "71": 0.47547560930252075, "72": 0.7858871817588806, "73": 0.6465923190116882, "74": 0.6367655992507935, "75": 0.5014485120773315, "76": 0.5258743166923523, "77": 0.5073568224906921, "78": 0.48338261246681213, "79": 0.7378689050674438, "80": 0.6969112157821655}