{"1": 0.5408579111099243, "2": 0.46956029534339905, "3": 0.46490293741226196, "4": 0.47552651166915894, "5": 0.5088154077529907, "6": 0.5332323312759399, "7": 0.4926932752132416, "8": 0.5331723093986511, "9": 0.4584732949733734, "10": 0.5132448077201843, "11": 0.5768462419509888, "12": 0.5407225489616394, "13": 0.6010773181915283, "14": 0.5720092058181763, "15": 0.5851062536239624, "16": 0.5699434280395508, "17": 0.6329320669174194, "18": 0.6030834913253784, "19": 0.6615163087844849, "20": 0.6413224339485168, "21": 0.7742682695388794, "22": 0.6072035431861877, "23": 0.669615626335144, "24": 0.6084977388381958, "25": 0.6632490158081055, "26": 0.6673318147659302, "27": 0.7299711108207703, "28": 0.6434144973754883, "29": 0.727232813835144, "30": 0.7181171178817749, "31": 0.6866768002510071, "32": 0.634187638759613, "33": 0.7237726449966431, "34": 0.7207893133163452, "35": 0.7365895509719849, "36": 0.7906845211982727, "37": 0.7843401432037354, "38": 0.6437617540359497, "39": 0.6654271483421326, "40": 0.7413359880447388, "41": 0.7107032537460327, "42": 0.755888819694519, "43": 0.7240517735481262, "44": 0.7545986175537109, "45": 0.778339147567749, "46": 0.8139365911483765, "47": 0.7495001554489136, "48": 0.8181077837944031, "49": 0.7916481494903564, "50": 0.8118816614151001, "51": 0.7689245939254761, "52": 0.721795916557312, "53": 0.8218219876289368, "54": 0.7719369530677795, "55": 0.8122484087944031, "56": 0.7926497459411621, "57": 0.8762577176094055, "58": 0.8294563293457031, "59": 0.873970627784729, "60": 0.8599545359611511, "61": 0.8540398478507996, "62": 0.8646385073661804, "63": 0.8105670809745789, "64": 0.8196892738342285, "65": 0.9095380902290344, "66": 0.8015400171279907, "67": 0.8605417013168335, "68": 0.7181265950202942, "69": 0.8027951121330261, "70": 0.7922267317771912, "71": 0.8028163909912109, "72": 0.8490678071975708, "73": 0.8218964338302612, "74": 0.8621042966842651, "75": 0.840477466583252, "76": 0.846903920173645, "77": 0.8868805766105652, "78": 0.8965947031974792, "79": 0.8809393048286438, "80": 0.9258017539978027}