{"1": 0.5559133887290955, "2": 0.6325220465660095, "3": 0.5215664505958557, "4": 0.6058824062347412, "5": 0.6364783644676208, "6": 0.6193913817405701, "7": 0.6105592846870422, "8": 0.6171546578407288, "9": 0.6283295750617981, "10": 0.6547181606292725, "11": 0.6333819627761841, "12": 0.6504988670349121, "13": 0.6079985499382019, "14": 0.6732187867164612, "15": 0.6154683232307434, "16": 0.6186534762382507, "17": 0.6365060806274414, "18": 0.6152178049087524, "19": 0.6444025039672852, "20": 0.6354920268058777, "21": 0.620797872543335, "22": 0.6290374398231506, "23": 0.633826494216919, "24": 0.6214829087257385, "25": 0.641115665435791, "26": 0.6350552439689636, "27": 0.6168543696403503, "28": 0.6295430064201355, "29": 0.6367667317390442, "30": 0.6440603137016296, "31": 0.6145125031471252, "32": 0.6330599188804626, "33": 0.6350446939468384, "34": 0.6338827013969421, "35": 0.6458666324615479, "36": 0.5947707295417786, "37": 0.6668016314506531, "38": 0.6538648009300232, "39": 0.6467730402946472, "40": 0.6391147971153259, "41": 0.6405723690986633, "42": 0.6476609706878662, "43": 0.638319730758667, "44": 0.64858478307724, "45": 0.6410979628562927, "46": 0.6435325741767883, "47": 0.6389021277427673, "48": 0.6238037943840027, "49": 0.6417655944824219, "50": 0.6384130120277405, "51": 0.6448808908462524, "52": 0.6293955445289612, "53": 0.6390202641487122, "54": 0.6295556426048279, "55": 0.6373515129089355, "56": 0.6364231705665588, "57": 0.6457119584083557, "58": 0.6309266090393066, "59": 0.6385003924369812, "60": 0.6307794451713562, "61": 0.6299468874931335, "62": 0.623136043548584, "63": 0.6434560418128967, "64": 0.6329017281532288, "65": 0.6427132487297058, "66": 0.6261121034622192, "67": 0.6319566965103149, "68": 0.62858647108078, "69": 0.6332274079322815, "70": 0.6473743319511414, "71": 0.6419008374214172, "72": 0.6383089423179626, "73": 0.6403213739395142, "74": 0.6225574612617493, "75": 0.6262645125389099, "76": 0.6564233303070068, "77": 0.6382300853729248, "78": 0.6407849788665771, "79": 0.636945903301239, "80": 0.643205463886261}