{"1": 0.6674414277076721, "2": 0.7311632633209229, "3": 0.7548456192016602, "4": 0.7420692443847656, "5": 0.7864274978637695, "6": 0.8022827506065369, "7": 0.8023381233215332, "8": 0.8113614916801453, "9": 0.7902278900146484, "10": 0.7920891642570496, "11": 0.7944328188896179, "12": 0.7971675395965576, "13": 0.7911510467529297, "14": 0.805246889591217, "15": 0.8071610927581787, "16": 0.819887638092041, "17": 0.8202386498451233, "18": 0.810915470123291, "19": 0.7933394908905029, "20": 0.8123959898948669, "21": 0.8094962239265442, "22": 0.8120386004447937, "23": 0.8094955086708069, "24": 0.8133504390716553, "25": 0.805682897567749, "26": 0.7991507649421692, "27": 0.8056899905204773, "28": 0.8037841320037842, "29": 0.803144633769989, "30": 0.8082651495933533, "31": 0.802081286907196, "32": 0.8116313815116882, "33": 0.7991822361946106, "34": 0.7930182814598083, "35": 0.7881496548652649, "36": 0.8122518658638, "37": 0.8036422729492188, "38": 0.7938759326934814, "39": 0.8078646659851074, "40": 0.8100832104682922, "41": 0.8162810206413269, "42": 0.7804750800132751, "43": 0.7956010699272156, "44": 0.7989576458930969, "45": 0.8013840317726135, "46": 0.8019514083862305, "47": 0.8051228523254395, "48": 0.8102750182151794, "49": 0.8103846907615662, "50": 0.7978046536445618, "51": 0.8029150366783142, "52": 0.8146931529045105, "53": 0.8016788363456726, "54": 0.8073489665985107, "55": 0.8059933185577393, "56": 0.8146037459373474, "57": 0.8101246953010559, "58": 0.8014031052589417, "59": 0.8015269637107849, "60": 0.80159991979599, "61": 0.8089885711669922, "62": 0.8031269907951355, "63": 0.804521381855011, "64": 0.799386203289032, "65": 0.7973259091377258, "66": 0.8054640293121338, "67": 0.8067536950111389, "68": 0.8023737072944641, "69": 0.8007948994636536, "70": 0.8008190989494324, "71": 0.8047172427177429, "72": 0.7991747260093689, "73": 0.7988960146903992, "74": 0.7963674068450928, "75": 0.7965343594551086, "76": 0.7986795902252197, "77": 0.7989222407341003, "78": 0.8036095499992371, "79": 0.8029202818870544, "80": 0.8052242398262024}