{"1": 0.523324728012085, "2": 0.44811755418777466, "3": 0.5906893014907837, "4": 0.4848414957523346, "5": 0.43742114305496216, "6": 0.47667819261550903, "7": 0.5089326500892639, "8": 0.5189462900161743, "9": 0.5223804116249084, "10": 0.4853803515434265, "11": 0.5537392497062683, "12": 0.5046468377113342, "13": 0.6576109528541565, "14": 0.5130583643913269, "15": 0.6548472046852112, "16": 0.6301654577255249, "17": 0.6146445870399475, "18": 0.6760457754135132, "19": 0.6212677359580994, "20": 0.6480652093887329, "21": 0.7116535305976868, "22": 0.6912535429000854, "23": 0.7006381154060364, "24": 0.7378370761871338, "25": 0.6831508874893188, "26": 0.6852738261222839, "27": 0.7825635075569153, "28": 0.7648565769195557, "29": 0.714053213596344, "30": 0.7379432916641235, "31": 0.8270854949951172, "32": 0.7641614079475403, "33": 0.794903039932251, "34": 0.7908690571784973, "35": 0.7427372336387634, "36": 0.8677033185958862, "37": 0.5649692416191101, "38": 0.6014002561569214, "39": 0.6263149976730347, "40": 0.6910996437072754, "41": 0.7060419321060181, "42": 0.7045043706893921, "43": 0.7448599934577942, "44": 0.7521407008171082, "45": 0.7691565752029419, "46": 0.7746599912643433, "47": 0.7649149894714355, "48": 0.8222548365592957, "49": 0.7962232828140259, "50": 0.8217678070068359, "51": 0.7587277889251709, "52": 0.851020336151123, "53": 0.7715328931808472, "54": 0.8138604164123535, "55": 0.8159424066543579, "56": 0.8404062986373901, "57": 0.8325087428092957, "58": 0.8666752576828003, "59": 0.8663128614425659, "60": 0.877320408821106, "61": 0.9176996350288391, "62": 0.9202883839607239, "63": 0.85089510679245, "64": 0.9093246459960938, "65": 0.8635972738265991, "66": 0.8937234878540039, "67": 0.907928466796875, "68": 0.9493356943130493, "69": 0.9571834802627563, "70": 0.9015780687332153, "71": 0.9055200815200806, "72": 0.9032797813415527, "73": 0.8956877589225769, "74": 0.9497121572494507, "75": 0.8738155364990234, "76": 0.7395851016044617, "77": 0.8399409055709839, "78": 0.8727015256881714, "79": 0.8953356742858887, "80": 0.8841375112533569}