{"1": 0.7071523666381836, "2": 0.7555257678031921, "3": 0.7751591205596924, "4": 0.7645788192749023, "5": 0.7797839641571045, "6": 0.7610829472541809, "7": 0.7818303108215332, "8": 0.7879786491394043, "9": 0.8086018562316895, "10": 0.8054113984107971, "11": 0.7971166968345642, "12": 0.8129339218139648, "13": 0.7935522198677063, "14": 0.8162341117858887, "15": 0.8020861744880676, "16": 0.8113943934440613, "17": 0.8161273002624512, "18": 0.8063442707061768, "19": 0.7887976169586182, "20": 0.8088939785957336, "21": 0.785862922668457, "22": 0.8047094941139221, "23": 0.800273597240448, "24": 0.8049590587615967, "25": 0.8051910400390625, "26": 0.8104248642921448, "27": 0.7996278405189514, "28": 0.8101644515991211, "29": 0.8028057217597961, "30": 0.8004490733146667, "31": 0.8066742420196533, "32": 0.8012930750846863, "33": 0.8116416931152344, "34": 0.8077136874198914, "35": 0.8072695136070251, "36": 0.8004264235496521, "37": 0.809249222278595, "38": 0.8120760917663574, "39": 0.8056541085243225, "40": 0.7918189167976379, "41": 0.7988300919532776, "42": 0.8057620525360107, "43": 0.799030601978302, "44": 0.8046403527259827, "45": 0.7986227869987488, "46": 0.7996637225151062, "47": 0.8036928176879883, "48": 0.8077793717384338, "49": 0.7969875931739807, "50": 0.7960167527198792, "51": 0.8014090657234192, "52": 0.8178436160087585, "53": 0.7949668765068054, "54": 0.8195285797119141, "55": 0.8151810765266418, "56": 0.8152561187744141, "57": 0.8033460974693298, "58": 0.8173577785491943, "59": 0.802882969379425, "60": 0.8111044764518738, "61": 0.8150160908699036, "62": 0.8097828030586243, "63": 0.8146548271179199, "64": 0.8039324879646301, "65": 0.7937130331993103, "66": 0.8095788955688477, "67": 0.7866923213005066, "68": 0.8140926361083984, "69": 0.8205520510673523, "70": 0.8133549690246582, "71": 0.8155742287635803, "72": 0.8159787058830261, "73": 0.8207923769950867, "74": 0.8038079738616943, "75": 0.8215954303741455, "76": 0.8136991858482361, "77": 0.8124816417694092, "78": 0.8124802708625793, "79": 0.8214230537414551, "80": 0.8187028765678406}