{"1": 0.6887543201446533, "2": 0.7801089286804199, "3": 0.6922731399536133, "4": 0.7714045643806458, "5": 0.7834281921386719, "6": 0.776868999004364, "7": 0.7751424908638, "8": 0.7754774689674377, "9": 0.7844729423522949, "10": 0.8048751950263977, "11": 0.794029176235199, "12": 0.79786616563797, "13": 0.7788817882537842, "14": 0.8090091347694397, "15": 0.7756691575050354, "16": 0.776026725769043, "17": 0.7947476506233215, "18": 0.7806647419929504, "19": 0.7943117022514343, "20": 0.7861873507499695, "21": 0.7809481620788574, "22": 0.7783705592155457, "23": 0.7860968112945557, "24": 0.7821633219718933, "25": 0.7872347831726074, "26": 0.781623125076294, "27": 0.7782573103904724, "28": 0.7823991775512695, "29": 0.7850397229194641, "30": 0.7951969504356384, "31": 0.7750938534736633, "32": 0.7895523905754089, "33": 0.7934535145759583, "34": 0.7905687689781189, "35": 0.781731903553009, "36": 0.7606937289237976, "37": 0.8094266057014465, "38": 0.7930040955543518, "39": 0.794377326965332, "40": 0.7946637272834778, "41": 0.7932137846946716, "42": 0.7989263534545898, "43": 0.79157954454422, "44": 0.8028321266174316, "45": 0.7959172129631042, "46": 0.7932036519050598, "47": 0.7869102954864502, "48": 0.7788800597190857, "49": 0.79155033826828, "50": 0.7896001935005188, "51": 0.793266773223877, "52": 0.7876520156860352, "53": 0.7840402126312256, "54": 0.7835760712623596, "55": 0.7882102131843567, "56": 0.7903313636779785, "57": 0.7951347231864929, "58": 0.7814189791679382, "59": 0.789035975933075, "60": 0.7821685671806335, "61": 0.7858096957206726, "62": 0.7757458686828613, "63": 0.7976458072662354, "64": 0.785181999206543, "65": 0.7920607924461365, "66": 0.7800903916358948, "67": 0.7826703190803528, "68": 0.7870598435401917, "69": 0.7916901111602783, "70": 0.8011119365692139, "71": 0.7943868637084961, "72": 0.7889359593391418, "73": 0.7941694855690002, "74": 0.7825667262077332, "75": 0.7764294743537903, "76": 0.7904950976371765, "77": 0.7900754809379578, "78": 0.791689395904541, "79": 0.7886812090873718, "80": 0.7910401225090027}