{"1": 0.5321169495582581, "2": 0.5772398114204407, "3": 0.6072210669517517, "4": 0.5772046446800232, "5": 0.6406075358390808, "6": 0.6575892567634583, "7": 0.654714047908783, "8": 0.6660264134407043, "9": 0.6394420862197876, "10": 0.6311326622962952, "11": 0.6448760032653809, "12": 0.6513922810554504, "13": 0.6289662718772888, "14": 0.6496901512145996, "15": 0.6499202251434326, "16": 0.6686618328094482, "17": 0.6722151637077332, "18": 0.6574141383171082, "19": 0.6403654217720032, "20": 0.6661998629570007, "21": 0.6556501984596252, "22": 0.6665758490562439, "23": 0.654249906539917, "24": 0.6606634259223938, "25": 0.663618266582489, "26": 0.6487097144126892, "27": 0.6456404328346252, "28": 0.6540150046348572, "29": 0.6484833359718323, "30": 0.6583185791969299, "31": 0.6390089392662048, "32": 0.6637635827064514, "33": 0.6465228199958801, "34": 0.6389281749725342, "35": 0.6306619644165039, "36": 0.6593332886695862, "37": 0.6499414443969727, "38": 0.6427145004272461, "39": 0.6491129994392395, "40": 0.6554872393608093, "41": 0.6689632534980774, "42": 0.627081036567688, "43": 0.6383286118507385, "44": 0.6396961212158203, "45": 0.6487608551979065, "46": 0.6569430232048035, "47": 0.6479642391204834, "48": 0.6577308773994446, "49": 0.653160572052002, "50": 0.6500254273414612, "51": 0.6505507826805115, "52": 0.6638400554656982, "53": 0.652595043182373, "54": 0.6514866948127747, "55": 0.6554501056671143, "56": 0.658275306224823, "57": 0.664086639881134, "58": 0.6414827704429626, "59": 0.6470826268196106, "60": 0.6525851488113403, "61": 0.6573460698127747, "62": 0.6523231863975525, "63": 0.6574370861053467, "64": 0.6488279700279236, "65": 0.6567789912223816, "66": 0.6488714814186096, "67": 0.6555014252662659, "68": 0.6559357643127441, "69": 0.6431056261062622, "70": 0.6549777388572693, "71": 0.6503939628601074, "72": 0.6567959189414978, "73": 0.65119868516922, "74": 0.6521143317222595, "75": 0.6435375213623047, "76": 0.6614401340484619, "77": 0.6533026099205017, "78": 0.6521719098091125, "79": 0.6529238820075989, "80": 0.655247688293457}