{"1": 0.560108482837677, "2": 0.60537189245224, "3": 0.6170864105224609, "4": 0.5996209383010864, "5": 0.6067678928375244, "6": 0.5934914946556091, "7": 0.636218249797821, "8": 0.6369120478630066, "9": 0.6731999516487122, "10": 0.6534717082977295, "11": 0.6431589126586914, "12": 0.6666853427886963, "13": 0.6382778286933899, "14": 0.6610733866691589, "15": 0.6521905064582825, "16": 0.6607809662818909, "17": 0.6560376286506653, "18": 0.6539718508720398, "19": 0.641791045665741, "20": 0.6550483703613281, "21": 0.6121911406517029, "22": 0.6582512259483337, "23": 0.6488831639289856, "24": 0.672889769077301, "25": 0.6612479090690613, "26": 0.665360689163208, "27": 0.6490538120269775, "28": 0.6711965203285217, "29": 0.6485723853111267, "30": 0.6555641293525696, "31": 0.6576241850852966, "32": 0.6680172085762024, "33": 0.6585580110549927, "34": 0.655285120010376, "35": 0.6589779853820801, "36": 0.6467612385749817, "37": 0.6565513610839844, "38": 0.6747834086418152, "39": 0.6629529595375061, "40": 0.633780300617218, "41": 0.6521629691123962, "42": 0.6489970684051514, "43": 0.6511931419372559, "44": 0.651333749294281, "45": 0.6466729044914246, "46": 0.6449248194694519, "47": 0.66019207239151, "48": 0.6512110829353333, "49": 0.6482327580451965, "50": 0.6491235494613647, "51": 0.6497349143028259, "52": 0.6711704134941101, "53": 0.6436677575111389, "54": 0.6655091643333435, "55": 0.6619094014167786, "56": 0.6734399199485779, "57": 0.6457515358924866, "58": 0.6686241030693054, "59": 0.6490996479988098, "60": 0.6613326072692871, "61": 0.662339448928833, "62": 0.6597943902015686, "63": 0.6631274819374084, "64": 0.6633458137512207, "65": 0.634166419506073, "66": 0.6690286993980408, "67": 0.6397096514701843, "68": 0.6750481724739075, "69": 0.6651378273963928, "70": 0.6700579524040222, "71": 0.6725183129310608, "72": 0.6652278900146484, "73": 0.6752495765686035, "74": 0.6611575484275818, "75": 0.6710789799690247, "76": 0.6700590252876282, "77": 0.665522575378418, "78": 0.66318279504776, "79": 0.6759257912635803, "80": 0.6613165736198425}