{"1": 0.5492531657218933, "2": 0.491544246673584, "3": 0.46302834153175354, "4": 0.5002255439758301, "5": 0.45291656255722046, "6": 0.4462796747684479, "7": 0.4536045491695404, "8": 0.46481427550315857, "9": 0.5133972764015198, "10": 0.5830511450767517, "11": 0.5565420389175415, "12": 0.5601651668548584, "13": 0.6231244802474976, "14": 0.5815719366073608, "15": 0.600602388381958, "16": 0.5350504517555237, "17": 0.5568598508834839, "18": 0.5981111526489258, "19": 0.6436281204223633, "20": 0.5743937492370605, "21": 0.6172863841056824, "22": 0.6026467084884644, "23": 0.647756040096283, "24": 0.6483146548271179, "25": 0.6194570064544678, "26": 0.6567234992980957, "27": 0.6962346434593201, "28": 0.6582175493240356, "29": 0.6986997723579407, "30": 0.6814345717430115, "31": 0.7485981583595276, "32": 0.6944503784179688, "33": 0.7359907627105713, "34": 0.7730823755264282, "35": 0.7769443392753601, "36": 0.7024480104446411, "37": 0.7507471442222595, "38": 0.7715681791305542, "39": 0.7664282917976379, "40": 0.7725507020950317, "41": 0.7290424704551697, "42": 0.7671677470207214, "43": 0.8098095059394836, "44": 0.7550544142723083, "45": 0.7431496381759644, "46": 0.7465144395828247, "47": 0.8115299344062805, "48": 0.7989944219589233, "49": 0.8168654441833496, "50": 0.8374735713005066, "51": 0.8318306803703308, "52": 0.8121873736381531, "53": 0.801551342010498, "54": 0.8560798764228821, "55": 0.8485719561576843, "56": 0.8454394340515137, "57": 0.7819503545761108, "58": 0.8458258509635925, "59": 0.8240038752555847, "60": 0.8226453065872192, "61": 0.8170774579048157, "62": 0.8511077761650085, "63": 0.8450136184692383, "64": 0.8546242713928223, "65": 0.8432517051696777, "66": 0.9387880563735962, "67": 0.8676929473876953, "68": 0.9093729853630066, "69": 0.9239445924758911, "70": 0.9016460180282593, "71": 0.8953760862350464, "72": 0.8829514384269714, "73": 0.9229468107223511, "74": 0.9269105792045593, "75": 0.9730203747749329, "76": 0.9035189747810364, "77": 0.9203733205795288, "78": 0.9606590270996094, "79": 0.9402567148208618, "80": 0.9485019445419312}