{"1": 0.5978858470916748, "2": 0.49963489174842834, "3": 0.4834670424461365, "4": 0.47153764963150024, "5": 0.42614230513572693, "6": 0.5188920497894287, "7": 0.34623441100120544, "8": 0.3812463581562042, "9": 0.33117926120758057, "10": 0.37356361746788025, "11": 0.3507770001888275, "12": 0.34134402871131897, "13": 0.3794167637825012, "14": 0.361722469329834, "15": 0.3515462279319763, "16": 0.35471418499946594, "17": 0.33688750863075256, "18": 0.34755396842956543, "19": 0.3057141900062561, "20": 0.37414735555648804, "21": 0.3540687561035156, "22": 0.33306261897087097, "23": 0.361998051404953, "24": 0.34552842378616333, "25": 0.36252114176750183, "26": 0.34442439675331116, "27": 0.2907800078392029, "28": 0.3476310968399048, "29": 0.32899540662765503, "30": 0.2792356610298157, "31": 0.3098371624946594, "32": 0.29986825585365295, "33": 0.2711130976676941, "34": 0.30716121196746826, "35": 0.264426052570343, "36": 0.34892505407333374, "37": 0.33084946870803833, "38": 0.4091305732727051, "39": 0.321233868598938, "40": 0.3066011071205139, "41": 0.2865809202194214, "42": 0.3082202076911926, "43": 0.3451286852359772, "44": 0.3410820960998535, "45": 0.29506832361221313, "46": 0.2859158515930176, "47": 0.3521113991737366, "48": 0.3501114845275879, "49": 0.4279326796531677, "50": 0.27651992440223694, "51": 0.3571982681751251, "52": 0.35319221019744873, "53": 0.2874957323074341, "54": 0.3208414912223816, "55": 0.47843867540359497, "56": 0.29368656873703003, "57": 0.46406903862953186, "58": 0.4076255261898041, "59": 0.3617801070213318, "60": 0.3109064996242523, "61": 0.41671332716941833, "62": 0.39907240867614746, "63": 0.34075993299484253, "64": 0.36700719594955444, "65": 0.37222158908843994, "66": 0.3025144338607788, "67": 0.44099465012550354, "68": 0.42047548294067383, "69": 0.36786749958992004, "70": 0.3786439895629883, "71": 0.3568150997161865, "72": 0.33915072679519653, "73": 0.40241187810897827, "74": 0.4881933629512787, "75": 0.43370628356933594, "76": 0.36765122413635254, "77": 0.3946053385734558, "78": 0.4856358468532562, "79": 0.43302708864212036, "80": 0.356206476688385}