{"1": 0.4558752775192261, "2": 0.5445303320884705, "3": 0.6474297642707825, "4": 0.6317643523216248, "5": 0.6631656289100647, "6": 0.6162753105163574, "7": 0.6513304710388184, "8": 0.6785213947296143, "9": 0.6458866596221924, "10": 0.49941208958625793, "11": 0.68189936876297, "12": 0.694911003112793, "13": 0.6830153465270996, "14": 0.6800625920295715, "15": 0.667356014251709, "16": 0.6379563808441162, "17": 0.6170983910560608, "18": 0.6138346791267395, "19": 0.6563894748687744, "20": 0.6453830599784851, "21": 0.6725676655769348, "22": 0.6600368618965149, "23": 0.7148788571357727, "24": 0.6637143492698669, "25": 0.6833202242851257, "26": 0.697202205657959, "27": 0.6353535652160645, "28": 0.6672700047492981, "29": 0.6913843750953674, "30": 0.6887936592102051, "31": 0.6505343914031982, "32": 0.6945493817329407, "33": 0.6908096671104431, "34": 0.6660614013671875, "35": 0.710648775100708, "36": 0.7163281440734863, "37": 0.6845865249633789, "38": 0.6774322390556335, "39": 0.6679362654685974, "40": 0.5238258242607117, "41": 0.548145592212677, "42": 0.7116942405700684, "43": 0.7144694924354553, "44": 0.6889234185218811, "45": 0.6648690104484558, "46": 0.6493058204650879, "47": 0.6739897131919861, "48": 0.7004930377006531, "49": 0.7049959301948547, "50": 0.683762788772583, "51": 0.6516544818878174, "52": 0.7137742042541504, "53": 0.6762035489082336, "54": 0.7357876896858215, "55": 0.692851722240448, "56": 0.7030885219573975, "57": 0.7097484469413757, "58": 0.7257989048957825, "59": 0.6631546020507812, "60": 0.7276696562767029, "61": 0.7090948224067688, "62": 0.7132477164268494, "63": 0.6657723784446716, "64": 0.7281107306480408, "65": 0.676715075969696, "66": 0.7143328785896301, "67": 0.6617538332939148, "68": 0.6542990803718567, "69": 0.6660963892936707, "70": 0.7326667904853821, "71": 0.7149515151977539, "72": 0.6929833889007568, "73": 0.6396216750144958, "74": 0.6861414909362793, "75": 0.6254642009735107, "76": 0.6990688443183899, "77": 0.7382397651672363, "78": 0.6523361802101135, "79": 0.6561780571937561, "80": 0.7195156216621399}