{"1": 0.6154592633247375, "2": 0.6285287737846375, "3": 0.6645024418830872, "4": 0.6720827221870422, "5": 0.6817571520805359, "6": 0.686410129070282, "7": 0.6765701770782471, "8": 0.6859399676322937, "9": 0.6760290265083313, "10": 0.6689143180847168, "11": 0.6790294051170349, "12": 0.6162325739860535, "13": 0.6925345063209534, "14": 0.687035858631134, "15": 0.6961057782173157, "16": 0.6905959248542786, "17": 0.6952009201049805, "18": 0.6901403069496155, "19": 0.6347291469573975, "20": 0.669334888458252, "21": 0.6838275790214539, "22": 0.6763755679130554, "23": 0.7083590030670166, "24": 0.6815124154090881, "25": 0.6923008561134338, "26": 0.7051174640655518, "27": 0.7067694664001465, "28": 0.7074990272521973, "29": 0.6861366629600525, "30": 0.7169632315635681, "31": 0.6916270852088928, "32": 0.6777496337890625, "33": 0.6891258358955383, "34": 0.7138150334358215, "35": 0.7158449292182922, "36": 0.7228615283966064, "37": 0.6982423663139343, "38": 0.6495884656906128, "39": 0.6603229641914368, "40": 0.7323460578918457, "41": 0.7170619964599609, "42": 0.7236941456794739, "43": 0.7237990498542786, "44": 0.6828127503395081, "45": 0.7181277871131897, "46": 0.7064946293830872, "47": 0.6189475655555725, "48": 0.6769523024559021, "49": 0.7210900187492371, "50": 0.7064986228942871, "51": 0.7245666980743408, "52": 0.6792414784431458, "53": 0.6819292902946472, "54": 0.7158100008964539, "55": 0.7044717669487, "56": 0.6909803748130798, "57": 0.7141701579093933, "58": 0.6984673142433167, "59": 0.7176170349121094, "60": 0.6898398995399475, "61": 0.6870012879371643, "62": 0.6923869252204895, "63": 0.7175176739692688, "64": 0.6668971180915833, "65": 0.7163892388343811, "66": 0.6697313189506531, "67": 0.7166076302528381, "68": 0.693774402141571, "69": 0.7291262745857239, "70": 0.68839031457901, "71": 0.6839237809181213, "72": 0.701148271560669, "73": 0.6848084330558777, "74": 0.7264915108680725, "75": 0.6694998741149902, "76": 0.6962611675262451, "77": 0.6935251355171204, "78": 0.6282100081443787, "79": 0.723461925983429, "80": 0.6958388686180115}