{"1": 0.6560011506080627, "2": 0.6632839441299438, "3": 0.7591792941093445, "4": 0.7757399082183838, "5": 0.7885599136352539, "6": 0.8003163933753967, "7": 0.7975128293037415, "8": 0.8032668232917786, "9": 0.7968185544013977, "10": 0.8085630536079407, "11": 0.8068842887878418, "12": 0.8093826770782471, "13": 0.8149755597114563, "14": 0.8079049587249756, "15": 0.8228890895843506, "16": 0.8141799569129944, "17": 0.8256916999816895, "18": 0.8199533820152283, "19": 0.8294560313224792, "20": 0.8270664215087891, "21": 0.8109228014945984, "22": 0.8214951157569885, "23": 0.818511962890625, "24": 0.8150617480278015, "25": 0.8332489132881165, "26": 0.8236892819404602, "27": 0.8313608169555664, "28": 0.8176988959312439, "29": 0.8265116214752197, "30": 0.8279409408569336, "31": 0.8253418803215027, "32": 0.8364301323890686, "33": 0.8246380686759949, "34": 0.827816903591156, "35": 0.8244219422340393, "36": 0.820605456829071, "37": 0.837582528591156, "38": 0.8158619403839111, "39": 0.8110540509223938, "40": 0.8299906253814697, "41": 0.8339545130729675, "42": 0.8410127758979797, "43": 0.8330504298210144, "44": 0.8287632465362549, "45": 0.8205237984657288, "46": 0.8187816739082336, "47": 0.8374381065368652, "48": 0.8341253399848938, "49": 0.8326883316040039, "50": 0.8461065888404846, "51": 0.8348118662834167, "52": 0.8285186886787415, "53": 0.8171781897544861, "54": 0.8310125470161438, "55": 0.8105244040489197, "56": 0.8056287169456482, "57": 0.8378952145576477, "58": 0.8182673454284668, "59": 0.8208661079406738, "60": 0.8322644829750061, "61": 0.8377105593681335, "62": 0.8472287058830261, "63": 0.8262956142425537, "64": 0.8325203061103821, "65": 0.8322081565856934, "66": 0.819148063659668, "67": 0.8339934945106506, "68": 0.8384940028190613, "69": 0.8363161087036133, "70": 0.8417508006095886, "71": 0.7989981770515442, "72": 0.8393921256065369, "73": 0.8349736332893372, "74": 0.8139020800590515, "75": 0.8307897448539734, "76": 0.8253884315490723, "77": 0.81406569480896, "78": 0.8296905159950256, "79": 0.8093045353889465, "80": 0.8319533467292786}