{"1": 0.7526351809501648, "2": 0.7867972254753113, "3": 0.7827569842338562, "4": 0.7742775082588196, "5": 0.8098554611206055, "6": 0.8023037910461426, "7": 0.812436044216156, "8": 0.8224108815193176, "9": 0.7988579869270325, "10": 0.8087013363838196, "11": 0.8070802688598633, "12": 0.785275399684906, "13": 0.8254478573799133, "14": 0.8239348530769348, "15": 0.8239840865135193, "16": 0.8187201023101807, "17": 0.8301015496253967, "18": 0.7951567769050598, "19": 0.7938355803489685, "20": 0.8154327273368835, "21": 0.8300389647483826, "22": 0.8166407942771912, "23": 0.8171541690826416, "24": 0.8263441920280457, "25": 0.8201214671134949, "26": 0.8313944935798645, "27": 0.829847514629364, "28": 0.836682140827179, "29": 0.8149521350860596, "30": 0.8244349360466003, "31": 0.8283522129058838, "32": 0.8241594433784485, "33": 0.8235406875610352, "34": 0.8365390300750732, "35": 0.8378119468688965, "36": 0.8365102410316467, "37": 0.8381485939025879, "38": 0.8107328414916992, "39": 0.8214743137359619, "40": 0.8435316681861877, "41": 0.8447086215019226, "42": 0.8418319225311279, "43": 0.8437421321868896, "44": 0.8297693133354187, "45": 0.8386867046356201, "46": 0.8331312537193298, "47": 0.7879464626312256, "48": 0.8293858170509338, "49": 0.8426666259765625, "50": 0.8414647579193115, "51": 0.8443626761436462, "52": 0.8332878947257996, "53": 0.8290309309959412, "54": 0.8366500735282898, "55": 0.8394150733947754, "56": 0.8232117295265198, "57": 0.8427754044532776, "58": 0.8398651480674744, "59": 0.8456764817237854, "60": 0.8453583717346191, "61": 0.8309662938117981, "62": 0.8464991450309753, "63": 0.8430939316749573, "64": 0.8165223598480225, "65": 0.8537173867225647, "66": 0.8213312029838562, "67": 0.8432673811912537, "68": 0.8305981755256653, "69": 0.8278315663337708, "70": 0.8327096104621887, "71": 0.8310086727142334, "72": 0.8323330879211426, "73": 0.8245723843574524, "74": 0.8496529459953308, "75": 0.8148183226585388, "76": 0.8397166132926941, "77": 0.8396701812744141, "78": 0.8031189441680908, "79": 0.8493531346321106, "80": 0.837057888507843}