{"1": 0.6135504245758057, "2": 0.7256224751472473, "3": 0.7594788670539856, "4": 0.7132577896118164, "5": 0.7905678749084473, "6": 0.7753714919090271, "7": 0.803396999835968, "8": 0.8018763661384583, "9": 0.8284718990325928, "10": 0.7827919125556946, "11": 0.8335002064704895, "12": 0.8339903950691223, "13": 0.8115653991699219, "14": 0.818096935749054, "15": 0.8342337012290955, "16": 0.8191387057304382, "17": 0.8401108384132385, "18": 0.827430009841919, "19": 0.8362006545066833, "20": 0.8310087323188782, "21": 0.8151609897613525, "22": 0.8494542241096497, "23": 0.8299922943115234, "24": 0.8113694787025452, "25": 0.8321757316589355, "26": 0.8480337262153625, "27": 0.826895534992218, "28": 0.8539641499519348, "29": 0.8552190661430359, "30": 0.8258472084999084, "31": 0.8491983413696289, "32": 0.856456458568573, "33": 0.8561866879463196, "34": 0.8561040759086609, "35": 0.8672685623168945, "36": 0.849236011505127, "37": 0.8387830853462219, "38": 0.8533065319061279, "39": 0.8543527126312256, "40": 0.849365234375, "41": 0.8360403180122375, "42": 0.8545403480529785, "43": 0.830454409122467, "44": 0.8086667060852051, "45": 0.8465414643287659, "46": 0.8526130318641663, "47": 0.8631975054740906, "48": 0.8647592067718506, "49": 0.8296613097190857, "50": 0.8501519560813904, "51": 0.8540382385253906, "52": 0.8448665738105774, "53": 0.8695654273033142, "54": 0.8376291394233704, "55": 0.8526251316070557, "56": 0.8424368500709534, "57": 0.8400114178657532, "58": 0.8547123074531555, "59": 0.8444374203681946, "60": 0.84172123670578, "61": 0.835709273815155, "62": 0.8543493151664734, "63": 0.8600340485572815, "64": 0.8255343437194824, "65": 0.853331983089447, "66": 0.8151252269744873, "67": 0.8461264967918396, "68": 0.8467988967895508, "69": 0.8335792422294617, "70": 0.8270111083984375, "71": 0.805847704410553, "72": 0.8652415871620178, "73": 0.8175612092018127, "74": 0.872548520565033, "75": 0.8476611971855164, "76": 0.8199515342712402, "77": 0.8498238921165466, "78": 0.8385184407234192, "79": 0.8439428806304932, "80": 0.8342898488044739}