{"1": 0.6560658812522888, "2": 0.4995523989200592, "3": 0.5137208700180054, "4": 0.47875484824180603, "5": 0.4315432608127594, "6": 0.4379701018333435, "7": 0.3904901146888733, "8": 0.3922478258609772, "9": 0.360837459564209, "10": 0.36630624532699585, "11": 0.34642472863197327, "12": 0.3998223841190338, "13": 0.33968695998191833, "14": 0.36658036708831787, "15": 0.30889612436294556, "16": 0.34039217233657837, "17": 0.31339582800865173, "18": 0.30652958154678345, "19": 0.3254931569099426, "20": 0.3450923264026642, "21": 0.3765440583229065, "22": 0.32453522086143494, "23": 0.3013553321361542, "24": 0.31680765748023987, "25": 0.34442761540412903, "26": 0.3146243095397949, "27": 0.2897030711174011, "28": 0.30950984358787537, "29": 0.2988761365413666, "30": 0.3007403314113617, "31": 0.3101906180381775, "32": 0.3144691586494446, "33": 0.3683430552482605, "34": 0.3691495954990387, "35": 0.3406783938407898, "36": 0.2847210764884949, "37": 0.35725146532058716, "38": 0.36300748586654663, "39": 0.2920781970024109, "40": 0.32028907537460327, "41": 0.3420564830303192, "42": 0.3971925377845764, "43": 0.4046832025051117, "44": 0.3942732512950897, "45": 0.4052656292915344, "46": 0.3281653821468353, "47": 0.322141170501709, "48": 0.4102964401245117, "49": 0.3701673746109009, "50": 0.33045440912246704, "51": 0.37261754274368286, "52": 0.34850555658340454, "53": 0.3602634072303772, "54": 0.4284018576145172, "55": 0.3666922450065613, "56": 0.32658424973487854, "57": 0.3212546706199646, "58": 0.34767022728919983, "59": 0.34541836380958557, "60": 0.34710460901260376, "61": 0.3990316689014435, "62": 0.3715146481990814, "63": 0.49878817796707153, "64": 0.38965052366256714, "65": 0.3720918297767639, "66": 0.38765066862106323, "67": 0.37476474046707153, "68": 0.4499666690826416, "69": 0.41958490014076233, "70": 0.42841148376464844, "71": 0.4071875512599945, "72": 0.3646966218948364, "73": 0.4181370735168457, "74": 0.3964100480079651, "75": 0.38572365045547485, "76": 0.45659875869750977, "77": 0.3975438177585602, "78": 0.4564473032951355, "79": 0.47830548882484436, "80": 0.44302549958229065}