{"1": 1.3915928602218628, "2": 0.7028566598892212, "3": 0.46539074182510376, "4": 0.46867284178733826, "5": 0.3808223605155945, "6": 0.48919081687927246, "7": 0.46377307176589966, "8": 0.3877401649951935, "9": 0.4315645694732666, "10": 0.6139682531356812, "11": 0.36782318353652954, "12": 0.34962451457977295, "13": 0.37988007068634033, "14": 0.4218498170375824, "15": 0.3610987365245819, "16": 0.4574194848537445, "17": 0.4694279134273529, "18": 0.421001672744751, "19": 0.4120541512966156, "20": 0.4716670513153076, "21": 0.354427307844162, "22": 0.37916138768196106, "23": 0.3038824200630188, "24": 0.3647700250148773, "25": 0.34334811568260193, "26": 0.3499273359775543, "27": 0.398725301027298, "28": 0.3671171963214874, "29": 0.320748507976532, "30": 0.3353842496871948, "31": 0.4182303547859192, "32": 0.33462288975715637, "33": 0.32597246766090393, "34": 0.33151406049728394, "35": 0.31465402245521545, "36": 0.3034314215183258, "37": 0.3567037284374237, "38": 0.3590371012687683, "39": 0.3664717376232147, "40": 0.5596794486045837, "41": 0.5094839334487915, "42": 0.3117947578430176, "43": 0.30766743421554565, "44": 0.34690773487091064, "45": 0.3706299662590027, "46": 0.40914568305015564, "47": 0.35616257786750793, "48": 0.3187171518802643, "49": 0.33068355917930603, "50": 0.35523462295532227, "51": 0.38107600808143616, "52": 0.31438928842544556, "53": 0.3656882643699646, "54": 0.26738494634628296, "55": 0.35966846346855164, "56": 0.33345991373062134, "57": 0.3328525722026825, "58": 0.30879154801368713, "59": 0.3765425980091095, "60": 0.29560571908950806, "61": 0.32342398166656494, "62": 0.3251146674156189, "63": 0.35652056336402893, "64": 0.2918880879878998, "65": 0.38766226172447205, "66": 0.30707526206970215, "67": 0.3892478048801422, "68": 0.38811179995536804, "69": 0.3694918751716614, "70": 0.28266641497612, "71": 0.31807467341423035, "72": 0.3319088816642761, "73": 0.3946199119091034, "74": 0.3686756491661072, "75": 0.3982188105583191, "76": 0.3379864990711212, "77": 0.2802334129810333, "78": 0.4005917012691498, "79": 0.3971589207649231, "80": 0.30795326828956604}