{"1": 0.6291801929473877, "2": 0.6488943099975586, "3": 0.6616296172142029, "4": 0.564946711063385, "5": 0.5901545882225037, "6": 0.6752784848213196, "7": 0.5338327884674072, "8": 0.6528224349021912, "9": 0.580889880657196, "10": 0.580366313457489, "11": 0.7081728577613831, "12": 0.7075759768486023, "13": 0.671395480632782, "14": 0.6315316557884216, "15": 0.7071824073791504, "16": 0.6886336207389832, "17": 0.7142545580863953, "18": 0.6227996945381165, "19": 0.6358830332756042, "20": 0.7014298439025879, "21": 0.6056740880012512, "22": 0.6958807110786438, "23": 0.6719083189964294, "24": 0.5499705672264099, "25": 0.7183296084403992, "26": 0.7374148368835449, "27": 0.7064299583435059, "28": 0.6983208060264587, "29": 0.6496034264564514, "30": 0.7057588696479797, "31": 0.719495952129364, "32": 0.6544703841209412, "33": 0.7028029561042786, "34": 0.6085803508758545, "35": 0.7355456352233887, "36": 0.6560120582580566, "37": 0.625034749507904, "38": 0.7210718989372253, "39": 0.7172583937644958, "40": 0.6740800738334656, "41": 0.7214111685752869, "42": 0.73652583360672, "43": 0.7323052287101746, "44": 0.7216732501983643, "45": 0.6870308518409729, "46": 0.7191250920295715, "47": 0.6472675204277039, "48": 0.7289406657218933, "49": 0.6577603220939636, "50": 0.7164900302886963, "51": 0.7134729027748108, "52": 0.6932994723320007, "53": 0.73147052526474, "54": 0.7013792991638184, "55": 0.7241792678833008, "56": 0.6750710606575012, "57": 0.690397322177887, "58": 0.7414436340332031, "59": 0.7142243981361389, "60": 0.7213714122772217, "61": 0.7170360684394836, "62": 0.6922662258148193, "63": 0.6659371852874756, "64": 0.5665832757949829, "65": 0.692828893661499, "66": 0.6956581473350525, "67": 0.6213600039482117, "68": 0.69256991147995, "69": 0.7378619313240051, "70": 0.7408873438835144, "71": 0.7269291281700134, "72": 0.7103531360626221, "73": 0.6708967685699463, "74": 0.7259080410003662, "75": 0.6727259159088135, "76": 0.7417728304862976, "77": 0.7224516272544861, "78": 0.6688051819801331, "79": 0.695081889629364, "80": 0.7455154061317444}