{"1": 0.6227226853370667, "2": 0.5038614869117737, "3": 0.45209866762161255, "4": 0.4482742249965668, "5": 0.39697331190109253, "6": 0.4149802327156067, "7": 0.40105217695236206, "8": 0.3816075921058655, "9": 0.40010181069374084, "10": 0.3461245596408844, "11": 0.36680716276168823, "12": 0.3557835519313812, "13": 0.3435097932815552, "14": 0.3919767737388611, "15": 0.3688358664512634, "16": 0.3095003664493561, "17": 0.35605525970458984, "18": 0.336447536945343, "19": 0.4367118775844574, "20": 0.37111297249794006, "21": 0.3243522047996521, "22": 0.3605709671974182, "23": 0.3059244751930237, "24": 0.31551188230514526, "25": 0.3178741931915283, "26": 0.32131800055503845, "27": 0.3153955936431885, "28": 0.29366424679756165, "29": 0.31784364581108093, "30": 0.29205793142318726, "31": 0.33215761184692383, "32": 0.3318338692188263, "33": 0.36046892404556274, "34": 0.3113099932670593, "35": 0.2936539649963379, "36": 0.3316318690776825, "37": 0.29418453574180603, "38": 0.30936330556869507, "39": 0.37859129905700684, "40": 0.3205193877220154, "41": 0.36490947008132935, "42": 0.33904892206192017, "43": 0.3668058216571808, "44": 0.2938244342803955, "45": 0.3233582079410553, "46": 0.3913929760456085, "47": 0.3750016391277313, "48": 0.3794447183609009, "49": 0.4243168234825134, "50": 0.4253055453300476, "51": 0.30190181732177734, "52": 0.34657517075538635, "53": 0.3294331431388855, "54": 0.3841097950935364, "55": 0.3739582896232605, "56": 0.37722450494766235, "57": 0.32377925515174866, "58": 0.3583466410636902, "59": 0.3502088189125061, "60": 0.3561248183250427, "61": 0.34026703238487244, "62": 0.3589542508125305, "63": 0.3162674307823181, "64": 0.4255302846431732, "65": 0.3121477961540222, "66": 0.3425810635089874, "67": 0.35737574100494385, "68": 0.3383905291557312, "69": 0.38733604550361633, "70": 0.39877158403396606, "71": 0.40081214904785156, "72": 0.3864471912384033, "73": 0.384645015001297, "74": 0.3852359354496002, "75": 0.36785319447517395, "76": 0.37098217010498047, "77": 0.43345969915390015, "78": 0.41247907280921936, "79": 0.43794575333595276, "80": 0.33976316452026367}