{"1": 0.6366313695907593, "2": 0.48051896691322327, "3": 0.4445849359035492, "4": 0.48635005950927734, "5": 0.41292911767959595, "6": 0.4177648425102234, "7": 0.37546151876449585, "8": 0.3713565766811371, "9": 0.3509678840637207, "10": 0.42758503556251526, "11": 0.35088714957237244, "12": 0.34659919142723083, "13": 0.3839651048183441, "14": 0.35100212693214417, "15": 0.33202746510505676, "16": 0.3380156457424164, "17": 0.3258783519268036, "18": 0.3483133912086487, "19": 0.30554017424583435, "20": 0.34389665722846985, "21": 0.37604251503944397, "22": 0.30962079763412476, "23": 0.3145694434642792, "24": 0.38978105783462524, "25": 0.32768434286117554, "26": 0.3076992630958557, "27": 0.3428040146827698, "28": 0.3074601888656616, "29": 0.29119211435317993, "30": 0.3861466348171234, "31": 0.2916068136692047, "32": 0.3237757086753845, "33": 0.3072255551815033, "34": 0.29893529415130615, "35": 0.28279876708984375, "36": 0.3104645609855652, "37": 0.3411259651184082, "38": 0.27061471343040466, "39": 0.31857892870903015, "40": 0.3026546239852905, "41": 0.3279728591442108, "42": 0.3153564929962158, "43": 0.38812655210494995, "44": 0.37875163555145264, "45": 0.28738903999328613, "46": 0.3031163215637207, "47": 0.3233029842376709, "48": 0.27869829535484314, "49": 0.3830053210258484, "50": 0.3104897141456604, "51": 0.3090266287326813, "52": 0.3792189955711365, "53": 0.29471299052238464, "54": 0.3934033215045929, "55": 0.3004862070083618, "56": 0.40221911668777466, "57": 0.3509663939476013, "58": 0.36253947019577026, "59": 0.37072619795799255, "60": 0.36085814237594604, "61": 0.40786272287368774, "62": 0.392599880695343, "63": 0.34508752822875977, "64": 0.42104315757751465, "65": 0.3835480511188507, "66": 0.429934561252594, "67": 0.3967036306858063, "68": 0.415164053440094, "69": 0.4286578297615051, "70": 0.4453393518924713, "71": 0.5850664377212524, "72": 0.3425414562225342, "73": 0.526042103767395, "74": 0.31097546219825745, "75": 0.41582241654396057, "76": 0.4920279383659363, "77": 0.39481911063194275, "78": 0.45229801535606384, "79": 0.37576067447662354, "80": 0.4783410131931305}