{"1": 0.48869070410728455, "2": 0.4502130448818207, "3": 0.393278568983078, "4": 0.35011598467826843, "5": 0.36646416783332825, "6": 0.3446025252342224, "7": 0.36160069704055786, "8": 0.35711994767189026, "9": 0.35314029455184937, "10": 0.3647717833518982, "11": 0.34945112466812134, "12": 0.40777355432510376, "13": 0.3365449607372284, "14": 0.34245774149894714, "15": 0.3270091414451599, "16": 0.33025676012039185, "17": 0.33171191811561584, "18": 0.3054051995277405, "19": 0.40387827157974243, "20": 0.3628464341163635, "21": 0.344064861536026, "22": 0.3496004045009613, "23": 0.298484742641449, "24": 0.33389100432395935, "25": 0.32859763503074646, "26": 0.30366426706314087, "27": 0.30747199058532715, "28": 0.3018800914287567, "29": 0.33278602361679077, "30": 0.2753768563270569, "31": 0.32583075761795044, "32": 0.33766937255859375, "33": 0.3299355208873749, "34": 0.29311221837997437, "35": 0.2869666516780853, "36": 0.27590450644493103, "37": 0.3260315954685211, "38": 0.3761807680130005, "39": 0.37140265107154846, "40": 0.270494669675827, "41": 0.28778940439224243, "42": 0.2794671952724457, "43": 0.279979407787323, "44": 0.3449186384677887, "45": 0.28920263051986694, "46": 0.30754128098487854, "47": 0.442423015832901, "48": 0.3491191864013672, "49": 0.28749337792396545, "50": 0.3120018541812897, "51": 0.28243768215179443, "52": 0.3439279794692993, "53": 0.3475143015384674, "54": 0.2937215268611908, "55": 0.3193194270133972, "56": 0.3321579396724701, "57": 0.30624717473983765, "58": 0.32172542810440063, "59": 0.2943936288356781, "60": 0.3373320698738098, "61": 0.33748143911361694, "62": 0.332209050655365, "63": 0.2942019999027252, "64": 0.3821384608745575, "65": 0.3064454197883606, "66": 0.3812423050403595, "67": 0.29828542470932007, "68": 0.3330118954181671, "69": 0.26610368490219116, "70": 0.33982545137405396, "71": 0.339602530002594, "72": 0.3256455063819885, "73": 0.3493705689907074, "74": 0.2888246774673462, "75": 0.35986655950546265, "76": 0.3435583710670471, "77": 0.35200339555740356, "78": 0.4402257800102234, "79": 0.29560917615890503, "80": 0.33305490016937256}