{"1": 0.6604716777801514, "2": 0.7120029926300049, "3": 0.7859452366828918, "4": 0.7932856678962708, "5": 0.774730384349823, "6": 0.780644416809082, "7": 0.7991645336151123, "8": 0.7787272334098816, "9": 0.7920174598693848, "10": 0.6800878047943115, "11": 0.7989811301231384, "12": 0.819192111492157, "13": 0.8272640109062195, "14": 0.8166652321815491, "15": 0.8000985980033875, "16": 0.8002062439918518, "17": 0.791405200958252, "18": 0.7669708132743835, "19": 0.8159883618354797, "20": 0.7977282404899597, "21": 0.8176438212394714, "22": 0.8025591373443604, "23": 0.8301281929016113, "24": 0.8060173988342285, "25": 0.8296842575073242, "26": 0.8373352885246277, "27": 0.7996938824653625, "28": 0.8223237991333008, "29": 0.815258800983429, "30": 0.8248385787010193, "31": 0.8085491061210632, "32": 0.8307538032531738, "33": 0.8264046311378479, "34": 0.8026070594787598, "35": 0.837435245513916, "36": 0.8417598605155945, "37": 0.8311801552772522, "38": 0.8363173007965088, "39": 0.8236896395683289, "40": 0.7285740971565247, "41": 0.7352678179740906, "42": 0.8374826312065125, "43": 0.8490751385688782, "44": 0.839555561542511, "45": 0.8219404816627502, "46": 0.8200772404670715, "47": 0.8286653161048889, "48": 0.8360950350761414, "49": 0.8422474265098572, "50": 0.8320544362068176, "51": 0.8146647810935974, "52": 0.8393304944038391, "53": 0.8278034329414368, "54": 0.832614004611969, "55": 0.8367211222648621, "56": 0.8502668738365173, "57": 0.8557267785072327, "58": 0.8506110310554504, "59": 0.8256784081459045, "60": 0.8426535725593567, "61": 0.8442301750183105, "62": 0.8455193638801575, "63": 0.8217160701751709, "64": 0.854520857334137, "65": 0.8386116027832031, "66": 0.8374730944633484, "67": 0.8152651190757751, "68": 0.8203985095024109, "69": 0.8312020897865295, "70": 0.8526195883750916, "71": 0.8552930951118469, "72": 0.8395623564720154, "73": 0.8078523278236389, "74": 0.8359764218330383, "75": 0.794782817363739, "76": 0.8408381938934326, "77": 0.8581259250640869, "78": 0.8131712079048157, "79": 0.8196602463722229, "80": 0.852162778377533}