{"1": 0.5046715140342712, "2": 0.6001791954040527, "3": 0.5804570317268372, "4": 0.5793423652648926, "5": 0.6279812455177307, "6": 0.6076383590698242, "7": 0.6694298386573792, "8": 0.6606655120849609, "9": 0.6756377220153809, "10": 0.6874240040779114, "11": 0.6918171048164368, "12": 0.6369513869285583, "13": 0.692875325679779, "14": 0.6816819310188293, "15": 0.7284578680992126, "16": 0.6846873164176941, "17": 0.7221898436546326, "18": 0.7226813435554504, "19": 0.7073500156402588, "20": 0.7001094818115234, "21": 0.6555348038673401, "22": 0.7081009745597839, "23": 0.7237363457679749, "24": 0.7185344696044922, "25": 0.6944471001625061, "26": 0.7202048897743225, "27": 0.7224624752998352, "28": 0.718263566493988, "29": 0.731997549533844, "30": 0.7256929278373718, "31": 0.7212004661560059, "32": 0.7312595844268799, "33": 0.688288688659668, "34": 0.6924331188201904, "35": 0.7024219036102295, "36": 0.7379609942436218, "37": 0.7014975547790527, "38": 0.6934399604797363, "39": 0.7471299171447754, "40": 0.7258711457252502, "41": 0.7042487263679504, "42": 0.6973221898078918, "43": 0.6737406253814697, "44": 0.7052251696586609, "45": 0.6859884858131409, "46": 0.7283658385276794, "47": 0.7214811444282532, "48": 0.6924138069152832, "49": 0.712317943572998, "50": 0.7266026139259338, "51": 0.6980655193328857, "52": 0.7147788405418396, "53": 0.7125741839408875, "54": 0.6843578219413757, "55": 0.7169458866119385, "56": 0.7434296011924744, "57": 0.7315075993537903, "58": 0.7176167368888855, "59": 0.7289270758628845, "60": 0.7438039779663086, "61": 0.7049259543418884, "62": 0.7179486751556396, "63": 0.6662642359733582, "64": 0.714549720287323, "65": 0.7214941382408142, "66": 0.7162343859672546, "67": 0.7335265278816223, "68": 0.6865077018737793, "69": 0.7103331685066223, "70": 0.709845244884491, "71": 0.7209011912345886, "72": 0.7366945743560791, "73": 0.707663357257843, "74": 0.7222358584403992, "75": 0.7274911999702454, "76": 0.7001702189445496, "77": 0.7205698490142822, "78": 0.700829029083252, "79": 0.69976407289505, "80": 0.7070119976997375}