{"1": 0.6857091188430786, "2": 0.6328248977661133, "3": 0.448835551738739, "4": 0.4051688611507416, "5": 0.42209887504577637, "6": 0.3502148985862732, "7": 0.35939842462539673, "8": 0.344076007604599, "9": 0.3832724988460541, "10": 0.34308409690856934, "11": 0.33232948184013367, "12": 0.35127466917037964, "13": 0.36369356513023376, "14": 0.3610574007034302, "15": 0.32367509603500366, "16": 0.3313571512699127, "17": 0.34235095977783203, "18": 0.3218814730644226, "19": 0.3160131573677063, "20": 0.3390085697174072, "21": 0.35902756452560425, "22": 0.31460827589035034, "23": 0.3135310411453247, "24": 0.30163905024528503, "25": 0.299763023853302, "26": 0.35562196373939514, "27": 0.32935458421707153, "28": 0.34430935978889465, "29": 0.30045202374458313, "30": 0.3214597702026367, "31": 0.317185640335083, "32": 0.3351888060569763, "33": 0.3158493638038635, "34": 0.3092622756958008, "35": 0.33948639035224915, "36": 0.34131449460983276, "37": 0.2884683907032013, "38": 0.33188384771347046, "39": 0.32988718152046204, "40": 0.34083086252212524, "41": 0.30057254433631897, "42": 0.2875934839248657, "43": 0.347154825925827, "44": 0.3001139760017395, "45": 0.3987266421318054, "46": 0.35804063081741333, "47": 0.2919192910194397, "48": 0.29932525753974915, "49": 0.3083321452140808, "50": 0.2901393175125122, "51": 0.3311895728111267, "52": 0.34781119227409363, "53": 0.38535189628601074, "54": 0.3296160101890564, "55": 0.3963105082511902, "56": 0.4127863347530365, "57": 0.29906928539276123, "58": 0.36716529726982117, "59": 0.3022193908691406, "60": 0.3282786011695862, "61": 0.3200127184391022, "62": 0.2974552512168884, "63": 0.3208296597003937, "64": 0.2865850329399109, "65": 0.30454695224761963, "66": 0.39006826281547546, "67": 0.33301782608032227, "68": 0.33451592922210693, "69": 0.2919458746910095, "70": 0.311888188123703, "71": 0.4205504059791565, "72": 0.31514137983322144, "73": 0.32507237792015076, "74": 0.3716077506542206, "75": 0.3533439040184021, "76": 0.35445436835289, "77": 0.4268595278263092, "78": 0.3500306010246277, "79": 0.26503604650497437, "80": 0.3668704628944397}