{"1": 0.4687224328517914, "2": 0.5006497502326965, "3": 0.5982795357704163, "4": 0.6392959952354431, "5": 0.6299565434455872, "6": 0.6785349249839783, "7": 0.6730480790138245, "8": 0.6836473345756531, "9": 0.6451785564422607, "10": 0.6837535500526428, "11": 0.6891918778419495, "12": 0.6798457503318787, "13": 0.6681067943572998, "14": 0.6753541827201843, "15": 0.6961200833320618, "16": 0.6886734962463379, "17": 0.6856904029846191, "18": 0.7004777789115906, "19": 0.7026584148406982, "20": 0.6877933144569397, "21": 0.6688695549964905, "22": 0.7023231983184814, "23": 0.7002851963043213, "24": 0.7070519328117371, "25": 0.7121367454528809, "26": 0.6737862229347229, "27": 0.6920046806335449, "28": 0.6831056475639343, "29": 0.7088465094566345, "30": 0.6963445544242859, "31": 0.6999110579490662, "32": 0.6909747123718262, "33": 0.6959373950958252, "34": 0.7062920928001404, "35": 0.6798453330993652, "36": 0.6815402507781982, "37": 0.7194817662239075, "38": 0.6918213963508606, "39": 0.6906313300132751, "40": 0.6908311247825623, "41": 0.7110912203788757, "42": 0.7231233716011047, "43": 0.6799290180206299, "44": 0.7069816589355469, "45": 0.6527441740036011, "46": 0.675610363483429, "47": 0.7193568348884583, "48": 0.7103074193000793, "49": 0.7046957015991211, "50": 0.7212260365486145, "51": 0.697561502456665, "52": 0.6821544766426086, "53": 0.6672093272209167, "54": 0.6950419545173645, "55": 0.6659745573997498, "56": 0.652006208896637, "57": 0.7141642570495605, "58": 0.668295681476593, "59": 0.7048556208610535, "60": 0.6965312361717224, "61": 0.7004785537719727, "62": 0.7155356407165527, "63": 0.6926830410957336, "64": 0.7204939723014832, "65": 0.7109978795051575, "66": 0.6603889465332031, "67": 0.6954057216644287, "68": 0.6941888332366943, "69": 0.7182626724243164, "70": 0.707688570022583, "71": 0.6250161528587341, "72": 0.7053620219230652, "73": 0.6944215893745422, "74": 0.6641865372657776, "75": 0.6841437816619873, "76": 0.6842495799064636, "77": 0.6469439268112183, "78": 0.6838181614875793, "79": 0.7132466435432434, "80": 0.6704218983650208}