{"1": 0.7393393516540527, "2": 0.7827529907226562, "3": 0.795742928981781, "4": 0.8013994097709656, "5": 0.7805235981941223, "6": 0.8159775733947754, "7": 0.8124776482582092, "8": 0.8200777173042297, "9": 0.8309505581855774, "10": 0.8259921073913574, "11": 0.8272047638893127, "12": 0.8126363754272461, "13": 0.7995832562446594, "14": 0.8030368685722351, "15": 0.832680881023407, "16": 0.8408179879188538, "17": 0.8488273024559021, "18": 0.8004167675971985, "19": 0.8168554306030273, "20": 0.8394255638122559, "21": 0.8353700637817383, "22": 0.8226627707481384, "23": 0.828618049621582, "24": 0.8404240608215332, "25": 0.822385311126709, "26": 0.8410999178886414, "27": 0.8296400904655457, "28": 0.8340046405792236, "29": 0.8424851298332214, "30": 0.8306471705436707, "31": 0.8086204528808594, "32": 0.8302884101867676, "33": 0.8421962857246399, "34": 0.8411130905151367, "35": 0.8319404125213623, "36": 0.8303901553153992, "37": 0.8388922214508057, "38": 0.8390428423881531, "39": 0.8436055183410645, "40": 0.8489126563072205, "41": 0.8339185118675232, "42": 0.8469449877738953, "43": 0.8475925922393799, "44": 0.8515928387641907, "45": 0.824884831905365, "46": 0.8582989573478699, "47": 0.8506307005882263, "48": 0.8285941481590271, "49": 0.8550729751586914, "50": 0.8489131331443787, "51": 0.8473212718963623, "52": 0.8564448356628418, "53": 0.8410565853118896, "54": 0.850507915019989, "55": 0.8404021263122559, "56": 0.848016083240509, "57": 0.8487727046012878, "58": 0.8484234809875488, "59": 0.8565109372138977, "60": 0.8082143664360046, "61": 0.8512964248657227, "62": 0.8527979850769043, "63": 0.8427760004997253, "64": 0.8654613494873047, "65": 0.8329086303710938, "66": 0.8487083315849304, "67": 0.8425502181053162, "68": 0.8398985862731934, "69": 0.8487462997436523, "70": 0.8488724827766418, "71": 0.8577790260314941, "72": 0.8323739171028137, "73": 0.8479265570640564, "74": 0.8569425940513611, "75": 0.8347708582878113, "76": 0.837733268737793, "77": 0.8559978604316711, "78": 0.8477844595909119, "79": 0.8655270934104919, "80": 0.807017982006073}