{"1": 0.5592944025993347, "2": 0.578127384185791, "3": 0.5962101221084595, "4": 0.6659101843833923, "5": 0.6252487301826477, "6": 0.6723897457122803, "7": 0.6013482213020325, "8": 0.6369441747665405, "9": 0.6944454312324524, "10": 0.6742167472839355, "11": 0.6889076828956604, "12": 0.6839120388031006, "13": 0.663291335105896, "14": 0.6786505579948425, "15": 0.6453720927238464, "16": 0.7077734470367432, "17": 0.6029077768325806, "18": 0.6895892024040222, "19": 0.687359094619751, "20": 0.7093558311462402, "21": 0.6231812834739685, "22": 0.6527571082115173, "23": 0.6790779232978821, "24": 0.7100191116333008, "25": 0.7327268719673157, "26": 0.6659670472145081, "27": 0.7287076115608215, "28": 0.7306957244873047, "29": 0.7075511813163757, "30": 0.7500684857368469, "31": 0.7388216853141785, "32": 0.7359476089477539, "33": 0.7268145084381104, "34": 0.7498579025268555, "35": 0.6813895106315613, "36": 0.7652090191841125, "37": 0.6669532656669617, "38": 0.7076600193977356, "39": 0.6692159175872803, "40": 0.6953075528144836, "41": 0.7364549040794373, "42": 0.6965992450714111, "43": 0.7311821579933167, "44": 0.7237928509712219, "45": 0.7541677355766296, "46": 0.7431562542915344, "47": 0.7021940350532532, "48": 0.6938082575798035, "49": 0.7507965564727783, "50": 0.6693996787071228, "51": 0.7052536010742188, "52": 0.737609326839447, "53": 0.7144933342933655, "54": 0.7206270694732666, "55": 0.6959096789360046, "56": 0.7362748980522156, "57": 0.7227440476417542, "58": 0.6996515393257141, "59": 0.6525499820709229, "60": 0.711793839931488, "61": 0.6757085919380188, "62": 0.7302458882331848, "63": 0.6798174977302551, "64": 0.7374626994132996, "65": 0.755657970905304, "66": 0.6502745747566223, "67": 0.6464462876319885, "68": 0.6968462467193604, "69": 0.7333654761314392, "70": 0.7204952836036682, "71": 0.6909800171852112, "72": 0.7051634788513184, "73": 0.6924628615379333, "74": 0.7114028930664062, "75": 0.7154333591461182, "76": 0.734772264957428, "77": 0.7127135396003723, "78": 0.6798641085624695, "79": 0.7327486872673035, "80": 0.7197413444519043}