{"1": 0.6049877405166626, "2": 0.47130608558654785, "3": 0.42554450035095215, "4": 0.559564471244812, "5": 0.47298741340637207, "6": 0.3949488401412964, "7": 0.5735935568809509, "8": 0.38736492395401, "9": 0.4600222706794739, "10": 0.472980797290802, "11": 0.32428881525993347, "12": 0.31826168298721313, "13": 0.38913917541503906, "14": 0.43487900495529175, "15": 0.2948303520679474, "16": 0.34225374460220337, "17": 0.3066123425960541, "18": 0.41546696424484253, "19": 0.4273659288883209, "20": 0.32363051176071167, "21": 0.44081345200538635, "22": 0.3360751271247864, "23": 0.37276870012283325, "24": 0.5292569398880005, "25": 0.31486013531684875, "26": 0.27376461029052734, "27": 0.33963456749916077, "28": 0.34141793847084045, "29": 0.39916008710861206, "30": 0.32269200682640076, "31": 0.29789209365844727, "32": 0.3894871175289154, "33": 0.3184722363948822, "34": 0.4577663540840149, "35": 0.2773532271385193, "36": 0.46138840913772583, "37": 0.4055098593235016, "38": 0.3010777533054352, "39": 0.313972145318985, "40": 0.35677510499954224, "41": 0.3130568861961365, "42": 0.2766982614994049, "43": 0.2751745581626892, "44": 0.30209705233573914, "45": 0.3736197352409363, "46": 0.30391743779182434, "47": 0.43175846338272095, "48": 0.2882506549358368, "49": 0.379322350025177, "50": 0.3104230463504791, "51": 0.30136051774024963, "52": 0.34975937008857727, "53": 0.28105053305625916, "54": 0.3193773031234741, "55": 0.29639774560928345, "56": 0.36059075593948364, "57": 0.32756441831588745, "58": 0.26733824610710144, "59": 0.3190447688102722, "60": 0.29830896854400635, "61": 0.3081215023994446, "62": 0.3358469009399414, "63": 0.37168535590171814, "64": 0.4711276888847351, "65": 0.3458634912967682, "66": 0.33153924345970154, "67": 0.46050912141799927, "68": 0.3377384543418884, "69": 0.27654191851615906, "70": 0.2723167836666107, "71": 0.29031580686569214, "72": 0.3132123053073883, "73": 0.34863898158073425, "74": 0.28693729639053345, "75": 0.3518162667751312, "76": 0.2607577443122864, "77": 0.2930198311805725, "78": 0.3649885058403015, "79": 0.3152226507663727, "80": 0.2591676712036133}