{"1": 0.6228204369544983, "2": 0.6409158706665039, "3": 0.6843666434288025, "4": 0.6518557667732239, "5": 0.6115115284919739, "6": 0.7061191201210022, "7": 0.6468024253845215, "8": 0.7031474113464355, "9": 0.7028887867927551, "10": 0.6822419762611389, "11": 0.6959046721458435, "12": 0.6444833874702454, "13": 0.6426324844360352, "14": 0.629063069820404, "15": 0.6959621906280518, "16": 0.7096090912818909, "17": 0.7200631499290466, "18": 0.6161710619926453, "19": 0.6628450751304626, "20": 0.7245680689811707, "21": 0.6911304593086243, "22": 0.6869222521781921, "23": 0.7184295654296875, "24": 0.7205944657325745, "25": 0.6591399908065796, "26": 0.7277711033821106, "27": 0.6954348087310791, "28": 0.699685275554657, "29": 0.6869238018989563, "30": 0.6992416381835938, "31": 0.6334660649299622, "32": 0.6612400412559509, "33": 0.7399043440818787, "34": 0.6845596432685852, "35": 0.685894787311554, "36": 0.7335000038146973, "37": 0.6963303089141846, "38": 0.7081264853477478, "39": 0.7101933360099792, "40": 0.7247328758239746, "41": 0.6869074702262878, "42": 0.7123663425445557, "43": 0.7224457859992981, "44": 0.7179744243621826, "45": 0.6761663556098938, "46": 0.7290608286857605, "47": 0.7211944460868835, "48": 0.6758584976196289, "49": 0.7239975333213806, "50": 0.7113156914710999, "51": 0.7129389643669128, "52": 0.715848445892334, "53": 0.7053701877593994, "54": 0.7257162928581238, "55": 0.7039580941200256, "56": 0.7166768908500671, "57": 0.710311233997345, "58": 0.7321622967720032, "59": 0.7166011929512024, "60": 0.6465733647346497, "61": 0.7254815101623535, "62": 0.7314066886901855, "63": 0.7036224007606506, "64": 0.7400614619255066, "65": 0.6817538142204285, "66": 0.7112493515014648, "67": 0.6896917223930359, "68": 0.692246675491333, "69": 0.7046186327934265, "70": 0.7113544940948486, "71": 0.7277770042419434, "72": 0.6783154606819153, "73": 0.7042734026908875, "74": 0.734438419342041, "75": 0.6794038414955139, "76": 0.6991183161735535, "77": 0.7422856688499451, "78": 0.7134445309638977, "79": 0.7521257996559143, "80": 0.627509355545044}