{"1": 0.6630374193191528, "2": 0.6824193596839905, "3": 0.7201027870178223, "4": 0.7909173965454102, "5": 0.7653107643127441, "6": 0.8043136596679688, "7": 0.7632863521575928, "8": 0.7682034373283386, "9": 0.8147249221801758, "10": 0.8237369656562805, "11": 0.8195800185203552, "12": 0.8306161761283875, "13": 0.8119491934776306, "14": 0.8236887454986572, "15": 0.8146306872367859, "16": 0.8466913104057312, "17": 0.7866145968437195, "18": 0.8287038803100586, "19": 0.8333735466003418, "20": 0.8456194996833801, "21": 0.7982701659202576, "22": 0.814336359500885, "23": 0.8315038084983826, "24": 0.8505181670188904, "25": 0.8666816353797913, "26": 0.8217360973358154, "27": 0.862370491027832, "28": 0.8674194812774658, "29": 0.8504869341850281, "30": 0.8642413020133972, "31": 0.8652542233467102, "32": 0.8551004528999329, "33": 0.8625354766845703, "34": 0.8733389377593994, "35": 0.831109344959259, "36": 0.8834185004234314, "37": 0.8255051970481873, "38": 0.8519749641418457, "39": 0.8338175415992737, "40": 0.846956193447113, "41": 0.8648129105567932, "42": 0.8509805202484131, "43": 0.8653287291526794, "44": 0.8587551712989807, "45": 0.8724949955940247, "46": 0.8743992447853088, "47": 0.8530756831169128, "48": 0.8425071239471436, "49": 0.8701252937316895, "50": 0.8167286515235901, "51": 0.8528108596801758, "52": 0.8751876950263977, "53": 0.8530707359313965, "54": 0.8647768497467041, "55": 0.84589022397995, "56": 0.8567070364952087, "57": 0.8601911664009094, "58": 0.8515489101409912, "59": 0.8159639239311218, "60": 0.8598175048828125, "61": 0.8365600109100342, "62": 0.858490526676178, "63": 0.8389773368835449, "64": 0.8612812161445618, "65": 0.8663848042488098, "66": 0.8249800205230713, "67": 0.814197838306427, "68": 0.8464856147766113, "69": 0.8695223927497864, "70": 0.8624492287635803, "71": 0.8432014584541321, "72": 0.8539175391197205, "73": 0.848493754863739, "74": 0.8576648831367493, "75": 0.8627076148986816, "76": 0.8680135607719421, "77": 0.8611189723014832, "78": 0.8412243723869324, "79": 0.8587446212768555, "80": 0.8612468838691711}