{"1": 0.5001182556152344, "2": 0.5965458154678345, "3": 0.6186662316322327, "4": 0.565541684627533, "5": 0.6601839661598206, "6": 0.6387223601341248, "7": 0.6742334961891174, "8": 0.666766881942749, "9": 0.6947696805000305, "10": 0.6212738156318665, "11": 0.6959890723228455, "12": 0.6941325068473816, "13": 0.6558578610420227, "14": 0.6667230725288391, "15": 0.6992829442024231, "16": 0.6843015551567078, "17": 0.7039712071418762, "18": 0.6740595698356628, "19": 0.7163972854614258, "20": 0.6846101880073547, "21": 0.6566438674926758, "22": 0.7144792079925537, "23": 0.7006284594535828, "24": 0.6526086330413818, "25": 0.6753758788108826, "26": 0.7171328067779541, "27": 0.6808589100837708, "28": 0.721642792224884, "29": 0.7226693630218506, "30": 0.6696531772613525, "31": 0.7327723503112793, "32": 0.7100685238838196, "33": 0.716193437576294, "34": 0.7177147269248962, "35": 0.7480255961418152, "36": 0.7269198894500732, "37": 0.695030689239502, "38": 0.7455647587776184, "39": 0.7300214171409607, "40": 0.7207295298576355, "41": 0.6873100399971008, "42": 0.7346413731575012, "43": 0.6746849417686462, "44": 0.6579762697219849, "45": 0.7355160117149353, "46": 0.7207293510437012, "47": 0.7290682792663574, "48": 0.7473351359367371, "49": 0.6794757843017578, "50": 0.7149126529693604, "51": 0.7223647236824036, "52": 0.6971886157989502, "53": 0.7537307739257812, "54": 0.6779256463050842, "55": 0.7265381813049316, "56": 0.6824862360954285, "57": 0.6880903244018555, "58": 0.7068067193031311, "59": 0.6998925805091858, "60": 0.6971909999847412, "61": 0.6921373009681702, "62": 0.7135726809501648, "63": 0.7385653853416443, "64": 0.6784073710441589, "65": 0.7042133212089539, "66": 0.6644906401634216, "67": 0.6963568329811096, "68": 0.7018239498138428, "69": 0.6788601875305176, "70": 0.6680992245674133, "71": 0.6316668391227722, "72": 0.734481155872345, "73": 0.651397168636322, "74": 0.7509116530418396, "75": 0.7040385603904724, "76": 0.6514763832092285, "77": 0.7099955677986145, "78": 0.6815371513366699, "79": 0.702545166015625, "80": 0.6805264353752136}