{"1": 0.5670284628868103, "2": 0.686476469039917, "3": 0.7511170506477356, "4": 0.7690826058387756, "5": 0.7632310390472412, "6": 0.8002447485923767, "7": 0.7993866801261902, "8": 0.8064326643943787, "9": 0.8000035285949707, "10": 0.81778883934021, "11": 0.7882592082023621, "12": 0.7964272499084473, "13": 0.7804765105247498, "14": 0.7872275710105896, "15": 0.7060932517051697, "16": 0.8295055031776428, "17": 0.8328389525413513, "18": 0.7336995005607605, "19": 0.76861172914505, "20": 0.7488040328025818, "21": 0.8272449970245361, "22": 0.8287968635559082, "23": 0.8329455256462097, "24": 0.8160602450370789, "25": 0.8300736546516418, "26": 0.7690274119377136, "27": 0.8214404582977295, "28": 0.8394435048103333, "29": 0.8301396369934082, "30": 0.8041171431541443, "31": 0.8386208415031433, "32": 0.829016387462616, "33": 0.8434821963310242, "34": 0.8249170184135437, "35": 0.8294617533683777, "36": 0.8202815055847168, "37": 0.7763890624046326, "38": 0.831031322479248, "39": 0.8336162567138672, "40": 0.8312263488769531, "41": 0.83583664894104, "42": 0.7900475859642029, "43": 0.8434924483299255, "44": 0.8403090834617615, "45": 0.8159551620483398, "46": 0.8538170456886292, "47": 0.8285238146781921, "48": 0.8460976481437683, "49": 0.8450913429260254, "50": 0.818271815776825, "51": 0.8378844261169434, "52": 0.8323668837547302, "53": 0.8419819474220276, "54": 0.8517778515815735, "55": 0.8384899497032166, "56": 0.8430506587028503, "57": 0.8231923580169678, "58": 0.8234149813652039, "59": 0.8504770398139954, "60": 0.8457653522491455, "61": 0.8442835807800293, "62": 0.8397247195243835, "63": 0.8374526500701904, "64": 0.8325085639953613, "65": 0.8489512801170349, "66": 0.8388219475746155, "67": 0.8516961932182312, "68": 0.8359088897705078, "69": 0.8623481392860413, "70": 0.8321595788002014, "71": 0.8288993835449219, "72": 0.8534379005432129, "73": 0.8201565742492676, "74": 0.8366713523864746, "75": 0.8510481715202332, "76": 0.850609540939331, "77": 0.8377590179443359, "78": 0.8467066287994385, "79": 0.841743528842926, "80": 0.8279493451118469}