{"1": 2.926797389984131, "2": 1.0323151350021362, "3": 0.529488742351532, "4": 0.5028852820396423, "5": 0.4975322186946869, "6": 0.4145386815071106, "7": 0.4353422224521637, "8": 0.36316174268722534, "9": 0.43677815794944763, "10": 0.44460687041282654, "11": 0.45958924293518066, "12": 0.45582637190818787, "13": 0.45545873045921326, "14": 0.3998071551322937, "15": 0.691743016242981, "16": 0.37190675735473633, "17": 0.3346657156944275, "18": 0.5781177282333374, "19": 0.4390227794647217, "20": 0.48977726697921753, "21": 0.3483031392097473, "22": 0.3595792353153229, "23": 0.33276131749153137, "24": 0.36876970529556274, "25": 0.36086878180503845, "26": 0.45353206992149353, "27": 0.33788958191871643, "28": 0.30013400316238403, "29": 0.33037006855010986, "30": 0.4084540903568268, "31": 0.33177024126052856, "32": 0.3188905119895935, "33": 0.3079715669155121, "34": 0.4022811949253082, "35": 0.28621113300323486, "36": 0.33069926500320435, "37": 0.4649193286895752, "38": 0.36142846941947937, "39": 0.34794870018959045, "40": 0.34604495763778687, "41": 0.32863885164260864, "42": 0.4405096471309662, "43": 0.3015820384025574, "44": 0.31180673837661743, "45": 0.33675020933151245, "46": 0.2903672158718109, "47": 0.3427329957485199, "48": 0.32511717081069946, "49": 0.3046899437904358, "50": 0.33439964056015015, "51": 0.2807146906852722, "52": 0.42796221375465393, "53": 0.32549864053726196, "54": 0.2815586030483246, "55": 0.32843494415283203, "56": 0.3182939291000366, "57": 0.36674126982688904, "58": 0.36664173007011414, "59": 0.31252163648605347, "60": 0.3113662898540497, "61": 0.3280121088027954, "62": 0.2783966660499573, "63": 0.31100350618362427, "64": 0.3277716040611267, "65": 0.31273746490478516, "66": 0.29114997386932373, "67": 0.27979180216789246, "68": 0.3817208707332611, "69": 0.27773401141166687, "70": 0.34416794776916504, "71": 0.37571170926094055, "72": 0.2615346312522888, "73": 0.3849944770336151, "74": 0.3120342493057251, "75": 0.3032049834728241, "76": 0.2863553464412689, "77": 0.29985740780830383, "78": 0.312569260597229, "79": 0.32475346326828003, "80": 0.3794712722301483}