{"1": 0.4529537260532379, "2": 0.4170572757720947, "3": 0.3347093462944031, "4": 0.37209755182266235, "5": 0.4071267545223236, "6": 0.2997683584690094, "7": 0.3662180006504059, "8": 0.30111852288246155, "9": 0.30248674750328064, "10": 0.32198476791381836, "11": 0.3178477883338928, "12": 0.3595828711986542, "13": 0.36229610443115234, "14": 0.37566569447517395, "15": 0.3072237968444824, "16": 0.2973596453666687, "17": 0.2854449152946472, "18": 0.40242427587509155, "19": 0.3388490676879883, "20": 0.2729187607765198, "21": 0.31202611327171326, "22": 0.3215472102165222, "23": 0.27263402938842773, "24": 0.2750168442726135, "25": 0.3442886173725128, "26": 0.2664647400379181, "27": 0.3122463822364807, "28": 0.3091602325439453, "29": 0.31928807497024536, "30": 0.3069937825202942, "31": 0.3640272915363312, "32": 0.3437681198120117, "33": 0.25392264127731323, "34": 0.3171301782131195, "35": 0.31510627269744873, "36": 0.2502290606498718, "37": 0.309528648853302, "38": 0.2883036434650421, "39": 0.29177922010421753, "40": 0.27629250288009644, "41": 0.3222213387489319, "42": 0.2870050072669983, "43": 0.2794174551963806, "44": 0.2843061089515686, "45": 0.33390963077545166, "46": 0.27365121245384216, "47": 0.28021273016929626, "48": 0.3323575258255005, "49": 0.27522116899490356, "50": 0.2952369451522827, "51": 0.2922650873661041, "52": 0.2884691059589386, "53": 0.2988174855709076, "54": 0.27397647500038147, "55": 0.30212023854255676, "56": 0.2856857478618622, "57": 0.29354843497276306, "58": 0.26052263379096985, "59": 0.29167231917381287, "60": 0.36357223987579346, "61": 0.27893251180648804, "62": 0.2680663764476776, "63": 0.2996385991573334, "64": 0.2624571919441223, "65": 0.32936492562294006, "66": 0.2900462746620178, "67": 0.32147446274757385, "68": 0.31823134422302246, "69": 0.29930436611175537, "70": 0.2985565662384033, "71": 0.2728099226951599, "72": 0.33521533012390137, "73": 0.3041725754737854, "74": 0.2678984999656677, "75": 0.3251897096633911, "76": 0.31549298763275146, "77": 0.25868791341781616, "78": 0.29760482907295227, "79": 0.24324826896190643, "80": 0.4073511064052582}