{"1": 0.7324033379554749, "2": 0.7758033275604248, "3": 0.7855998873710632, "4": 0.7496137619018555, "5": 0.7613438963890076, "6": 0.8008776307106018, "7": 0.7303464412689209, "8": 0.8078382015228271, "9": 0.7386457324028015, "10": 0.7594797015190125, "11": 0.829750120639801, "12": 0.8169543147087097, "13": 0.8273354172706604, "14": 0.8067912459373474, "15": 0.7998983860015869, "16": 0.835523784160614, "17": 0.8286294937133789, "18": 0.7925987243652344, "19": 0.8084972500801086, "20": 0.8370813727378845, "21": 0.782888650894165, "22": 0.8446794152259827, "23": 0.8339772820472717, "24": 0.750920832157135, "25": 0.8483249545097351, "26": 0.8496926426887512, "27": 0.8396012187004089, "28": 0.8429339528083801, "29": 0.8136832118034363, "30": 0.8381394743919373, "31": 0.8312652707099915, "32": 0.8219146132469177, "33": 0.8344395756721497, "34": 0.791243314743042, "35": 0.8492318987846375, "36": 0.8257791996002197, "37": 0.79656982421875, "38": 0.8523082733154297, "39": 0.8464056849479675, "40": 0.8355002403259277, "41": 0.8588737845420837, "42": 0.8574514389038086, "43": 0.8445208668708801, "44": 0.8553231358528137, "45": 0.8400774002075195, "46": 0.8494575619697571, "47": 0.8108904957771301, "48": 0.858089029788971, "49": 0.8207604289054871, "50": 0.8576776385307312, "51": 0.8428702354431152, "52": 0.8394832611083984, "53": 0.8548086285591125, "54": 0.8381412625312805, "55": 0.8535221219062805, "56": 0.8289330005645752, "57": 0.8427714705467224, "58": 0.8501486778259277, "59": 0.8548958897590637, "60": 0.8631049990653992, "61": 0.8581042289733887, "62": 0.8435372710227966, "63": 0.8291857242584229, "64": 0.763044536113739, "65": 0.8433501720428467, "66": 0.8372392654418945, "67": 0.7996465563774109, "68": 0.8346378207206726, "69": 0.8612753748893738, "70": 0.8545775413513184, "71": 0.8562352061271667, "72": 0.8547959923744202, "73": 0.8091500401496887, "74": 0.8504653573036194, "75": 0.8255293965339661, "76": 0.8488431572914124, "77": 0.848227322101593, "78": 0.8296516537666321, "79": 0.838941752910614, "80": 0.8513667583465576}