{"1": 0.626370906829834, "2": 0.7329559326171875, "3": 0.7062258124351501, "4": 0.7302106022834778, "5": 0.7642889022827148, "6": 0.7587574124336243, "7": 0.7999278903007507, "8": 0.8003804087638855, "9": 0.8145219683647156, "10": 0.8137661814689636, "11": 0.8185284733772278, "12": 0.7911590933799744, "13": 0.8330090045928955, "14": 0.805026113986969, "15": 0.8401047587394714, "16": 0.8320715427398682, "17": 0.8369511961936951, "18": 0.8455429077148438, "19": 0.845086395740509, "20": 0.8268340229988098, "21": 0.8168854713439941, "22": 0.8436478972434998, "23": 0.84964919090271, "24": 0.8353989124298096, "25": 0.8391641974449158, "26": 0.8542763590812683, "27": 0.8369572758674622, "28": 0.8449084162712097, "29": 0.8513622879981995, "30": 0.8498525619506836, "31": 0.8440976738929749, "32": 0.8506565690040588, "33": 0.8397223949432373, "34": 0.8360689282417297, "35": 0.8547219634056091, "36": 0.8500687479972839, "37": 0.8491225838661194, "38": 0.8398517966270447, "39": 0.8604476451873779, "40": 0.8549366593360901, "41": 0.8440039157867432, "42": 0.8462703227996826, "43": 0.8273565769195557, "44": 0.8354085087776184, "45": 0.8350465297698975, "46": 0.8561911582946777, "47": 0.8492292761802673, "48": 0.841662585735321, "49": 0.8542173504829407, "50": 0.86014723777771, "51": 0.8429945111274719, "52": 0.8474218249320984, "53": 0.8427868485450745, "54": 0.8345732092857361, "55": 0.8541353344917297, "56": 0.8657748103141785, "57": 0.8497584462165833, "58": 0.8474647402763367, "59": 0.8514016270637512, "60": 0.8652593493461609, "61": 0.8424986004829407, "62": 0.8458096981048584, "63": 0.827730655670166, "64": 0.843255341053009, "65": 0.852962076663971, "66": 0.8552009463310242, "67": 0.8645896911621094, "68": 0.8389716148376465, "69": 0.849506676197052, "70": 0.8499271869659424, "71": 0.8525534272193909, "72": 0.8590319752693176, "73": 0.8420410752296448, "74": 0.8527446389198303, "75": 0.8543172478675842, "76": 0.8354926705360413, "77": 0.8476578593254089, "78": 0.8452921509742737, "79": 0.8428137898445129, "80": 0.8499330878257751}