{"1": 0.6273446083068848, "2": 0.6824629306793213, "3": 0.7100412249565125, "4": 0.7455902695655823, "5": 0.7706467509269714, "6": 0.700573205947876, "7": 0.8230965733528137, "8": 0.8028097152709961, "9": 0.8339918255805969, "10": 0.8068477511405945, "11": 0.8241859078407288, "12": 0.8325092196464539, "13": 0.7898314595222473, "14": 0.8119656443595886, "15": 0.8153871893882751, "16": 0.8049044609069824, "17": 0.8196597099304199, "18": 0.8089796900749207, "19": 0.846794605255127, "20": 0.8238167762756348, "21": 0.8161694407463074, "22": 0.8237544894218445, "23": 0.8227261900901794, "24": 0.8318108916282654, "25": 0.8384876251220703, "26": 0.8394489288330078, "27": 0.8466667532920837, "28": 0.8409611582756042, "29": 0.8423439860343933, "30": 0.8633634448051453, "31": 0.8486680388450623, "32": 0.8620095252990723, "33": 0.8580982089042664, "34": 0.8544425368309021, "35": 0.8518646359443665, "36": 0.8292396068572998, "37": 0.8628981113433838, "38": 0.8091558814048767, "39": 0.8569350242614746, "40": 0.8509876728057861, "41": 0.8639130592346191, "42": 0.8606436848640442, "43": 0.8389920592308044, "44": 0.8503691554069519, "45": 0.8578476905822754, "46": 0.8611955642700195, "47": 0.8486972451210022, "48": 0.8530851006507874, "49": 0.8351845741271973, "50": 0.8657891750335693, "51": 0.8550894260406494, "52": 0.864800751209259, "53": 0.8700089454650879, "54": 0.8598001003265381, "55": 0.7927567958831787, "56": 0.8691856861114502, "57": 0.809809684753418, "58": 0.8429798483848572, "59": 0.8502524495124817, "60": 0.8648145198822021, "61": 0.848494827747345, "62": 0.8381678462028503, "63": 0.85867840051651, "64": 0.8563639521598816, "65": 0.8478937745094299, "66": 0.8752257823944092, "67": 0.8340155482292175, "68": 0.8325459957122803, "69": 0.8523405194282532, "70": 0.863591194152832, "71": 0.8609532713890076, "72": 0.8722425103187561, "73": 0.868277370929718, "74": 0.8237856030464172, "75": 0.8534793853759766, "76": 0.8548354506492615, "77": 0.8566362857818604, "78": 0.8328444361686707, "79": 0.8541049361228943, "80": 0.8577916622161865}