{"1": 0.5602060556411743, "2": 0.5057350397109985, "3": 0.48504242300987244, "4": 0.412769079208374, "5": 0.4307859539985657, "6": 0.37931621074676514, "7": 0.429180383682251, "8": 0.423989474773407, "9": 0.3458706736564636, "10": 0.3530564606189728, "11": 0.3494037985801697, "12": 0.33713364601135254, "13": 0.3758193850517273, "14": 0.34947025775909424, "15": 0.38893210887908936, "16": 0.3181418776512146, "17": 0.4013069272041321, "18": 0.3309731185436249, "19": 0.33638542890548706, "20": 0.3136308491230011, "21": 0.4079735279083252, "22": 0.38305559754371643, "23": 0.34864306449890137, "24": 0.3200608491897583, "25": 0.29444271326065063, "26": 0.3613235354423523, "27": 0.3029187023639679, "28": 0.3025078773498535, "29": 0.3249607980251312, "30": 0.27425652742385864, "31": 0.2833145558834076, "32": 0.30937105417251587, "33": 0.3367668688297272, "34": 0.2714129388332367, "35": 0.3953651785850525, "36": 0.26985540986061096, "37": 0.3642686903476715, "38": 0.35047510266304016, "39": 0.40964728593826294, "40": 0.3317142426967621, "41": 0.2913910746574402, "42": 0.36965617537498474, "43": 0.3085628151893616, "44": 0.33945944905281067, "45": 0.2781387269496918, "46": 0.31082388758659363, "47": 0.33857521414756775, "48": 0.3849502205848694, "49": 0.28239890933036804, "50": 0.45891809463500977, "51": 0.34661173820495605, "52": 0.32416415214538574, "53": 0.3862449824810028, "54": 0.3341495394706726, "55": 0.3759605288505554, "56": 0.31796449422836304, "57": 0.3484184741973877, "58": 0.37144017219543457, "59": 0.4868202805519104, "60": 0.3798666298389435, "61": 0.4520986080169678, "62": 0.3488852381706238, "63": 0.39668506383895874, "64": 0.32184070348739624, "65": 0.2760755717754364, "66": 0.46470317244529724, "67": 0.5045241713523865, "68": 0.3585869073867798, "69": 0.35952407121658325, "70": 0.3722873032093048, "71": 0.42500370740890503, "72": 0.4261012077331543, "73": 0.4835606515407562, "74": 0.42272719740867615, "75": 0.3995571434497833, "76": 0.39097511768341064, "77": 0.46803608536720276, "78": 0.4929845333099365, "79": 0.3755578100681305, "80": 0.39638015627861023}