{"1": 0.37724971771240234, "2": 0.48737022280693054, "3": 0.6391409039497375, "4": 0.6127081513404846, "5": 0.6175282597541809, "6": 0.6797865033149719, "7": 0.654551088809967, "8": 0.6899876594543457, "9": 0.6327229142189026, "10": 0.6646329760551453, "11": 0.612471342086792, "12": 0.6190327405929565, "13": 0.6142413020133972, "14": 0.6333686709403992, "15": 0.49224793910980225, "16": 0.6766424179077148, "17": 0.6983318328857422, "18": 0.5455277562141418, "19": 0.5947328805923462, "20": 0.5646176338195801, "21": 0.6846292614936829, "22": 0.6796016693115234, "23": 0.6864354610443115, "24": 0.6730899810791016, "25": 0.6823151111602783, "26": 0.6029309630393982, "27": 0.6969757676124573, "28": 0.7131931185722351, "29": 0.6989675164222717, "30": 0.6284860968589783, "31": 0.6945051550865173, "32": 0.6992673277854919, "33": 0.7066019177436829, "34": 0.6509952545166016, "35": 0.7143273949623108, "36": 0.6923142075538635, "37": 0.5875610709190369, "38": 0.6864449381828308, "39": 0.6778407096862793, "40": 0.6824498772621155, "41": 0.6936108469963074, "42": 0.6086614727973938, "43": 0.7082100510597229, "44": 0.7099480032920837, "45": 0.6882851719856262, "46": 0.7227721810340881, "47": 0.6786149144172668, "48": 0.6998957991600037, "49": 0.7089067101478577, "50": 0.6762544512748718, "51": 0.7254848480224609, "52": 0.6609496474266052, "53": 0.6960919499397278, "54": 0.7265234589576721, "55": 0.6999156475067139, "56": 0.6922963261604309, "57": 0.6605846285820007, "58": 0.6594284772872925, "59": 0.7137224078178406, "60": 0.7045108675956726, "61": 0.6968479156494141, "62": 0.7267209887504578, "63": 0.7093780636787415, "64": 0.697441816329956, "65": 0.7151017189025879, "66": 0.7165711522102356, "67": 0.7368438243865967, "68": 0.6676889061927795, "69": 0.7289376258850098, "70": 0.6825087666511536, "71": 0.6684638857841492, "72": 0.7394275069236755, "73": 0.6637713313102722, "74": 0.7068199515342712, "75": 0.7108758091926575, "76": 0.7325542569160461, "77": 0.7092704772949219, "78": 0.6998932361602783, "79": 0.6969682574272156, "80": 0.6568769812583923}