{"1": 0.5261579155921936, "2": 0.5687193274497986, "3": 0.6180889010429382, "4": 0.6104056239128113, "5": 0.6690875887870789, "6": 0.6495838761329651, "7": 0.6622787117958069, "8": 0.6591346263885498, "9": 0.6321813464164734, "10": 0.6868144869804382, "11": 0.6695425510406494, "12": 0.6800007820129395, "13": 0.6960557103157043, "14": 0.63413405418396, "15": 0.6518471240997314, "16": 0.7233569025993347, "17": 0.6693587303161621, "18": 0.6944494247436523, "19": 0.6205112934112549, "20": 0.652449905872345, "21": 0.6945619583129883, "22": 0.665596067905426, "23": 0.7211176753044128, "24": 0.713510274887085, "25": 0.7038179039955139, "26": 0.7101632952690125, "27": 0.7128078937530518, "28": 0.7225086092948914, "29": 0.7187051177024841, "30": 0.7368254661560059, "31": 0.7034632563591003, "32": 0.7112307548522949, "33": 0.6599205136299133, "34": 0.7215945720672607, "35": 0.7339391708374023, "36": 0.7109830379486084, "37": 0.7362527847290039, "38": 0.7168774008750916, "39": 0.6854240298271179, "40": 0.7200846076011658, "41": 0.6875371932983398, "42": 0.7048563957214355, "43": 0.692674458026886, "44": 0.7451274991035461, "45": 0.7047352194786072, "46": 0.6683599948883057, "47": 0.6899833679199219, "48": 0.6914222836494446, "49": 0.6582902669906616, "50": 0.6672715544700623, "51": 0.7387349009513855, "52": 0.7147014737129211, "53": 0.7263374328613281, "54": 0.6830962300300598, "55": 0.6850805878639221, "56": 0.6872744560241699, "57": 0.7230517864227295, "58": 0.7098307609558105, "59": 0.7170400023460388, "60": 0.7108235955238342, "61": 0.7183529734611511, "62": 0.7178859710693359, "63": 0.7112836241722107, "64": 0.6550803780555725, "65": 0.72749263048172, "66": 0.72855144739151, "67": 0.713789165019989, "68": 0.7354671359062195, "69": 0.6941153407096863, "70": 0.6975905895233154, "71": 0.7037747502326965, "72": 0.6980516910552979, "73": 0.7171199917793274, "74": 0.7017011046409607, "75": 0.7154363989830017, "76": 0.7256984710693359, "77": 0.7009835839271545, "78": 0.6910101771354675, "79": 0.7000823020935059, "80": 0.7408739924430847}