{"1": 0.6527074575424194, "2": 0.5252383947372437, "3": 0.4355122447013855, "4": 0.41326650977134705, "5": 0.38467004895210266, "6": 0.38449588418006897, "7": 0.38556766510009766, "8": 0.36942753195762634, "9": 0.3606935143470764, "10": 0.3468940854072571, "11": 0.34109893441200256, "12": 0.3681623637676239, "13": 0.3447072505950928, "14": 0.3132154643535614, "15": 0.3288589417934418, "16": 0.34486424922943115, "17": 0.3087896406650543, "18": 0.3221319317817688, "19": 0.3353498876094818, "20": 0.30747103691101074, "21": 0.304969847202301, "22": 0.333705872297287, "23": 0.3222048878669739, "24": 0.3364447057247162, "25": 0.3632616400718689, "26": 0.30953046679496765, "27": 0.3127744793891907, "28": 0.36248257756233215, "29": 0.32847872376441956, "30": 0.3297126293182373, "31": 0.3741013705730438, "32": 0.3161008656024933, "33": 0.3218469023704529, "34": 0.30826133489608765, "35": 0.31501126289367676, "36": 0.3273361325263977, "37": 0.37429454922676086, "38": 0.36944013833999634, "39": 0.30162960290908813, "40": 0.36048227548599243, "41": 0.33779677748680115, "42": 0.32262739539146423, "43": 0.331066757440567, "44": 0.32087552547454834, "45": 0.3547104001045227, "46": 0.3607307970523834, "47": 0.39172324538230896, "48": 0.353215754032135, "49": 0.3486071228981018, "50": 0.33667537569999695, "51": 0.3212660551071167, "52": 0.30941182374954224, "53": 0.3821539878845215, "54": 0.3763777017593384, "55": 0.4336791932582855, "56": 0.3515789210796356, "57": 0.4115402102470398, "58": 0.4148491322994232, "59": 0.42965516448020935, "60": 0.3985106348991394, "61": 0.3384149968624115, "62": 0.41754150390625, "63": 0.4221383035182953, "64": 0.4128573536872864, "65": 0.4179868698120117, "66": 0.4141501486301422, "67": 0.41997766494750977, "68": 0.43234187364578247, "69": 0.5069969892501831, "70": 0.49454817175865173, "71": 0.4121003746986389, "72": 0.4684690535068512, "73": 0.3918956518173218, "74": 0.44937556982040405, "75": 0.4523544907569885, "76": 0.4779730439186096, "77": 0.49151811003685, "78": 0.5501500964164734, "79": 0.45579391717910767, "80": 0.4750438332557678}