{"1": 0.6579515337944031, "2": 0.7089636921882629, "3": 0.7593361735343933, "4": 0.7446334958076477, "5": 0.7967836260795593, "6": 0.7700220942497253, "7": 0.7692916989326477, "8": 0.7989330887794495, "9": 0.7803274989128113, "10": 0.822114884853363, "11": 0.8121375441551208, "12": 0.8248270153999329, "13": 0.8279749751091003, "14": 0.7921464443206787, "15": 0.8003929257392883, "16": 0.8497559428215027, "17": 0.8187734484672546, "18": 0.8365246653556824, "19": 0.7805553078651428, "20": 0.8060786724090576, "21": 0.8321385979652405, "22": 0.8244809508323669, "23": 0.8568866848945618, "24": 0.8526134490966797, "25": 0.827471911907196, "26": 0.8529680371284485, "27": 0.8511428833007812, "28": 0.8444811701774597, "29": 0.8399455547332764, "30": 0.858123779296875, "31": 0.8509184718132019, "32": 0.8436312079429626, "33": 0.8255497813224792, "34": 0.8566396236419678, "35": 0.8593969941139221, "36": 0.8577330708503723, "37": 0.8633297085762024, "38": 0.8510330319404602, "39": 0.8390559554100037, "40": 0.8565673232078552, "41": 0.8313872218132019, "42": 0.848243236541748, "43": 0.8370158076286316, "44": 0.8635026812553406, "45": 0.834433376789093, "46": 0.8254513144493103, "47": 0.8375146985054016, "48": 0.8410999774932861, "49": 0.815904438495636, "50": 0.8247478008270264, "51": 0.8635997176170349, "52": 0.8544953465461731, "53": 0.8620285987854004, "54": 0.8437666893005371, "55": 0.839817464351654, "56": 0.840887725353241, "57": 0.8561241626739502, "58": 0.8558406233787537, "59": 0.8538796305656433, "60": 0.8554956316947937, "61": 0.8552799224853516, "62": 0.8602421879768372, "63": 0.845397412776947, "64": 0.8156497478485107, "65": 0.8453252911567688, "66": 0.8611689209938049, "67": 0.8483872413635254, "68": 0.8563721179962158, "69": 0.8428294062614441, "70": 0.8435719609260559, "71": 0.8465340733528137, "72": 0.8462817072868347, "73": 0.854783296585083, "74": 0.8410053253173828, "75": 0.8429760932922363, "76": 0.8621890544891357, "77": 0.8492335677146912, "78": 0.8394545912742615, "79": 0.846289336681366, "80": 0.8601784706115723}