{"1": 0.6088552474975586, "2": 0.6646454930305481, "3": 0.7793383002281189, "4": 0.7706329226493835, "5": 0.7999060750007629, "6": 0.7928049564361572, "7": 0.7819351553916931, "8": 0.7994792461395264, "9": 0.8043842315673828, "10": 0.8134192824363708, "11": 0.8157086372375488, "12": 0.816113293170929, "13": 0.8300790786743164, "14": 0.8332914710044861, "15": 0.829300582408905, "16": 0.8184073567390442, "17": 0.8441745638847351, "18": 0.8433709144592285, "19": 0.8353937268257141, "20": 0.8371720314025879, "21": 0.8504273891448975, "22": 0.8318836688995361, "23": 0.8361495137214661, "24": 0.8362720608711243, "25": 0.8088151812553406, "26": 0.8488152623176575, "27": 0.8452324867248535, "28": 0.834749162197113, "29": 0.8424592614173889, "30": 0.8508049845695496, "31": 0.8255634307861328, "32": 0.8518531918525696, "33": 0.8513725399971008, "34": 0.8586409687995911, "35": 0.8543429374694824, "36": 0.8439786434173584, "37": 0.8266589641571045, "38": 0.8366803526878357, "39": 0.854227602481842, "40": 0.831384003162384, "41": 0.8451425433158875, "42": 0.8571354746818542, "43": 0.8317272067070007, "44": 0.8530884385108948, "45": 0.8365493416786194, "46": 0.8446003794670105, "47": 0.8339559435844421, "48": 0.8363681435585022, "49": 0.8462795615196228, "50": 0.8474288582801819, "51": 0.8571584820747375, "52": 0.8582046627998352, "53": 0.8399603962898254, "54": 0.8458146452903748, "55": 0.829681396484375, "56": 0.8432509899139404, "57": 0.8250419497489929, "58": 0.831697404384613, "59": 0.8338115811347961, "60": 0.8308117985725403, "61": 0.841224730014801, "62": 0.8397409319877625, "63": 0.8276112079620361, "64": 0.8323678374290466, "65": 0.8398603796958923, "66": 0.8319172859191895, "67": 0.8334022164344788, "68": 0.830653190612793, "69": 0.8033594489097595, "70": 0.8220586776733398, "71": 0.8248538970947266, "72": 0.8319212794303894, "73": 0.83372563123703, "74": 0.8349733948707581, "75": 0.8341501355171204, "76": 0.8267363905906677, "77": 0.8324446678161621, "78": 0.8179821372032166, "79": 0.8319743275642395, "80": 0.8376758694648743}