{"1": 0.4996504783630371, "2": 0.5423902869224548, "3": 0.6545320749282837, "4": 0.6552184224128723, "5": 0.6747586131095886, "6": 0.653506338596344, "7": 0.6447144150733948, "8": 0.6652933955192566, "9": 0.6650264263153076, "10": 0.6809733510017395, "11": 0.6826965808868408, "12": 0.6689543724060059, "13": 0.6769914031028748, "14": 0.7157096862792969, "15": 0.6910252571105957, "16": 0.6756057143211365, "17": 0.7226536870002747, "18": 0.70266193151474, "19": 0.6825995445251465, "20": 0.7156140208244324, "21": 0.7159035801887512, "22": 0.6901588439941406, "23": 0.6937735676765442, "24": 0.7090545296669006, "25": 0.6571159958839417, "26": 0.7166216969490051, "27": 0.7117753028869629, "28": 0.6774370670318604, "29": 0.6906219124794006, "30": 0.7067224383354187, "31": 0.6707479953765869, "32": 0.7143006920814514, "33": 0.7067967057228088, "34": 0.7237882018089294, "35": 0.7159673571586609, "36": 0.7049497961997986, "37": 0.6796681880950928, "38": 0.6864123940467834, "39": 0.7325380444526672, "40": 0.6770374178886414, "41": 0.7035086750984192, "42": 0.7248709201812744, "43": 0.7040614485740662, "44": 0.725789487361908, "45": 0.6947147250175476, "46": 0.6977323889732361, "47": 0.6869938969612122, "48": 0.706695556640625, "49": 0.7059422135353088, "50": 0.713671863079071, "51": 0.7293418049812317, "52": 0.7423381805419922, "53": 0.7007207870483398, "54": 0.7024126052856445, "55": 0.6716720461845398, "56": 0.7077004909515381, "57": 0.6749371886253357, "58": 0.6821629405021667, "59": 0.6788474917411804, "60": 0.6875444054603577, "61": 0.722926139831543, "62": 0.6873788833618164, "63": 0.6851072311401367, "64": 0.6847853660583496, "65": 0.6957040429115295, "66": 0.6863076090812683, "67": 0.6914765238761902, "68": 0.6857824921607971, "69": 0.6473047137260437, "70": 0.6637918949127197, "71": 0.6882557272911072, "72": 0.6846231818199158, "73": 0.7096285820007324, "74": 0.6941305994987488, "75": 0.6957264542579651, "76": 0.6834326386451721, "77": 0.6771755218505859, "78": 0.662269115447998, "79": 0.6809183955192566, "80": 0.6968998908996582}