{"1": 0.509555995464325, "2": 0.5678591132164001, "3": 0.5746236443519592, "4": 0.6032834649085999, "5": 0.6320191025733948, "6": 0.587604284286499, "7": 0.7124040722846985, "8": 0.6774240136146545, "9": 0.7103225588798523, "10": 0.6798951029777527, "11": 0.6799449920654297, "12": 0.6910845637321472, "13": 0.6307403445243835, "14": 0.6786165833473206, "15": 0.6746575236320496, "16": 0.6728736758232117, "17": 0.6907661557197571, "18": 0.6516399383544922, "19": 0.7260902523994446, "20": 0.6673161387443542, "21": 0.6570681929588318, "22": 0.6728160977363586, "23": 0.6839370727539062, "24": 0.6701087355613708, "25": 0.6815609335899353, "26": 0.6850271224975586, "27": 0.736945629119873, "28": 0.6995859146118164, "29": 0.6929172873497009, "30": 0.7336634993553162, "31": 0.7227926850318909, "32": 0.7354804873466492, "33": 0.7531251907348633, "34": 0.7203342914581299, "35": 0.7465205192565918, "36": 0.6712731719017029, "37": 0.7233757376670837, "38": 0.6453644037246704, "39": 0.7070581912994385, "40": 0.7272852063179016, "41": 0.7311822772026062, "42": 0.7195345759391785, "43": 0.6952356696128845, "44": 0.7028761506080627, "45": 0.7331030368804932, "46": 0.7447938919067383, "47": 0.7038135528564453, "48": 0.7103380560874939, "49": 0.6790471076965332, "50": 0.7554418444633484, "51": 0.7175772190093994, "52": 0.7241733074188232, "53": 0.7507590651512146, "54": 0.7382938861846924, "55": 0.6176414489746094, "56": 0.7538822293281555, "57": 0.6504107117652893, "58": 0.6914395689964294, "59": 0.6983998417854309, "60": 0.7482250332832336, "61": 0.7010502815246582, "62": 0.6993484497070312, "63": 0.7315616607666016, "64": 0.7219335436820984, "65": 0.7086853981018066, "66": 0.7578086853027344, "67": 0.6704238057136536, "68": 0.692188024520874, "69": 0.7258026599884033, "70": 0.7305260300636292, "71": 0.7296381592750549, "72": 0.7505979537963867, "73": 0.7173168659210205, "74": 0.6667888164520264, "75": 0.7055802941322327, "76": 0.7215661406517029, "77": 0.7156932353973389, "78": 0.676872193813324, "79": 0.7206469178199768, "80": 0.7444043755531311}