{"1": 0.5581876635551453, "2": 0.5896963477134705, "3": 0.5718031525611877, "4": 0.6370899677276611, "5": 0.5952590107917786, "6": 0.5686808228492737, "7": 0.6131165623664856, "8": 0.659332811832428, "9": 0.6185457110404968, "10": 0.6695235371589661, "11": 0.6608655452728271, "12": 0.6123221516609192, "13": 0.6499333381652832, "14": 0.6870895028114319, "15": 0.6732874512672424, "16": 0.7015471458435059, "17": 0.6877894401550293, "18": 0.7191169261932373, "19": 0.6671202778816223, "20": 0.6990113258361816, "21": 0.6893962025642395, "22": 0.690925121307373, "23": 0.6980149149894714, "24": 0.6922281384468079, "25": 0.6910437941551208, "26": 0.6606360077857971, "27": 0.6743130683898926, "28": 0.7146403193473816, "29": 0.7051181197166443, "30": 0.7003741264343262, "31": 0.6753838658332825, "32": 0.6985266208648682, "33": 0.7008886337280273, "34": 0.6922013759613037, "35": 0.7327871918678284, "36": 0.7092173099517822, "37": 0.7098352313041687, "38": 0.7202215790748596, "39": 0.661421000957489, "40": 0.6947053074836731, "41": 0.6893938183784485, "42": 0.7089660167694092, "43": 0.7271754145622253, "44": 0.7135433554649353, "45": 0.7102877497673035, "46": 0.6925281882286072, "47": 0.7125652432441711, "48": 0.7264406681060791, "49": 0.7102624773979187, "50": 0.7041137218475342, "51": 0.7212514877319336, "52": 0.6845347285270691, "53": 0.7287700772285461, "54": 0.6948800683021545, "55": 0.702573835849762, "56": 0.7112167477607727, "57": 0.730597198009491, "58": 0.6963476538658142, "59": 0.7192831039428711, "60": 0.7239800095558167, "61": 0.7306665778160095, "62": 0.6931508183479309, "63": 0.6825852394104004, "64": 0.7244210243225098, "65": 0.708489179611206, "66": 0.708454430103302, "67": 0.7156804203987122, "68": 0.6973488926887512, "69": 0.7024446129798889, "70": 0.6891582608222961, "71": 0.714259147644043, "72": 0.7278206944465637, "73": 0.7213245034217834, "74": 0.7000463604927063, "75": 0.710935115814209, "76": 0.7068209648132324, "77": 0.7246587872505188, "78": 0.6952643394470215, "79": 0.6949748992919922, "80": 0.7069480419158936}