{"1": 0.6973457336425781, "2": 0.7557815909385681, "3": 0.68290114402771, "4": 0.7340748906135559, "5": 0.7155659794807434, "6": 0.7034135460853577, "7": 0.7622548937797546, "8": 0.7760116457939148, "9": 0.7940101027488708, "10": 0.8114137649536133, "11": 0.7714536190032959, "12": 0.7915557026863098, "13": 0.823576033115387, "14": 0.8088469505310059, "15": 0.823373019695282, "16": 0.8073520660400391, "17": 0.7979263663291931, "18": 0.8088910579681396, "19": 0.8067331314086914, "20": 0.8157475590705872, "21": 0.8198926448822021, "22": 0.8189569115638733, "23": 0.8467687964439392, "24": 0.8146090507507324, "25": 0.8266032338142395, "26": 0.8274229168891907, "27": 0.8373095393180847, "28": 0.813410222530365, "29": 0.8258399963378906, "30": 0.8322146534919739, "31": 0.8265953063964844, "32": 0.8092723488807678, "33": 0.7959352135658264, "34": 0.8293827176094055, "35": 0.810504674911499, "36": 0.8246949315071106, "37": 0.813572108745575, "38": 0.8397402763366699, "39": 0.8024783134460449, "40": 0.8333806395530701, "41": 0.8158274292945862, "42": 0.8453950881958008, "43": 0.8290463089942932, "44": 0.8382161259651184, "45": 0.8080287575721741, "46": 0.8242769241333008, "47": 0.8276541829109192, "48": 0.8301081657409668, "49": 0.8292822241783142, "50": 0.8357052803039551, "51": 0.7956454753875732, "52": 0.8215060234069824, "53": 0.8321084380149841, "54": 0.8262457847595215, "55": 0.8184638023376465, "56": 0.8222082257270813, "57": 0.8256710171699524, "58": 0.851885974407196, "59": 0.8254005312919617, "60": 0.8317338824272156, "61": 0.8224441409111023, "62": 0.8340609073638916, "63": 0.8312296867370605, "64": 0.8451412320137024, "65": 0.8163788914680481, "66": 0.8001075387001038, "67": 0.8268939852714539, "68": 0.8317103981971741, "69": 0.8137919306755066, "70": 0.8300848603248596, "71": 0.8257505297660828, "72": 0.836555004119873, "73": 0.8335275650024414, "74": 0.8342522978782654, "75": 0.8490753173828125, "76": 0.8134883046150208, "77": 0.8128249049186707, "78": 0.8147494792938232, "79": 0.8277614712715149, "80": 0.8197414875030518}