{"1": 0.4731655716896057, "2": 0.43599170446395874, "3": 0.4980071485042572, "4": 0.4299343228340149, "5": 0.4509833753108978, "6": 0.4923331141471863, "7": 0.4011104702949524, "8": 0.3839988112449646, "9": 0.37813737988471985, "10": 0.3525083363056183, "11": 0.398936003446579, "12": 0.38475900888442993, "13": 0.33034616708755493, "14": 0.3563380837440491, "15": 0.3319208025932312, "16": 0.3374081254005432, "17": 0.3791661560535431, "18": 0.35375726222991943, "19": 0.34526288509368896, "20": 0.3445737361907959, "21": 0.3134978413581848, "22": 0.3323286175727844, "23": 0.32394859194755554, "24": 0.34347379207611084, "25": 0.3111130893230438, "26": 0.3513322174549103, "27": 0.307513028383255, "28": 0.384398877620697, "29": 0.3337903916835785, "30": 0.33865875005722046, "31": 0.3607417941093445, "32": 0.3903418183326721, "33": 0.4292236268520355, "34": 0.3690935969352722, "35": 0.32484516501426697, "36": 0.3828774392604828, "37": 0.4126797318458557, "38": 0.31347811222076416, "39": 0.2996934950351715, "40": 0.39786267280578613, "41": 0.31125813722610474, "42": 0.3250093460083008, "43": 0.4178941249847412, "44": 0.40719595551490784, "45": 0.47751522064208984, "46": 0.4463200569152832, "47": 0.40261825919151306, "48": 0.45592251420021057, "49": 0.43724194169044495, "50": 0.3258363604545593, "51": 0.5248885154724121, "52": 0.5179184079170227, "53": 0.3899660110473633, "54": 0.34963974356651306, "55": 0.4588828980922699, "56": 0.4651058316230774, "57": 0.5597881078720093, "58": 0.3915187418460846, "59": 0.5756896734237671, "60": 0.42696982622146606, "61": 0.43741291761398315, "62": 0.4035777449607849, "63": 0.47369346022605896, "64": 0.41622671484947205, "65": 0.5936566591262817, "66": 0.7085030674934387, "67": 0.4740571975708008, "68": 0.5705065727233887, "69": 0.590318500995636, "70": 0.4291396737098694, "71": 0.5531619191169739, "72": 0.5249596238136292, "73": 0.5850833058357239, "74": 0.6210997104644775, "75": 0.49371424317359924, "76": 0.5868710279464722, "77": 0.6836277842521667, "78": 0.520185112953186, "79": 0.524316668510437, "80": 0.7388113737106323}