{"1": 0.6575023531913757, "2": 0.7256869673728943, "3": 0.7121474146842957, "4": 0.7731584906578064, "5": 0.7282641530036926, "6": 0.7198419570922852, "7": 0.7486092448234558, "8": 0.7743774056434631, "9": 0.7452204823493958, "10": 0.8176584243774414, "11": 0.8037910461425781, "12": 0.7665717601776123, "13": 0.8013791441917419, "14": 0.7959932684898376, "15": 0.8087596297264099, "16": 0.8264715671539307, "17": 0.8128914833068848, "18": 0.8453857898712158, "19": 0.8001142144203186, "20": 0.835980236530304, "21": 0.8277335166931152, "22": 0.8328197002410889, "23": 0.8295049667358398, "24": 0.8365524411201477, "25": 0.8087232708930969, "26": 0.8210367560386658, "27": 0.8150483965873718, "28": 0.828902006149292, "29": 0.8444185853004456, "30": 0.8304814696311951, "31": 0.8311231732368469, "32": 0.826066792011261, "33": 0.8353686332702637, "34": 0.8240995407104492, "35": 0.8481139540672302, "36": 0.8469047546386719, "37": 0.8399605751037598, "38": 0.8448967933654785, "39": 0.8228306174278259, "40": 0.832873523235321, "41": 0.8305497169494629, "42": 0.8470029830932617, "43": 0.8514098525047302, "44": 0.8274357318878174, "45": 0.8407354354858398, "46": 0.8279164433479309, "47": 0.8399876952171326, "48": 0.8430884480476379, "49": 0.8354628086090088, "50": 0.8409538269042969, "51": 0.8495227694511414, "52": 0.8374031186103821, "53": 0.8387433886528015, "54": 0.8313872814178467, "55": 0.8360958099365234, "56": 0.8466537594795227, "57": 0.8600289225578308, "58": 0.8445170521736145, "59": 0.854473888874054, "60": 0.8574480414390564, "61": 0.8598265647888184, "62": 0.839167058467865, "63": 0.8333621621131897, "64": 0.8479682803153992, "65": 0.8359103202819824, "66": 0.8441526293754578, "67": 0.853874683380127, "68": 0.8371575474739075, "69": 0.8505549430847168, "70": 0.8409623503684998, "71": 0.8545212745666504, "72": 0.8559684753417969, "73": 0.8543779253959656, "74": 0.836451530456543, "75": 0.8506684303283691, "76": 0.8415500521659851, "77": 0.8536521792411804, "78": 0.8407252430915833, "79": 0.8387807011604309, "80": 0.8491262793540955}