{"1": 0.4930744767189026, "2": 0.43298402428627014, "3": 0.4555473327636719, "4": 0.3916444480419159, "5": 0.43616360425949097, "6": 0.4521499276161194, "7": 0.4402443468570709, "8": 0.3874681890010834, "9": 0.42565417289733887, "10": 0.3479868769645691, "11": 0.3585227429866791, "12": 0.4234329164028168, "13": 0.36075663566589355, "14": 0.3558025360107422, "15": 0.34875157475471497, "16": 0.3250996470451355, "17": 0.3294214606285095, "18": 0.3055303990840912, "19": 0.37120455503463745, "20": 0.31206417083740234, "21": 0.3305346369743347, "22": 0.3336007297039032, "23": 0.3266153037548065, "24": 0.31418171525001526, "25": 0.34521594643592834, "26": 0.3415946662425995, "27": 0.35332921147346497, "28": 0.2989577651023865, "29": 0.32208359241485596, "30": 0.3038817048072815, "31": 0.35584181547164917, "32": 0.3150698244571686, "33": 0.3350932002067566, "34": 0.3388363718986511, "35": 0.2868227958679199, "36": 0.33167147636413574, "37": 0.3221270442008972, "38": 0.3160911500453949, "39": 0.3637637794017792, "40": 0.36801809072494507, "41": 0.36347752809524536, "42": 0.36789876222610474, "43": 0.29506921768188477, "44": 0.3226845860481262, "45": 0.36153337359428406, "46": 0.3798559010028839, "47": 0.36231729388237, "48": 0.3048365116119385, "49": 0.35139453411102295, "50": 0.3751198351383209, "51": 0.35263678431510925, "52": 0.4771365225315094, "53": 0.30965450406074524, "54": 0.41735607385635376, "55": 0.40447840094566345, "56": 0.4434959292411804, "57": 0.3605039119720459, "58": 0.47570687532424927, "59": 0.42189401388168335, "60": 0.4341868758201599, "61": 0.36037829518318176, "62": 0.4726121425628662, "63": 0.5368411540985107, "64": 0.39712828397750854, "65": 0.423781156539917, "66": 0.46976226568222046, "67": 0.45708584785461426, "68": 0.5449628233909607, "69": 0.4629758298397064, "70": 0.5129467248916626, "71": 0.494290828704834, "72": 0.48905545473098755, "73": 0.5425202250480652, "74": 0.5619615316390991, "75": 0.5171421766281128, "76": 0.5607287883758545, "77": 0.4235135614871979, "78": 0.5806828737258911, "79": 0.5843351483345032, "80": 0.611677348613739}