{"1": 0.5029609799385071, "2": 0.441354900598526, "3": 0.498999685049057, "4": 0.3949345052242279, "5": 0.4110000729560852, "6": 0.3774913549423218, "7": 0.40097492933273315, "8": 0.3923031687736511, "9": 0.4480937421321869, "10": 0.4380790591239929, "11": 0.32378390431404114, "12": 0.3407047390937805, "13": 0.3401837944984436, "14": 0.3341604769229889, "15": 0.36855703592300415, "16": 0.37971603870391846, "17": 0.3183033764362335, "18": 0.3834797739982605, "19": 0.35452231764793396, "20": 0.31833118200302124, "21": 0.34684279561042786, "22": 0.3552597463130951, "23": 0.355877161026001, "24": 0.3021412789821625, "25": 0.33865147829055786, "26": 0.30935564637184143, "27": 0.2916741967201233, "28": 0.32080093026161194, "29": 0.3640809655189514, "30": 0.30167871713638306, "31": 0.3278173506259918, "32": 0.34291115403175354, "33": 0.33760198950767517, "34": 0.4006747603416443, "35": 0.30656516551971436, "36": 0.36327773332595825, "37": 0.35000425577163696, "38": 0.33772358298301697, "39": 0.31010833382606506, "40": 0.30377957224845886, "41": 0.43532490730285645, "42": 0.3360666036605835, "43": 0.32500603795051575, "44": 0.3311384916305542, "45": 0.3254022002220154, "46": 0.3258482813835144, "47": 0.3542208671569824, "48": 0.2940286099910736, "49": 0.3770787715911865, "50": 0.3848792314529419, "51": 0.2665484845638275, "52": 0.3115598261356354, "53": 0.3470894694328308, "54": 0.32583150267601013, "55": 0.35134729743003845, "56": 0.3723035454750061, "57": 0.3096712827682495, "58": 0.43426522612571716, "59": 0.3554357886314392, "60": 0.3468576669692993, "61": 0.3870667815208435, "62": 0.3049277365207672, "63": 0.4010694622993469, "64": 0.4094153344631195, "65": 0.4679456353187561, "66": 0.4414900243282318, "67": 0.48103100061416626, "68": 0.4000799059867859, "69": 0.47779422998428345, "70": 0.48423632979393005, "71": 0.36629027128219604, "72": 0.44270768761634827, "73": 0.5070318579673767, "74": 0.3724924921989441, "75": 0.5122784376144409, "76": 0.43272191286087036, "77": 0.6047844290733337, "78": 0.5828038454055786, "79": 0.5493079423904419, "80": 0.38067734241485596}