{"1": 0.5834459662437439, "2": 0.6174712181091309, "3": 0.5523796677589417, "4": 0.6224847435951233, "5": 0.6023175716400146, "6": 0.5658183097839355, "7": 0.6377561688423157, "8": 0.6543816328048706, "9": 0.6586989760398865, "10": 0.6869710087776184, "11": 0.621336817741394, "12": 0.6362242102622986, "13": 0.6955986022949219, "14": 0.6640346050262451, "15": 0.6864840984344482, "16": 0.6825191974639893, "17": 0.647160530090332, "18": 0.6772591471672058, "19": 0.7003140449523926, "20": 0.6845448613166809, "21": 0.7010349631309509, "22": 0.6911959648132324, "23": 0.7085311412811279, "24": 0.6832752823829651, "25": 0.7178843021392822, "26": 0.6812232136726379, "27": 0.7155821919441223, "28": 0.6666724681854248, "29": 0.685321033000946, "30": 0.7019487023353577, "31": 0.6838545799255371, "32": 0.6573016047477722, "33": 0.6195154190063477, "34": 0.6797192692756653, "35": 0.6975722312927246, "36": 0.6707019805908203, "37": 0.6652911305427551, "38": 0.7196939587593079, "39": 0.7010964751243591, "40": 0.6864494681358337, "41": 0.7068354487419128, "42": 0.7152244448661804, "43": 0.6646919250488281, "44": 0.697749137878418, "45": 0.637963593006134, "46": 0.6705816388130188, "47": 0.6799476146697998, "48": 0.6776456832885742, "49": 0.680820643901825, "50": 0.7008127570152283, "51": 0.6416332125663757, "52": 0.6549158096313477, "53": 0.698503315448761, "54": 0.6808819770812988, "55": 0.681495726108551, "56": 0.6683740615844727, "57": 0.6733408570289612, "58": 0.7164326310157776, "59": 0.6661695837974548, "60": 0.6981313228607178, "61": 0.6820608973503113, "62": 0.7051606178283691, "63": 0.6940703988075256, "64": 0.7079789638519287, "65": 0.6712241768836975, "66": 0.6319566369056702, "67": 0.6922329068183899, "68": 0.67325758934021, "69": 0.664691150188446, "70": 0.6952753663063049, "71": 0.6740822792053223, "72": 0.6930105686187744, "73": 0.6832577586174011, "74": 0.6848012804985046, "75": 0.7104238867759705, "76": 0.6668569445610046, "77": 0.6515642404556274, "78": 0.6800317168235779, "79": 0.6822572350502014, "80": 0.6670663952827454}