{"1": 0.6728747487068176, "2": 0.7312557697296143, "3": 0.6804399490356445, "4": 0.7551067471504211, "5": 0.7700331807136536, "6": 0.7903809547424316, "7": 0.7864787578582764, "8": 0.7984864115715027, "9": 0.7715368270874023, "10": 0.7414806485176086, "11": 0.8204934000968933, "12": 0.8188173770904541, "13": 0.8243608474731445, "14": 0.8119543194770813, "15": 0.7962486743927002, "16": 0.789223849773407, "17": 0.8320339322090149, "18": 0.8216791749000549, "19": 0.797385036945343, "20": 0.8453940749168396, "21": 0.8205621838569641, "22": 0.8284593224525452, "23": 0.8139106631278992, "24": 0.8397073745727539, "25": 0.8421666622161865, "26": 0.8489682078361511, "27": 0.8219777941703796, "28": 0.8019747138023376, "29": 0.8090298175811768, "30": 0.8385645747184753, "31": 0.844785213470459, "32": 0.8175198435783386, "33": 0.8376621603965759, "34": 0.781609296798706, "35": 0.8448596596717834, "36": 0.831695556640625, "37": 0.8099434971809387, "38": 0.8099134564399719, "39": 0.833409309387207, "40": 0.85030198097229, "41": 0.7961030602455139, "42": 0.8288736343383789, "43": 0.8521595001220703, "44": 0.8520252108573914, "45": 0.8287351727485657, "46": 0.838862419128418, "47": 0.8198310732841492, "48": 0.8347800374031067, "49": 0.8345059752464294, "50": 0.8154559135437012, "51": 0.8466458320617676, "52": 0.83987957239151, "53": 0.8426785469055176, "54": 0.843893826007843, "55": 0.8437626957893372, "56": 0.8431113362312317, "57": 0.8415625691413879, "58": 0.8357641100883484, "59": 0.8434090614318848, "60": 0.8512400984764099, "61": 0.8421334624290466, "62": 0.8398377299308777, "63": 0.8496279716491699, "64": 0.8436519503593445, "65": 0.8214223980903625, "66": 0.8246212005615234, "67": 0.8404667973518372, "68": 0.837759792804718, "69": 0.8260345458984375, "70": 0.8331872820854187, "71": 0.845753014087677, "72": 0.8428371548652649, "73": 0.8336284756660461, "74": 0.8395839333534241, "75": 0.8525391221046448, "76": 0.8508412837982178, "77": 0.8344421982765198, "78": 0.8371245265007019, "79": 0.8496106266975403, "80": 0.8571695685386658}