{"1": 0.5681136250495911, "2": 0.6159957051277161, "3": 0.5465250015258789, "4": 0.6487299799919128, "5": 0.6421599984169006, "6": 0.6709956526756287, "7": 0.6455298066139221, "8": 0.6596154570579529, "9": 0.6110618114471436, "10": 0.6021164655685425, "11": 0.7053205966949463, "12": 0.6834769248962402, "13": 0.6835863590240479, "14": 0.6888416409492493, "15": 0.6717297434806824, "16": 0.6653549671173096, "17": 0.7072187066078186, "18": 0.6617245078086853, "19": 0.6561247110366821, "20": 0.7109289169311523, "21": 0.6858122944831848, "22": 0.6777402758598328, "23": 0.6563685536384583, "24": 0.7036519646644592, "25": 0.6967451572418213, "26": 0.713862419128418, "27": 0.7246807217597961, "28": 0.693030059337616, "29": 0.6697821021080017, "30": 0.7127528786659241, "31": 0.6930027604103088, "32": 0.6682701110839844, "33": 0.6942207217216492, "34": 0.6344713568687439, "35": 0.705935537815094, "36": 0.6879693865776062, "37": 0.659865140914917, "38": 0.7052846550941467, "39": 0.7059052586555481, "40": 0.7114010453224182, "41": 0.634268045425415, "42": 0.6819837689399719, "43": 0.7188919186592102, "44": 0.7057506442070007, "45": 0.6884660124778748, "46": 0.6982757449150085, "47": 0.6634488701820374, "48": 0.7182765007019043, "49": 0.678811252117157, "50": 0.6609885096549988, "51": 0.7321639060974121, "52": 0.7201928496360779, "53": 0.7127143740653992, "54": 0.7191014289855957, "55": 0.7115342617034912, "56": 0.7108187675476074, "57": 0.7258217930793762, "58": 0.6814538836479187, "59": 0.7097797393798828, "60": 0.713055431842804, "61": 0.7103689312934875, "62": 0.7210248112678528, "63": 0.7114356160163879, "64": 0.7095293998718262, "65": 0.6663581728935242, "66": 0.6868286728858948, "67": 0.6980846524238586, "68": 0.7085649371147156, "69": 0.679492175579071, "70": 0.6960542798042297, "71": 0.7062616348266602, "72": 0.7029914259910583, "73": 0.6984971165657043, "74": 0.7086865901947021, "75": 0.7049250602722168, "76": 0.7141035199165344, "77": 0.6825098991394043, "78": 0.689908504486084, "79": 0.7089576721191406, "80": 0.7335443496704102}