{"Examples": {"_type": "images/separated", "width": 448, "height": 378, "format": "png", "count": 3, "captions": ["Image", "True Mask", "Predicted Mask"]}, "_step": 89, "_runtime": 21, "_timestamp": 1613687328, "Training Loss": 0.607147753238678, "graph_0": {"_type": "graph-file", "path": "media/graph/graph_0_summary_fc2eb83a.graph.json", "sha256": "fc2eb83ac93f844823cc118d34907b284d54996d8f649408719244e2f8fba28a", "size": 10050}, "Validation Loss": 0.9105152189731598, "Validation IoU": 0.436788409948349, "Validation Accuracy": 0.5957481861114502}