{"1": 0.4861811697483063, "2": 0.5558559894561768, "3": 0.5040501952171326, "4": 0.5863538384437561, "5": 0.5989986062049866, "6": 0.574023425579071, "7": 0.5938702821731567, "8": 0.5854269862174988, "9": 0.5718376040458679, "10": 0.6034836173057556, "11": 0.5794516205787659, "12": 0.6029536128044128, "13": 0.6055582165718079, "14": 0.6198722720146179, "15": 0.6032099723815918, "16": 0.6205311417579651, "17": 0.5932438373565674, "18": 0.5946165919303894, "19": 0.6246611475944519, "20": 0.618924617767334, "21": 0.5989953279495239, "22": 0.609595775604248, "23": 0.6077130436897278, "24": 0.6242833733558655, "25": 0.5759120583534241, "26": 0.6314266324043274, "27": 0.6059905290603638, "28": 0.6130085587501526, "29": 0.6119340658187866, "30": 0.6130333542823792, "31": 0.6113641858100891, "32": 0.6130062937736511, "33": 0.6151201725006104, "34": 0.6059837341308594, "35": 0.6121537089347839, "36": 0.618683397769928, "37": 0.6211945414543152, "38": 0.6149540543556213, "39": 0.6324382424354553, "40": 0.6159022450447083, "41": 0.6173405051231384, "42": 0.6297833323478699, "43": 0.6164842247962952, "44": 0.6059872508049011, "45": 0.6060906052589417, "46": 0.6213221549987793, "47": 0.6229583621025085, "48": 0.6223573684692383, "49": 0.6219145655632019, "50": 0.6219459772109985, "51": 0.6207186579704285, "52": 0.6260853409767151, "53": 0.6065524220466614, "54": 0.6266210675239563, "55": 0.6136832237243652, "56": 0.6181696057319641, "57": 0.6138399243354797, "58": 0.6318989396095276, "59": 0.6307746171951294, "60": 0.638206422328949, "61": 0.5544201731681824, "62": 0.5910530090332031, "63": 0.5983590483665466, "64": 0.5987818241119385, "65": 0.6069415211677551, "66": 0.6061549782752991, "67": 0.6127766966819763, "68": 0.6070639491081238, "69": 0.6080058217048645, "70": 0.6093235611915588, "71": 0.5974801182746887, "72": 0.6083964705467224, "73": 0.6186278462409973, "74": 0.6214380264282227, "75": 0.6094606518745422, "76": 0.6224588751792908, "77": 0.6164224743843079, "78": 0.6134080290794373, "79": 0.6386927962303162, "80": 0.6260299682617188}