{"1": 0.47102370858192444, "2": 0.46382442116737366, "3": 0.5023234486579895, "4": 0.459310382604599, "5": 0.4896939694881439, "6": 0.4731026887893677, "7": 0.4892876148223877, "8": 0.4965862035751343, "9": 0.48780545592308044, "10": 0.512802243232727, "11": 0.5064077973365784, "12": 0.5090267658233643, "13": 0.5042619705200195, "14": 0.5006831288337708, "15": 0.5206229090690613, "16": 0.4992675483226776, "17": 0.5220775008201599, "18": 0.5118741989135742, "19": 0.5055695176124573, "20": 0.512216329574585, "21": 0.5119172930717468, "22": 0.5010299682617188, "23": 0.506026566028595, "24": 0.5144131779670715, "25": 0.5123984217643738, "26": 0.5031745433807373, "27": 0.5112463235855103, "28": 0.49450555443763733, "29": 0.5197340250015259, "30": 0.4916561543941498, "31": 0.5230643153190613, "32": 0.50711989402771, "33": 0.5159273147583008, "34": 0.5112656950950623, "35": 0.5097607970237732, "36": 0.5174822211265564, "37": 0.5105809569358826, "38": 0.5139779448509216, "39": 0.5087915062904358, "40": 0.5125596523284912, "41": 0.5166352987289429, "42": 0.5166826844215393, "43": 0.5133569836616516, "44": 0.5132657885551453, "45": 0.5282568335533142, "46": 0.5092604160308838, "47": 0.523698627948761, "48": 0.5140990614891052, "49": 0.5061288475990295, "50": 0.5179166197776794, "51": 0.4945846498012543, "52": 0.507912814617157, "53": 0.5178676247596741, "54": 0.51228928565979, "55": 0.5129520297050476, "56": 0.519719660282135, "57": 0.5131840705871582, "58": 0.5025404691696167, "59": 0.5018994212150574, "60": 0.505993664264679, "61": 0.5015034079551697, "62": 0.5088574886322021, "63": 0.5080095529556274, "64": 0.5096373558044434, "65": 0.5067614912986755, "66": 0.5024943947792053, "67": 0.5087595582008362, "68": 0.4986847937107086, "69": 0.5158737301826477, "70": 0.5152727961540222, "71": 0.5056924223899841, "72": 0.5066623687744141, "73": 0.49633193016052246, "74": 0.5014028549194336, "75": 0.5095682740211487, "76": 0.5127682089805603, "77": 0.5114979147911072, "78": 0.5301921963691711, "79": 0.4979660212993622, "80": 0.509472131729126}