{"1": 0.5019089579582214, "2": 0.5753878951072693, "3": 0.5064780116081238, "4": 0.6034894585609436, "5": 0.5994176268577576, "6": 0.5706088542938232, "7": 0.6036548018455505, "8": 0.5840742588043213, "9": 0.579641580581665, "10": 0.6087457537651062, "11": 0.5973232388496399, "12": 0.6101750731468201, "13": 0.616521418094635, "14": 0.6327167749404907, "15": 0.6130318641662598, "16": 0.6353538632392883, "17": 0.6047137379646301, "18": 0.6050527691841125, "19": 0.6422478556632996, "20": 0.6240540146827698, "21": 0.6117256283760071, "22": 0.6238966584205627, "23": 0.6191172003746033, "24": 0.6430290341377258, "25": 0.5835545659065247, "26": 0.6510455012321472, "27": 0.6251369118690491, "28": 0.6198074817657471, "29": 0.6243342757225037, "30": 0.6296269297599792, "31": 0.6220462918281555, "32": 0.6312159299850464, "33": 0.6275742650032043, "34": 0.6236564517021179, "35": 0.6305467486381531, "36": 0.6367121338844299, "37": 0.6318745017051697, "38": 0.6316556334495544, "39": 0.6461420655250549, "40": 0.6321558356285095, "41": 0.6309003233909607, "42": 0.6441517472267151, "43": 0.6300798058509827, "44": 0.619548499584198, "45": 0.6183878779411316, "46": 0.6314170360565186, "47": 0.6309066414833069, "48": 0.63191157579422, "49": 0.6314542293548584, "50": 0.6368465423583984, "51": 0.6352913975715637, "52": 0.6391127109527588, "53": 0.6209757924079895, "54": 0.6337383985519409, "55": 0.6195146441459656, "56": 0.6269059777259827, "57": 0.6151349544525146, "58": 0.6349135637283325, "59": 0.6417816281318665, "60": 0.6612648367881775, "61": 0.5703198909759521, "62": 0.6052297949790955, "63": 0.6147093176841736, "64": 0.6133583188056946, "65": 0.6224175691604614, "66": 0.6189258694648743, "67": 0.6256428360939026, "68": 0.619459331035614, "69": 0.6204763054847717, "70": 0.6213993430137634, "71": 0.6094564199447632, "72": 0.6214842796325684, "73": 0.6293420195579529, "74": 0.6365211606025696, "75": 0.6228417754173279, "76": 0.6331683397293091, "77": 0.6271767020225525, "78": 0.6238062381744385, "79": 0.6458567976951599, "80": 0.6416112780570984}