{"1": 0.627502977848053, "2": 0.6349614858627319, "3": 0.7044302821159363, "4": 0.6516938209533691, "5": 0.667061984539032, "6": 0.6971800327301025, "7": 0.6676881909370422, "8": 0.7207825779914856, "9": 0.6965634226799011, "10": 0.7157588005065918, "11": 0.6916064620018005, "12": 0.7169671654701233, "13": 0.6747050881385803, "14": 0.7069694995880127, "15": 0.7197487354278564, "16": 0.6992664337158203, "17": 0.7268007397651672, "18": 0.7029013633728027, "19": 0.7201035618782043, "20": 0.722245454788208, "21": 0.7170242667198181, "22": 0.7170795798301697, "23": 0.6946372389793396, "24": 0.7301420569419861, "25": 0.6652054190635681, "26": 0.710545539855957, "27": 0.6987053751945496, "28": 0.7128027081489563, "29": 0.7174980640411377, "30": 0.7004960179328918, "31": 0.7188082337379456, "32": 0.7035531401634216, "33": 0.7066929936408997, "34": 0.7189426422119141, "35": 0.7140997052192688, "36": 0.7104234099388123, "37": 0.7224242091178894, "38": 0.7046053409576416, "39": 0.7156060338020325, "40": 0.6985998153686523, "41": 0.7223992347717285, "42": 0.7221734523773193, "43": 0.7235724329948425, "44": 0.7122483253479004, "45": 0.7058711647987366, "46": 0.7067644596099854, "47": 0.6914746761322021, "48": 0.7225220203399658, "49": 0.7027098536491394, "50": 0.7193140983581543, "51": 0.7141630053520203, "52": 0.7171973586082458, "53": 0.7103752493858337, "54": 0.7217927575111389, "55": 0.7123029828071594, "56": 0.6955077052116394, "57": 0.7152568697929382, "58": 0.714144229888916, "59": 0.721065104007721, "60": 0.7112877368927002, "61": 0.7153463363647461, "62": 0.7239214777946472, "63": 0.7060492634773254, "64": 0.7337560653686523, "65": 0.716982901096344, "66": 0.7168413996696472, "67": 0.7051482200622559, "68": 0.707841694355011, "69": 0.7176303863525391, "70": 0.713782787322998, "71": 0.7011715769767761, "72": 0.7138411998748779, "73": 0.7115408778190613, "74": 0.6923698782920837, "75": 0.699381411075592, "76": 0.713771402835846, "77": 0.7151167392730713, "78": 0.7056260108947754, "79": 0.719170331954956, "80": 0.7021391987800598}