{"1": 0.5961760878562927, "2": 0.5900397896766663, "3": 0.6146957874298096, "4": 0.5790748596191406, "5": 0.6085501313209534, "6": 0.5940298438072205, "7": 0.6077621579170227, "8": 0.6091945767402649, "9": 0.6089045405387878, "10": 0.6383667588233948, "11": 0.631291925907135, "12": 0.6352512240409851, "13": 0.6271389126777649, "14": 0.6270708441734314, "15": 0.641474187374115, "16": 0.6157422065734863, "17": 0.6474629044532776, "18": 0.6343467235565186, "19": 0.6242943406105042, "20": 0.6369964480400085, "21": 0.6371560096740723, "22": 0.638913631439209, "23": 0.6270613074302673, "24": 0.6423974633216858, "25": 0.637396514415741, "26": 0.6287803053855896, "27": 0.6377769112586975, "28": 0.6170286536216736, "29": 0.6518170237541199, "30": 0.6100670695304871, "31": 0.6554191708564758, "32": 0.6304290890693665, "33": 0.6419523358345032, "34": 0.6360568404197693, "35": 0.6316216588020325, "36": 0.6413317918777466, "37": 0.629579484462738, "38": 0.6447131633758545, "39": 0.6342063546180725, "40": 0.6346414089202881, "41": 0.6509674787521362, "42": 0.6429457068443298, "43": 0.6417880654335022, "44": 0.6380086541175842, "45": 0.6610936522483826, "46": 0.6433234214782715, "47": 0.6510292887687683, "48": 0.6433234810829163, "49": 0.6326267123222351, "50": 0.6470343470573425, "51": 0.6197980046272278, "52": 0.6385684609413147, "53": 0.6504537463188171, "54": 0.6395615935325623, "55": 0.6397971510887146, "56": 0.6541019082069397, "57": 0.6366395950317383, "58": 0.6298267841339111, "59": 0.6294190883636475, "60": 0.6322360038757324, "61": 0.6320367455482483, "62": 0.6303157210350037, "63": 0.6397507190704346, "64": 0.639402449131012, "65": 0.6331333518028259, "66": 0.624255895614624, "67": 0.6404439806938171, "68": 0.6207398772239685, "69": 0.6435143351554871, "70": 0.6419537663459778, "71": 0.6325154900550842, "72": 0.6285238265991211, "73": 0.6198983788490295, "74": 0.6280087828636169, "75": 0.6399595141410828, "76": 0.6355972290039062, "77": 0.6365465521812439, "78": 0.6611890196800232, "79": 0.6189396977424622, "80": 0.6313808560371399}