{"1": 0.5979964137077332, "2": 0.5029867887496948, "3": 0.5142368674278259, "4": 0.5392597913742065, "5": 0.4726685881614685, "6": 0.49978479743003845, "7": 0.4891607165336609, "8": 0.508217453956604, "9": 0.5504530668258667, "10": 0.5315518379211426, "11": 0.564839243888855, "12": 0.5916718244552612, "13": 0.5452060699462891, "14": 0.6334677338600159, "15": 0.6129823923110962, "16": 0.5855012536048889, "17": 0.633375346660614, "18": 0.6374880075454712, "19": 0.59690922498703, "20": 0.620161235332489, "21": 0.6458454132080078, "22": 0.6342056393623352, "23": 0.6691144704818726, "24": 0.6262679100036621, "25": 0.7034600973129272, "26": 0.6972126364707947, "27": 0.7389805912971497, "28": 0.7276816964149475, "29": 0.7330683469772339, "30": 0.766517162322998, "31": 0.770133376121521, "32": 0.7390859723091125, "33": 0.679519534111023, "34": 0.8557181358337402, "35": 0.649124026298523, "36": 0.8305072784423828, "37": 0.8134206533432007, "38": 0.7678435444831848, "39": 0.8226035833358765, "40": 0.8402520418167114, "41": 0.8643093109130859, "42": 0.7622013092041016, "43": 0.860514760017395, "44": 0.7963112592697144, "45": 0.8240391612052917, "46": 0.8510218858718872, "47": 0.8916289210319519, "48": 0.9025496244430542, "49": 0.8518460392951965, "50": 0.8689160346984863, "51": 0.9800046682357788, "52": 0.8853782415390015, "53": 0.8893830180168152, "54": 0.8468247652053833, "55": 0.8552309274673462, "56": 0.9024404287338257, "57": 0.9311257600784302, "58": 0.9590073823928833, "59": 0.9429466128349304, "60": 0.9747229814529419, "61": 0.9691481590270996, "62": 0.9264746904373169, "63": 0.9791489839553833, "64": 0.954537034034729, "65": 0.9314026832580566, "66": 0.9590116739273071, "67": 0.9835424423217773, "68": 0.9742001295089722, "69": 1.0214823484420776, "70": 0.9772768020629883, "71": 0.946337878704071, "72": 1.0481584072113037, "73": 0.9502573013305664, "74": 0.9452738761901855, "75": 0.9179811477661133, "76": 0.8222731351852417, "77": 1.024780035018921, "78": 0.9031685590744019, "79": 0.9204662442207336, "80": 0.9147035479545593}