{"1": 0.4840966463088989, "2": 0.486176997423172, "3": 0.5535086989402771, "4": 0.5022892355918884, "5": 0.522277295589447, "6": 0.5592736601829529, "7": 0.5324793457984924, "8": 0.5884400010108948, "9": 0.5670672655105591, "10": 0.5718992352485657, "11": 0.5479094386100769, "12": 0.5741744041442871, "13": 0.5349875092506409, "14": 0.569776177406311, "15": 0.5737050175666809, "16": 0.5657543540000916, "17": 0.5798816084861755, "18": 0.5642489790916443, "19": 0.5797101855278015, "20": 0.5771048665046692, "21": 0.5718280076980591, "22": 0.5793988108634949, "23": 0.5412678718566895, "24": 0.5854656100273132, "25": 0.5148845314979553, "26": 0.5736910700798035, "27": 0.5524516105651855, "28": 0.5699706673622131, "29": 0.5712653994560242, "30": 0.5669398307800293, "31": 0.5696147084236145, "32": 0.5656571388244629, "33": 0.5647907257080078, "34": 0.579971969127655, "35": 0.5686358213424683, "36": 0.5804402828216553, "37": 0.5804545283317566, "38": 0.5511090159416199, "39": 0.5760037899017334, "40": 0.5670769214630127, "41": 0.5733098387718201, "42": 0.5795040726661682, "43": 0.5805495381355286, "44": 0.5744604468345642, "45": 0.5601457357406616, "46": 0.5744255185127258, "47": 0.5472898483276367, "48": 0.581489622592926, "49": 0.5685848593711853, "50": 0.5812737345695496, "51": 0.5713338851928711, "52": 0.5692307353019714, "53": 0.5690823197364807, "54": 0.5763692259788513, "55": 0.5720810294151306, "56": 0.5615195631980896, "57": 0.5711597800254822, "58": 0.5753605365753174, "59": 0.5833778977394104, "60": 0.5719898343086243, "61": 0.5718242526054382, "62": 0.5808889269828796, "63": 0.5605901479721069, "64": 0.5862579941749573, "65": 0.5672289729118347, "66": 0.5908927917480469, "67": 0.5546567440032959, "68": 0.5678155422210693, "69": 0.5716847777366638, "70": 0.5659258961677551, "71": 0.562573254108429, "72": 0.5642616152763367, "73": 0.5696067214012146, "74": 0.5503974556922913, "75": 0.5601106882095337, "76": 0.5661148428916931, "77": 0.5758635401725769, "78": 0.5633019804954529, "79": 0.5755808353424072, "80": 0.5667853951454163}