{"1": 0.6706799864768982, "2": 0.7054969668388367, "3": 0.7879785895347595, "4": 0.7363927960395813, "5": 0.7552590370178223, "6": 0.7851788997650146, "7": 0.7620078921318054, "8": 0.8163040280342102, "9": 0.7979313731193542, "10": 0.7992299199104309, "11": 0.7873781323432922, "12": 0.8069145679473877, "13": 0.7691006064414978, "14": 0.805891215801239, "15": 0.8083250522613525, "16": 0.7991084456443787, "17": 0.8160098195075989, "18": 0.7981977462768555, "19": 0.8176805973052979, "20": 0.8134160041809082, "21": 0.8051683902740479, "22": 0.8039377331733704, "23": 0.7927663326263428, "24": 0.8114935755729675, "25": 0.7592961192131042, "26": 0.7964913249015808, "27": 0.7899343371391296, "28": 0.8012919425964355, "29": 0.8092570304870605, "30": 0.7942554950714111, "31": 0.8015071749687195, "32": 0.8002178072929382, "33": 0.7943145632743835, "34": 0.8074600100517273, "35": 0.800605058670044, "36": 0.8017805218696594, "37": 0.8099291324615479, "38": 0.7900463938713074, "39": 0.8101097941398621, "40": 0.7937666773796082, "41": 0.7994742393493652, "42": 0.8032832741737366, "43": 0.8013324737548828, "44": 0.8027026057243347, "45": 0.784368097782135, "46": 0.7958297729492188, "47": 0.7763431668281555, "48": 0.8138607144355774, "49": 0.7957338690757751, "50": 0.8075466752052307, "51": 0.7986431121826172, "52": 0.8031573295593262, "53": 0.7926235795021057, "54": 0.801724910736084, "55": 0.8005561232566833, "56": 0.7882253527641296, "57": 0.8031803965568542, "58": 0.8060071468353271, "59": 0.8031200766563416, "60": 0.8036434054374695, "61": 0.802178680896759, "62": 0.8010639548301697, "63": 0.7982073426246643, "64": 0.8078670501708984, "65": 0.8014397025108337, "66": 0.8078319430351257, "67": 0.783654510974884, "68": 0.7984934449195862, "69": 0.803844153881073, "70": 0.7982103228569031, "71": 0.7859408259391785, "72": 0.7969123721122742, "73": 0.7978788018226624, "74": 0.7819147706031799, "75": 0.7851812243461609, "76": 0.8035312294960022, "77": 0.7981012463569641, "78": 0.8006635308265686, "79": 0.809808075428009, "80": 0.7950000166893005}