{"1": 0.6015521883964539, "2": 0.5126949548721313, "3": 0.5281052589416504, "4": 0.5530363321304321, "5": 0.4881228506565094, "6": 0.5207003951072693, "7": 0.504196047782898, "8": 0.5216867923736572, "9": 0.5645433664321899, "10": 0.5428125262260437, "11": 0.5831522941589355, "12": 0.607040286064148, "13": 0.575027585029602, "14": 0.6511050462722778, "15": 0.6287328004837036, "16": 0.6101284623146057, "17": 0.6420223116874695, "18": 0.6495702266693115, "19": 0.6173794269561768, "20": 0.6402634382247925, "21": 0.6683923602104187, "22": 0.6584477424621582, "23": 0.6923823356628418, "24": 0.6535791158676147, "25": 0.7242692112922668, "26": 0.7303130030632019, "27": 0.7551766633987427, "28": 0.754351794719696, "29": 0.7573109865188599, "30": 0.7794143557548523, "31": 0.796545147895813, "32": 0.7677944898605347, "33": 0.7052888870239258, "34": 0.8626359105110168, "35": 0.6750308871269226, "36": 0.8373433351516724, "37": 0.8275583386421204, "38": 0.7878449559211731, "39": 0.8332754373550415, "40": 0.8510359525680542, "41": 0.8769655227661133, "42": 0.7784320116043091, "43": 0.8793789744377136, "44": 0.8177376985549927, "45": 0.8372913599014282, "46": 0.8692764043807983, "47": 0.8907538652420044, "48": 0.9038386344909668, "49": 0.8495988845825195, "50": 0.865574061870575, "51": 0.9868482351303101, "52": 0.9093786478042603, "53": 0.8923760652542114, "54": 0.8484227061271667, "55": 0.8541989326477051, "56": 0.8949209451675415, "57": 0.9240974187850952, "58": 0.9523965120315552, "59": 0.9426593780517578, "60": 0.9616976976394653, "61": 0.9644457101821899, "62": 0.9272738695144653, "63": 0.9724010229110718, "64": 0.9568492770195007, "65": 0.9259147644042969, "66": 0.9590666890144348, "67": 0.9707987904548645, "68": 0.9588178396224976, "69": 1.0173863172531128, "70": 0.9622204899787903, "71": 0.9350016713142395, "72": 1.0420969724655151, "73": 0.9534685015678406, "74": 0.9463246464729309, "75": 0.9191566705703735, "76": 0.806620717048645, "77": 1.025801181793213, "78": 0.9046211242675781, "79": 0.9196645617485046, "80": 0.9108631014823914}