{"1": 0.693835437297821, "2": 0.7148764133453369, "3": 0.7345117926597595, "4": 0.6866836547851562, "5": 0.7399063110351562, "6": 0.7224225401878357, "7": 0.7321891188621521, "8": 0.7381271719932556, "9": 0.7413873672485352, "10": 0.7559640407562256, "11": 0.7446853518486023, "12": 0.7499123215675354, "13": 0.7546278834342957, "14": 0.7511844635009766, "15": 0.7586118578910828, "16": 0.7347684502601624, "17": 0.7623012661933899, "18": 0.7525826096534729, "19": 0.7440557479858398, "20": 0.759028971195221, "21": 0.7512465119361877, "22": 0.7433350682258606, "23": 0.7531910538673401, "24": 0.7613559365272522, "25": 0.7604188919067383, "26": 0.7521745562553406, "27": 0.7563931941986084, "28": 0.740314781665802, "29": 0.7652207016944885, "30": 0.722724437713623, "31": 0.764307975769043, "32": 0.7463229298591614, "33": 0.7551910877227783, "34": 0.7546146512031555, "35": 0.7488073706626892, "36": 0.7610926628112793, "37": 0.7411550879478455, "38": 0.7573302388191223, "39": 0.7468478679656982, "40": 0.7502334713935852, "41": 0.7572891712188721, "42": 0.7482955455780029, "43": 0.7566146850585938, "44": 0.7533064484596252, "45": 0.7666855454444885, "46": 0.7514166831970215, "47": 0.7494452595710754, "48": 0.7557435631752014, "49": 0.7409533858299255, "50": 0.7589311003684998, "51": 0.7407541871070862, "52": 0.751701831817627, "53": 0.7574598789215088, "54": 0.7577018737792969, "55": 0.7555586695671082, "56": 0.7599296569824219, "57": 0.757479190826416, "58": 0.7543252110481262, "59": 0.7477313876152039, "60": 0.7607175707817078, "61": 0.7472203373908997, "62": 0.7511287331581116, "63": 0.7614647746086121, "64": 0.75650954246521, "65": 0.7538771629333496, "66": 0.7467024922370911, "67": 0.7580812573432922, "68": 0.7482299208641052, "69": 0.7663713097572327, "70": 0.7602458000183105, "71": 0.7534225583076477, "72": 0.7425926327705383, "73": 0.744377851486206, "74": 0.7432765960693359, "75": 0.750331461429596, "76": 0.7660036087036133, "77": 0.7577590942382812, "78": 0.773211658000946, "79": 0.737900972366333, "80": 0.7556988596916199}