{"1": 0.6626200675964355, "2": 0.7302913665771484, "3": 0.6925237774848938, "4": 0.765539824962616, "5": 0.7516520619392395, "6": 0.7228910326957703, "7": 0.7553977370262146, "8": 0.7307242751121521, "9": 0.7423911690711975, "10": 0.7595412135124207, "11": 0.7536158561706543, "12": 0.7674737572669983, "13": 0.7827848792076111, "14": 0.790454626083374, "15": 0.7800197601318359, "16": 0.7999170422554016, "17": 0.7768407464027405, "18": 0.7768301367759705, "19": 0.7876957058906555, "20": 0.7679662704467773, "21": 0.7707980275154114, "22": 0.7908895611763, "23": 0.7830429077148438, "24": 0.797657310962677, "25": 0.7516101002693176, "26": 0.803689181804657, "27": 0.7777276635169983, "28": 0.7840760350227356, "29": 0.7823334336280823, "30": 0.787461519241333, "31": 0.7850080132484436, "32": 0.7886945605278015, "33": 0.7852420210838318, "34": 0.7773939967155457, "35": 0.784620463848114, "36": 0.803208589553833, "37": 0.787973165512085, "38": 0.7842099666595459, "39": 0.7935078740119934, "40": 0.7863214015960693, "41": 0.7879312634468079, "42": 0.7969450354576111, "43": 0.7848935723304749, "44": 0.78415447473526, "45": 0.7765600085258484, "46": 0.7744495868682861, "47": 0.7819201946258545, "48": 0.7847545742988586, "49": 0.785173237323761, "50": 0.7912226319313049, "51": 0.7911071181297302, "52": 0.7838590145111084, "53": 0.777930736541748, "54": 0.786468505859375, "55": 0.7781583666801453, "56": 0.7812210917472839, "57": 0.7833126187324524, "58": 0.7805943489074707, "59": 0.7858347296714783, "60": 0.789500892162323, "61": 0.7425735592842102, "62": 0.7812192440032959, "63": 0.7865545153617859, "64": 0.7831489443778992, "65": 0.7844386100769043, "66": 0.7834017872810364, "67": 0.787186861038208, "68": 0.7788664698600769, "69": 0.7899600863456726, "70": 0.7840573191642761, "71": 0.7776000499725342, "72": 0.7833748459815979, "73": 0.7869784832000732, "74": 0.7938548922538757, "75": 0.7822303175926208, "76": 0.7891754508018494, "77": 0.7853409647941589, "78": 0.7794280648231506, "79": 0.7971062660217285, "80": 0.7969551682472229}