{"1": 0.6319710612297058, "2": 0.6933946013450623, "3": 0.6775040626525879, "4": 0.735187828540802, "5": 0.7399334907531738, "6": 0.721152126789093, "7": 0.7411649227142334, "8": 0.7300211787223816, "9": 0.722983181476593, "10": 0.7409910559654236, "11": 0.7201386094093323, "12": 0.7442917823791504, "13": 0.7582643628120422, "14": 0.7685108780860901, "15": 0.7531545758247375, "16": 0.7723559737205505, "17": 0.754054069519043, "18": 0.7548519968986511, "19": 0.7575962543487549, "20": 0.7588863968849182, "21": 0.7466371655464172, "22": 0.7622944712638855, "23": 0.759674072265625, "24": 0.7673284411430359, "25": 0.7280827164649963, "26": 0.770778477191925, "27": 0.7448598742485046, "28": 0.7662103772163391, "29": 0.7613652348518372, "30": 0.7579119205474854, "31": 0.7606465816497803, "32": 0.7609602808952332, "33": 0.7592275738716125, "34": 0.7505704760551453, "35": 0.7521681189537048, "36": 0.77069491147995, "37": 0.7657423615455627, "38": 0.7611692547798157, "39": 0.7714691162109375, "40": 0.7601025700569153, "41": 0.7653624415397644, "42": 0.7733287811279297, "43": 0.7615580558776855, "44": 0.7590557932853699, "45": 0.7538197636604309, "46": 0.7604417204856873, "47": 0.7666466236114502, "48": 0.7700907588005066, "49": 0.7666633725166321, "50": 0.7652867436408997, "51": 0.766714870929718, "52": 0.7665565013885498, "53": 0.7531235814094543, "54": 0.7741501331329346, "55": 0.7622734904289246, "56": 0.7644587159156799, "57": 0.7714201807975769, "58": 0.7762340903282166, "59": 0.7683126330375671, "60": 0.7604072093963623, "61": 0.7111198306083679, "62": 0.7478742003440857, "63": 0.7516312003135681, "64": 0.7510144710540771, "65": 0.7529886364936829, "66": 0.757036030292511, "67": 0.7603952288627625, "68": 0.7525837421417236, "69": 0.761456310749054, "70": 0.7587482333183289, "71": 0.7535360455513, "72": 0.761692464351654, "73": 0.7643544673919678, "74": 0.7699201107025146, "75": 0.7571420669555664, "76": 0.7710679173469543, "77": 0.7667104601860046, "78": 0.7632858157157898, "79": 0.7825101017951965, "80": 0.7722790837287903}