{"1": 0.5622409582138062, "2": 0.4822404384613037, "3": 0.5997340679168701, "4": 0.4740743637084961, "5": 0.4940263330936432, "6": 0.5832788944244385, "7": 0.5198468565940857, "8": 0.5810879468917847, "9": 0.5989192724227905, "10": 0.5680213570594788, "11": 0.615172266960144, "12": 0.5862102508544922, "13": 0.6171790361404419, "14": 0.6084941625595093, "15": 0.6540672183036804, "16": 0.6639984846115112, "17": 0.764509379863739, "18": 0.7682775259017944, "19": 0.6223045587539673, "20": 0.6508834958076477, "21": 0.7771101593971252, "22": 0.7591944932937622, "23": 0.7668253183364868, "24": 0.7475801110267639, "25": 0.8401533961296082, "26": 0.7150746583938599, "27": 0.8086956143379211, "28": 0.7559672594070435, "29": 0.7658922076225281, "30": 0.7679551243782043, "31": 0.8241984248161316, "32": 0.8162851333618164, "33": 0.826716423034668, "34": 0.8395651578903198, "35": 0.8301149606704712, "36": 0.8043119311332703, "37": 0.8512638211250305, "38": 0.901513397693634, "39": 0.8245726823806763, "40": 0.8960601091384888, "41": 0.8759468197822571, "42": 0.8435584902763367, "43": 0.9237087368965149, "44": 0.919131875038147, "45": 0.9854625463485718, "46": 0.9287395477294922, "47": 0.8706566095352173, "48": 0.9492414593696594, "49": 0.9184110760688782, "50": 0.911956787109375, "51": 0.928641140460968, "52": 0.9303289651870728, "53": 0.9916449785232544, "54": 0.965491771697998, "55": 0.978306770324707, "56": 0.8941194415092468, "57": 0.9857183694839478, "58": 0.9485899209976196, "59": 0.8302180171012878, "60": 0.6768546104431152, "61": 0.9249150156974792, "62": 0.8639479875564575, "63": 0.8623284101486206, "64": 0.9007129669189453, "65": 0.8793185949325562, "66": 0.9517084360122681, "67": 0.934922993183136, "68": 0.9700473546981812, "69": 0.9785836935043335, "70": 0.9805766940116882, "71": 1.0503473281860352, "72": 1.0269793272018433, "73": 0.9815958142280579, "74": 1.005287528038025, "75": 1.0392307043075562, "76": 1.0655748844146729, "77": 1.020586371421814, "78": 1.0959669351577759, "79": 0.9557434320449829, "80": 0.9963418841362}