{"1": 0.5129616856575012, "2": 0.5893391966819763, "3": 0.5141065120697021, "4": 0.6173232197761536, "5": 0.6099891066551208, "6": 0.5749003291130066, "7": 0.6096705198287964, "8": 0.5860833525657654, "9": 0.5901810526847839, "10": 0.6216967701911926, "11": 0.6115959882736206, "12": 0.6276668906211853, "13": 0.6296752095222473, "14": 0.6395256519317627, "15": 0.6306382417678833, "16": 0.6469826102256775, "17": 0.6142330765724182, "18": 0.6157692074775696, "19": 0.649836540222168, "20": 0.6312611103057861, "21": 0.6210772395133972, "22": 0.6344521045684814, "23": 0.6291930079460144, "24": 0.6509796977043152, "25": 0.5958150625228882, "26": 0.6599087715148926, "27": 0.6362800002098083, "28": 0.6338714957237244, "29": 0.6330128312110901, "30": 0.6435765624046326, "31": 0.635330855846405, "32": 0.6412175297737122, "33": 0.6400640606880188, "34": 0.6325476765632629, "35": 0.6422011852264404, "36": 0.6514036655426025, "37": 0.6409940123558044, "38": 0.6334070563316345, "39": 0.6510929465293884, "40": 0.6390013694763184, "41": 0.6391165852546692, "42": 0.6505855917930603, "43": 0.6391915678977966, "44": 0.6277627348899841, "45": 0.6270105838775635, "46": 0.6327681541442871, "47": 0.6357885003089905, "48": 0.6354022026062012, "49": 0.6388596296310425, "50": 0.6471101641654968, "51": 0.645475447177887, "52": 0.6439913511276245, "53": 0.6312670707702637, "54": 0.640296459197998, "55": 0.6280965805053711, "56": 0.6361470222473145, "57": 0.6261337399482727, "58": 0.6372376084327698, "59": 0.648881196975708, "60": 0.6695995330810547, "61": 0.586558997631073, "62": 0.6194143891334534, "63": 0.6311022043228149, "64": 0.6287574768066406, "65": 0.6365998387336731, "66": 0.6306785941123962, "67": 0.6383069157600403, "68": 0.6317533850669861, "69": 0.6351932883262634, "70": 0.6340453624725342, "71": 0.6194325685501099, "72": 0.6299778819084167, "73": 0.638891875743866, "74": 0.6433350443840027, "75": 0.6330325603485107, "76": 0.640053391456604, "77": 0.6331475377082825, "78": 0.6286942362785339, "79": 0.6522562503814697, "80": 0.6496188044548035}