{"1": 0.5181552767753601, "2": 0.5431107878684998, "3": 0.6285071969032288, "4": 0.570439875125885, "5": 0.5969865918159485, "6": 0.63841313123703, "7": 0.6148970127105713, "8": 0.6796438694000244, "9": 0.6630830764770508, "10": 0.6459688544273376, "11": 0.6291019916534424, "12": 0.6576134562492371, "13": 0.6155772805213928, "14": 0.660255491733551, "15": 0.65617436170578, "16": 0.6551399827003479, "17": 0.6635565161705017, "18": 0.6476233601570129, "19": 0.6710178852081299, "20": 0.6620893478393555, "21": 0.6485807299613953, "22": 0.6554293632507324, "23": 0.6264903545379639, "24": 0.6612269282341003, "25": 0.5935049653053284, "26": 0.6517786383628845, "27": 0.6325176954269409, "28": 0.6502276062965393, "29": 0.6561776995658875, "30": 0.6495491862297058, "31": 0.6454267501831055, "32": 0.6531182527542114, "33": 0.6409512162208557, "34": 0.6584320664405823, "35": 0.6469324827194214, "36": 0.662443220615387, "37": 0.6629476547241211, "38": 0.627971351146698, "39": 0.6601758003234863, "40": 0.6551348567008972, "41": 0.6449764370918274, "42": 0.655254065990448, "43": 0.6511372923851013, "44": 0.6583781838417053, "45": 0.6283367872238159, "46": 0.6518262028694153, "47": 0.621220588684082, "48": 0.6660707592964172, "49": 0.6534925103187561, "50": 0.6631080508232117, "51": 0.6485926508903503, "52": 0.6463486552238464, "53": 0.6422273516654968, "54": 0.6476913094520569, "55": 0.6529431939125061, "56": 0.6450112462043762, "57": 0.6517137885093689, "58": 0.6594900488853455, "59": 0.6580761671066284, "60": 0.6562577486038208, "61": 0.6530754566192627, "62": 0.6542863249778748, "63": 0.644395112991333, "64": 0.6582842469215393, "65": 0.6446212530136108, "66": 0.6722376942634583, "67": 0.622125506401062, "68": 0.648527204990387, "69": 0.6503576636314392, "70": 0.6430351138114929, "71": 0.6373143196105957, "72": 0.6389750838279724, "73": 0.648655354976654, "74": 0.6297705173492432, "75": 0.6352555751800537, "76": 0.6465381979942322, "77": 0.6494907736778259, "78": 0.6489173769950867, "79": 0.6578430533409119, "80": 0.6496986746788025}