{"1": 0.4954604208469391, "2": 0.5771304368972778, "3": 0.5831128358840942, "4": 0.5682747960090637, "5": 0.6148192882537842, "6": 0.6202090382575989, "7": 0.6311014294624329, "8": 0.6336333155632019, "9": 0.6165239214897156, "10": 0.649631142616272, "11": 0.6351900696754456, "12": 0.634113609790802, "13": 0.6466146111488342, "14": 0.6264824867248535, "15": 0.6458285450935364, "16": 0.6572174429893494, "17": 0.6442225575447083, "18": 0.6331894397735596, "19": 0.6291070580482483, "20": 0.6543779969215393, "21": 0.6413303017616272, "22": 0.659297525882721, "23": 0.6524546146392822, "24": 0.6681264042854309, "25": 0.65208899974823, "26": 0.6479588150978088, "27": 0.6443480849266052, "28": 0.6487509608268738, "29": 0.6525614261627197, "30": 0.6451864242553711, "31": 0.6516551375389099, "32": 0.6587288975715637, "33": 0.6550005078315735, "34": 0.6230796575546265, "35": 0.6667727828025818, "36": 0.6325562596321106, "37": 0.6499341130256653, "38": 0.658245861530304, "39": 0.6514172554016113, "40": 0.6429856419563293, "41": 0.6411802768707275, "42": 0.6579704284667969, "43": 0.6467890739440918, "44": 0.6566349267959595, "45": 0.6559919118881226, "46": 0.6456589102745056, "47": 0.649938702583313, "48": 0.656416654586792, "49": 0.6459261178970337, "50": 0.6494950652122498, "51": 0.6286722421646118, "52": 0.6220746636390686, "53": 0.6282419562339783, "54": 0.6472991108894348, "55": 0.6519124507904053, "56": 0.6507295966148376, "57": 0.6485715508460999, "58": 0.6496267318725586, "59": 0.6530998349189758, "60": 0.6544626951217651, "61": 0.6504232883453369, "62": 0.6596730351448059, "63": 0.6492705345153809, "64": 0.651127278804779, "65": 0.6598777174949646, "66": 0.6491133570671082, "67": 0.6493578553199768, "68": 0.6481473445892334, "69": 0.650179386138916, "70": 0.6446529030799866, "71": 0.6603671908378601, "72": 0.6428677439689636, "73": 0.659801721572876, "74": 0.662747323513031, "75": 0.6610463261604309, "76": 0.6531861424446106, "77": 0.6131877303123474, "78": 0.6564602255821228, "79": 0.6550948023796082, "80": 0.6615421175956726}