{"1": 0.651013970375061, "2": 0.7166091799736023, "3": 0.6831486225128174, "4": 0.7525115609169006, "5": 0.7425234317779541, "6": 0.7189173698425293, "7": 0.7506113052368164, "8": 0.7285639643669128, "9": 0.7320103645324707, "10": 0.7470533847808838, "11": 0.7404224276542664, "12": 0.7522187829017639, "13": 0.7719481587409973, "14": 0.7845449447631836, "15": 0.7657526135444641, "16": 0.7889904975891113, "17": 0.7675461769104004, "18": 0.767663300037384, "19": 0.7798568606376648, "20": 0.7632293701171875, "21": 0.7618837952613831, "22": 0.779839277267456, "23": 0.7733067870140076, "24": 0.7899028658866882, "25": 0.7393563389778137, "26": 0.7953165173530579, "27": 0.7665751576423645, "28": 0.7696702480316162, "29": 0.773430347442627, "30": 0.7739558815956116, "31": 0.7718203067779541, "32": 0.7788179516792297, "33": 0.7719081044197083, "34": 0.7678256630897522, "35": 0.7731662392616272, "36": 0.7906232476234436, "37": 0.7782203555107117, "38": 0.7809514403343201, "39": 0.7873883247375488, "40": 0.7779994010925293, "41": 0.7800710797309875, "42": 0.7899625897407532, "43": 0.7767398953437805, "44": 0.7746913433074951, "45": 0.7687180638313293, "46": 0.772096574306488, "47": 0.7768709659576416, "48": 0.7805814743041992, "49": 0.7781212329864502, "50": 0.7815148830413818, "51": 0.7819058299064636, "52": 0.7795506119728088, "53": 0.7679484486579895, "54": 0.7815821170806885, "55": 0.7701513171195984, "56": 0.7728610038757324, "57": 0.7736754417419434, "58": 0.7792477607727051, "59": 0.7795510292053223, "60": 0.7828468680381775, "61": 0.7263268828392029, "62": 0.7667489647865295, "63": 0.7699543833732605, "64": 0.7674056887626648, "65": 0.7697102427482605, "66": 0.7710501551628113, "67": 0.7741674780845642, "68": 0.766456127166748, "69": 0.7754829525947571, "70": 0.7720859050750732, "71": 0.7676218152046204, "72": 0.7742469310760498, "73": 0.7764003872871399, "74": 0.7867377400398254, "75": 0.7722068428993225, "76": 0.7820367217063904, "77": 0.7797301411628723, "78": 0.774130642414093, "79": 0.7906659245491028, "80": 0.7895919680595398}