{"1": 0.7479753494262695, "2": 0.7723047733306885, "3": 0.7921350598335266, "4": 0.7359917163848877, "5": 0.7961602210998535, "6": 0.773734986782074, "7": 0.7861636281013489, "8": 0.7973885536193848, "9": 0.7993874549865723, "10": 0.7979375720024109, "11": 0.7908423542976379, "12": 0.797542154788971, "13": 0.801199734210968, "14": 0.8006150722503662, "15": 0.8042708039283752, "16": 0.7822358012199402, "17": 0.8041000366210938, "18": 0.8002302050590515, "19": 0.7852218151092529, "20": 0.8038819432258606, "21": 0.7899008393287659, "22": 0.7904210090637207, "23": 0.798622190952301, "24": 0.8083063960075378, "25": 0.8057275414466858, "26": 0.7981131076812744, "27": 0.7994533181190491, "28": 0.7832722067832947, "29": 0.8007388114929199, "30": 0.7598233819007874, "31": 0.8012655377388, "32": 0.7954885959625244, "33": 0.7946904301643372, "34": 0.8002941012382507, "35": 0.7949921488761902, "36": 0.8061242699623108, "37": 0.7861452698707581, "38": 0.7996894717216492, "39": 0.7890871167182922, "40": 0.7948246002197266, "41": 0.799063503742218, "42": 0.7950406670570374, "43": 0.7957813739776611, "44": 0.7946887016296387, "45": 0.8040762543678284, "46": 0.7867090106010437, "47": 0.7835378646850586, "48": 0.7955183386802673, "49": 0.7819557189941406, "50": 0.7955184578895569, "51": 0.7877953052520752, "52": 0.7927621006965637, "53": 0.7949634194374084, "54": 0.7967713475227356, "55": 0.7952320575714111, "56": 0.7985587120056152, "57": 0.7937697768211365, "58": 0.7940855026245117, "59": 0.7922151684761047, "60": 0.8038052916526794, "61": 0.7838672995567322, "62": 0.7872903943061829, "63": 0.8052652478218079, "64": 0.7949320673942566, "65": 0.7951533794403076, "66": 0.7856717705726624, "67": 0.802741527557373, "68": 0.7948217391967773, "69": 0.8088251948356628, "70": 0.8001068234443665, "71": 0.7963879704475403, "72": 0.7806594967842102, "73": 0.7925509810447693, "74": 0.7854078412055969, "75": 0.7921293377876282, "76": 0.8083961606025696, "77": 0.7978485226631165, "78": 0.812018632888794, "79": 0.7810069918632507, "80": 0.7988454699516296}