{"1": 0.46810591220855713, "2": 0.4558788239955902, "3": 0.520703136920929, "4": 0.46609893441200256, "5": 0.48273003101348877, "6": 0.5212978720664978, "7": 0.49173054099082947, "8": 0.5481612086296082, "9": 0.5193944573402405, "10": 0.5298064351081848, "11": 0.5051732063293457, "12": 0.5310710072517395, "13": 0.4987080991268158, "14": 0.531257152557373, "15": 0.5297090411186218, "16": 0.5211622714996338, "17": 0.5392005443572998, "18": 0.5256864428520203, "19": 0.5354297161102295, "20": 0.5361831188201904, "21": 0.5360922813415527, "22": 0.5426681637763977, "23": 0.507328987121582, "24": 0.5422916412353516, "25": 0.4774908721446991, "26": 0.5379953980445862, "27": 0.5169591307640076, "28": 0.5338819622993469, "29": 0.5398682355880737, "30": 0.5298327803611755, "31": 0.5339664816856384, "32": 0.527087390422821, "33": 0.5305387377738953, "34": 0.5443545579910278, "35": 0.5333943367004395, "36": 0.5389825105667114, "37": 0.5440852046012878, "38": 0.5089007019996643, "39": 0.5420586466789246, "40": 0.5340455770492554, "41": 0.5402076840400696, "42": 0.5446761250495911, "43": 0.5450885891914368, "44": 0.5390703082084656, "45": 0.522061288356781, "46": 0.5338595509529114, "47": 0.5132390260696411, "48": 0.5470910668373108, "49": 0.525515079498291, "50": 0.5418531894683838, "51": 0.5391141772270203, "52": 0.5307843685150146, "53": 0.5312832593917847, "54": 0.5440087914466858, "55": 0.5395087599754333, "56": 0.5236523747444153, "57": 0.5411708950996399, "58": 0.5401542782783508, "59": 0.5451560616493225, "60": 0.5380408763885498, "61": 0.5373527407646179, "62": 0.543396532535553, "63": 0.5271939635276794, "64": 0.5498897433280945, "65": 0.5303511619567871, "66": 0.5443418622016907, "67": 0.5109716653823853, "68": 0.5324893593788147, "69": 0.5378233194351196, "70": 0.5319242477416992, "71": 0.5296496748924255, "72": 0.5341759324073792, "73": 0.5358384251594543, "74": 0.5157853960990906, "75": 0.5300962924957275, "76": 0.5303127765655518, "77": 0.542210578918457, "78": 0.5285646915435791, "79": 0.5423267483711243, "80": 0.5329657196998596}