{"1": 0.5512617826461792, "2": 0.5248456001281738, "3": 0.43249407410621643, "4": 0.4926367402076721, "5": 0.4776429235935211, "6": 0.4458257555961609, "7": 0.47178953886032104, "8": 0.41822800040245056, "9": 0.44926849007606506, "10": 0.5138744115829468, "11": 0.5522906184196472, "12": 0.5309821367263794, "13": 0.6039713621139526, "14": 0.5439574718475342, "15": 0.5518491864204407, "16": 0.5856027603149414, "17": 0.593997597694397, "18": 0.6550373435020447, "19": 0.5847811102867126, "20": 0.6389375329017639, "21": 0.6633507013320923, "22": 0.6763423085212708, "23": 0.7115103602409363, "24": 0.6675988435745239, "25": 0.7569970488548279, "26": 0.6703495979309082, "27": 0.7278320789337158, "28": 0.7059547305107117, "29": 0.6970310211181641, "30": 0.7156974673271179, "31": 0.7578705549240112, "32": 0.7450005412101746, "33": 0.7979825735092163, "34": 0.7632521986961365, "35": 0.7906442880630493, "36": 0.7247824668884277, "37": 0.6566890478134155, "38": 0.7856832146644592, "39": 0.7182634472846985, "40": 0.768304705619812, "41": 0.8062874674797058, "42": 0.8207435607910156, "43": 0.8275825381278992, "44": 0.825408935546875, "45": 0.8760558366775513, "46": 0.8000147938728333, "47": 0.9449566006660461, "48": 0.8185720443725586, "49": 0.8039366602897644, "50": 0.8008936047554016, "51": 0.8716235160827637, "52": 0.8583798408508301, "53": 0.8977643251419067, "54": 0.8483730554580688, "55": 0.8670137524604797, "56": 0.8424779772758484, "57": 0.9232684373855591, "58": 0.8547908663749695, "59": 0.8817287683486938, "60": 0.8949511647224426, "61": 0.9484826326370239, "62": 0.9128320813179016, "63": 0.981844425201416, "64": 0.8992902040481567, "65": 1.0401666164398193, "66": 0.7755996584892273, "67": 0.8670907020568848, "68": 0.8150316476821899, "69": 0.8626214265823364, "70": 0.9050388336181641, "71": 0.9302034378051758, "72": 0.976413905620575, "73": 0.9507859945297241, "74": 1.0423696041107178, "75": 1.0374668836593628, "76": 0.9883254766464233, "77": 0.9921789169311523, "78": 1.0038983821868896, "79": 1.0194717645645142, "80": 0.9944263696670532}