{"1": 0.581518292427063, "2": 0.5010599493980408, "3": 0.615619957447052, "4": 0.5002139210700989, "5": 0.5066134333610535, "6": 0.5912466049194336, "7": 0.5398133993148804, "8": 0.5932155251502991, "9": 0.6204463243484497, "10": 0.5906875729560852, "11": 0.6524816751480103, "12": 0.6235635876655579, "13": 0.648235023021698, "14": 0.6343117952346802, "15": 0.6892809867858887, "16": 0.7006291151046753, "17": 0.805363655090332, "18": 0.8041474223136902, "19": 0.6385351419448853, "20": 0.6822202205657959, "21": 0.8079780340194702, "22": 0.7834126353263855, "23": 0.7881618738174438, "24": 0.7657074332237244, "25": 0.8642808794975281, "26": 0.7432833909988403, "27": 0.8246241807937622, "28": 0.7934788465499878, "29": 0.7973843812942505, "30": 0.8138313293457031, "31": 0.8579047322273254, "32": 0.8431937098503113, "33": 0.8565414547920227, "34": 0.8717520833015442, "35": 0.8603944778442383, "36": 0.8240460157394409, "37": 0.8678336143493652, "38": 0.8994800448417664, "39": 0.826569676399231, "40": 0.8992775678634644, "41": 0.8786449432373047, "42": 0.849218487739563, "43": 0.9353624582290649, "44": 0.9325529932975769, "45": 0.9979487657546997, "46": 0.9299145936965942, "47": 0.8666526079177856, "48": 0.9357693791389465, "49": 0.9150552749633789, "50": 0.9385169744491577, "51": 0.9327020645141602, "52": 0.9240226745605469, "53": 0.9968328475952148, "54": 0.9645313024520874, "55": 0.9857199788093567, "56": 0.9056457281112671, "57": 0.9786258935928345, "58": 0.9565547108650208, "59": 0.8409969210624695, "60": 0.6890133023262024, "61": 0.9531314969062805, "62": 0.8901114463806152, "63": 0.8998829126358032, "64": 0.9329556226730347, "65": 0.9078956842422485, "66": 0.9740151166915894, "67": 0.9584034085273743, "68": 0.9920646548271179, "69": 1.0097229480743408, "70": 0.9983859062194824, "71": 1.055740475654602, "72": 1.042203664779663, "73": 0.9907697439193726, "74": 1.0204994678497314, "75": 1.051600694656372, "76": 1.0723021030426025, "77": 1.0357016324996948, "78": 1.0937557220458984, "79": 0.9740282297134399, "80": 0.998566746711731}