{"1": 0.6409218907356262, "2": 0.7079252600669861, "3": 0.7384686470031738, "4": 0.7276570796966553, "5": 0.7466151118278503, "6": 0.7680625915527344, "7": 0.7690927386283875, "8": 0.7851448059082031, "9": 0.7583521008491516, "10": 0.793511152267456, "11": 0.7873790264129639, "12": 0.7824588418006897, "13": 0.7873350977897644, "14": 0.7850592136383057, "15": 0.7913892865180969, "16": 0.7996837496757507, "17": 0.7897369265556335, "18": 0.781522274017334, "19": 0.7799628376960754, "20": 0.794349193572998, "21": 0.7947638630867004, "22": 0.800194263458252, "23": 0.7946187853813171, "24": 0.8050339818000793, "25": 0.7951198220252991, "26": 0.791606605052948, "27": 0.7952249646186829, "28": 0.7868824601173401, "29": 0.8012989163398743, "30": 0.7994720339775085, "31": 0.8030085563659668, "32": 0.803663432598114, "33": 0.7858235239982605, "34": 0.7790427803993225, "35": 0.7959050536155701, "36": 0.7723397612571716, "37": 0.7982769012451172, "38": 0.7994610667228699, "39": 0.8021357655525208, "40": 0.788343608379364, "41": 0.7911052107810974, "42": 0.7991692423820496, "43": 0.7930347323417664, "44": 0.7994927763938904, "45": 0.8066167831420898, "46": 0.791172444820404, "47": 0.8006324768066406, "48": 0.8065192103385925, "49": 0.785737931728363, "50": 0.7916006445884705, "51": 0.7889205813407898, "52": 0.7788764834403992, "53": 0.7855863571166992, "54": 0.7971973419189453, "55": 0.8027200698852539, "56": 0.7973525524139404, "57": 0.8021804690361023, "58": 0.7987568974494934, "59": 0.7978935241699219, "60": 0.8057662844657898, "61": 0.7951224446296692, "62": 0.8075842261314392, "63": 0.8012655377388, "64": 0.7938534617424011, "65": 0.8005600571632385, "66": 0.7966867089271545, "67": 0.800015926361084, "68": 0.7952921390533447, "69": 0.8029899001121521, "70": 0.7931572794914246, "71": 0.8003371357917786, "72": 0.7908837795257568, "73": 0.8042048811912537, "74": 0.8037171959877014, "75": 0.8004298210144043, "76": 0.7938866019248962, "77": 0.7744388580322266, "78": 0.7963468432426453, "79": 0.8027094006538391, "80": 0.8036542534828186}