{"1": 0.590643584728241, "2": 0.4904528260231018, "3": 0.4981399178504944, "4": 0.5247461795806885, "5": 0.4650501608848572, "6": 0.4818204343318939, "7": 0.47403454780578613, "8": 0.4957900047302246, "9": 0.5374504327774048, "10": 0.5162917971611023, "11": 0.5541436076164246, "12": 0.5758101940155029, "13": 0.5295118093490601, "14": 0.6179507374763489, "15": 0.5936402082443237, "16": 0.5630674362182617, "17": 0.6188331246376038, "18": 0.6174822449684143, "19": 0.5719476938247681, "20": 0.5978760123252869, "21": 0.625174880027771, "22": 0.6118394732475281, "23": 0.6543167233467102, "24": 0.6100963354110718, "25": 0.6818198561668396, "26": 0.6667464971542358, "27": 0.7223353385925293, "28": 0.7081986665725708, "29": 0.7167766094207764, "30": 0.7480083703994751, "31": 0.7550640106201172, "32": 0.7262889742851257, "33": 0.667878270149231, "34": 0.8605421185493469, "35": 0.6399383544921875, "36": 0.833044171333313, "37": 0.8056107759475708, "38": 0.7700859308242798, "39": 0.8087350726127625, "40": 0.8345564007759094, "41": 0.8564862012863159, "42": 0.7491289377212524, "43": 0.8455362319946289, "44": 0.7999238967895508, "45": 0.8026728630065918, "46": 0.8349294662475586, "47": 0.8769124150276184, "48": 0.9008451700210571, "49": 0.8368297815322876, "50": 0.8466262817382812, "51": 0.96565181016922, "52": 0.8720504641532898, "53": 0.8788864016532898, "54": 0.8401635885238647, "55": 0.840198814868927, "56": 0.8951517939567566, "57": 0.9177058339118958, "58": 0.9468927383422852, "59": 0.9367702603340149, "60": 0.9572761654853821, "61": 0.9552254676818848, "62": 0.9134554862976074, "63": 0.9728914499282837, "64": 0.9395163655281067, "65": 0.9311845898628235, "66": 0.9542271494865417, "67": 0.971581757068634, "68": 0.9624166488647461, "69": 1.0086151361465454, "70": 0.9712032079696655, "71": 0.9369940757751465, "72": 1.0420769453048706, "73": 0.9500055313110352, "74": 0.941588282585144, "75": 0.9052990674972534, "76": 0.8366907835006714, "77": 1.000133752822876, "78": 0.8962880373001099, "79": 0.9248512387275696, "80": 0.913233757019043}