{"1": 0.5534465909004211, "2": 0.5543035268783569, "3": 0.4756912291049957, "4": 0.5866106748580933, "5": 0.5091454386711121, "6": 0.5644732713699341, "7": 0.5620817542076111, "8": 0.5346357226371765, "9": 0.5839181542396545, "10": 0.5778076648712158, "11": 0.6304031014442444, "12": 0.6386249661445618, "13": 0.6219608187675476, "14": 0.6591483950614929, "15": 0.6295660138130188, "16": 0.6723505258560181, "17": 0.6657091975212097, "18": 0.6638434529304504, "19": 0.7105841040611267, "20": 0.7074126601219177, "21": 0.7671567797660828, "22": 0.7542042136192322, "23": 0.6900138854980469, "24": 0.6938921809196472, "25": 0.7258486747741699, "26": 0.7682897448539734, "27": 0.7870264053344727, "28": 0.832443356513977, "29": 0.7722858190536499, "30": 0.8554915189743042, "31": 0.79896080493927, "32": 0.8023139834403992, "33": 0.7755361199378967, "34": 0.7802165746688843, "35": 0.8044079542160034, "36": 0.784331202507019, "37": 0.7886121273040771, "38": 0.8302392959594727, "39": 0.8520153164863586, "40": 0.8056120872497559, "41": 0.8677743077278137, "42": 0.8506407737731934, "43": 0.8824182748794556, "44": 0.8161776661872864, "45": 0.8528612852096558, "46": 0.9149793386459351, "47": 0.8719770312309265, "48": 0.8861710429191589, "49": 0.927880585193634, "50": 0.8898710012435913, "51": 0.9127138257026672, "52": 0.9327144622802734, "53": 0.9339731335639954, "54": 0.9307959675788879, "55": 0.9178110361099243, "56": 0.9523611068725586, "57": 0.9107387661933899, "58": 0.9327260851860046, "59": 0.940080463886261, "60": 0.9409658312797546, "61": 1.0174198150634766, "62": 0.9152761697769165, "63": 0.9803721308708191, "64": 0.9854148626327515, "65": 0.9924343228340149, "66": 0.9734421968460083, "67": 0.9791013598442078, "68": 0.9722652435302734, "69": 0.9601854085922241, "70": 0.9679482579231262, "71": 1.0095733404159546, "72": 1.0204269886016846, "73": 1.0331450700759888, "74": 1.0457134246826172, "75": 1.0422290563583374, "76": 0.9215081930160522, "77": 0.9550096392631531, "78": 0.9155563116073608, "79": 1.0232698917388916, "80": 0.959079384803772}