{"1": 0.5948947668075562, "2": 0.610724687576294, "3": 0.5370871424674988, "4": 0.6124064326286316, "5": 0.6033775210380554, "6": 0.5715104937553406, "7": 0.6032599210739136, "8": 0.5564144253730774, "9": 0.6153173446655273, "10": 0.641823410987854, "11": 0.7100692987442017, "12": 0.6991198062896729, "13": 0.7791882753372192, "14": 0.7003151178359985, "15": 0.7498078346252441, "16": 0.7732411026954651, "17": 0.7847857475280762, "18": 0.8459177017211914, "19": 0.7979095578193665, "20": 0.8419563174247742, "21": 0.8601073026657104, "22": 0.845246434211731, "23": 0.9467951655387878, "24": 0.8471215963363647, "25": 0.9610133171081543, "26": 0.8598276376724243, "27": 0.9446083903312683, "28": 0.9159358143806458, "29": 0.9142815470695496, "30": 0.9288736581802368, "31": 0.9711300730705261, "32": 0.9746072888374329, "33": 1.008370041847229, "34": 0.9747975468635559, "35": 1.0224370956420898, "36": 0.9413272142410278, "37": 0.8562369346618652, "38": 1.0136033296585083, "39": 0.9404436945915222, "40": 0.996911346912384, "41": 1.0282845497131348, "42": 1.0383727550506592, "43": 1.029457688331604, "44": 1.059650182723999, "45": 1.0835168361663818, "46": 0.9895311594009399, "47": 1.1597869396209717, "48": 1.020366907119751, "49": 1.0305399894714355, "50": 1.002834439277649, "51": 1.0898551940917969, "52": 1.1029444932937622, "53": 1.0901240110397339, "54": 1.0640379190444946, "55": 1.1080609560012817, "56": 1.0662392377853394, "57": 1.1549900770187378, "58": 1.0851223468780518, "59": 1.0833055973052979, "60": 1.1337413787841797, "61": 1.1981513500213623, "62": 1.122101902961731, "63": 1.2499423027038574, "64": 1.128743290901184, "65": 1.2699652910232544, "66": 0.9423123598098755, "67": 1.0509566068649292, "68": 1.0195106267929077, "69": 1.0739463567733765, "70": 1.1346430778503418, "71": 1.152551531791687, "72": 1.2001925706863403, "73": 1.1773613691329956, "74": 1.2803627252578735, "75": 1.253807783126831, "76": 1.2111737728118896, "77": 1.1770204305648804, "78": 1.2462239265441895, "79": 1.2466039657592773, "80": 1.2246202230453491}