{"1": 0.6033989787101746, "2": 0.6085440516471863, "3": 0.6688963770866394, "4": 0.577017605304718, "5": 0.6488669514656067, "6": 0.6168230175971985, "7": 0.6312891840934753, "8": 0.6625956892967224, "9": 0.6493430733680725, "10": 0.6400730013847351, "11": 0.6317529678344727, "12": 0.6416299343109131, "13": 0.642971932888031, "14": 0.641405463218689, "15": 0.6514320373535156, "16": 0.6377553343772888, "17": 0.6475963592529297, "18": 0.6511487364768982, "19": 0.6374722123146057, "20": 0.6486067771911621, "21": 0.6302409172058105, "22": 0.624912679195404, "23": 0.6472917199134827, "24": 0.6517000198364258, "25": 0.6538844704627991, "26": 0.6395801901817322, "27": 0.642787754535675, "28": 0.6254553198814392, "29": 0.6376473307609558, "30": 0.6055371165275574, "31": 0.6379104256629944, "32": 0.6452076435089111, "33": 0.6339417099952698, "34": 0.649310290813446, "35": 0.645636260509491, "36": 0.6558865904808044, "37": 0.6417330503463745, "38": 0.6412012577056885, "39": 0.6325787305831909, "40": 0.646433413028717, "41": 0.6407057046890259, "42": 0.6453409194946289, "43": 0.6399696469306946, "44": 0.6418189406394958, "45": 0.6459633708000183, "46": 0.6222911477088928, "47": 0.6300427317619324, "48": 0.6397626399993896, "49": 0.6301882863044739, "50": 0.6370397210121155, "51": 0.6381315588951111, "52": 0.6356887817382812, "53": 0.6366937160491943, "54": 0.6440489888191223, "55": 0.6412556767463684, "56": 0.6390542387962341, "57": 0.6389200091362, "58": 0.6374249458312988, "59": 0.6361508369445801, "60": 0.6507656574249268, "61": 0.6209867000579834, "62": 0.6384523510932922, "63": 0.6443426609039307, "64": 0.6375067830085754, "65": 0.6376481652259827, "66": 0.638997495174408, "67": 0.6415976881980896, "68": 0.6492325663566589, "69": 0.6555740833282471, "70": 0.6466217041015625, "71": 0.64108806848526, "72": 0.6318323612213135, "73": 0.6421530842781067, "74": 0.6313109993934631, "75": 0.6332913637161255, "76": 0.6667469143867493, "77": 0.6463108062744141, "78": 0.6621742248535156, "79": 0.6331920027732849, "80": 0.6560871601104736}