{"1": 0.49719616770744324, "2": 0.5920284390449524, "3": 0.5912863612174988, "4": 0.5749629735946655, "5": 0.6209602355957031, "6": 0.6301510334014893, "7": 0.6398351192474365, "8": 0.6414996981620789, "9": 0.6286378502845764, "10": 0.654371440410614, "11": 0.6416795253753662, "12": 0.6426602005958557, "13": 0.657863438129425, "14": 0.6345813274383545, "15": 0.6553776860237122, "16": 0.6683409810066223, "17": 0.655716598033905, "18": 0.643859326839447, "19": 0.6438403725624084, "20": 0.6591184735298157, "21": 0.651192843914032, "22": 0.6670965552330017, "23": 0.6587328910827637, "24": 0.6733514666557312, "25": 0.662449836730957, "26": 0.6570201516151428, "27": 0.6510698795318604, "28": 0.657588005065918, "29": 0.6567724347114563, "30": 0.6538605093955994, "31": 0.6571646332740784, "32": 0.6644973158836365, "33": 0.6558379530906677, "34": 0.6255192160606384, "35": 0.672499418258667, "36": 0.6357727646827698, "37": 0.6540936827659607, "38": 0.6585480570793152, "39": 0.6573136448860168, "40": 0.6522213816642761, "41": 0.6477255821228027, "42": 0.6631290316581726, "43": 0.6528024673461914, "44": 0.6571152210235596, "45": 0.6639178395271301, "46": 0.6508500576019287, "47": 0.6565117239952087, "48": 0.6592438817024231, "49": 0.6515952944755554, "50": 0.65823894739151, "51": 0.636483371257782, "52": 0.6278254389762878, "53": 0.6299883723258972, "54": 0.6526843905448914, "55": 0.6596503853797913, "56": 0.6551852226257324, "57": 0.6561878323554993, "58": 0.6537594199180603, "59": 0.6569961905479431, "60": 0.6604457497596741, "61": 0.6573655009269714, "62": 0.663120687007904, "63": 0.6517913937568665, "64": 0.6595625877380371, "65": 0.6610197424888611, "66": 0.6499815583229065, "67": 0.6547393202781677, "68": 0.6511017680168152, "69": 0.654127299785614, "70": 0.6498337388038635, "71": 0.6672728657722473, "72": 0.646803617477417, "73": 0.6623286604881287, "74": 0.6671951413154602, "75": 0.6641833186149597, "76": 0.6465198397636414, "77": 0.6246196627616882, "78": 0.661479651927948, "79": 0.6601830124855042, "80": 0.6677157878875732}