{"1": 0.6066604852676392, "2": 0.5276614427566528, "3": 0.634959876537323, "4": 0.5273216366767883, "5": 0.5079708099365234, "6": 0.6063771843910217, "7": 0.5563945770263672, "8": 0.5922743082046509, "9": 0.6397093534469604, "10": 0.6031861305236816, "11": 0.6940302848815918, "12": 0.6448541879653931, "13": 0.6665679812431335, "14": 0.6519071459770203, "15": 0.7104209065437317, "16": 0.7315910458564758, "17": 0.834247887134552, "18": 0.8291192054748535, "19": 0.6699228286743164, "20": 0.7134911417961121, "21": 0.8385486602783203, "22": 0.8260922431945801, "23": 0.8164297938346863, "24": 0.7988640666007996, "25": 0.8884291648864746, "26": 0.7760906219482422, "27": 0.8681994676589966, "28": 0.8207370042800903, "29": 0.8270196914672852, "30": 0.8644068837165833, "31": 0.8908710479736328, "32": 0.8959741592407227, "33": 0.8822851181030273, "34": 0.903904914855957, "35": 0.8990329504013062, "36": 0.8709784746170044, "37": 0.8998345136642456, "38": 0.9440757036209106, "39": 0.849264919757843, "40": 0.9347975850105286, "41": 0.9027143716812134, "42": 0.8719290494918823, "43": 0.9645808339118958, "44": 0.9812722206115723, "45": 1.0316665172576904, "46": 0.9382830858230591, "47": 0.8835439682006836, "48": 0.9623486399650574, "49": 0.9351402521133423, "50": 0.9864100217819214, "51": 0.9629347920417786, "52": 0.955858051776886, "53": 1.02311372756958, "54": 0.9811396598815918, "55": 1.0053136348724365, "56": 0.9279145002365112, "57": 0.9694585800170898, "58": 0.9776376485824585, "59": 0.8659966588020325, "60": 0.7746207118034363, "61": 1.0059642791748047, "62": 0.9160383939743042, "63": 0.9369648694992065, "64": 0.9643108248710632, "65": 0.9364764094352722, "66": 1.004805326461792, "67": 0.9808121919631958, "68": 1.0170892477035522, "69": 1.0259010791778564, "70": 1.017805814743042, "71": 1.07088303565979, "72": 1.0531171560287476, "73": 1.002481460571289, "74": 1.0400828123092651, "75": 1.0721426010131836, "76": 1.0903611183166504, "77": 1.0472133159637451, "78": 1.104600191116333, "79": 0.9724790453910828, "80": 1.0204039812088013}