{"1": 0.6048882007598877, "2": 0.5950966477394104, "3": 0.6639527678489685, "4": 0.6041067242622375, "5": 0.617850124835968, "6": 0.6519500613212585, "7": 0.6185734272003174, "8": 0.6752901673316956, "9": 0.6397074460983276, "10": 0.6674158573150635, "11": 0.6388503909111023, "12": 0.6672992706298828, "13": 0.6268989443778992, "14": 0.6602613925933838, "15": 0.666388988494873, "16": 0.6455777287483215, "17": 0.6776642799377441, "18": 0.6541759371757507, "19": 0.6660729050636292, "20": 0.6746336817741394, "21": 0.6723034381866455, "22": 0.6731938719749451, "23": 0.6495949029922485, "24": 0.681154727935791, "25": 0.6167805790901184, "26": 0.6647963523864746, "27": 0.6530637741088867, "28": 0.6666536927223206, "29": 0.6768009066581726, "30": 0.653089702129364, "31": 0.6744534969329834, "32": 0.6553180813789368, "33": 0.6631529331207275, "34": 0.6764190196990967, "35": 0.670813798904419, "36": 0.6619170308113098, "37": 0.681140661239624, "38": 0.6543357372283936, "39": 0.6728079319000244, "40": 0.659718930721283, "41": 0.6810962557792664, "42": 0.6813483238220215, "43": 0.681722104549408, "44": 0.6696365475654602, "45": 0.6599220037460327, "46": 0.6579253673553467, "47": 0.6475247740745544, "48": 0.682393491268158, "49": 0.6528922319412231, "50": 0.6738644242286682, "51": 0.6750451922416687, "52": 0.671258270740509, "53": 0.6635412573814392, "54": 0.6800816059112549, "55": 0.6725326180458069, "56": 0.648813784122467, "57": 0.6770666241645813, "58": 0.6708510518074036, "59": 0.6756804585456848, "60": 0.6684034466743469, "61": 0.6724119782447815, "62": 0.6800147891044617, "63": 0.6652924418449402, "64": 0.6917522549629211, "65": 0.6716089248657227, "66": 0.6636240482330322, "67": 0.654213011264801, "68": 0.6626661419868469, "69": 0.6752989888191223, "70": 0.6716458797454834, "71": 0.6599172949790955, "72": 0.67630535364151, "73": 0.6702527403831482, "74": 0.6495311856269836, "75": 0.6610804200172424, "76": 0.6715766787528992, "77": 0.6743325591087341, "78": 0.6633619666099548, "79": 0.6779987215995789, "80": 0.6599207520484924}