{"1": 0.6434965133666992, "2": 0.7256806492805481, "3": 0.7481382489204407, "4": 0.7360410690307617, "5": 0.7534424662590027, "6": 0.776324450969696, "7": 0.7774813771247864, "8": 0.7919011116027832, "9": 0.7714155316352844, "10": 0.7971196174621582, "11": 0.7920365333557129, "12": 0.7899437546730042, "13": 0.7971652150154114, "14": 0.7916491627693176, "15": 0.8005028367042542, "16": 0.8097655177116394, "17": 0.8005504608154297, "18": 0.7897744178771973, "19": 0.7956511378288269, "20": 0.7981605529785156, "21": 0.8011022210121155, "22": 0.8057475090026855, "23": 0.7991835474967957, "24": 0.8092566132545471, "25": 0.8045799732208252, "26": 0.7979400157928467, "27": 0.8000297546386719, "28": 0.7935503125190735, "29": 0.8024160861968994, "30": 0.8042359352111816, "31": 0.805351734161377, "32": 0.8063452839851379, "33": 0.7849881649017334, "34": 0.7806790471076965, "35": 0.8001794815063477, "36": 0.7743839621543884, "37": 0.7988569736480713, "38": 0.7979726791381836, "39": 0.8062997460365295, "40": 0.7961257100105286, "41": 0.7954787611961365, "42": 0.7999647259712219, "43": 0.7951750755310059, "44": 0.7972977757453918, "45": 0.809765636920929, "46": 0.7924986481666565, "47": 0.8040175437927246, "48": 0.8061010241508484, "49": 0.7890157699584961, "50": 0.797741711139679, "51": 0.7946025729179382, "52": 0.7833170890808105, "53": 0.7843820452690125, "54": 0.7998707294464111, "55": 0.8073873519897461, "56": 0.7999753952026367, "57": 0.8069087862968445, "58": 0.8006630539894104, "59": 0.7997541427612305, "60": 0.8084782958030701, "61": 0.799373209476471, "62": 0.8078804612159729, "63": 0.8011831641197205, "64": 0.7991204261779785, "65": 0.7994304299354553, "66": 0.7952635884284973, "67": 0.8029103875160217, "68": 0.795402467250824, "69": 0.8037988543510437, "70": 0.7976019978523254, "71": 0.8048579096794128, "72": 0.792235791683197, "73": 0.8039304614067078, "74": 0.8045397400856018, "75": 0.7999466061592102, "76": 0.7835237979888916, "77": 0.7820376753807068, "78": 0.7975837588310242, "79": 0.803287923336029, "80": 0.805732786655426}