{"1": 0.6112990975379944, "2": 0.6554386019706726, "3": 0.5924489498138428, "4": 0.6791516542434692, "5": 0.6738802194595337, "6": 0.648151695728302, "7": 0.6866585612297058, "8": 0.6308131814002991, "9": 0.7112545371055603, "10": 0.7170553207397461, "11": 0.7981933951377869, "12": 0.7868819236755371, "13": 0.8287367820739746, "14": 0.7633289694786072, "15": 0.8342095613479614, "16": 0.8543974757194519, "17": 0.8689285516738892, "18": 0.9197238087654114, "19": 0.883211612701416, "20": 0.9421399831771851, "21": 0.9343868494033813, "22": 0.9183541536331177, "23": 1.0100605487823486, "24": 0.9358938932418823, "25": 1.0427217483520508, "26": 0.9302304983139038, "27": 1.0297915935516357, "28": 1.008526086807251, "29": 1.0019937753677368, "30": 1.0158183574676514, "31": 1.0775730609893799, "32": 1.0748484134674072, "33": 1.0824836492538452, "34": 1.0654394626617432, "35": 1.117603063583374, "36": 1.0355929136276245, "37": 0.9497737884521484, "38": 1.14860999584198, "39": 1.0064798593521118, "40": 1.0706911087036133, "41": 1.1209001541137695, "42": 1.1316535472869873, "43": 1.1195329427719116, "44": 1.1446609497070312, "45": 1.156030535697937, "46": 1.0758562088012695, "47": 1.2284314632415771, "48": 1.0891087055206299, "49": 1.1427401304244995, "50": 1.0852198600769043, "51": 1.1624735593795776, "52": 1.1966009140014648, "53": 1.1681214570999146, "54": 1.1244481801986694, "55": 1.1704601049423218, "56": 1.173272967338562, "57": 1.208519697189331, "58": 1.173872709274292, "59": 1.1749632358551025, "60": 1.2185355424880981, "61": 1.2715942859649658, "62": 1.2275350093841553, "63": 1.3473529815673828, "64": 1.2557544708251953, "65": 1.3660622835159302, "66": 1.0442116260528564, "67": 1.198301076889038, "68": 1.0920228958129883, "69": 1.1373376846313477, "70": 1.2103071212768555, "71": 1.218024492263794, "72": 1.2690528631210327, "73": 1.248600959777832, "74": 1.361777424812317, "75": 1.318990707397461, "76": 1.314718246459961, "77": 1.2382982969284058, "78": 1.3169111013412476, "79": 1.3071476221084595, "80": 1.2920572757720947}