{"1": 0.6366768479347229, "2": 0.6981609463691711, "3": 0.7281386852264404, "4": 0.7162654995918274, "5": 0.7367241382598877, "6": 0.7560653686523438, "7": 0.7582616209983826, "8": 0.7762680649757385, "9": 0.7515283226966858, "10": 0.7853870987892151, "11": 0.7779629826545715, "12": 0.774101972579956, "13": 0.7789031863212585, "14": 0.7774975299835205, "15": 0.7842857837677002, "16": 0.7877163887023926, "17": 0.7838084101676941, "18": 0.7724008560180664, "19": 0.7731183171272278, "20": 0.7897006869316101, "21": 0.7898497581481934, "22": 0.7955229878425598, "23": 0.7892031669616699, "24": 0.7992141246795654, "25": 0.7882580757141113, "26": 0.782257080078125, "27": 0.7863577008247375, "28": 0.7780580520629883, "29": 0.795219361782074, "30": 0.7917757034301758, "31": 0.7944245338439941, "32": 0.7952296137809753, "33": 0.7764718532562256, "34": 0.7713987231254578, "35": 0.7868559956550598, "36": 0.767259418964386, "37": 0.7910022139549255, "38": 0.7920835614204407, "39": 0.7955107092857361, "40": 0.7784833908081055, "41": 0.7822954654693604, "42": 0.7913014888763428, "43": 0.7843825221061707, "44": 0.7932953238487244, "45": 0.7987914085388184, "46": 0.7822539806365967, "47": 0.7917976379394531, "48": 0.8011841773986816, "49": 0.7787673473358154, "50": 0.7833333015441895, "51": 0.7797215580940247, "52": 0.7710219025611877, "53": 0.7825045585632324, "54": 0.7937206625938416, "55": 0.7998046875, "56": 0.7937176823616028, "57": 0.7972732186317444, "58": 0.7938897609710693, "59": 0.7929202914237976, "60": 0.8020181059837341, "61": 0.790199339389801, "62": 0.8017024993896484, "63": 0.79704350233078, "64": 0.7901676297187805, "65": 0.7939250469207764, "66": 0.7924241423606873, "67": 0.7904927730560303, "68": 0.7906801700592041, "69": 0.7971170544624329, "70": 0.7878563404083252, "71": 0.7950283885002136, "72": 0.7835437655448914, "73": 0.7996494770050049, "74": 0.7974483370780945, "75": 0.7957603931427002, "76": 0.7900967001914978, "77": 0.7650966644287109, "78": 0.7890368103981018, "79": 0.7967367172241211, "80": 0.798530101776123}