{"1": 0.5521709322929382, "2": 0.5599830150604248, "3": 0.6116310954093933, "4": 0.5410850048065186, "5": 0.6005881428718567, "6": 0.577228844165802, "7": 0.5904939770698547, "8": 0.6089673042297363, "9": 0.6006278395652771, "10": 0.6084039211273193, "11": 0.5977767109870911, "12": 0.602672278881073, "13": 0.6083057522773743, "14": 0.6013784408569336, "15": 0.6175618767738342, "16": 0.5983233451843262, "17": 0.6149632930755615, "18": 0.6104673743247986, "19": 0.6059188842773438, "20": 0.6121793389320374, "21": 0.6003404259681702, "22": 0.5831910967826843, "23": 0.6105051636695862, "24": 0.6114766001701355, "25": 0.6144509315490723, "26": 0.6031724214553833, "27": 0.6085566878318787, "28": 0.5931853652000427, "29": 0.6113948225975037, "30": 0.5809751152992249, "31": 0.6103317737579346, "32": 0.6019754409790039, "33": 0.6052361130714417, "34": 0.6104950308799744, "35": 0.6074679493904114, "36": 0.6181992888450623, "37": 0.6051457524299622, "38": 0.6054372787475586, "39": 0.5996866822242737, "40": 0.6105174422264099, "41": 0.6041117310523987, "42": 0.6037642359733582, "43": 0.6081356406211853, "44": 0.6072206497192383, "45": 0.6138485074043274, "46": 0.5966014862060547, "47": 0.6028613448143005, "48": 0.6059232950210571, "49": 0.5949998497962952, "50": 0.6084020137786865, "51": 0.5971574783325195, "52": 0.5999661087989807, "53": 0.6043550968170166, "54": 0.611236572265625, "55": 0.6078968048095703, "56": 0.606099545955658, "57": 0.6133615374565125, "58": 0.6038649082183838, "59": 0.5989555716514587, "60": 0.613574743270874, "61": 0.5924289226531982, "62": 0.61077481508255, "63": 0.6074889898300171, "64": 0.606276273727417, "65": 0.6050281524658203, "66": 0.6062721610069275, "67": 0.6028254628181458, "68": 0.6070627570152283, "69": 0.6178603768348694, "70": 0.6123675107955933, "71": 0.6056515574455261, "72": 0.6014919877052307, "73": 0.5993814468383789, "74": 0.5957679152488708, "75": 0.599357545375824, "76": 0.6270003318786621, "77": 0.6128018498420715, "78": 0.6278703808784485, "79": 0.5976845622062683, "80": 0.6172283291816711}