{"1": 0.49215835332870483, "2": 0.47819995880126953, "3": 0.3975478410720825, "4": 0.5115957260131836, "5": 0.4323132634162903, "6": 0.4908234179019928, "7": 0.507733941078186, "8": 0.4489767551422119, "9": 0.49430543184280396, "10": 0.5228430032730103, "11": 0.5801841616630554, "12": 0.5877799391746521, "13": 0.5693924427032471, "14": 0.601256251335144, "15": 0.5877716541290283, "16": 0.6133413314819336, "17": 0.6311198472976685, "18": 0.6002933382987976, "19": 0.6535941958427429, "20": 0.6404783725738525, "21": 0.7072689533233643, "22": 0.6632472276687622, "23": 0.6196683645248413, "24": 0.6197782754898071, "25": 0.6486133933067322, "26": 0.6855186223983765, "27": 0.7173882722854614, "28": 0.7755658030509949, "29": 0.7151994109153748, "30": 0.797662615776062, "31": 0.7533770203590393, "32": 0.7143930196762085, "33": 0.7211422920227051, "34": 0.6832555532455444, "35": 0.7123956084251404, "36": 0.6938482522964478, "37": 0.6781200170516968, "38": 0.7466105222702026, "39": 0.7783501148223877, "40": 0.6994548439979553, "41": 0.7697768807411194, "42": 0.7476215958595276, "43": 0.8092638254165649, "44": 0.7494203448295593, "45": 0.7803250551223755, "46": 0.8763771057128906, "47": 0.7965660691261292, "48": 0.7974712252616882, "49": 0.8376451730728149, "50": 0.849367618560791, "51": 0.819262683391571, "52": 0.8449174165725708, "53": 0.8590642213821411, "54": 0.8570960760116577, "55": 0.8353191614151001, "56": 0.8917593955993652, "57": 0.841549277305603, "58": 0.8522757291793823, "59": 0.8458797335624695, "60": 0.822343647480011, "61": 0.9378323554992676, "62": 0.8490358591079712, "63": 0.8647710680961609, "64": 0.9101767539978027, "65": 0.8858729600906372, "66": 0.9012851715087891, "67": 0.8785222768783569, "68": 0.8580678105354309, "69": 0.8610383868217468, "70": 0.8785276412963867, "71": 0.9221019744873047, "72": 0.9394629597663879, "73": 0.9154685139656067, "74": 0.9606553912162781, "75": 0.9379347562789917, "76": 0.7863489389419556, "77": 0.8734040260314941, "78": 0.8208654522895813, "79": 0.91705721616745, "80": 0.8392532467842102}