{"1": 0.4918419420719147, "2": 0.567520797252655, "3": 0.5728448033332825, "4": 0.558006227016449, "5": 0.6039712429046631, "6": 0.6058245897293091, "7": 0.6200137138366699, "8": 0.6238746643066406, "9": 0.610332190990448, "10": 0.6404398679733276, "11": 0.6263702511787415, "12": 0.6256833076477051, "13": 0.6391564011573792, "14": 0.6187095046043396, "15": 0.6389114856719971, "16": 0.644632875919342, "17": 0.6395119428634644, "18": 0.6243967413902283, "19": 0.6234049797058105, "20": 0.6505952477455139, "21": 0.6368911862373352, "22": 0.65509432554245, "23": 0.6466214060783386, "24": 0.6632581353187561, "25": 0.646357536315918, "26": 0.6393430233001709, "27": 0.6355966329574585, "28": 0.6403840184211731, "29": 0.6458078026771545, "30": 0.6363217830657959, "31": 0.6425546407699585, "32": 0.6500188708305359, "33": 0.6456429958343506, "34": 0.6148890852928162, "35": 0.6570282578468323, "36": 0.6275572180747986, "37": 0.6419439911842346, "38": 0.650337278842926, "39": 0.6452980041503906, "40": 0.6327549815177917, "41": 0.6331329345703125, "42": 0.6499320268630981, "43": 0.6382216811180115, "44": 0.6498634219169617, "45": 0.648002564907074, "46": 0.6368210315704346, "47": 0.6401104927062988, "48": 0.6498602628707886, "49": 0.6395393013954163, "50": 0.641305148601532, "51": 0.6185669898986816, "52": 0.6139103174209595, "53": 0.6248396039009094, "54": 0.6451172828674316, "55": 0.6501316428184509, "56": 0.6483107209205627, "57": 0.6444838047027588, "58": 0.6454086899757385, "59": 0.6486420035362244, "60": 0.6509491801261902, "61": 0.6463972926139832, "62": 0.653428316116333, "63": 0.644005537033081, "64": 0.6477119326591492, "65": 0.6530082821846008, "66": 0.6451556086540222, "67": 0.6393478512763977, "68": 0.6429365277290344, "69": 0.644085168838501, "70": 0.6376762986183167, "71": 0.65465247631073, "72": 0.6358702778816223, "73": 0.6538538336753845, "74": 0.6561282277107239, "75": 0.6572777628898621, "76": 0.649241030216217, "77": 0.6042588353157043, "78": 0.6489410400390625, "79": 0.6488889455795288, "80": 0.6570983529090881}