{"1": 0.6542797684669495, "2": 0.7057412266731262, "3": 0.6315017938613892, "4": 0.7373698949813843, "5": 0.7014727592468262, "6": 0.7301377058029175, "7": 0.7516220808029175, "8": 0.7312556505203247, "9": 0.7898592352867126, "10": 0.7393325567245483, "11": 0.7905297875404358, "12": 0.8106220960617065, "13": 0.8315752148628235, "14": 0.8590213656425476, "15": 0.8246375918388367, "16": 0.8634032011032104, "17": 0.847303032875061, "18": 0.875651478767395, "19": 0.9239146113395691, "20": 0.9293047785758972, "21": 0.9396508932113647, "22": 0.9144339561462402, "23": 0.900484561920166, "24": 0.924024760723114, "25": 0.9434585571289062, "26": 0.9914507865905762, "27": 1.0035860538482666, "28": 1.039846420288086, "29": 1.0035849809646606, "30": 1.0490484237670898, "31": 0.989012598991394, "32": 1.0301889181137085, "33": 0.9769489169120789, "34": 1.0448507070541382, "35": 1.0345799922943115, "36": 1.0351008176803589, "37": 1.0449379682540894, "38": 1.0479276180267334, "39": 1.0969206094741821, "40": 1.0813167095184326, "41": 1.113732099533081, "42": 1.0929549932479858, "43": 1.1332696676254272, "44": 1.056516408920288, "45": 1.072090983390808, "46": 1.132590413093567, "47": 1.0585743188858032, "48": 1.1216967105865479, "49": 1.1306178569793701, "50": 1.1224216222763062, "51": 1.1808357238769531, "52": 1.1578223705291748, "53": 1.1732078790664673, "54": 1.1735941171646118, "55": 1.1642765998840332, "56": 1.191017985343933, "57": 1.1550933122634888, "58": 1.2169212102890015, "59": 1.2020102739334106, "60": 1.239738941192627, "61": 1.2422544956207275, "62": 1.177130937576294, "63": 1.2598484754562378, "64": 1.2570745944976807, "65": 1.2343406677246094, "66": 1.2887495756149292, "67": 1.2253907918930054, "68": 1.2847062349319458, "69": 1.2380077838897705, "70": 1.2297523021697998, "71": 1.3070794343948364, "72": 1.2930055856704712, "73": 1.3492114543914795, "74": 1.302477478981018, "75": 1.304904818534851, "76": 1.2321128845214844, "77": 1.2390021085739136, "78": 1.1828389167785645, "79": 1.2962157726287842, "80": 1.273766279220581}