{"1": 0.5231653451919556, "2": 0.6469048857688904, "3": 0.6518678069114685, "4": 0.6583432555198669, "5": 0.6540029644966125, "6": 0.6698442101478577, "7": 0.6622713208198547, "8": 0.5641681551933289, "9": 0.6625714302062988, "10": 0.6714422106742859, "11": 0.6700196266174316, "12": 0.6776987910270691, "13": 0.6733307838439941, "14": 0.6793479919433594, "15": 0.6836810111999512, "16": 0.6780354380607605, "17": 0.6134375929832458, "18": 0.6455082297325134, "19": 0.6873569488525391, "20": 0.6363340020179749, "21": 0.6286334991455078, "22": 0.700951099395752, "23": 0.671924352645874, "24": 0.6622771620750427, "25": 0.6323117017745972, "26": 0.6388545632362366, "27": 0.6558005213737488, "28": 0.6809294819831848, "29": 0.6866166591644287, "30": 0.6792555451393127, "31": 0.6700410842895508, "32": 0.6796248555183411, "33": 0.706563413143158, "34": 0.7080960273742676, "35": 0.6433255076408386, "36": 0.691240131855011, "37": 0.6735501885414124, "38": 0.697284996509552, "39": 0.6553896069526672, "40": 0.6951385140419006, "41": 0.6970589756965637, "42": 0.7061770558357239, "43": 0.6304360032081604, "44": 0.6395831108093262, "45": 0.6920135617256165, "46": 0.6755346655845642, "47": 0.6692517399787903, "48": 0.682849645614624, "49": 0.6482022404670715, "50": 0.7105205059051514, "51": 0.70172119140625, "52": 0.6329309344291687, "53": 0.7208494544029236, "54": 0.7070607542991638, "55": 0.705554723739624, "56": 0.718920886516571, "57": 0.647312581539154, "58": 0.7205352783203125, "59": 0.6999683976173401, "60": 0.7007085680961609, "61": 0.6921296119689941, "62": 0.7176869511604309, "63": 0.7272844910621643, "64": 0.6919369697570801, "65": 0.7117761969566345, "66": 0.6489264965057373, "67": 0.6805093884468079, "68": 0.6542300581932068, "69": 0.6680634617805481, "70": 0.7001848220825195, "71": 0.6667649149894714, "72": 0.712179958820343, "73": 0.7051646113395691, "74": 0.6685941815376282, "75": 0.7016268372535706, "76": 0.6924342513084412, "77": 0.7336983680725098, "78": 0.7175949215888977, "79": 0.6086360812187195, "80": 0.7107016444206238}