{"1": 0.6230184435844421, "2": 0.7702024579048157, "3": 0.7773354649543762, "4": 0.7642874121665955, "5": 0.7789131999015808, "6": 0.7871611714363098, "7": 0.7816615104675293, "8": 0.7466850280761719, "9": 0.806640625, "10": 0.8192274570465088, "11": 0.8106188178062439, "12": 0.7983964085578918, "13": 0.8076939582824707, "14": 0.8090462684631348, "15": 0.7969303131103516, "16": 0.811021089553833, "17": 0.7905352115631104, "18": 0.8044144511222839, "19": 0.8072975277900696, "20": 0.8061184287071228, "21": 0.7951015830039978, "22": 0.8330221176147461, "23": 0.8068792223930359, "24": 0.8165523409843445, "25": 0.7934739589691162, "26": 0.7924171090126038, "27": 0.8092007637023926, "28": 0.8175945281982422, "29": 0.8281502723693848, "30": 0.820573627948761, "31": 0.8156463503837585, "32": 0.8272680640220642, "33": 0.8416687846183777, "34": 0.8341350555419922, "35": 0.806560754776001, "36": 0.835300862789154, "37": 0.8141033053398132, "38": 0.8330129981040955, "39": 0.8093087077140808, "40": 0.8280150294303894, "41": 0.8352153897285461, "42": 0.8404515385627747, "43": 0.7965044975280762, "44": 0.8033897876739502, "45": 0.8266550898551941, "46": 0.8241885304450989, "47": 0.8146488070487976, "48": 0.826737105846405, "49": 0.816149890422821, "50": 0.8349018096923828, "51": 0.8407360911369324, "52": 0.7972559928894043, "53": 0.8458247184753418, "54": 0.8302720189094543, "55": 0.8317590355873108, "56": 0.840648889541626, "57": 0.8100902438163757, "58": 0.8414824604988098, "59": 0.8271350264549255, "60": 0.8421826958656311, "61": 0.8182215690612793, "62": 0.830595076084137, "63": 0.8483842015266418, "64": 0.8268600106239319, "65": 0.8387629389762878, "66": 0.8139021992683411, "67": 0.829474925994873, "68": 0.8093760013580322, "69": 0.8203034400939941, "70": 0.834014892578125, "71": 0.8216040134429932, "72": 0.8363678455352783, "73": 0.839579164981842, "74": 0.8201501965522766, "75": 0.8410177230834961, "76": 0.8394138216972351, "77": 0.8494119048118591, "78": 0.8328073620796204, "79": 0.7826380133628845, "80": 0.8372650742530823}