{"1": 0.5127714276313782, "2": 0.6061636805534363, "3": 0.5526056289672852, "4": 0.6178964972496033, "5": 0.6401472687721252, "6": 0.656872034072876, "7": 0.6578984260559082, "8": 0.6745929718017578, "9": 0.6253023147583008, "10": 0.6772704124450684, "11": 0.6725015044212341, "12": 0.6760672926902771, "13": 0.6806568503379822, "14": 0.6799678802490234, "15": 0.65779709815979, "16": 0.6514248251914978, "17": 0.6901084780693054, "18": 0.6808607578277588, "19": 0.6636071801185608, "20": 0.6680609583854675, "21": 0.6439336538314819, "22": 0.6986730098724365, "23": 0.6057918071746826, "24": 0.6772016882896423, "25": 0.6707149147987366, "26": 0.6762221455574036, "27": 0.6836338043212891, "28": 0.7007763385772705, "29": 0.6985127925872803, "30": 0.6775487065315247, "31": 0.6886844038963318, "32": 0.65634685754776, "33": 0.6998238563537598, "34": 0.7100908756256104, "35": 0.6527391076087952, "36": 0.6952481269836426, "37": 0.6651121973991394, "38": 0.6628925800323486, "39": 0.6623902916908264, "40": 0.6856918931007385, "41": 0.6574469208717346, "42": 0.7064163088798523, "43": 0.7044314742088318, "44": 0.6420807242393494, "45": 0.6310375332832336, "46": 0.6616399884223938, "47": 0.7062376141548157, "48": 0.6525340676307678, "49": 0.6787106990814209, "50": 0.6957229971885681, "51": 0.6723539233207703, "52": 0.7173236012458801, "53": 0.5907100439071655, "54": 0.663881242275238, "55": 0.6860329508781433, "56": 0.6776146292686462, "57": 0.6970231533050537, "58": 0.6285820603370667, "59": 0.6466094255447388, "60": 0.694428026676178, "61": 0.6740720868110657, "62": 0.661141037940979, "63": 0.7087782025337219, "64": 0.6931607127189636, "65": 0.65909343957901, "66": 0.6543167233467102, "67": 0.6803410649299622, "68": 0.6892879605293274, "69": 0.6985321044921875, "70": 0.6370086073875427, "71": 0.7141913771629333, "72": 0.6696900725364685, "73": 0.6433857083320618, "74": 0.6965280175209045, "75": 0.6906684041023254, "76": 0.6850408911705017, "77": 0.6402993202209473, "78": 0.6661483645439148, "79": 0.6760212779045105, "80": 0.7019216418266296}