{"1": 0.5714868307113647, "2": 0.4447891116142273, "3": 0.43001383543014526, "4": 0.41297778487205505, "5": 0.412594735622406, "6": 0.403276264667511, "7": 0.4240783154964447, "8": 0.5142730474472046, "9": 0.4340858459472656, "10": 0.4560930132865906, "11": 0.432715505361557, "12": 0.43095359206199646, "13": 0.41655606031417847, "14": 0.41236448287963867, "15": 0.4013425409793854, "16": 0.4200744032859802, "17": 0.49761494994163513, "18": 0.46523261070251465, "19": 0.4009575843811035, "20": 0.4950675964355469, "21": 0.5028048157691956, "22": 0.4362037181854248, "23": 0.4352852404117584, "24": 0.46599215269088745, "25": 0.4846971929073334, "26": 0.47556203603744507, "27": 0.47743064165115356, "28": 0.46246638894081116, "29": 0.46018895506858826, "30": 0.46987396478652954, "31": 0.49241718649864197, "32": 0.46823835372924805, "33": 0.48473358154296875, "34": 0.44642361998558044, "35": 0.5090411305427551, "36": 0.4798196256160736, "37": 0.460151344537735, "38": 0.45751476287841797, "39": 0.47999244928359985, "40": 0.46516475081443787, "41": 0.4639627933502197, "42": 0.4718429446220398, "43": 0.534596860408783, "44": 0.5201182961463928, "45": 0.4794314503669739, "46": 0.4737803041934967, "47": 0.5152596235275269, "48": 0.4734094738960266, "49": 0.5658140182495117, "50": 0.46555978059768677, "51": 0.5018588900566101, "52": 0.5277231335639954, "53": 0.443002849817276, "54": 0.4416191577911377, "55": 0.45384684205055237, "56": 0.4495527744293213, "57": 0.5554344058036804, "58": 0.43134212493896484, "59": 0.4709565043449402, "60": 0.49872666597366333, "61": 0.4640985429286957, "62": 0.44175973534584045, "63": 0.45840543508529663, "64": 0.5077496767044067, "65": 0.45131808519363403, "66": 0.5535635948181152, "67": 0.5030911564826965, "68": 0.5047114491462708, "69": 0.5318702459335327, "70": 0.5034049153327942, "71": 0.5198591351509094, "72": 0.4682953953742981, "73": 0.47148966789245605, "74": 0.5059384107589722, "75": 0.49895042181015015, "76": 0.516491711139679, "77": 0.4643990397453308, "78": 0.47100362181663513, "79": 0.5864200592041016, "80": 0.47208595275878906}