{"1": 0.3699989318847656, "2": 0.5448014736175537, "3": 0.6340754628181458, "4": 0.6371140480041504, "5": 0.6438661217689514, "6": 0.6540769934654236, "7": 0.6634266376495361, "8": 0.6441488265991211, "9": 0.6731387972831726, "10": 0.6839360594749451, "11": 0.6333982944488525, "12": 0.6612270474433899, "13": 0.6553048491477966, "14": 0.6866312623023987, "15": 0.629805862903595, "16": 0.6261200904846191, "17": 0.693043053150177, "18": 0.6764147877693176, "19": 0.6721099019050598, "20": 0.6837109923362732, "21": 0.675854504108429, "22": 0.6679657101631165, "23": 0.6869683265686035, "24": 0.6896328926086426, "25": 0.6957070231437683, "26": 0.6771346926689148, "27": 0.6827144026756287, "28": 0.6861889362335205, "29": 0.6144810318946838, "30": 0.6650448441505432, "31": 0.6672040820121765, "32": 0.6549925208091736, "33": 0.6681395173072815, "34": 0.6613469123840332, "35": 0.669013500213623, "36": 0.7097795009613037, "37": 0.659309446811676, "38": 0.6789669394493103, "39": 0.6927800178527832, "40": 0.6607319712638855, "41": 0.628872811794281, "42": 0.6805281043052673, "43": 0.7026610374450684, "44": 0.6267088055610657, "45": 0.7163752913475037, "46": 0.6613131761550903, "47": 0.6708416938781738, "48": 0.6691064238548279, "49": 0.7007994651794434, "50": 0.6759032607078552, "51": 0.6458468437194824, "52": 0.6952104568481445, "53": 0.6423287987709045, "54": 0.6706416010856628, "55": 0.6238970160484314, "56": 0.6570821404457092, "57": 0.6906493306159973, "58": 0.6687843203544617, "59": 0.7224579453468323, "60": 0.6571213603019714, "61": 0.6556466221809387, "62": 0.6228098273277283, "63": 0.712207019329071, "64": 0.671882152557373, "65": 0.6687278151512146, "66": 0.7125687599182129, "67": 0.6968467235565186, "68": 0.7192239761352539, "69": 0.6894428730010986, "70": 0.6400978565216064, "71": 0.6467875838279724, "72": 0.6926147937774658, "73": 0.6767651438713074, "74": 0.6761672496795654, "75": 0.6845362782478333, "76": 0.6936065554618835, "77": 0.6979843974113464, "78": 0.6205951571464539, "79": 0.7017765045166016, "80": 0.6692339777946472}