{"1": 0.7318499684333801, "2": 0.4507082998752594, "3": 0.5504871010780334, "4": 0.45450934767723083, "5": 0.43088236451148987, "6": 0.3961245119571686, "7": 0.38940075039863586, "8": 0.35566624999046326, "9": 0.41428321599960327, "10": 0.34175974130630493, "11": 0.3479291796684265, "12": 0.3600218892097473, "13": 0.3460601270198822, "14": 0.34698742628097534, "15": 0.371659517288208, "16": 0.37219977378845215, "17": 0.32721811532974243, "18": 0.3352070450782776, "19": 0.3623054325580597, "20": 0.3548421263694763, "21": 0.3768596947193146, "22": 0.31471046805381775, "23": 0.4086431562900543, "24": 0.34091347455978394, "25": 0.34693604707717896, "26": 0.3404366075992584, "27": 0.32918646931648254, "28": 0.3137536346912384, "29": 0.30891305208206177, "30": 0.33818191289901733, "31": 0.3324894309043884, "32": 0.3631395697593689, "33": 0.3064368963241577, "34": 0.2861700654029846, "35": 0.3719126582145691, "36": 0.31760624051094055, "37": 0.3474225401878357, "38": 0.34080129861831665, "39": 0.35229283571243286, "40": 0.3251875340938568, "41": 0.3551059365272522, "42": 0.30028998851776123, "43": 0.30804747343063354, "44": 0.3786550462245941, "45": 0.3908265233039856, "46": 0.34723761677742004, "47": 0.30903205275535583, "48": 0.35882580280303955, "49": 0.3310590982437134, "50": 0.3097054064273834, "51": 0.3392338156700134, "52": 0.2974667251110077, "53": 0.4184166491031647, "54": 0.34760215878486633, "55": 0.32323282957077026, "56": 0.3316382169723511, "57": 0.3122190535068512, "58": 0.39284977316856384, "59": 0.3558464050292969, "60": 0.3265870213508606, "61": 0.33739086985588074, "62": 0.33527761697769165, "63": 0.3009476661682129, "64": 0.3080860376358032, "65": 0.3460250496864319, "66": 0.35999053716659546, "67": 0.3241104185581207, "68": 0.3323921859264374, "69": 0.3157896101474762, "70": 0.37894919514656067, "71": 0.2887856364250183, "72": 0.34145215153694153, "73": 0.3606823682785034, "74": 0.30716538429260254, "75": 0.3155769407749176, "76": 0.31063297390937805, "77": 0.4023124575614929, "78": 0.34851232171058655, "79": 0.32406365871429443, "80": 0.29823991656303406}