{"1": 0.5468799471855164, "2": 0.5687127113342285, "3": 0.6163592338562012, "4": 0.608819842338562, "5": 0.6386629939079285, "6": 0.6418684124946594, "7": 0.6346805691719055, "8": 0.6256730556488037, "9": 0.6234273910522461, "10": 0.606170654296875, "11": 0.6523270010948181, "12": 0.6659262776374817, "13": 0.6439563632011414, "14": 0.6490910649299622, "15": 0.6143476366996765, "16": 0.6081879138946533, "17": 0.658931314945221, "18": 0.6378175020217896, "19": 0.6663824915885925, "20": 0.6662217974662781, "21": 0.6600027680397034, "22": 0.6629211902618408, "23": 0.644873321056366, "24": 0.6435444355010986, "25": 0.6319569945335388, "26": 0.6370514035224915, "27": 0.6397964358329773, "28": 0.6503696441650391, "29": 0.6552370190620422, "30": 0.6676952242851257, "31": 0.6150633692741394, "32": 0.671222984790802, "33": 0.65444415807724, "34": 0.6502719521522522, "35": 0.6567981243133545, "36": 0.6564253568649292, "37": 0.672293484210968, "38": 0.6734504699707031, "39": 0.6264195442199707, "40": 0.6446015238761902, "41": 0.6621267795562744, "42": 0.6694909930229187, "43": 0.6416875720024109, "44": 0.605972945690155, "45": 0.6721296906471252, "46": 0.6662123799324036, "47": 0.6744685173034668, "48": 0.6539483070373535, "49": 0.6523612141609192, "50": 0.6572707891464233, "51": 0.6803488731384277, "52": 0.6398741602897644, "53": 0.6674831509590149, "54": 0.6707069277763367, "55": 0.6508204340934753, "56": 0.6437378525733948, "57": 0.6577762961387634, "58": 0.6536321043968201, "59": 0.6463860869407654, "60": 0.6703832745552063, "61": 0.6540471315383911, "62": 0.645344078540802, "63": 0.6860182285308838, "64": 0.6145018935203552, "65": 0.6646734476089478, "66": 0.5936057567596436, "67": 0.6699948310852051, "68": 0.6537279486656189, "69": 0.6719598174095154, "70": 0.589748203754425, "71": 0.6327502131462097, "72": 0.6600331664085388, "73": 0.6362736821174622, "74": 0.6220033168792725, "75": 0.6242702603340149, "76": 0.6660579442977905, "77": 0.6692249178886414, "78": 0.6606357097625732, "79": 0.6458389163017273, "80": 0.6202329993247986}