{"1": 0.5412613749504089, "2": 0.6679024696350098, "3": 0.7469131946563721, "4": 0.7655329704284668, "5": 0.7807731628417969, "6": 0.7918491363525391, "7": 0.7943875193595886, "8": 0.7792120575904846, "9": 0.8196425437927246, "10": 0.8115736842155457, "11": 0.7907790541648865, "12": 0.804084300994873, "13": 0.8185408115386963, "14": 0.8264749050140381, "15": 0.7727232575416565, "16": 0.7720244526863098, "17": 0.8296770453453064, "18": 0.7972207069396973, "19": 0.8145537376403809, "20": 0.8316497802734375, "21": 0.822364330291748, "22": 0.796112060546875, "23": 0.8255874514579773, "24": 0.8261061310768127, "25": 0.8346459269523621, "26": 0.8289348483085632, "27": 0.8241985440254211, "28": 0.8168653845787048, "29": 0.7890224456787109, "30": 0.819192111492157, "31": 0.8138087391853333, "32": 0.8218973278999329, "33": 0.8224465847015381, "34": 0.8114239573478699, "35": 0.8156459927558899, "36": 0.8308432698249817, "37": 0.8235569596290588, "38": 0.8217241764068604, "39": 0.8338747024536133, "40": 0.8057460784912109, "41": 0.8082497119903564, "42": 0.8285164833068848, "43": 0.8405168652534485, "44": 0.7996184229850769, "45": 0.841966450214386, "46": 0.820900022983551, "47": 0.8281233906745911, "48": 0.8144575953483582, "49": 0.8308525681495667, "50": 0.815090000629425, "51": 0.7959111332893372, "52": 0.8263131976127625, "53": 0.7997010350227356, "54": 0.8225717544555664, "55": 0.7903451919555664, "56": 0.8151033520698547, "57": 0.8373217582702637, "58": 0.8209553360939026, "59": 0.8301317095756531, "60": 0.8101727366447449, "61": 0.81550532579422, "62": 0.785728931427002, "63": 0.8389979004859924, "64": 0.8276686668395996, "65": 0.8151958584785461, "66": 0.8365645408630371, "67": 0.83595871925354, "68": 0.8520862460136414, "69": 0.8279218077659607, "70": 0.8000777363777161, "71": 0.8077496886253357, "72": 0.8312904238700867, "73": 0.8266215324401855, "74": 0.8078029155731201, "75": 0.8303030133247375, "76": 0.8312128186225891, "77": 0.8248043060302734, "78": 0.7885668873786926, "79": 0.8376390337944031, "80": 0.822913408279419}