{"1": 0.5650331974029541, "2": 0.3949119746685028, "3": 0.37605226039886475, "4": 0.35423702001571655, "5": 0.3658212721347809, "6": 0.3460012376308441, "7": 0.3624787926673889, "8": 0.459785521030426, "9": 0.365835577249527, "10": 0.3647919297218323, "11": 0.3558521270751953, "12": 0.34368249773979187, "13": 0.3490716814994812, "14": 0.3374682366847992, "15": 0.327605664730072, "16": 0.3370611071586609, "17": 0.41619449853897095, "18": 0.37291938066482544, "19": 0.32858937978744507, "20": 0.39490005373954773, "21": 0.4061868190765381, "22": 0.31313398480415344, "23": 0.3462006747722626, "24": 0.35713428258895874, "25": 0.3940891623497009, "26": 0.38277187943458557, "27": 0.3584699034690857, "28": 0.32770782709121704, "29": 0.32599008083343506, "30": 0.33336079120635986, "31": 0.3512314260005951, "32": 0.3295629620552063, "33": 0.30535566806793213, "34": 0.30132442712783813, "35": 0.3774942457675934, "36": 0.32104894518852234, "37": 0.33531448245048523, "38": 0.30736044049263, "39": 0.360684871673584, "40": 0.30822697281837463, "41": 0.31162357330322266, "42": 0.2960893511772156, "43": 0.389944851398468, "44": 0.38935333490371704, "45": 0.3092542886734009, "46": 0.33432692289352417, "47": 0.3481796383857727, "48": 0.33285269141197205, "49": 0.3784016966819763, "50": 0.2956646680831909, "51": 0.3086472749710083, "52": 0.39394694566726685, "53": 0.28066620230674744, "54": 0.29077276587486267, "55": 0.29477840662002563, "56": 0.2755400538444519, "57": 0.3781028091907501, "58": 0.2784341871738434, "59": 0.3027324378490448, "60": 0.31244513392448425, "61": 0.3107900619506836, "62": 0.2789183557033539, "63": 0.2710626423358917, "64": 0.31885096430778503, "65": 0.2868000864982605, "66": 0.3730696737766266, "67": 0.3396100401878357, "68": 0.3673273026943207, "69": 0.35470855236053467, "70": 0.3105335831642151, "71": 0.3627221882343292, "72": 0.2960076928138733, "73": 0.3002280592918396, "74": 0.3612213730812073, "75": 0.3072299361228943, "76": 0.32976096868515015, "77": 0.2675703167915344, "78": 0.28528040647506714, "79": 0.43443116545677185, "80": 0.2982027232646942}