{"1": 0.6627104878425598, "2": 0.7195771336555481, "3": 0.7609834671020508, "4": 0.7594680190086365, "5": 0.7891971468925476, "6": 0.769294023513794, "7": 0.7881898283958435, "8": 0.7784492373466492, "9": 0.7798742651939392, "10": 0.7877821326255798, "11": 0.7975528836250305, "12": 0.7882779240608215, "13": 0.8089327812194824, "14": 0.7819904685020447, "15": 0.770418643951416, "16": 0.77958083152771, "17": 0.7966333031654358, "18": 0.7777721881866455, "19": 0.8036727905273438, "20": 0.8005232810974121, "21": 0.8040642738342285, "22": 0.8084643483161926, "23": 0.7832658886909485, "24": 0.8093070387840271, "25": 0.8080163598060608, "26": 0.7784590125083923, "27": 0.7913294434547424, "28": 0.7999173998832703, "29": 0.8010454177856445, "30": 0.8149973750114441, "31": 0.7631240487098694, "32": 0.8128523230552673, "33": 0.7989149689674377, "34": 0.8050695061683655, "35": 0.8192891478538513, "36": 0.805752694606781, "37": 0.810279130935669, "38": 0.8225536942481995, "39": 0.77805095911026, "40": 0.8022348284721375, "41": 0.8109326362609863, "42": 0.8207151889801025, "43": 0.7933754920959473, "44": 0.7850958704948425, "45": 0.8053865432739258, "46": 0.8048302531242371, "47": 0.7936623692512512, "48": 0.81330806016922, "49": 0.8100984692573547, "50": 0.7985875010490417, "51": 0.822666585445404, "52": 0.7955970168113708, "53": 0.8189919590950012, "54": 0.8055019974708557, "55": 0.8075245022773743, "56": 0.8078555464744568, "57": 0.7973277568817139, "58": 0.7948591113090515, "59": 0.8029062151908875, "60": 0.8142309188842773, "61": 0.8031678199768066, "62": 0.8000845909118652, "63": 0.8033846020698547, "64": 0.7978588938713074, "65": 0.8121821880340576, "66": 0.7639052867889404, "67": 0.8189191222190857, "68": 0.7969274520874023, "69": 0.8110210299491882, "70": 0.7671229243278503, "71": 0.8054987788200378, "72": 0.8086244463920593, "73": 0.7949440479278564, "74": 0.7940152287483215, "75": 0.799379825592041, "76": 0.8090859055519104, "77": 0.799105167388916, "78": 0.8179419636726379, "79": 0.7930213809013367, "80": 0.7862728238105774}