{"1": 0.5344614386558533, "2": 0.6592874526977539, "3": 0.7504220008850098, "4": 0.7820301055908203, "5": 0.7917655110359192, "6": 0.8084204792976379, "7": 0.8072366118431091, "8": 0.7986204624176025, "9": 0.8299181461334229, "10": 0.8224051594734192, "11": 0.804344654083252, "12": 0.8206348419189453, "13": 0.82887864112854, "14": 0.8346388339996338, "15": 0.7921341061592102, "16": 0.7929423451423645, "17": 0.8353285193443298, "18": 0.8123452067375183, "19": 0.8273194432258606, "20": 0.8424480557441711, "21": 0.8281540274620056, "22": 0.8169282078742981, "23": 0.8368763327598572, "24": 0.8311639428138733, "25": 0.8421538472175598, "26": 0.8395422101020813, "27": 0.8360483646392822, "28": 0.8292196393013, "29": 0.810788094997406, "30": 0.8289442658424377, "31": 0.8294124603271484, "32": 0.831892192363739, "33": 0.8352625966072083, "34": 0.8204989433288574, "35": 0.8316531181335449, "36": 0.8401749730110168, "37": 0.8321171402931213, "38": 0.8357183933258057, "39": 0.8418646454811096, "40": 0.8282347321510315, "41": 0.8239358067512512, "42": 0.8369336724281311, "43": 0.8429087996482849, "44": 0.8200938701629639, "45": 0.8442328572273254, "46": 0.8319265842437744, "47": 0.8414773941040039, "48": 0.8275887966156006, "49": 0.8401364684104919, "50": 0.8366837501525879, "51": 0.8160819411277771, "52": 0.8407759666442871, "53": 0.8141469955444336, "54": 0.8291319012641907, "55": 0.8078723549842834, "56": 0.830666720867157, "57": 0.8468904495239258, "58": 0.8319398760795593, "59": 0.8366113305091858, "60": 0.8328895568847656, "61": 0.8310995697975159, "62": 0.8033254146575928, "63": 0.8479583263397217, "64": 0.8378942608833313, "65": 0.8321046233177185, "66": 0.8455781936645508, "67": 0.8461635708808899, "68": 0.8591557145118713, "69": 0.8324598670005798, "70": 0.8193485736846924, "71": 0.8225266337394714, "72": 0.8494723439216614, "73": 0.8359012603759766, "74": 0.8221175670623779, "75": 0.8477516174316406, "76": 0.8384731411933899, "77": 0.8398824334144592, "78": 0.8092851042747498, "79": 0.847510814666748, "80": 0.8380019068717957}