{"1": 0.5181931853294373, "2": 0.6089776754379272, "3": 0.5543334484100342, "4": 0.6204168796539307, "5": 0.6413020491600037, "6": 0.6602343916893005, "7": 0.659472644329071, "8": 0.6768618226051331, "9": 0.6275003552436829, "10": 0.6797431111335754, "11": 0.6776443123817444, "12": 0.6813039779663086, "13": 0.6852952837944031, "14": 0.6817648410797119, "15": 0.6589109897613525, "16": 0.6542260050773621, "17": 0.6937844157218933, "18": 0.6839253306388855, "19": 0.6667346954345703, "20": 0.6726260781288147, "21": 0.6475496888160706, "22": 0.7023867964744568, "23": 0.6081536412239075, "24": 0.6806012988090515, "25": 0.6755372881889343, "26": 0.6789112091064453, "27": 0.6881949305534363, "28": 0.705339252948761, "29": 0.7026000022888184, "30": 0.6817851066589355, "31": 0.691580593585968, "32": 0.6597506999969482, "33": 0.7054219245910645, "34": 0.7146821618080139, "35": 0.6583810448646545, "36": 0.6995058655738831, "37": 0.6702246069908142, "38": 0.669614851474762, "39": 0.6699839234352112, "40": 0.6919276118278503, "41": 0.6657686829566956, "42": 0.7118627429008484, "43": 0.7078888416290283, "44": 0.6476885676383972, "45": 0.6398577094078064, "46": 0.6701421141624451, "47": 0.7096300721168518, "48": 0.6613832116127014, "49": 0.6866154670715332, "50": 0.7033260464668274, "51": 0.6807699203491211, "52": 0.7220000624656677, "53": 0.5993133187294006, "54": 0.6735167503356934, "55": 0.6925039291381836, "56": 0.6861255168914795, "57": 0.7044982314109802, "58": 0.6388319730758667, "59": 0.6547731757164001, "60": 0.7000249028205872, "61": 0.681041419506073, "62": 0.6682252883911133, "63": 0.714133083820343, "64": 0.699012815952301, "65": 0.6688318252563477, "66": 0.6619985699653625, "67": 0.6879839897155762, "68": 0.6939924359321594, "69": 0.7065785527229309, "70": 0.64405357837677, "71": 0.7210620045661926, "72": 0.6794640421867371, "73": 0.6551734805107117, "74": 0.7046961188316345, "75": 0.697869062423706, "76": 0.6926892399787903, "77": 0.6494238376617432, "78": 0.6717557907104492, "79": 0.6872467994689941, "80": 0.7105531692504883}