{"1": 0.5356544256210327, "2": 0.5336931347846985, "3": 0.46213895082473755, "4": 0.46057558059692383, "5": 0.42622995376586914, "6": 0.407829612493515, "7": 0.42098528146743774, "8": 0.43221673369407654, "9": 0.43048256635665894, "10": 0.4559529721736908, "11": 0.39718496799468994, "12": 0.36263546347618103, "13": 0.41851168870925903, "14": 0.3878403306007385, "15": 0.4323497414588928, "16": 0.4465233385562897, "17": 0.376833438873291, "18": 0.4031028747558594, "19": 0.37084871530532837, "20": 0.37120455503463745, "21": 0.38540250062942505, "22": 0.36946341395378113, "23": 0.39131468534469604, "24": 0.39603742957115173, "25": 0.4147506654262543, "26": 0.40421319007873535, "27": 0.4052809774875641, "28": 0.38358408212661743, "29": 0.3820047974586487, "30": 0.36610957980155945, "31": 0.42931023240089417, "32": 0.36572304368019104, "33": 0.38081756234169006, "34": 0.38751453161239624, "35": 0.39312106370925903, "36": 0.3818129897117615, "37": 0.35779646039009094, "38": 0.3672524094581604, "39": 0.43360280990600586, "40": 0.39292433857917786, "41": 0.3777158856391907, "42": 0.3651373088359833, "43": 0.40406137704849243, "44": 0.4548030495643616, "45": 0.3614952266216278, "46": 0.3648904860019684, "47": 0.3604204058647156, "48": 0.38685065507888794, "49": 0.38550397753715515, "50": 0.3819577097892761, "51": 0.35368144512176514, "52": 0.39930638670921326, "53": 0.3658446669578552, "54": 0.3629913330078125, "55": 0.3916516900062561, "56": 0.3957839012145996, "57": 0.38090842962265015, "58": 0.3814847469329834, "59": 0.3945753276348114, "60": 0.3634178042411804, "61": 0.38165661692619324, "62": 0.3951417803764343, "63": 0.3333064913749695, "64": 0.44955167174339294, "65": 0.37185874581336975, "66": 0.4851962924003601, "67": 0.3656315207481384, "68": 0.3906936049461365, "69": 0.3725380003452301, "70": 0.4946040213108063, "71": 0.42045241594314575, "72": 0.3743134140968323, "73": 0.41798606514930725, "74": 0.4395935535430908, "75": 0.4328627586364746, "76": 0.36523008346557617, "77": 0.364543080329895, "78": 0.37569743394851685, "79": 0.39548325538635254, "80": 0.4466519355773926}