{"1": 0.7785156965255737, "2": 0.555248498916626, "3": 0.40012866258621216, "4": 0.42134028673171997, "5": 0.41299232840538025, "6": 0.3940282166004181, "7": 0.38477596640586853, "8": 0.4047814905643463, "9": 0.3748803436756134, "10": 0.34682250022888184, "11": 0.412584125995636, "12": 0.3932740092277527, "13": 0.3894299566745758, "14": 0.34954074025154114, "15": 0.4132184386253357, "16": 0.41575607657432556, "17": 0.3379064202308655, "18": 0.3491629362106323, "19": 0.35801589488983154, "20": 0.34926092624664307, "21": 0.3444390892982483, "22": 0.3712778687477112, "23": 0.3559304475784302, "24": 0.33616599440574646, "25": 0.3285514712333679, "26": 0.3479594588279724, "27": 0.3522290587425232, "28": 0.3399205505847931, "29": 0.44803109765052795, "30": 0.3552270531654358, "31": 0.37100136280059814, "32": 0.3828217387199402, "33": 0.36087408661842346, "34": 0.3536154329776764, "35": 0.36022526025772095, "36": 0.3091616928577423, "37": 0.3775482475757599, "38": 0.34601569175720215, "39": 0.32421788573265076, "40": 0.38320571184158325, "41": 0.4016648828983307, "42": 0.3412461280822754, "43": 0.31857630610466003, "44": 0.4053035378456116, "45": 0.30227985978126526, "46": 0.36198046803474426, "47": 0.3614586889743805, "48": 0.361139714717865, "49": 0.31338420510292053, "50": 0.34799623489379883, "51": 0.3915022313594818, "52": 0.3220558762550354, "53": 0.38447508215904236, "54": 0.35159069299697876, "55": 0.4284019470214844, "56": 0.38356301188468933, "57": 0.34702974557876587, "58": 0.3610517680644989, "59": 0.27884534001350403, "60": 0.38178130984306335, "61": 0.3765718340873718, "62": 0.4166865348815918, "63": 0.30317166447639465, "64": 0.36256271600723267, "65": 0.3533311188220978, "66": 0.30075979232788086, "67": 0.32466474175453186, "68": 0.29609382152557373, "69": 0.3242366909980774, "70": 0.39440757036209106, "71": 0.38757139444351196, "72": 0.33718326687812805, "73": 0.3640480935573578, "74": 0.3407711684703827, "75": 0.3490353524684906, "76": 0.3389376401901245, "77": 0.32273438572883606, "78": 0.4451494812965393, "79": 0.32762354612350464, "80": 0.3917839825153351}