{"1": 0.6326883435249329, "2": 0.7105870842933655, "3": 0.6737174987792969, "4": 0.7335308194160461, "5": 0.7720720171928406, "6": 0.7960160374641418, "7": 0.7702062726020813, "8": 0.7961108684539795, "9": 0.7647392153739929, "10": 0.7922694087028503, "11": 0.7965376973152161, "12": 0.813351571559906, "13": 0.8082998394966125, "14": 0.8138923645019531, "15": 0.7973923683166504, "16": 0.8031134605407715, "17": 0.8107947707176208, "18": 0.7946646809577942, "19": 0.8142828941345215, "20": 0.8114747405052185, "21": 0.7892072796821594, "22": 0.818850040435791, "23": 0.7651265263557434, "24": 0.8176193237304688, "25": 0.810562789440155, "26": 0.8062639832496643, "27": 0.80839604139328, "28": 0.8302457928657532, "29": 0.8174751400947571, "30": 0.812263011932373, "31": 0.8361617922782898, "32": 0.8115851283073425, "33": 0.821551501750946, "34": 0.8225154280662537, "35": 0.8003187775611877, "36": 0.831352710723877, "37": 0.8148195743560791, "38": 0.7862092852592468, "39": 0.8014563918113708, "40": 0.8156949877738953, "41": 0.7950417995452881, "42": 0.8205334544181824, "43": 0.835551917552948, "44": 0.7955193519592285, "45": 0.7739253640174866, "46": 0.804473876953125, "47": 0.8402387499809265, "48": 0.7901603579521179, "49": 0.815302848815918, "50": 0.8222790360450745, "51": 0.8019819855690002, "52": 0.8411245346069336, "53": 0.751251220703125, "54": 0.8114913105964661, "55": 0.8113399147987366, "56": 0.8097772598266602, "57": 0.8293337225914001, "58": 0.7825188040733337, "59": 0.7984676361083984, "60": 0.8295986652374268, "61": 0.8118376731872559, "62": 0.8014574646949768, "63": 0.834293782711029, "64": 0.8183862566947937, "65": 0.7937571406364441, "66": 0.8005521893501282, "67": 0.8161070942878723, "68": 0.8240367770195007, "69": 0.8196229934692383, "70": 0.7979071736335754, "71": 0.8321163058280945, "72": 0.8032339215278625, "73": 0.7824496626853943, "74": 0.8297526240348816, "75": 0.8205924034118652, "76": 0.8168893456459045, "77": 0.7801406979560852, "78": 0.8165404200553894, "79": 0.8009323477745056, "80": 0.8202381134033203}