{"1": 0.35863152146339417, "2": 0.5404569506645203, "3": 0.6465525031089783, "4": 0.6729991436004639, "5": 0.6665915846824646, "6": 0.6848897933959961, "7": 0.6903877854347229, "8": 0.6747855544090271, "9": 0.6955752372741699, "10": 0.7084482312202454, "11": 0.6554203033447266, "12": 0.6913658976554871, "13": 0.6765514016151428, "14": 0.7047713398933411, "15": 0.6564156413078308, "16": 0.6530013680458069, "17": 0.7069873809814453, "18": 0.7014773488044739, "19": 0.6930597424507141, "20": 0.7080119252204895, "21": 0.6856565475463867, "22": 0.6992976665496826, "23": 0.7086412310600281, "24": 0.7026894688606262, "25": 0.7148025631904602, "26": 0.6970250010490417, "27": 0.7032148241996765, "28": 0.7072104811668396, "29": 0.6507833003997803, "30": 0.6798416972160339, "31": 0.6932461261749268, "32": 0.6760041117668152, "33": 0.69049471616745, "34": 0.6766994595527649, "35": 0.698276937007904, "36": 0.7272030711174011, "37": 0.6792299151420593, "38": 0.7015288472175598, "39": 0.7077726721763611, "40": 0.6947870254516602, "41": 0.6568723320960999, "42": 0.6967973113059998, "43": 0.7128135561943054, "44": 0.6610470414161682, "45": 0.7253866195678711, "46": 0.6828441023826599, "47": 0.6972103118896484, "48": 0.689139187335968, "49": 0.716119110584259, "50": 0.7045295834541321, "51": 0.6735067367553711, "52": 0.7186240553855896, "53": 0.665442168712616, "54": 0.6814257502555847, "55": 0.6507187485694885, "56": 0.6858190894126892, "57": 0.7138877511024475, "58": 0.691744863986969, "59": 0.7337321639060974, "60": 0.6910517811775208, "61": 0.6813543438911438, "62": 0.6464422345161438, "63": 0.7270302772521973, "64": 0.6923487186431885, "65": 0.6926684379577637, "66": 0.7237958908081055, "67": 0.7134031653404236, "68": 0.7315114140510559, "69": 0.6943184733390808, "70": 0.6660702228546143, "71": 0.6669583320617676, "72": 0.7227283120155334, "73": 0.6951834559440613, "74": 0.6916640400886536, "75": 0.7156575322151184, "76": 0.7066790461540222, "77": 0.7187378406524658, "78": 0.6534414887428284, "79": 0.7220950126647949, "80": 0.694134533405304}