{"1": 0.5488948225975037, "2": 0.5727465152740479, "3": 0.6210493445396423, "4": 0.6110820174217224, "5": 0.6437916159629822, "6": 0.6450927257537842, "7": 0.6383673548698425, "8": 0.627934455871582, "9": 0.6254486441612244, "10": 0.609764575958252, "11": 0.656106173992157, "12": 0.6688209176063538, "13": 0.6507821083068848, "14": 0.6503937840461731, "15": 0.6160460710525513, "16": 0.6116436123847961, "17": 0.6619881391525269, "18": 0.6402909159660339, "19": 0.6710346341133118, "20": 0.6699457168579102, "21": 0.6639919281005859, "22": 0.6662852168083191, "23": 0.6476366519927979, "24": 0.6478350758552551, "25": 0.6367782354354858, "26": 0.6385776400566101, "27": 0.6422002911567688, "28": 0.6529145836830139, "29": 0.6575776934623718, "30": 0.6710696816444397, "31": 0.6162229180335999, "32": 0.6743912696838379, "33": 0.6552734375, "34": 0.652357816696167, "35": 0.6633881330490112, "36": 0.6583768725395203, "37": 0.6738276481628418, "38": 0.6805683970451355, "39": 0.6284032464027405, "40": 0.6475313901901245, "41": 0.664618730545044, "42": 0.6733463406562805, "43": 0.6436865329742432, "44": 0.6088566780090332, "45": 0.6735097765922546, "46": 0.667701005935669, "47": 0.6745246052742004, "48": 0.6568224430084229, "49": 0.6547333598136902, "50": 0.6592362523078918, "51": 0.6854628920555115, "52": 0.6414833664894104, "53": 0.6703779101371765, "54": 0.6722375750541687, "55": 0.6533830761909485, "56": 0.6465365290641785, "57": 0.6598405241966248, "58": 0.6552295684814453, "59": 0.6496886610984802, "60": 0.6736323833465576, "61": 0.6553747653961182, "62": 0.6482041478157043, "63": 0.6881816983222961, "64": 0.6185452342033386, "65": 0.6676103472709656, "66": 0.596403956413269, "67": 0.6735144257545471, "68": 0.656639814376831, "69": 0.6761636734008789, "70": 0.5930245518684387, "71": 0.6345524191856384, "72": 0.6622888445854187, "73": 0.6392687559127808, "74": 0.6245003342628479, "75": 0.6272870898246765, "76": 0.6679616570472717, "77": 0.673291027545929, "78": 0.6636518836021423, "79": 0.6461192965507507, "80": 0.6233746409416199}