{"1": 0.61672043800354, "2": 0.7439419627189636, "3": 0.7423022389411926, "4": 0.7260262966156006, "5": 0.7500434517860413, "6": 0.7510979771614075, "7": 0.7420387268066406, "8": 0.7199757099151611, "9": 0.7711102962493896, "10": 0.7748281955718994, "11": 0.7703700065612793, "12": 0.7525785565376282, "13": 0.7719871401786804, "14": 0.7690293192863464, "15": 0.7604606747627258, "16": 0.7728244662284851, "17": 0.7577216029167175, "18": 0.7649148106575012, "19": 0.7701788544654846, "20": 0.7677586078643799, "21": 0.7547240257263184, "22": 0.7782473564147949, "23": 0.7686215043067932, "24": 0.7715128064155579, "25": 0.7575915455818176, "26": 0.7543573975563049, "27": 0.7616910338401794, "28": 0.7607155442237854, "29": 0.7727558612823486, "30": 0.7614080309867859, "31": 0.7564335465431213, "32": 0.7695633769035339, "33": 0.7664663195610046, "34": 0.7656324505805969, "35": 0.7579739689826965, "36": 0.7695532441139221, "37": 0.7633097171783447, "38": 0.7665422558784485, "39": 0.759178876876831, "40": 0.7569529414176941, "41": 0.7622542977333069, "42": 0.7600750923156738, "43": 0.7433946132659912, "44": 0.7468533515930176, "45": 0.7527400851249695, "46": 0.7648729681968689, "47": 0.7454798221588135, "48": 0.7587146759033203, "49": 0.7502448558807373, "50": 0.7543513178825378, "51": 0.7537374496459961, "52": 0.7472052574157715, "53": 0.7699294090270996, "54": 0.756466805934906, "55": 0.7544547915458679, "56": 0.7645213603973389, "57": 0.7442770004272461, "58": 0.7683556079864502, "59": 0.7538967728614807, "60": 0.7704747319221497, "61": 0.7463508248329163, "62": 0.7497410178184509, "63": 0.7662883400917053, "64": 0.7451252937316895, "65": 0.7637152075767517, "66": 0.7532637119293213, "67": 0.7641342282295227, "68": 0.7590417861938477, "69": 0.7516952157020569, "70": 0.7551892399787903, "71": 0.7626028656959534, "72": 0.7621204853057861, "73": 0.7692599892616272, "74": 0.7667871117591858, "75": 0.7638630270957947, "76": 0.7660471796989441, "77": 0.7584189772605896, "78": 0.7462520003318787, "79": 0.7302055358886719, "80": 0.7607963681221008}