{"1": 0.7398061156272888, "2": 0.4529276490211487, "3": 0.5511891841888428, "4": 0.4534592032432556, "5": 0.42724379897117615, "6": 0.39539605379104614, "7": 0.3894721567630768, "8": 0.3551047444343567, "9": 0.4132675230503082, "10": 0.3417331278324127, "11": 0.35156768560409546, "12": 0.36446207761764526, "13": 0.35130417346954346, "14": 0.3502751290798187, "15": 0.3722345232963562, "16": 0.37611252069473267, "17": 0.3325223922729492, "18": 0.337606281042099, "19": 0.36712318658828735, "20": 0.3583696782588959, "21": 0.37962833046913147, "22": 0.31871461868286133, "23": 0.4103073179721832, "24": 0.3421021103858948, "25": 0.35090094804763794, "26": 0.3428920805454254, "27": 0.33524566888809204, "28": 0.3182263970375061, "29": 0.312153160572052, "30": 0.344573438167572, "31": 0.3331342935562134, "32": 0.36761224269866943, "33": 0.31197139620780945, "34": 0.29347914457321167, "35": 0.3786786198616028, "36": 0.32269540429115295, "37": 0.3516828715801239, "38": 0.35036084055900574, "39": 0.3600175678730011, "40": 0.3297435939311981, "41": 0.3645061254501343, "42": 0.30738377571105957, "43": 0.31338900327682495, "44": 0.3823990225791931, "45": 0.4031546115875244, "46": 0.3523348867893219, "47": 0.31120139360427856, "48": 0.3699236810207367, "49": 0.34088245034217834, "50": 0.31650710105895996, "51": 0.35178667306900024, "52": 0.2972734570503235, "53": 0.4281778931617737, "54": 0.35676032304763794, "55": 0.3293917775154114, "56": 0.33800405263900757, "57": 0.3217253088951111, "58": 0.4022701382637024, "59": 0.3644857406616211, "60": 0.33349642157554626, "61": 0.3419705629348755, "62": 0.34356769919395447, "63": 0.30748888850212097, "64": 0.31597304344177246, "65": 0.36130592226982117, "66": 0.3693646192550659, "67": 0.33282214403152466, "68": 0.33912503719329834, "69": 0.32415300607681274, "70": 0.386141300201416, "71": 0.2957025170326233, "72": 0.35642388463020325, "73": 0.38059261441230774, "74": 0.31345996260643005, "75": 0.32827866077423096, "76": 0.31974107027053833, "77": 0.41881877183914185, "78": 0.35699495673179626, "79": 0.34274038672447205, "80": 0.312404602766037}