{"1": 0.5213863253593445, "2": 0.6104371547698975, "3": 0.5556047558784485, "4": 0.622264564037323, "5": 0.6420621275901794, "6": 0.6633544564247131, "7": 0.6614692807197571, "8": 0.6782984733581543, "9": 0.6294811964035034, "10": 0.6820972561836243, "11": 0.6828885674476624, "12": 0.6849414706230164, "13": 0.6895772814750671, "14": 0.6849932670593262, "15": 0.6606006622314453, "16": 0.6571986079216003, "17": 0.6975439190864563, "18": 0.688221275806427, "19": 0.6705390810966492, "20": 0.676190197467804, "21": 0.6508809328079224, "22": 0.7057806849479675, "23": 0.6094333529472351, "24": 0.6825383305549622, "25": 0.67994624376297, "26": 0.6813984513282776, "27": 0.6936206221580505, "28": 0.7094176411628723, "29": 0.7057315707206726, "30": 0.6862868666648865, "31": 0.6935145258903503, "32": 0.6613675951957703, "33": 0.7102825045585632, "34": 0.7203350067138672, "35": 0.6634127497673035, "36": 0.7038009762763977, "37": 0.6730343699455261, "38": 0.6761881709098816, "39": 0.6755027770996094, "40": 0.6967656016349792, "41": 0.6740932464599609, "42": 0.7171544432640076, "43": 0.7126960754394531, "44": 0.6510582566261292, "45": 0.6487018465995789, "46": 0.6743543744087219, "47": 0.7120916843414307, "48": 0.6706199645996094, "49": 0.6928107142448425, "50": 0.709321916103363, "51": 0.6902213096618652, "52": 0.7222467064857483, "53": 0.6077904105186462, "54": 0.6811051964759827, "55": 0.6978097558021545, "56": 0.6917327046394348, "57": 0.7127249836921692, "58": 0.6462644934654236, "59": 0.6626973748207092, "60": 0.7051131129264832, "61": 0.6864245533943176, "62": 0.6755096316337585, "63": 0.7189431190490723, "64": 0.7061450481414795, "65": 0.6803272366523743, "66": 0.6696751713752747, "67": 0.695977509021759, "68": 0.6995282173156738, "69": 0.7145081162452698, "70": 0.6493580937385559, "71": 0.726863443851471, "72": 0.6915967464447021, "73": 0.6696844696998596, "74": 0.7117460370063782, "75": 0.707639217376709, "76": 0.7015573978424072, "77": 0.659552276134491, "78": 0.6809752583503723, "79": 0.7022886276245117, "80": 0.720766544342041}