{"1": 0.619591236114502, "2": 0.7574676871299744, "3": 0.7628933787345886, "4": 0.7475296854972839, "5": 0.7679867744445801, "6": 0.7726621627807617, "7": 0.766538143157959, "8": 0.7347834706306458, "9": 0.7925990223884583, "10": 0.7998703122138977, "11": 0.7955158352851868, "12": 0.7795467376708984, "13": 0.7951249480247498, "14": 0.7941622734069824, "15": 0.7831975817680359, "16": 0.7972378730773926, "17": 0.7771058082580566, "18": 0.7894584536552429, "19": 0.7941815853118896, "20": 0.790988028049469, "21": 0.7797486186027527, "22": 0.8099443316459656, "23": 0.7928619384765625, "24": 0.8003856539726257, "25": 0.7802653312683105, "26": 0.7791020274162292, "27": 0.7918055653572083, "28": 0.7959049344062805, "29": 0.8072832226753235, "30": 0.79963618516922, "31": 0.7953159213066101, "32": 0.8077018857002258, "33": 0.8135789036750793, "34": 0.8105473518371582, "35": 0.7896494269371033, "36": 0.8139092922210693, "37": 0.7976298928260803, "38": 0.8109506964683533, "39": 0.794060230255127, "40": 0.8038657307624817, "41": 0.8105854988098145, "42": 0.8131188750267029, "43": 0.7800493240356445, "44": 0.7861536145210266, "45": 0.8011186718940735, "46": 0.8070058226585388, "47": 0.792447030544281, "48": 0.8076550960540771, "49": 0.794670581817627, "50": 0.8071954846382141, "51": 0.8117952346801758, "52": 0.7809911370277405, "53": 0.8208428025245667, "54": 0.8042533993721008, "55": 0.806513786315918, "56": 0.8141579627990723, "57": 0.7890185713768005, "58": 0.8159441351890564, "59": 0.8021588325500488, "60": 0.8183045387268066, "61": 0.7932615876197815, "62": 0.8032570481300354, "63": 0.8195112347602844, "64": 0.7977517247200012, "65": 0.8149197697639465, "66": 0.7926368117332458, "67": 0.8092001080513, "68": 0.7912294268608093, "69": 0.797239363193512, "70": 0.8053720593452454, "71": 0.8020503520965576, "72": 0.8114246726036072, "73": 0.8149961829185486, "74": 0.8025849461555481, "75": 0.8149707913398743, "76": 0.8149765133857727, "77": 0.8174603581428528, "78": 0.8028787970542908, "79": 0.7630307078361511, "80": 0.8116446137428284}