{"1": 0.6367142200469971, "2": 0.7122316360473633, "3": 0.6744117140769958, "4": 0.7349309325218201, "5": 0.772233247756958, "6": 0.7978833317756653, "7": 0.7710351943969727, "8": 0.7971720695495605, "9": 0.7663631439208984, "10": 0.7939092516899109, "11": 0.8001394271850586, "12": 0.8170971870422363, "13": 0.8118687272071838, "14": 0.8153168559074402, "15": 0.7989089488983154, "16": 0.805943489074707, "17": 0.8143115043640137, "18": 0.7984660267829895, "19": 0.8175917267799377, "20": 0.8160343766212463, "21": 0.7933363914489746, "22": 0.8228490948677063, "23": 0.7686617970466614, "24": 0.8220272660255432, "25": 0.8161349296569824, "26": 0.8100174069404602, "27": 0.8139632344245911, "28": 0.8355377316474915, "29": 0.8222556114196777, "30": 0.8168601393699646, "31": 0.8394537568092346, "32": 0.8153369426727295, "33": 0.8275833129882812, "34": 0.8273885846138, "35": 0.8063351511955261, "36": 0.8362541794776917, "37": 0.8200303912162781, "38": 0.7936109900474548, "39": 0.8093161582946777, "40": 0.8225188255310059, "41": 0.8035092353820801, "42": 0.8259313106536865, "43": 0.8399867415428162, "44": 0.801611602306366, "45": 0.7831417918205261, "46": 0.8125060200691223, "47": 0.8439835906028748, "48": 0.799100399017334, "49": 0.8233723640441895, "50": 0.8296932578086853, "51": 0.8107991218566895, "52": 0.8456833362579346, "53": 0.76064133644104, "54": 0.8207250237464905, "55": 0.8184742331504822, "56": 0.8179987072944641, "57": 0.8365020155906677, "58": 0.7922056317329407, "59": 0.8066739439964294, "60": 0.8357548117637634, "61": 0.8187240958213806, "62": 0.8083028197288513, "63": 0.8393657207489014, "64": 0.8242129683494568, "65": 0.8032315373420715, "66": 0.8081158995628357, "67": 0.823221743106842, "68": 0.8294714093208313, "69": 0.8269883990287781, "70": 0.8048641085624695, "71": 0.8380172252655029, "72": 0.8125829696655273, "73": 0.7935932278633118, "74": 0.8370261788368225, "75": 0.8276081085205078, "76": 0.8237563967704773, "77": 0.7896201014518738, "78": 0.8225789666175842, "79": 0.8110840916633606, "80": 0.8276726603507996}