{"1": 0.5239291191101074, "2": 0.521581768989563, "3": 0.4504384398460388, "4": 0.4501137137413025, "5": 0.4120839536190033, "6": 0.39689189195632935, "7": 0.4094475209712982, "8": 0.42246103286743164, "9": 0.42085686326026917, "10": 0.442233145236969, "11": 0.38423487544059753, "12": 0.35109567642211914, "13": 0.4001317024230957, "14": 0.3793754279613495, "15": 0.4245479106903076, "16": 0.4351955056190491, "17": 0.3662022054195404, "18": 0.3933406472206116, "19": 0.35679420828819275, "20": 0.3593124449253082, "21": 0.37216782569885254, "22": 0.35729289054870605, "23": 0.3814799189567566, "24": 0.38128989934921265, "25": 0.3986290991306305, "26": 0.395925909280777, "27": 0.3941328227519989, "28": 0.3717775046825409, "29": 0.37132787704467773, "30": 0.35389503836631775, "31": 0.42290639877319336, "32": 0.3534439206123352, "33": 0.3716714382171631, "34": 0.37569478154182434, "35": 0.3739544153213501, "36": 0.3713928163051605, "37": 0.34606456756591797, "38": 0.3491819202899933, "39": 0.4237678647041321, "40": 0.38075312972068787, "41": 0.36566224694252014, "42": 0.3505021929740906, "43": 0.3934653699398041, "44": 0.4427368640899658, "45": 0.35138747096061707, "46": 0.3543475568294525, "47": 0.35344362258911133, "48": 0.3738575875759125, "49": 0.37384429574012756, "50": 0.3714943528175354, "51": 0.33864888548851013, "52": 0.3885033130645752, "53": 0.35232430696487427, "54": 0.3528173863887787, "55": 0.37959009408950806, "56": 0.38313236832618713, "57": 0.3710235059261322, "58": 0.37059494853019714, "59": 0.3833455741405487, "60": 0.35116153955459595, "61": 0.3696660101413727, "62": 0.38227832317352295, "63": 0.32231295108795166, "64": 0.43323594331741333, "65": 0.3587268888950348, "66": 0.4727211594581604, "67": 0.35155171155929565, "68": 0.3795899450778961, "69": 0.3591354191303253, "70": 0.48272281885147095, "71": 0.4092957377433777, "72": 0.3635150194168091, "73": 0.4060494005680084, "74": 0.4280475080013275, "75": 0.4205380380153656, "76": 0.3539346158504486, "77": 0.35374563932418823, "78": 0.3642422556877136, "79": 0.38819724321365356, "80": 0.43605437874794006}