{"1": 0.7782005071640015, "2": 0.5516456365585327, "3": 0.387952595949173, "4": 0.3868383765220642, "5": 0.3924228250980377, "6": 0.35946768522262573, "7": 0.354895681142807, "8": 0.3694484829902649, "9": 0.34567511081695557, "10": 0.3154173493385315, "11": 0.383182168006897, "12": 0.351886510848999, "13": 0.3615855276584625, "14": 0.32266977429389954, "15": 0.3784918487071991, "16": 0.37561163306236267, "17": 0.3205229640007019, "18": 0.31663021445274353, "19": 0.3327278792858124, "20": 0.3155294954776764, "21": 0.3303644061088562, "22": 0.3234393000602722, "23": 0.32473963499069214, "24": 0.3169235289096832, "25": 0.300442636013031, "26": 0.31895187497138977, "27": 0.318713515996933, "28": 0.30845171213150024, "29": 0.403470516204834, "30": 0.32985278964042664, "31": 0.3314889073371887, "32": 0.3532832860946655, "33": 0.32722344994544983, "34": 0.3314691483974457, "35": 0.31907081604003906, "36": 0.27900129556655884, "37": 0.34525221586227417, "38": 0.31150293350219727, "39": 0.3016887903213501, "40": 0.3286821246147156, "41": 0.36798447370529175, "42": 0.31410884857177734, "43": 0.3011518716812134, "44": 0.36355867981910706, "45": 0.28082993626594543, "46": 0.3292192220687866, "47": 0.32298097014427185, "48": 0.32969945669174194, "49": 0.2883741557598114, "50": 0.30022257566452026, "51": 0.3495194911956787, "52": 0.28380316495895386, "53": 0.3506779968738556, "54": 0.33381199836730957, "55": 0.38784751296043396, "56": 0.3369087874889374, "57": 0.30481964349746704, "58": 0.3226514458656311, "59": 0.2571410536766052, "60": 0.3238593637943268, "61": 0.3389396071434021, "62": 0.37826007604599, "63": 0.2764796018600464, "64": 0.32654672861099243, "65": 0.3168397545814514, "66": 0.27782389521598816, "67": 0.2991105914115906, "68": 0.2742725610733032, "69": 0.3103474974632263, "70": 0.3580363690853119, "71": 0.353950560092926, "72": 0.29403457045555115, "73": 0.3259589672088623, "74": 0.3141874670982361, "75": 0.30316147208213806, "76": 0.3115971088409424, "77": 0.28791821002960205, "78": 0.39338645339012146, "79": 0.28966575860977173, "80": 0.3467307984828949}