{"1": 0.36442041397094727, "2": 0.5459712743759155, "3": 0.6415112018585205, "4": 0.6515548229217529, "5": 0.653795063495636, "6": 0.6666021943092346, "7": 0.6757057309150696, "8": 0.6558863520622253, "9": 0.6821277737617493, "10": 0.694161593914032, "11": 0.6425020098686218, "12": 0.6749244332313538, "13": 0.6642091274261475, "14": 0.6932806968688965, "15": 0.6391692757606506, "16": 0.6359068751335144, "17": 0.700430691242218, "18": 0.6872246861457825, "19": 0.6798878312110901, "20": 0.6930201649665833, "21": 0.6797521114349365, "22": 0.6805534362792969, "23": 0.6955105662345886, "24": 0.6967970728874207, "25": 0.7040677070617676, "26": 0.6845710873603821, "27": 0.6906495690345764, "28": 0.6950038075447083, "29": 0.6276926398277283, "30": 0.6702415347099304, "31": 0.6771618723869324, "32": 0.6634377837181091, "33": 0.6766172051429749, "34": 0.6673777103424072, "35": 0.6798087954521179, "36": 0.7179064750671387, "37": 0.6663443446159363, "38": 0.687110185623169, "39": 0.6987171173095703, "40": 0.6723589897155762, "41": 0.6382074356079102, "42": 0.6861609816551208, "43": 0.7081423401832581, "44": 0.6372765898704529, "45": 0.7220603823661804, "46": 0.6676098704338074, "47": 0.6794034838676453, "48": 0.6751894950866699, "49": 0.7067277431488037, "50": 0.6845422387123108, "51": 0.6529563069343567, "52": 0.703805685043335, "53": 0.6475737690925598, "54": 0.672001838684082, "55": 0.631465494632721, "56": 0.6671319007873535, "57": 0.6998212337493896, "58": 0.6762735247612, "59": 0.7286451458930969, "60": 0.667161762714386, "61": 0.6631007790565491, "62": 0.6287644505500793, "63": 0.7178195118904114, "64": 0.6783899664878845, "65": 0.6739757061004639, "66": 0.7164173722267151, "67": 0.7015318274497986, "68": 0.7241944670677185, "69": 0.689643919467926, "70": 0.6454059481620789, "71": 0.6496203541755676, "72": 0.700754702091217, "73": 0.6818576455116272, "74": 0.6784328818321228, "75": 0.693910539150238, "76": 0.697928249835968, "77": 0.7023334503173828, "78": 0.6293033957481384, "79": 0.7079992294311523, "80": 0.6764092445373535}