{"1": 0.5468133091926575, "2": 0.6694058775901794, "3": 0.7420886158943176, "4": 0.7538304328918457, "5": 0.7722506523132324, "6": 0.780657947063446, "7": 0.784130334854126, "8": 0.7675862908363342, "9": 0.8122102618217468, "10": 0.802964985370636, "11": 0.7816653847694397, "12": 0.7908334732055664, "13": 0.8102908730506897, "14": 0.8205890655517578, "15": 0.7626561522483826, "16": 0.7600743770599365, "17": 0.8232166767120361, "18": 0.7866551280021667, "19": 0.8061257004737854, "20": 0.8230109214782715, "21": 0.8176600337028503, "22": 0.7826310992240906, "23": 0.8175103068351746, "24": 0.8200275301933289, "25": 0.8269023299217224, "26": 0.8212804794311523, "27": 0.8161907196044922, "28": 0.807368278503418, "29": 0.7752407193183899, "30": 0.8129267692565918, "31": 0.8026052117347717, "32": 0.8144100308418274, "33": 0.8132750988006592, "34": 0.804732084274292, "35": 0.8044316172599792, "36": 0.8228257298469543, "37": 0.8163149952888489, "38": 0.8120058178901672, "39": 0.8272259831428528, "40": 0.7919526696205139, "41": 0.7987610697746277, "42": 0.8219468593597412, "43": 0.835339367389679, "44": 0.7885836958885193, "45": 0.8370577692985535, "46": 0.8146252632141113, "47": 0.8188107013702393, "48": 0.8072071075439453, "49": 0.8234604001045227, "50": 0.8038060069084167, "51": 0.7868883013725281, "52": 0.8164386749267578, "53": 0.7932868003845215, "54": 0.8196425437927246, "55": 0.780540943145752, "56": 0.8057432174682617, "57": 0.8293169140815735, "58": 0.8143447041511536, "59": 0.823847770690918, "60": 0.7984247803688049, "61": 0.8075509071350098, "62": 0.7774665355682373, "63": 0.8326089382171631, "64": 0.8206174373626709, "65": 0.8082939982414246, "66": 0.8313145041465759, "67": 0.830498993396759, "68": 0.8464683890342712, "69": 0.825410783290863, "70": 0.7927811741828918, "71": 0.8024129271507263, "72": 0.8223115801811218, "73": 0.8200890421867371, "74": 0.8022645115852356, "75": 0.8208064436912537, "76": 0.8263375163078308, "77": 0.8195211291313171, "78": 0.778820812702179, "79": 0.8319337964057922, "80": 0.8142273426055908}