{"1": 0.5599798560142517, "2": 0.5800396800041199, "3": 0.6289787888526917, "4": 0.6175582408905029, "5": 0.6537694931030273, "6": 0.6516048312187195, "7": 0.6453470587730408, "8": 0.6327789425849915, "9": 0.6296765804290771, "10": 0.6167734265327454, "11": 0.664445698261261, "12": 0.677426278591156, "13": 0.658061683177948, "14": 0.6540437340736389, "15": 0.6176627278327942, "16": 0.6165416836738586, "17": 0.6683961749076843, "18": 0.6434393525123596, "19": 0.6809263229370117, "20": 0.6769823431968689, "21": 0.6714389324188232, "22": 0.6733319759368896, "23": 0.6514431834220886, "24": 0.6549596190452576, "25": 0.6457521915435791, "26": 0.6424592137336731, "27": 0.647790789604187, "28": 0.659722626209259, "29": 0.6647742390632629, "30": 0.6795527935028076, "31": 0.6174539923667908, "32": 0.6814035773277283, "33": 0.6617779731750488, "34": 0.6590204834938049, "35": 0.6742002367973328, "36": 0.6673547625541687, "37": 0.6839167475700378, "38": 0.6936302185058594, "39": 0.6329334378242493, "40": 0.6546354293823242, "41": 0.6743298172950745, "42": 0.6853435635566711, "43": 0.6505371928215027, "44": 0.6166512370109558, "45": 0.6812124848365784, "46": 0.6758607029914856, "47": 0.6792640089988708, "48": 0.6666154861450195, "49": 0.6644132137298584, "50": 0.6679559350013733, "51": 0.698095977306366, "52": 0.6509497761726379, "53": 0.6825888156890869, "54": 0.6794624328613281, "55": 0.6644129157066345, "56": 0.6561052203178406, "57": 0.6672961115837097, "58": 0.6638537645339966, "59": 0.6569846868515015, "60": 0.6816553473472595, "61": 0.6635047793388367, "62": 0.6578218340873718, "63": 0.6949307918548584, "64": 0.6314727663993835, "65": 0.6789052486419678, "66": 0.6075045466423035, "67": 0.6859552264213562, "68": 0.6650927066802979, "69": 0.6861564517021179, "70": 0.6004845499992371, "71": 0.6458235383033752, "72": 0.6721677184104919, "73": 0.6489565372467041, "74": 0.6353495121002197, "75": 0.6378693580627441, "76": 0.6789445281028748, "77": 0.677385151386261, "78": 0.6734304428100586, "79": 0.6543791890144348, "80": 0.6348190903663635}