{"1": 0.639539897441864, "2": 0.7135948538780212, "3": 0.6758180260658264, "4": 0.7364832758903503, "5": 0.772946834564209, "6": 0.8001903891563416, "7": 0.7732236981391907, "8": 0.7979297637939453, "9": 0.7687683701515198, "10": 0.7957523465156555, "11": 0.8031712174415588, "12": 0.8187071681022644, "13": 0.8145229816436768, "14": 0.8176018595695496, "15": 0.8014483451843262, "16": 0.8092182278633118, "17": 0.817779541015625, "18": 0.8036865592002869, "19": 0.8211120963096619, "20": 0.8198639750480652, "21": 0.7983993887901306, "22": 0.8263990879058838, "23": 0.7729564309120178, "24": 0.8251155018806458, "25": 0.821742057800293, "26": 0.8142048716545105, "27": 0.8210058212280273, "28": 0.8397647738456726, "29": 0.8264054656028748, "30": 0.8225017189979553, "31": 0.841672956943512, "32": 0.8180427551269531, "33": 0.8331254124641418, "34": 0.832696259021759, "35": 0.8122761845588684, "36": 0.8402037620544434, "37": 0.8234560489654541, "38": 0.8023998141288757, "39": 0.8163029551506042, "40": 0.8284873366355896, "41": 0.8136278986930847, "42": 0.8308966159820557, "43": 0.8442391753196716, "44": 0.8063982129096985, "45": 0.7945724129676819, "46": 0.8174188733100891, "47": 0.8463794589042664, "48": 0.8092530369758606, "49": 0.830116331577301, "50": 0.8357548117637634, "51": 0.8214840292930603, "52": 0.8456700444221497, "53": 0.7706345915794373, "54": 0.8288223743438721, "55": 0.8250360488891602, "56": 0.8242320418357849, "57": 0.8442226052284241, "58": 0.8009850382804871, "59": 0.8151204586029053, "60": 0.8405115008354187, "61": 0.8240644335746765, "62": 0.8160790801048279, "63": 0.8439216017723083, "64": 0.8311116099357605, "65": 0.815350353717804, "66": 0.8158094882965088, "67": 0.8304128050804138, "68": 0.8352494835853577, "69": 0.8348247408866882, "70": 0.8100813031196594, "71": 0.8434760570526123, "72": 0.8242438435554504, "73": 0.8076429963111877, "74": 0.8429277539253235, "75": 0.8371564745903015, "76": 0.8314129710197449, "77": 0.801495373249054, "78": 0.8310320973396301, "79": 0.8251414895057678, "80": 0.8370261788368225}