{"1": 0.5712059140205383, "2": 0.4270804822444916, "3": 0.4070691168308258, "4": 0.38920602202415466, "5": 0.39163219928741455, "6": 0.3770161271095276, "7": 0.3939782977104187, "8": 0.4874960482120514, "9": 0.4009365439414978, "10": 0.4127492308616638, "11": 0.3925352096557617, "12": 0.3862921893596649, "13": 0.3805100917816162, "14": 0.3718563914299011, "15": 0.36262065172195435, "16": 0.3752317428588867, "17": 0.45309382677078247, "18": 0.4134244918823242, "19": 0.36022162437438965, "20": 0.4406414031982422, "21": 0.4480125308036804, "22": 0.37097638845443726, "23": 0.3858737349510193, "24": 0.40261125564575195, "25": 0.43013104796409607, "26": 0.4195738732814789, "27": 0.40764516592025757, "28": 0.383104145526886, "29": 0.3826948404312134, "30": 0.3859463334083557, "31": 0.40731629729270935, "32": 0.3821135461330414, "33": 0.3786344826221466, "34": 0.35514119267463684, "35": 0.42753395438194275, "36": 0.37963104248046875, "37": 0.38026314973831177, "38": 0.3634279668331146, "39": 0.4021109938621521, "40": 0.3691648840904236, "41": 0.3696747124195099, "42": 0.36460816860198975, "43": 0.4380473494529724, "44": 0.43577319383621216, "45": 0.37285706400871277, "46": 0.37707534432411194, "47": 0.4054874777793884, "48": 0.3771848678588867, "49": 0.44488582015037537, "50": 0.35357755422592163, "51": 0.37675637006759644, "52": 0.4360527992248535, "53": 0.33908653259277344, "54": 0.3435066342353821, "55": 0.3515329360961914, "56": 0.3341081738471985, "57": 0.43675366044044495, "58": 0.3297528624534607, "59": 0.35984259843826294, "60": 0.37825387716293335, "61": 0.3640642762184143, "62": 0.33308544754981995, "63": 0.33672547340393066, "64": 0.3879021108150482, "65": 0.3405466377735138, "66": 0.435253769159317, "67": 0.3907850980758667, "68": 0.40966153144836426, "69": 0.4148848056793213, "70": 0.37830060720443726, "71": 0.4147394597530365, "72": 0.3529439866542816, "73": 0.35842594504356384, "74": 0.4058995842933655, "75": 0.3735661506652832, "76": 0.3926066756248474, "77": 0.335674911737442, "78": 0.34492096304893494, "79": 0.48656949400901794, "80": 0.35560399293899536}