{"1": 0.6555671095848083, "2": 0.7129690647125244, "3": 0.7546675801277161, "4": 0.7547122836112976, "5": 0.7825729250907898, "6": 0.7655196189880371, "7": 0.7825034260749817, "8": 0.7744935154914856, "9": 0.7765370011329651, "10": 0.7829227447509766, "11": 0.7922664284706116, "12": 0.783494770526886, "13": 0.8044741153717041, "14": 0.7802545428276062, "15": 0.7696111798286438, "16": 0.7758212089538574, "17": 0.7927282452583313, "18": 0.7758135199546814, "19": 0.797839343547821, "20": 0.7960343956947327, "21": 0.799578845500946, "22": 0.8042096495628357, "23": 0.7808524966239929, "24": 0.804992139339447, "25": 0.8020982146263123, "26": 0.7762324810028076, "27": 0.7879682183265686, "28": 0.7958018183708191, "29": 0.7966421246528625, "30": 0.8101620674133301, "31": 0.7630324363708496, "32": 0.808829128742218, "33": 0.7952575087547302, "34": 0.8010180592536926, "35": 0.8130202293395996, "36": 0.8002455234527588, "37": 0.8047630190849304, "38": 0.815265953540802, "39": 0.7746973037719727, "40": 0.7977287769317627, "41": 0.8058479428291321, "42": 0.8144431114196777, "43": 0.7893276810646057, "44": 0.7796894907951355, "45": 0.801389217376709, "46": 0.8009393811225891, "47": 0.792285144329071, "48": 0.8075003027915955, "49": 0.8046049475669861, "50": 0.7941386103630066, "51": 0.8162044882774353, "52": 0.7904384732246399, "53": 0.8121891021728516, "54": 0.8021451830863953, "55": 0.8010649681091309, "56": 0.8016343116760254, "57": 0.7933598160743713, "58": 0.7899416089057922, "59": 0.7982356548309326, "60": 0.8097836375236511, "61": 0.7997282147407532, "62": 0.7952222228050232, "63": 0.8015982508659363, "64": 0.7897236943244934, "65": 0.8069717884063721, "66": 0.7574930787086487, "67": 0.8128271102905273, "68": 0.7933012843132019, "69": 0.8061487078666687, "70": 0.7621335983276367, "71": 0.7986426949501038, "72": 0.8037657141685486, "73": 0.789839506149292, "74": 0.7875757217407227, "75": 0.792612612247467, "76": 0.8036572933197021, "77": 0.7983114123344421, "78": 0.8120599389076233, "79": 0.7893321514129639, "80": 0.7794206142425537}