{"1": 0.4913802742958069, "2": 0.5016965866088867, "3": 0.42996492981910706, "4": 0.4306022524833679, "5": 0.38774996995925903, "6": 0.378351628780365, "7": 0.3912266492843628, "8": 0.4068286418914795, "9": 0.4060395359992981, "10": 0.4174742102622986, "11": 0.3642255663871765, "12": 0.3330908715724945, "13": 0.37743669748306274, "14": 0.36756569147109985, "15": 0.41399890184402466, "16": 0.41903549432754517, "17": 0.3512529134750366, "18": 0.38159769773483276, "19": 0.3368860185146332, "20": 0.3440682291984558, "21": 0.35440605878829956, "22": 0.3414413034915924, "23": 0.3698505759239197, "24": 0.36178380250930786, "25": 0.37448155879974365, "26": 0.3842920660972595, "27": 0.37950772047042847, "28": 0.35605818033218384, "29": 0.3558022975921631, "30": 0.3355681300163269, "31": 0.41521668434143066, "32": 0.33788642287254333, "33": 0.35796958208084106, "34": 0.36068516969680786, "35": 0.3513915240764618, "36": 0.35393205285072327, "37": 0.3281537890434265, "38": 0.3256526291370392, "39": 0.41196155548095703, "40": 0.36507144570350647, "41": 0.3472505211830139, "42": 0.32840341329574585, "43": 0.37941789627075195, "44": 0.4264147877693176, "45": 0.3371049761772156, "46": 0.3388061821460724, "47": 0.34346798062324524, "48": 0.3550379276275635, "49": 0.3554317355155945, "50": 0.3552742004394531, "51": 0.31704181432724, "52": 0.37093883752822876, "53": 0.33085304498672485, "54": 0.337868869304657, "55": 0.3585452437400818, "56": 0.3640919625759125, "57": 0.3561325669288635, "58": 0.35401660203933716, "59": 0.36525630950927734, "60": 0.33468523621559143, "61": 0.353699266910553, "62": 0.3641667068004608, "63": 0.3074951767921448, "64": 0.4090729355812073, "65": 0.3386284112930298, "66": 0.450333833694458, "67": 0.33025723695755005, "68": 0.36167973279953003, "69": 0.3418017029762268, "70": 0.46488848328590393, "71": 0.38575032353401184, "72": 0.3442211449146271, "73": 0.3865615725517273, "74": 0.4057675898075104, "75": 0.39893534779548645, "76": 0.3345866799354553, "77": 0.3399750888347626, "78": 0.3447517454624176, "79": 0.3711775839328766, "80": 0.4135712683200836}