{"1": 0.7563608884811401, "2": 0.4598875045776367, "3": 0.5576828718185425, "4": 0.4574654698371887, "5": 0.4281272292137146, "6": 0.39908260107040405, "7": 0.39132046699523926, "8": 0.3579655587673187, "9": 0.4157375693321228, "10": 0.3441942632198334, "11": 0.3556840717792511, "12": 0.37073320150375366, "13": 0.35704535245895386, "14": 0.35213586688041687, "15": 0.3740709722042084, "16": 0.3806281089782715, "17": 0.337226539850235, "18": 0.34104830026626587, "19": 0.3701503872871399, "20": 0.3629690110683441, "21": 0.38282984495162964, "22": 0.3228577971458435, "23": 0.4124847948551178, "24": 0.3430306017398834, "25": 0.35480815172195435, "26": 0.34469932317733765, "27": 0.33780720829963684, "28": 0.3200548589229584, "29": 0.3148697316646576, "30": 0.34874385595321655, "31": 0.3325907588005066, "32": 0.36951911449432373, "33": 0.3164631426334381, "34": 0.29685938358306885, "35": 0.38355106115341187, "36": 0.3250068724155426, "37": 0.3542298972606659, "38": 0.358051061630249, "39": 0.3667619824409485, "40": 0.3343231678009033, "41": 0.3740052580833435, "42": 0.31121981143951416, "43": 0.31463852524757385, "44": 0.38739830255508423, "45": 0.41390424966812134, "46": 0.3598923087120056, "47": 0.31204649806022644, "48": 0.3801937401294708, "49": 0.3491068184375763, "50": 0.3229130208492279, "51": 0.3630129098892212, "52": 0.30023908615112305, "53": 0.4401596188545227, "54": 0.3674309253692627, "55": 0.33632177114486694, "56": 0.347464382648468, "57": 0.32937008142471313, "58": 0.41346627473831177, "59": 0.3731994330883026, "60": 0.3415377736091614, "61": 0.34855586290359497, "62": 0.35063809156417847, "63": 0.31174808740615845, "64": 0.32088273763656616, "65": 0.37277206778526306, "66": 0.3781434893608093, "67": 0.3408832848072052, "68": 0.344707190990448, "69": 0.3343775272369385, "70": 0.393970251083374, "71": 0.30164608359336853, "72": 0.36883482336997986, "73": 0.39847496151924133, "74": 0.3210650086402893, "75": 0.3363107144832611, "76": 0.3260200023651123, "77": 0.4297265112400055, "78": 0.3634589612483978, "79": 0.3567655682563782, "80": 0.32341504096984863}