{"1": 0.6546581983566284, "2": 0.7076759338378906, "3": 0.7492830753326416, "4": 0.7524129748344421, "5": 0.7785460352897644, "6": 0.7631184458732605, "7": 0.7788028120994568, "8": 0.7718424797058105, "9": 0.7746327519416809, "10": 0.7796646952629089, "11": 0.7896650433540344, "12": 0.781952440738678, "13": 0.799426257610321, "14": 0.7798145413398743, "15": 0.7678306102752686, "16": 0.7722312808036804, "17": 0.790076732635498, "18": 0.7733938097953796, "19": 0.794468879699707, "20": 0.7932766079902649, "21": 0.7968465685844421, "22": 0.801779568195343, "23": 0.7783195376396179, "24": 0.8023328185081482, "25": 0.7984758019447327, "26": 0.7752563953399658, "27": 0.7863228917121887, "28": 0.7945964932441711, "29": 0.7950579524040222, "30": 0.8084792494773865, "31": 0.7616941928863525, "32": 0.80689936876297, "33": 0.7956454753875732, "34": 0.8006725311279297, "35": 0.8103509545326233, "36": 0.7995291352272034, "37": 0.8054227232933044, "38": 0.8113595843315125, "39": 0.7726683020591736, "40": 0.7960794568061829, "41": 0.8054332733154297, "42": 0.8130897879600525, "43": 0.7883715033531189, "44": 0.778317928314209, "45": 0.8014697432518005, "46": 0.8014572262763977, "47": 0.7934601902961731, "48": 0.8061934113502502, "49": 0.8043034076690674, "50": 0.793943464756012, "51": 0.8142769932746887, "52": 0.7911136746406555, "53": 0.8117021918296814, "54": 0.8017684817314148, "55": 0.7996311783790588, "56": 0.8005706667900085, "57": 0.7918899655342102, "58": 0.7895720601081848, "59": 0.7949373722076416, "60": 0.8066440224647522, "61": 0.8012032508850098, "62": 0.7943086624145508, "63": 0.8011865019798279, "64": 0.7888619303703308, "65": 0.8060136437416077, "66": 0.7565483450889587, "67": 0.8119568824768066, "68": 0.790915310382843, "69": 0.8041793704032898, "70": 0.7586538791656494, "71": 0.7981338500976562, "72": 0.8028717041015625, "73": 0.7877494692802429, "74": 0.787286102771759, "75": 0.7907843589782715, "76": 0.8037967681884766, "77": 0.7942197918891907, "78": 0.809307336807251, "79": 0.7905097007751465, "80": 0.7771778106689453}