{"1": 0.5189166069030762, "2": 0.6308977603912354, "3": 0.6368713974952698, "4": 0.63886958360672, "5": 0.644162118434906, "6": 0.655153751373291, "7": 0.648567795753479, "8": 0.5540969371795654, "9": 0.6478504538536072, "10": 0.6476165652275085, "11": 0.6553846001625061, "12": 0.6564807295799255, "13": 0.6610636711120605, "14": 0.6636424660682678, "15": 0.6680970788002014, "16": 0.6631056666374207, "17": 0.5991370677947998, "18": 0.6300830841064453, "19": 0.6735517382621765, "20": 0.61869215965271, "21": 0.613196074962616, "22": 0.6705336570739746, "23": 0.657660961151123, "24": 0.6449606418609619, "25": 0.620501697063446, "26": 0.6274946331977844, "27": 0.6369930505752563, "28": 0.6554151773452759, "29": 0.6615164875984192, "30": 0.6563590168952942, "31": 0.6481125950813293, "32": 0.658404529094696, "33": 0.6701433658599854, "34": 0.6816510558128357, "35": 0.6270229816436768, "36": 0.6663975119590759, "37": 0.658614993095398, "38": 0.6742159724235535, "39": 0.6424890160560608, "40": 0.667316198348999, "41": 0.669464647769928, "42": 0.6733066439628601, "43": 0.6154260635375977, "44": 0.6226418018341064, "45": 0.6644445061683655, "46": 0.6605128645896912, "47": 0.6459324359893799, "48": 0.6642138361930847, "49": 0.6258321404457092, "50": 0.6783133149147034, "51": 0.668286144733429, "52": 0.6201183795928955, "53": 0.6929923892021179, "54": 0.67867112159729, "55": 0.6782700419425964, "56": 0.6872046589851379, "57": 0.6269562840461731, "58": 0.691605269908905, "59": 0.6718834042549133, "60": 0.6724466681480408, "61": 0.6651241183280945, "62": 0.6867618560791016, "63": 0.6923996806144714, "64": 0.6593379974365234, "65": 0.6851121783256531, "66": 0.6290984749794006, "67": 0.6598393321037292, "68": 0.6394473910331726, "69": 0.6451166272163391, "70": 0.6672077178955078, "71": 0.6491333842277527, "72": 0.685897171497345, "73": 0.676551103591919, "74": 0.6543274521827698, "75": 0.6727297306060791, "76": 0.6654118895530701, "77": 0.6957342028617859, "78": 0.6834372878074646, "79": 0.5925443172454834, "80": 0.6832318305969238}