{"1": 0.5153746604919434, "2": 0.6181272864341736, "3": 0.6185486912727356, "4": 0.6175246238708496, "5": 0.6288548111915588, "6": 0.6344440579414368, "7": 0.6266345977783203, "8": 0.5437777638435364, "9": 0.6274518370628357, "10": 0.6210553646087646, "11": 0.6322235465049744, "12": 0.6291806101799011, "13": 0.6385108828544617, "14": 0.6386270523071289, "15": 0.6448747515678406, "16": 0.638755738735199, "17": 0.5816035866737366, "18": 0.607332170009613, "19": 0.6493151187896729, "20": 0.5968727469444275, "21": 0.591010332107544, "22": 0.6360068321228027, "23": 0.6346863508224487, "24": 0.6174142956733704, "25": 0.6008539199829102, "26": 0.6067706942558289, "27": 0.6087613105773926, "28": 0.6210030317306519, "29": 0.626442015171051, "30": 0.6208497881889343, "31": 0.6122856736183167, "32": 0.6231718063354492, "33": 0.622920572757721, "34": 0.6384666562080383, "35": 0.6007433533668518, "36": 0.6243472695350647, "37": 0.6288418173789978, "38": 0.6337610483169556, "39": 0.6137434244155884, "40": 0.6232078671455383, "41": 0.6244655251502991, "42": 0.6225631833076477, "43": 0.5862484574317932, "44": 0.5896578431129456, "45": 0.6203546524047852, "46": 0.6238057613372803, "47": 0.6041114330291748, "48": 0.6197720170021057, "49": 0.5877458453178406, "50": 0.62650066614151, "51": 0.6141500473022461, "52": 0.5941296219825745, "53": 0.6436981558799744, "54": 0.6326156258583069, "55": 0.6295264363288879, "56": 0.6370751261711121, "57": 0.5893251299858093, "58": 0.6447044610977173, "59": 0.625253438949585, "60": 0.6266980767250061, "61": 0.6199204325675964, "62": 0.6327072381973267, "63": 0.6379404067993164, "64": 0.6098183393478394, "65": 0.6343107223510742, "66": 0.59577476978302, "67": 0.6184619069099426, "68": 0.6141369938850403, "69": 0.6049814224243164, "70": 0.6188597679138184, "71": 0.6156768202781677, "72": 0.6379165053367615, "73": 0.6313188672065735, "74": 0.6247798800468445, "75": 0.624261200428009, "76": 0.6198064684867859, "77": 0.6353064775466919, "78": 0.6262553930282593, "79": 0.569582462310791, "80": 0.6332573890686035}