{"1": 0.7754446268081665, "2": 0.5491670370101929, "3": 0.3886983394622803, "4": 0.4028703272342682, "5": 0.3987886309623718, "6": 0.37509438395500183, "7": 0.3670855462551117, "8": 0.38621410727500916, "9": 0.3591424226760864, "10": 0.3309149742126465, "11": 0.3962250351905823, "12": 0.37178581953048706, "13": 0.3752754330635071, "14": 0.3381372392177582, "15": 0.39713913202285767, "16": 0.3987053334712982, "17": 0.3270714282989502, "18": 0.3323972225189209, "19": 0.3457714319229126, "20": 0.33584389090538025, "21": 0.33668139576911926, "22": 0.3483847379684448, "23": 0.3421333134174347, "24": 0.3249768614768982, "25": 0.3162990212440491, "26": 0.33537307381629944, "27": 0.3373274803161621, "28": 0.3254326581954956, "29": 0.43029314279556274, "30": 0.34408360719680786, "31": 0.3537026643753052, "32": 0.369870126247406, "33": 0.34688600897789, "34": 0.3427821695804596, "35": 0.342946857213974, "36": 0.2950383722782135, "37": 0.36543112993240356, "38": 0.3314781188964844, "39": 0.3129238486289978, "40": 0.3634307384490967, "41": 0.388265460729599, "42": 0.3308362364768982, "43": 0.3104902505874634, "44": 0.3902330994606018, "45": 0.2921958267688751, "46": 0.3494930863380432, "47": 0.3473559021949768, "48": 0.34860536456108093, "49": 0.30281737446784973, "50": 0.3321588933467865, "51": 0.37839648127555847, "52": 0.30569788813591003, "53": 0.3745141625404358, "54": 0.3441343307495117, "55": 0.4155105948448181, "56": 0.365242063999176, "57": 0.33118462562561035, "58": 0.3464098870754242, "59": 0.26726600527763367, "60": 0.3610348105430603, "61": 0.36381787061691284, "62": 0.4052138924598694, "63": 0.29237785935401917, "64": 0.349579781293869, "65": 0.34165817499160767, "66": 0.2904839813709259, "67": 0.31641921401023865, "68": 0.2864452004432678, "69": 0.31708231568336487, "70": 0.386734277009964, "71": 0.38040634989738464, "72": 0.32541316747665405, "73": 0.35125523805618286, "74": 0.3318839371204376, "75": 0.3354824185371399, "76": 0.32920438051223755, "77": 0.31183943152427673, "78": 0.4319988191127777, "79": 0.3126983642578125, "80": 0.37770071625709534}