{"1": 0.4944724142551422, "2": 0.46782684326171875, "3": 0.421913206577301, "4": 0.4604005813598633, "5": 0.3925023674964905, "6": 0.4057486951351166, "7": 0.38267168402671814, "8": 0.3837321102619171, "9": 0.40043044090270996, "10": 0.39283961057662964, "11": 0.36039406061172485, "12": 0.35336947441101074, "13": 0.3809712529182434, "14": 0.33971521258354187, "15": 0.3859851360321045, "16": 0.35782647132873535, "17": 0.3437308371067047, "18": 0.448685884475708, "19": 0.324980229139328, "20": 0.3039674162864685, "21": 0.31218457221984863, "22": 0.3293679356575012, "23": 0.3370996415615082, "24": 0.34571918845176697, "25": 0.33359766006469727, "26": 0.38449186086654663, "27": 0.36840322613716125, "28": 0.36274483799934387, "29": 0.3712705373764038, "30": 0.3101118505001068, "31": 0.3575781285762787, "32": 0.29727301001548767, "33": 0.3820047974586487, "34": 0.3740748167037964, "35": 0.3230283260345459, "36": 0.3555069863796234, "37": 0.46329671144485474, "38": 0.3459951877593994, "39": 0.3875037133693695, "40": 0.2722661793231964, "41": 0.4079064726829529, "42": 0.3883088231086731, "43": 0.4361913800239563, "44": 0.4580753743648529, "45": 0.4136889576911926, "46": 0.4566468596458435, "47": 0.3984608054161072, "48": 0.406792551279068, "49": 0.3955117166042328, "50": 0.4053737223148346, "51": 0.44336849451065063, "52": 0.40651410818099976, "53": 0.3953384459018707, "54": 0.4345438480377197, "55": 0.47087153792381287, "56": 0.40070247650146484, "57": 0.5736985206604004, "58": 0.5185993909835815, "59": 0.5087197422981262, "60": 0.5321219563484192, "61": 0.596375584602356, "62": 0.5417331457138062, "63": 0.5363379716873169, "64": 0.7238823771476746, "65": 0.5020543932914734, "66": 0.4882028102874756, "67": 0.5204411149024963, "68": 0.6492728590965271, "69": 0.3999353051185608, "70": 0.5171469449996948, "71": 0.656995952129364, "72": 0.6469646692276001, "73": 0.5423976182937622, "74": 0.7176181077957153, "75": 0.5759159326553345, "76": 0.5722066760063171, "77": 0.5070196390151978, "78": 0.6608598828315735, "79": 0.5327659845352173, "80": 0.5982786417007446}