{"1": 0.5079213976860046, "2": 0.6014357209205627, "3": 0.6207667589187622, "4": 0.6365540623664856, "5": 0.6150755882263184, "6": 0.5907731652259827, "7": 0.5686350464820862, "8": 0.6585716605186462, "9": 0.6729043126106262, "10": 0.6629304885864258, "11": 0.6486856341362, "12": 0.6785853505134583, "13": 0.624069094657898, "14": 0.6337735056877136, "15": 0.6553248763084412, "16": 0.6188402771949768, "17": 0.6838666796684265, "18": 0.6661889553070068, "19": 0.6591296792030334, "20": 0.6228818297386169, "21": 0.6244552135467529, "22": 0.6754444241523743, "23": 0.6389703750610352, "24": 0.6683692932128906, "25": 0.6900696754455566, "26": 0.6427125334739685, "27": 0.666771411895752, "28": 0.6893391609191895, "29": 0.6784210205078125, "30": 0.63188236951828, "31": 0.6654278635978699, "32": 0.6629666090011597, "33": 0.6675356030464172, "34": 0.6791439056396484, "35": 0.7334084510803223, "36": 0.6518538594245911, "37": 0.6322911977767944, "38": 0.7089524269104004, "39": 0.6853516697883606, "40": 0.7252023816108704, "41": 0.7013607025146484, "42": 0.6770234704017639, "43": 0.7143368124961853, "44": 0.710609495639801, "45": 0.7255089282989502, "46": 0.7039773464202881, "47": 0.6623672842979431, "48": 0.6976887583732605, "49": 0.7243148684501648, "50": 0.6575461030006409, "51": 0.6614683866500854, "52": 0.6689712405204773, "53": 0.7057343125343323, "54": 0.6742017865180969, "55": 0.6918210983276367, "56": 0.6366049647331238, "57": 0.6820572018623352, "58": 0.6828446388244629, "59": 0.6997756361961365, "60": 0.6882579922676086, "61": 0.6839418411254883, "62": 0.6916672587394714, "63": 0.6788471341133118, "64": 0.7228735089302063, "65": 0.6661416888237, "66": 0.6704972386360168, "67": 0.658761203289032, "68": 0.6866903901100159, "69": 0.6936221122741699, "70": 0.702846348285675, "71": 0.7180947661399841, "72": 0.6831961274147034, "73": 0.6933866143226624, "74": 0.6982400417327881, "75": 0.7056176066398621, "76": 0.7054679989814758, "77": 0.6932212710380554, "78": 0.6868343353271484, "79": 0.7087134718894958, "80": 0.6333079934120178}