{"1": 0.5601543188095093, "2": 0.4790027141571045, "3": 0.4383303225040436, "4": 0.4231821894645691, "5": 0.44505825638771057, "6": 0.48052486777305603, "7": 0.5067341327667236, "8": 0.3869054317474365, "9": 0.3800713121891022, "10": 0.3793409466743469, "11": 0.3913332521915436, "12": 0.36640021204948425, "13": 0.44243550300598145, "14": 0.4026590883731842, "15": 0.3753901422023773, "16": 0.436928927898407, "17": 0.35819339752197266, "18": 0.36157912015914917, "19": 0.3776349425315857, "20": 0.3892083764076233, "21": 0.4197910726070404, "22": 0.34184226393699646, "23": 0.39347535371780396, "24": 0.38478440046310425, "25": 0.3426462411880493, "26": 0.4010228216648102, "27": 0.3473535180091858, "28": 0.3498745262622833, "29": 0.35308751463890076, "30": 0.4074946343898773, "31": 0.4030418395996094, "32": 0.4376252293586731, "33": 0.3602856695652008, "34": 0.3495655655860901, "35": 0.2993139624595642, "36": 0.4059877395629883, "37": 0.4752969741821289, "38": 0.3623104989528656, "39": 0.3972209095954895, "40": 0.3332917392253876, "41": 0.4027135968208313, "42": 0.3948984742164612, "43": 0.3687584400177002, "44": 0.3575960099697113, "45": 0.35003629326820374, "46": 0.3964177966117859, "47": 0.5196963548660278, "48": 0.38229912519454956, "49": 0.3764527440071106, "50": 0.5066803097724915, "51": 0.5586069822311401, "52": 0.473640114068985, "53": 0.43949222564697266, "54": 0.47786563634872437, "55": 0.5150519013404846, "56": 0.49253639578819275, "57": 0.4877873957157135, "58": 0.4934912621974945, "59": 0.4802514910697937, "60": 0.5566915273666382, "61": 0.5448635816574097, "62": 0.4982532560825348, "63": 0.5221114158630371, "64": 0.3738677203655243, "65": 0.5081258416175842, "66": 0.6081267595291138, "67": 0.6207906007766724, "68": 0.5820780992507935, "69": 0.583778440952301, "70": 0.5363538861274719, "71": 0.4565635621547699, "72": 0.49254274368286133, "73": 0.4512854516506195, "74": 0.4605020582675934, "75": 0.5483131408691406, "76": 0.5195857286453247, "77": 0.6162689924240112, "78": 0.6620090007781982, "79": 0.5670517086982727, "80": 0.7042731642723083}