{"1": 0.5642803907394409, "2": 0.5068806409835815, "3": 0.5316466093063354, "4": 0.4741976261138916, "5": 0.4855734705924988, "6": 0.4377654194831848, "7": 0.4354492723941803, "8": 0.48189324140548706, "9": 0.44966545701026917, "10": 0.44772258400917053, "11": 0.4575381875038147, "12": 0.41854625940322876, "13": 0.46069517731666565, "14": 0.42506760358810425, "15": 0.43978938460350037, "16": 0.5167833566665649, "17": 0.4566604495048523, "18": 0.4156087040901184, "19": 0.43690767884254456, "20": 0.4399412274360657, "21": 0.37814635038375854, "22": 0.4626086354255676, "23": 0.40713977813720703, "24": 0.43565478920936584, "25": 0.3862254023551941, "26": 0.3895181715488434, "27": 0.3951059877872467, "28": 0.36389589309692383, "29": 0.37177449464797974, "30": 0.4289487898349762, "31": 0.38549280166625977, "32": 0.46827632188796997, "33": 0.4045434892177582, "34": 0.3355294167995453, "35": 0.4075949192047119, "36": 0.413170725107193, "37": 0.382536381483078, "38": 0.4313373565673828, "39": 0.4025290608406067, "40": 0.39695656299591064, "41": 0.4563327729701996, "42": 0.3512314260005951, "43": 0.3664381802082062, "44": 0.4016342759132385, "45": 0.3797970414161682, "46": 0.4468401074409485, "47": 0.4385813772678375, "48": 0.3934491276741028, "49": 0.4478704035282135, "50": 0.42820078134536743, "51": 0.5232874155044556, "52": 0.468343585729599, "53": 0.4415217339992523, "54": 0.4836333394050598, "55": 0.3594338297843933, "56": 0.45637041330337524, "57": 0.4032738208770752, "58": 0.48747387528419495, "59": 0.415020227432251, "60": 0.5392267107963562, "61": 0.536980926990509, "62": 0.5147011280059814, "63": 0.521337628364563, "64": 0.47156429290771484, "65": 0.44198498129844666, "66": 0.534471869468689, "67": 0.5289921164512634, "68": 0.6413185596466064, "69": 0.5652199983596802, "70": 0.6273763179779053, "71": 0.5417724847793579, "72": 0.5048683881759644, "73": 0.6349508166313171, "74": 0.5569886565208435, "75": 0.4888397753238678, "76": 0.6152873039245605, "77": 0.6395053863525391, "78": 0.6174886226654053, "79": 0.6446512341499329, "80": 0.46381035447120667}