{"1": 0.6705977320671082, "2": 0.7126322388648987, "3": 0.7390206456184387, "4": 0.6930983662605286, "5": 0.770989716053009, "6": 0.7511181831359863, "7": 0.7400622367858887, "8": 0.7231154441833496, "9": 0.7193592190742493, "10": 0.7335329055786133, "11": 0.7154970765113831, "12": 0.711723804473877, "13": 0.7067140936851501, "14": 0.7449821829795837, "15": 0.7044353485107422, "16": 0.7068139910697937, "17": 0.7216489315032959, "18": 0.7042927742004395, "19": 0.7356626391410828, "20": 0.73329758644104, "21": 0.7292703986167908, "22": 0.7110217213630676, "23": 0.7106287479400635, "24": 0.7238542437553406, "25": 0.7428017258644104, "26": 0.7092426419258118, "27": 0.7103568911552429, "28": 0.7264783978462219, "29": 0.6998493075370789, "30": 0.762627899646759, "31": 0.740149974822998, "32": 0.7533965110778809, "33": 0.7325863838195801, "34": 0.712344229221344, "35": 0.7376475930213928, "36": 0.7289767265319824, "37": 0.7068753242492676, "38": 0.7517743110656738, "39": 0.7559752464294434, "40": 0.7400693893432617, "41": 0.7431020736694336, "42": 0.751303493976593, "43": 0.7307464480400085, "44": 0.7178794741630554, "45": 0.7371194362640381, "46": 0.7405633926391602, "47": 0.7423710227012634, "48": 0.7483341097831726, "49": 0.7428316473960876, "50": 0.7479742169380188, "51": 0.7672920227050781, "52": 0.7316253781318665, "53": 0.744364321231842, "54": 0.7369327545166016, "55": 0.730385959148407, "56": 0.7428634762763977, "57": 0.7553260326385498, "58": 0.7197413444519043, "59": 0.7562737464904785, "60": 0.7570929527282715, "61": 0.7392911314964294, "62": 0.7449977993965149, "63": 0.7418703436851501, "64": 0.7363982796669006, "65": 0.7426517009735107, "66": 0.7587878108024597, "67": 0.7483413815498352, "68": 0.756871223449707, "69": 0.7654304504394531, "70": 0.7462194561958313, "71": 0.7603976130485535, "72": 0.7385966777801514, "73": 0.7367863059043884, "74": 0.7531137466430664, "75": 0.7337923049926758, "76": 0.7434262633323669, "77": 0.751412570476532, "78": 0.7460162043571472, "79": 0.7388313412666321, "80": 0.7606186866760254}