{"1": 0.5710375905036926, "2": 0.5857895016670227, "3": 0.6163995862007141, "4": 0.5895753502845764, "5": 0.6427415609359741, "6": 0.6110381484031677, "7": 0.6153712272644043, "8": 0.6085078120231628, "9": 0.6096534132957458, "10": 0.5888826251029968, "11": 0.6005117297172546, "12": 0.5855913758277893, "13": 0.5697857737541199, "14": 0.6235209107398987, "15": 0.5743966102600098, "16": 0.5787163376808167, "17": 0.5905526280403137, "18": 0.5446168184280396, "19": 0.6163881421089172, "20": 0.6207424998283386, "21": 0.6220057010650635, "22": 0.6005677580833435, "23": 0.5896861553192139, "24": 0.5886562466621399, "25": 0.6038040518760681, "26": 0.5917293429374695, "27": 0.5709914565086365, "28": 0.5701503157615662, "29": 0.5608015656471252, "30": 0.635604202747345, "31": 0.5992388725280762, "32": 0.6306248307228088, "33": 0.5980573892593384, "34": 0.564182460308075, "35": 0.6081461310386658, "36": 0.6114680767059326, "37": 0.566389799118042, "38": 0.6091713309288025, "39": 0.6124346852302551, "40": 0.6318492293357849, "41": 0.5875831842422485, "42": 0.6108332276344299, "43": 0.5809998512268066, "44": 0.594135046005249, "45": 0.6056180596351624, "46": 0.6024715900421143, "47": 0.6164859533309937, "48": 0.6114324927330017, "49": 0.6143758296966553, "50": 0.6224921345710754, "51": 0.6304638385772705, "52": 0.6094034314155579, "53": 0.6222487092018127, "54": 0.6148017644882202, "55": 0.6164689660072327, "56": 0.622863233089447, "57": 0.6135329008102417, "58": 0.5913742780685425, "59": 0.619260311126709, "60": 0.6237456202507019, "61": 0.6025356650352478, "62": 0.6234974265098572, "63": 0.6188333630561829, "64": 0.5854194760322571, "65": 0.6205816268920898, "66": 0.6288997530937195, "67": 0.6180050373077393, "68": 0.6221320033073425, "69": 0.6452116966247559, "70": 0.6140782833099365, "71": 0.6132622957229614, "72": 0.5978793501853943, "73": 0.6114656329154968, "74": 0.6106352210044861, "75": 0.6032741069793701, "76": 0.6144216060638428, "77": 0.6199286580085754, "78": 0.6158607006072998, "79": 0.6220256686210632, "80": 0.6261891722679138}