{"1": 0.6478294730186462, "2": 0.6985388398170471, "3": 0.6920892596244812, "4": 0.7337080836296082, "5": 0.7473182678222656, "6": 0.7859070897102356, "7": 0.793106734752655, "8": 0.7737083435058594, "9": 0.8176717758178711, "10": 0.8109286427497864, "11": 0.8052801489830017, "12": 0.8239107131958008, "13": 0.7706514000892639, "14": 0.8166674971580505, "15": 0.8258342146873474, "16": 0.7592151761054993, "17": 0.802784264087677, "18": 0.8245970606803894, "19": 0.8140498995780945, "20": 0.8371893763542175, "21": 0.8224450945854187, "22": 0.8087382912635803, "23": 0.8402007222175598, "24": 0.7926314473152161, "25": 0.8299784660339355, "26": 0.8178224563598633, "27": 0.8256375193595886, "28": 0.8330740332603455, "29": 0.8329896926879883, "30": 0.8388751149177551, "31": 0.8380351662635803, "32": 0.7932972311973572, "33": 0.8242490887641907, "34": 0.8501920700073242, "35": 0.819072425365448, "36": 0.8368865847587585, "37": 0.8300934433937073, "38": 0.8155291676521301, "39": 0.8220049738883972, "40": 0.8380914330482483, "41": 0.8020039200782776, "42": 0.8276901841163635, "43": 0.8437125086784363, "44": 0.8392386436462402, "45": 0.8450524806976318, "46": 0.8280614018440247, "47": 0.8340597152709961, "48": 0.8442676663398743, "49": 0.8172268867492676, "50": 0.8270330429077148, "51": 0.8117923736572266, "52": 0.8378872871398926, "53": 0.8327093720436096, "54": 0.8366177678108215, "55": 0.8570396304130554, "56": 0.8547694087028503, "57": 0.8536530137062073, "58": 0.8423213958740234, "59": 0.8524282574653625, "60": 0.8227249979972839, "61": 0.8335160613059998, "62": 0.830977201461792, "63": 0.8331832885742188, "64": 0.8429388999938965, "65": 0.843899667263031, "66": 0.8406057357788086, "67": 0.8480927348136902, "68": 0.840789258480072, "69": 0.8348462581634521, "70": 0.8323855400085449, "71": 0.8471891283988953, "72": 0.8422935605049133, "73": 0.825756847858429, "74": 0.8445871472358704, "75": 0.8537905216217041, "76": 0.8535783886909485, "77": 0.8572962284088135, "78": 0.8520910143852234, "79": 0.8564152121543884, "80": 0.8498239517211914}