{"1": 0.5423529744148254, "2": 0.5719258189201355, "3": 0.5568552613258362, "4": 0.6201992630958557, "5": 0.612931489944458, "6": 0.6623244881629944, "7": 0.6599398851394653, "8": 0.6563310027122498, "9": 0.683844268321991, "10": 0.6717175841331482, "11": 0.6666633486747742, "12": 0.6954461932182312, "13": 0.6464807391166687, "14": 0.6676168441772461, "15": 0.6968424320220947, "16": 0.6056938767433167, "17": 0.6680341362953186, "18": 0.6755456328392029, "19": 0.6626186966896057, "20": 0.6931195855140686, "21": 0.6754304766654968, "22": 0.6499119400978088, "23": 0.7172775864601135, "24": 0.6457101702690125, "25": 0.7171196341514587, "26": 0.6891767978668213, "27": 0.6929659843444824, "28": 0.711698591709137, "29": 0.7189123034477234, "30": 0.6774885058403015, "31": 0.6864640712738037, "32": 0.6336469054222107, "33": 0.6864068508148193, "34": 0.7250223159790039, "35": 0.6735349297523499, "36": 0.6900306344032288, "37": 0.6710460782051086, "38": 0.6552467942237854, "39": 0.6630898118019104, "40": 0.6898031234741211, "41": 0.6390635967254639, "42": 0.6900030970573425, "43": 0.7077452540397644, "44": 0.7002924084663391, "45": 0.7128820419311523, "46": 0.6807980537414551, "47": 0.6975944638252258, "48": 0.7182936072349548, "49": 0.6584662795066833, "50": 0.690284252166748, "51": 0.6514752507209778, "52": 0.6888896822929382, "53": 0.6850776672363281, "54": 0.6817381978034973, "55": 0.7458329200744629, "56": 0.714961051940918, "57": 0.7227091789245605, "58": 0.6918222308158875, "59": 0.7452384829521179, "60": 0.6631946563720703, "61": 0.6908276677131653, "62": 0.6807921528816223, "63": 0.6830113530158997, "64": 0.7322750687599182, "65": 0.6988555788993835, "66": 0.7000546455383301, "67": 0.7141005992889404, "68": 0.6997596621513367, "69": 0.6890816688537598, "70": 0.678004264831543, "71": 0.7200151085853577, "72": 0.6942062973976135, "73": 0.6868229508399963, "74": 0.69281405210495, "75": 0.722653865814209, "76": 0.7118087410926819, "77": 0.7112452387809753, "78": 0.716877281665802, "79": 0.7169578075408936, "80": 0.7311086058616638}