{"1": 0.5535265803337097, "2": 0.468576043844223, "3": 0.4294225573539734, "4": 0.41335147619247437, "5": 0.43625372648239136, "6": 0.46957746148109436, "7": 0.4954298436641693, "8": 0.37617501616477966, "9": 0.3695437014102936, "10": 0.36941084265708923, "11": 0.38276901841163635, "12": 0.35875770449638367, "13": 0.4330161511898041, "14": 0.38906845450401306, "15": 0.36466556787490845, "16": 0.43272191286087036, "17": 0.35050272941589355, "18": 0.3533279299736023, "19": 0.3709394633769989, "20": 0.3822927474975586, "21": 0.41094526648521423, "22": 0.3349360227584839, "23": 0.3871540427207947, "24": 0.3784801661968231, "25": 0.3337291479110718, "26": 0.3945581316947937, "27": 0.342457115650177, "28": 0.3425275683403015, "29": 0.3459722399711609, "30": 0.3993174135684967, "31": 0.39752253890037537, "32": 0.43043452501296997, "33": 0.3548588156700134, "34": 0.34366005659103394, "35": 0.2901034355163574, "36": 0.3999667763710022, "37": 0.4697233736515045, "38": 0.35643360018730164, "39": 0.3916459381580353, "40": 0.32459819316864014, "41": 0.39610037207603455, "42": 0.3875240087509155, "43": 0.3590186834335327, "44": 0.3480064272880554, "45": 0.34324583411216736, "46": 0.38736623525619507, "47": 0.5149976015090942, "48": 0.37378501892089844, "49": 0.3645627200603485, "50": 0.4992401599884033, "51": 0.5524529218673706, "52": 0.4683907628059387, "53": 0.42869073152542114, "54": 0.47032037377357483, "55": 0.5096286535263062, "56": 0.48021644353866577, "57": 0.48216167092323303, "58": 0.4827979505062103, "59": 0.4714246690273285, "60": 0.5457084774971008, "61": 0.5355937480926514, "62": 0.48264044523239136, "63": 0.511623740196228, "64": 0.36972659826278687, "65": 0.500178873538971, "66": 0.6031681299209595, "67": 0.6181459426879883, "68": 0.5838702917098999, "69": 0.5855164527893066, "70": 0.5193288922309875, "71": 0.44472360610961914, "72": 0.4751172661781311, "73": 0.44157829880714417, "74": 0.4509030282497406, "75": 0.5461399555206299, "76": 0.5179332494735718, "77": 0.6128441691398621, "78": 0.6643968820571899, "79": 0.563490629196167, "80": 0.7039520144462585}