{"1": 0.6082494854927063, "2": 0.7155795693397522, "3": 0.7351307272911072, "4": 0.7403733730316162, "5": 0.7288230061531067, "6": 0.697726309299469, "7": 0.6612090468406677, "8": 0.7866209149360657, "9": 0.788144588470459, "10": 0.783674418926239, "11": 0.7777752876281738, "12": 0.7833259701728821, "13": 0.7269377112388611, "14": 0.7548384070396423, "15": 0.7848703265190125, "16": 0.7601624131202698, "17": 0.7992364764213562, "18": 0.8039565682411194, "19": 0.7909626364707947, "20": 0.7736315131187439, "21": 0.7890111804008484, "22": 0.8143343329429626, "23": 0.7993209958076477, "24": 0.7855693697929382, "25": 0.7989528179168701, "26": 0.8053861260414124, "27": 0.808911144733429, "28": 0.8100137710571289, "29": 0.8281630873680115, "30": 0.7998241782188416, "31": 0.8127815127372742, "32": 0.8008906245231628, "33": 0.8167588114738464, "34": 0.8109416961669922, "35": 0.8292167782783508, "36": 0.8004822134971619, "37": 0.7967334389686584, "38": 0.819659411907196, "39": 0.8166670203208923, "40": 0.8382027745246887, "41": 0.8296442627906799, "42": 0.8177799582481384, "43": 0.8386229872703552, "44": 0.8310425877571106, "45": 0.8311607837677002, "46": 0.8315839171409607, "47": 0.8037993907928467, "48": 0.8234561085700989, "49": 0.8291071057319641, "50": 0.8100376129150391, "51": 0.8112052083015442, "52": 0.8044962882995605, "53": 0.8275270462036133, "54": 0.8130558133125305, "55": 0.8293473124504089, "56": 0.7899461388587952, "57": 0.8178155422210693, "58": 0.8137966990470886, "59": 0.8347170352935791, "60": 0.8291463255882263, "61": 0.8228225708007812, "62": 0.8294405937194824, "63": 0.8042625784873962, "64": 0.8105244040489197, "65": 0.8096986413002014, "66": 0.8158364295959473, "67": 0.8040103316307068, "68": 0.8214006423950195, "69": 0.8248007893562317, "70": 0.8177936673164368, "71": 0.8394427299499512, "72": 0.8055184483528137, "73": 0.8087906837463379, "74": 0.8204804062843323, "75": 0.8283678889274597, "76": 0.8338131308555603, "77": 0.8300103545188904, "78": 0.8316839337348938, "79": 0.8374300003051758, "80": 0.7951377034187317}