{"1": 0.5056783556938171, "2": 0.5944255590438843, "3": 0.6130637526512146, "4": 0.6262943744659424, "5": 0.6055180430412292, "6": 0.5821455717086792, "7": 0.5581686496734619, "8": 0.6464996337890625, "9": 0.6586710810661316, "10": 0.6533624529838562, "11": 0.6407132744789124, "12": 0.6729371547698975, "13": 0.6173897385597229, "14": 0.6225385665893555, "15": 0.6437382102012634, "16": 0.6157910823822021, "17": 0.6764771342277527, "18": 0.6576168537139893, "19": 0.6531999111175537, "20": 0.6181984543800354, "21": 0.619096040725708, "22": 0.6692712903022766, "23": 0.6347301602363586, "24": 0.6624131202697754, "25": 0.6821298003196716, "26": 0.6372275948524475, "27": 0.6622089147567749, "28": 0.6801607012748718, "29": 0.6747868657112122, "30": 0.6277370452880859, "31": 0.6605033874511719, "32": 0.6576679348945618, "33": 0.6626939177513123, "34": 0.6759493350982666, "35": 0.7203805446624756, "36": 0.6486506462097168, "37": 0.6306748390197754, "38": 0.6975913643836975, "39": 0.6858277320861816, "40": 0.7144286036491394, "41": 0.6976888179779053, "42": 0.6728376746177673, "43": 0.7085291743278503, "44": 0.703127920627594, "45": 0.7153677940368652, "46": 0.6979143619537354, "47": 0.657374382019043, "48": 0.6921170353889465, "49": 0.710670530796051, "50": 0.6550430655479431, "51": 0.6584456562995911, "52": 0.6634842753410339, "53": 0.6966260075569153, "54": 0.6698207855224609, "55": 0.6861959099769592, "56": 0.6331585049629211, "57": 0.6782359480857849, "58": 0.6791506409645081, "59": 0.6936262249946594, "60": 0.6844906806945801, "61": 0.6778929829597473, "62": 0.6805715560913086, "63": 0.667718231678009, "64": 0.7006816864013672, "65": 0.6588916182518005, "66": 0.6657959818840027, "67": 0.6551323533058167, "68": 0.6798338890075684, "69": 0.6873367428779602, "70": 0.6907153725624084, "71": 0.7069769501686096, "72": 0.6715508103370667, "73": 0.6865749359130859, "74": 0.688227653503418, "75": 0.7004845142364502, "76": 0.702852189540863, "77": 0.6872122287750244, "78": 0.6840015053749084, "79": 0.6995128989219666, "80": 0.6287727952003479}