{"1": 0.5105441212654114, "2": 0.6089845299720764, "3": 0.6265853643417358, "4": 0.6429417133331299, "5": 0.6196677684783936, "6": 0.5957980751991272, "7": 0.5737414360046387, "8": 0.666128933429718, "9": 0.6793766021728516, "10": 0.6698173880577087, "11": 0.6537604331970215, "12": 0.6828835010528564, "13": 0.6259739995002747, "14": 0.637684166431427, "15": 0.6606600880622864, "16": 0.6196191906929016, "17": 0.6874638199806213, "18": 0.6700298190116882, "19": 0.6622350811958313, "20": 0.6263185739517212, "21": 0.6282023787498474, "22": 0.6782948970794678, "23": 0.6411076188087463, "24": 0.6712246537208557, "25": 0.6920804977416992, "26": 0.6446399688720703, "27": 0.6689044833183289, "28": 0.6932366490364075, "29": 0.6809918880462646, "30": 0.6345183253288269, "31": 0.6685881614685059, "32": 0.6656129956245422, "33": 0.6710109710693359, "34": 0.6809291243553162, "35": 0.7371712327003479, "36": 0.6546574234962463, "37": 0.6339249014854431, "38": 0.7082173824310303, "39": 0.6878914833068848, "40": 0.7280768752098083, "41": 0.7021721005439758, "42": 0.678591787815094, "43": 0.7181141972541809, "44": 0.7102683186531067, "45": 0.727705180644989, "46": 0.7063125967979431, "47": 0.6620935797691345, "48": 0.6994431018829346, "49": 0.7289292216300964, "50": 0.6580898761749268, "51": 0.6627083420753479, "52": 0.6708839535713196, "53": 0.7089899182319641, "54": 0.6756654381752014, "55": 0.6942817568778992, "56": 0.6398748755455017, "57": 0.6830957531929016, "58": 0.6851019263267517, "59": 0.7026833891868591, "60": 0.69045090675354, "61": 0.6861810088157654, "62": 0.6966673731803894, "63": 0.681115448474884, "64": 0.7199670672416687, "65": 0.6693632006645203, "66": 0.670293390750885, "67": 0.6605635285377502, "68": 0.68892502784729, "69": 0.6952334046363831, "70": 0.7075516581535339, "71": 0.7238674163818359, "72": 0.6879754066467285, "73": 0.6956803798675537, "74": 0.6998441219329834, "75": 0.7072102427482605, "76": 0.7052945494651794, "77": 0.6944733262062073, "78": 0.6869220733642578, "79": 0.7116777300834656, "80": 0.6346889734268188}