{"1": 0.5683835744857788, "2": 0.4895018935203552, "3": 0.4487304091453552, "4": 0.43629178404808044, "5": 0.4567904472351074, "6": 0.49720388650894165, "7": 0.5221976041793823, "8": 0.4029306471347809, "9": 0.3984096050262451, "10": 0.39207881689071655, "11": 0.40290147066116333, "12": 0.37507447600364685, "13": 0.4569664001464844, "14": 0.420433908700943, "15": 0.39027106761932373, "16": 0.44327911734580994, "17": 0.3660242557525635, "18": 0.37178725004196167, "19": 0.38774043321609497, "20": 0.396969199180603, "21": 0.42968982458114624, "22": 0.3491174280643463, "23": 0.4003750681877136, "24": 0.39161819219589233, "25": 0.3519662916660309, "26": 0.41025543212890625, "27": 0.35487690567970276, "28": 0.36392393708229065, "29": 0.3608207702636719, "30": 0.41696181893348694, "31": 0.413442462682724, "32": 0.44573941826820374, "33": 0.36953049898147583, "34": 0.3565332293510437, "35": 0.3157568573951721, "36": 0.4184730052947998, "37": 0.4792894423007965, "38": 0.38166874647140503, "39": 0.4070894718170166, "40": 0.3460434675216675, "41": 0.4128144681453705, "42": 0.4040656089782715, "43": 0.38017556071281433, "44": 0.3715765178203583, "45": 0.36430951952934265, "46": 0.40642890334129333, "47": 0.5290276408195496, "48": 0.39444440603256226, "49": 0.39724117517471313, "50": 0.5186747312545776, "51": 0.5677931904792786, "52": 0.49015459418296814, "53": 0.46209293603897095, "54": 0.4902825951576233, "55": 0.5274230241775513, "56": 0.5004859566688538, "57": 0.49669235944747925, "58": 0.5074400305747986, "59": 0.49801167845726013, "60": 0.575214147567749, "61": 0.5602243542671204, "62": 0.5220568180084229, "63": 0.546744167804718, "64": 0.4082756042480469, "65": 0.5283506512641907, "66": 0.6223146915435791, "67": 0.6334718465805054, "68": 0.5990042686462402, "69": 0.604849100112915, "70": 0.559667706489563, "71": 0.4780122637748718, "72": 0.5247842073440552, "73": 0.47473645210266113, "74": 0.4838465750217438, "75": 0.5626890659332275, "76": 0.5365849733352661, "77": 0.6365723013877869, "78": 0.6846907138824463, "79": 0.5893620848655701, "80": 0.7309988141059875}