{"1": 0.5260089039802551, "2": 0.542935848236084, "3": 0.5209265947341919, "4": 0.5609315633773804, "5": 0.5484049320220947, "6": 0.5833614468574524, "7": 0.5776271820068359, "8": 0.5578153133392334, "9": 0.5767739415168762, "10": 0.5594862103462219, "11": 0.5776634812355042, "12": 0.5615828633308411, "13": 0.5578283667564392, "14": 0.5544286370277405, "15": 0.5578045845031738, "16": 0.5320388674736023, "17": 0.5535312294960022, "18": 0.5753452777862549, "19": 0.5599678158760071, "20": 0.5532249212265015, "21": 0.5894313454627991, "22": 0.5605633854866028, "23": 0.5847612023353577, "24": 0.5794272422790527, "25": 0.5835170745849609, "26": 0.596815824508667, "27": 0.5797085762023926, "28": 0.6082250475883484, "29": 0.6039177775382996, "30": 0.5535712242126465, "31": 0.5843655467033386, "32": 0.5327523350715637, "33": 0.568356990814209, "34": 0.6191695332527161, "35": 0.5711378455162048, "36": 0.5709319114685059, "37": 0.5823261141777039, "38": 0.5629423260688782, "39": 0.5647554993629456, "40": 0.5825304388999939, "41": 0.5615994334220886, "42": 0.5804051756858826, "43": 0.595719039440155, "44": 0.5924857258796692, "45": 0.5925710797309875, "46": 0.5794609189033508, "47": 0.5802027583122253, "48": 0.5910629630088806, "49": 0.5596562623977661, "50": 0.5777490139007568, "51": 0.59748774766922, "52": 0.5774820446968079, "53": 0.5797173380851746, "54": 0.5789092183113098, "55": 0.6178128123283386, "56": 0.6005165576934814, "57": 0.6026455760002136, "58": 0.5684304237365723, "59": 0.613269567489624, "60": 0.5618020296096802, "61": 0.5883671045303345, "62": 0.576269805431366, "63": 0.5769252777099609, "64": 0.5943170189857483, "65": 0.5681427121162415, "66": 0.5880772471427917, "67": 0.5849701762199402, "68": 0.5794970989227295, "69": 0.5922848582267761, "70": 0.565007746219635, "71": 0.6086922287940979, "72": 0.5829336047172546, "73": 0.5706289410591125, "74": 0.5957713723182678, "75": 0.6097856163978577, "76": 0.5997886061668396, "77": 0.5947884321212769, "78": 0.6128517985343933, "79": 0.5778353214263916, "80": 0.597625732421875}