{"1": 0.5685475468635559, "2": 0.5790107250213623, "3": 0.6040195822715759, "4": 0.5802474021911621, "5": 0.6272737383842468, "6": 0.5963094830513, "7": 0.5933682322502136, "8": 0.5862132906913757, "9": 0.594205915927887, "10": 0.5770898461341858, "11": 0.5749780535697937, "12": 0.554344654083252, "13": 0.5433826446533203, "14": 0.602536678314209, "15": 0.5605451464653015, "16": 0.5543472170829773, "17": 0.5668589472770691, "18": 0.5277299284934998, "19": 0.5955200791358948, "20": 0.5958347916603088, "21": 0.5940939784049988, "22": 0.5669422745704651, "23": 0.5711377263069153, "24": 0.5618727207183838, "25": 0.5858487486839294, "26": 0.5804306268692017, "27": 0.5557294487953186, "28": 0.5483163595199585, "29": 0.5510563254356384, "30": 0.6118245720863342, "31": 0.5909612774848938, "32": 0.6107878088951111, "33": 0.5860965847969055, "34": 0.5365520715713501, "35": 0.5907095074653625, "36": 0.605320394039154, "37": 0.5573682188987732, "38": 0.5803720951080322, "39": 0.6041116118431091, "40": 0.5988675951957703, "41": 0.5749048590660095, "42": 0.5832306742668152, "43": 0.5750731825828552, "44": 0.5956296324729919, "45": 0.5975852012634277, "46": 0.5951413512229919, "47": 0.6036002039909363, "48": 0.6021018028259277, "49": 0.5990882515907288, "50": 0.5990359783172607, "51": 0.6248937249183655, "52": 0.5929164290428162, "53": 0.5920265316963196, "54": 0.6015772223472595, "55": 0.6174699664115906, "56": 0.617527425289154, "57": 0.6057353019714355, "58": 0.5788515210151672, "59": 0.6038371920585632, "60": 0.6082824468612671, "61": 0.6028576493263245, "62": 0.6188841462135315, "63": 0.5979286432266235, "64": 0.5791789889335632, "65": 0.5938176512718201, "66": 0.6016542315483093, "67": 0.6070194840431213, "68": 0.6104980111122131, "69": 0.623289167881012, "70": 0.5920474529266357, "71": 0.6005785465240479, "72": 0.5856202244758606, "73": 0.5938976407051086, "74": 0.6093788146972656, "75": 0.585871696472168, "76": 0.596435010433197, "77": 0.5968356132507324, "78": 0.5975813269615173, "79": 0.5919206738471985, "80": 0.6133356094360352}