{"1": 0.6406626105308533, "2": 0.6855168342590332, "3": 0.6761295795440674, "4": 0.7086442112922668, "5": 0.7178463935852051, "6": 0.75416499376297, "7": 0.7589538097381592, "8": 0.7360315322875977, "9": 0.7751238942146301, "10": 0.7654709815979004, "11": 0.7650873064994812, "12": 0.7773929238319397, "13": 0.7413875460624695, "14": 0.7775580286979675, "15": 0.7762222290039062, "16": 0.7328068614006042, "17": 0.7636415362358093, "18": 0.7916663289070129, "19": 0.7812504172325134, "20": 0.788077175617218, "21": 0.7931923270225525, "22": 0.7788851857185364, "23": 0.7947993278503418, "24": 0.7683682441711426, "25": 0.7851523756980896, "26": 0.793509304523468, "27": 0.7864833474159241, "28": 0.8010427355766296, "29": 0.7929003238677979, "30": 0.7953742146492004, "31": 0.8050211071968079, "32": 0.7570449709892273, "33": 0.7855022549629211, "34": 0.8182535767555237, "35": 0.7860681414604187, "36": 0.7970421314239502, "37": 0.8033750653266907, "38": 0.786821186542511, "39": 0.7882688641548157, "40": 0.8042516708374023, "41": 0.7772403359413147, "42": 0.7919073104858398, "43": 0.808590829372406, "44": 0.8119370937347412, "45": 0.8124892115592957, "46": 0.7900509834289551, "47": 0.7926982045173645, "48": 0.8001713156700134, "49": 0.7811653017997742, "50": 0.790416955947876, "51": 0.7878139019012451, "52": 0.801466166973114, "53": 0.7984434962272644, "54": 0.7983837723731995, "55": 0.8191701769828796, "56": 0.820620059967041, "57": 0.8186831474304199, "58": 0.7977766394615173, "59": 0.8105577826499939, "60": 0.7864291071891785, "61": 0.8030863404273987, "62": 0.7949926257133484, "63": 0.79644376039505, "64": 0.7990801930427551, "65": 0.8046572804450989, "66": 0.8056843876838684, "67": 0.8070683479309082, "68": 0.7983450889587402, "69": 0.8035903573036194, "70": 0.7924752235412598, "71": 0.8102625012397766, "72": 0.8024161458015442, "73": 0.78487628698349, "74": 0.8126025199890137, "75": 0.8198530077934265, "76": 0.812359094619751, "77": 0.8167107701301575, "78": 0.8129633069038391, "79": 0.8057627081871033, "80": 0.8117849230766296}