{"1": 0.5365460515022278, "2": 0.5138099789619446, "3": 0.6043675541877747, "4": 0.5288124680519104, "5": 0.5814533829689026, "6": 0.6253024935722351, "7": 0.6094489097595215, "8": 0.602674126625061, "9": 0.6373519897460938, "10": 0.621126115322113, "11": 0.6629911661148071, "12": 0.5564144253730774, "13": 0.6257486939430237, "14": 0.6716680526733398, "15": 0.6303780674934387, "16": 0.6583071351051331, "17": 0.6449733376502991, "18": 0.6587961316108704, "19": 0.6207327842712402, "20": 0.6393747329711914, "21": 0.6560061573982239, "22": 0.6847513318061829, "23": 0.6895792484283447, "24": 0.5959860682487488, "25": 0.653783917427063, "26": 0.6304535865783691, "27": 0.5695570707321167, "28": 0.668615996837616, "29": 0.658424437046051, "30": 0.6801002621650696, "31": 0.6573235392570496, "32": 0.6443042755126953, "33": 0.6432695984840393, "34": 0.6499688029289246, "35": 0.7032096982002258, "36": 0.6772701740264893, "37": 0.6481574177742004, "38": 0.6911256909370422, "39": 0.6831755042076111, "40": 0.6760938763618469, "41": 0.6916818022727966, "42": 0.6512470841407776, "43": 0.7046697735786438, "44": 0.6656615138053894, "45": 0.7092718482017517, "46": 0.6450583338737488, "47": 0.6865169405937195, "48": 0.6705693602561951, "49": 0.7101185917854309, "50": 0.710872232913971, "51": 0.7043388485908508, "52": 0.7051653861999512, "53": 0.6653167605400085, "54": 0.7123203277587891, "55": 0.6691969037055969, "56": 0.6677072048187256, "57": 0.6112468242645264, "58": 0.6830443739891052, "59": 0.6680681109428406, "60": 0.674790620803833, "61": 0.6602998375892639, "62": 0.6769747138023376, "63": 0.7075190544128418, "64": 0.6387940049171448, "65": 0.6593499183654785, "66": 0.67458575963974, "67": 0.6574261784553528, "68": 0.7044675350189209, "69": 0.6913860440254211, "70": 0.6996402740478516, "71": 0.6843021512031555, "72": 0.6906170845031738, "73": 0.6356170177459717, "74": 0.6554656028747559, "75": 0.7117592692375183, "76": 0.6815358996391296, "77": 0.6938517689704895, "78": 0.6768510937690735, "79": 0.678972065448761, "80": 0.66184002161026}