{"1": 0.5350840091705322, "2": 0.5605918765068054, "3": 0.5441433191299438, "4": 0.5970291495323181, "5": 0.5885844230651855, "6": 0.6340531706809998, "7": 0.6301203370094299, "8": 0.6229674816131592, "9": 0.6422480940818787, "10": 0.6319785714149475, "11": 0.6286728978157043, "12": 0.6528652906417847, "13": 0.6235713958740234, "14": 0.6356319785118103, "15": 0.6524078845977783, "16": 0.5866808891296387, "17": 0.6358242630958557, "18": 0.6467238068580627, "19": 0.6362435221672058, "20": 0.6467615962028503, "21": 0.6517833471298218, "22": 0.6265161633491516, "23": 0.6749711632728577, "24": 0.6286298632621765, "25": 0.6728484630584717, "26": 0.6722943186759949, "27": 0.6589625477790833, "28": 0.6854649186134338, "29": 0.6810104846954346, "30": 0.6358888745307922, "31": 0.6596583724021912, "32": 0.6067283153533936, "33": 0.6527659893035889, "34": 0.6999360918998718, "35": 0.6476218104362488, "36": 0.6547236442565918, "37": 0.6487587094306946, "38": 0.6346216201782227, "39": 0.636141300201416, "40": 0.661501407623291, "41": 0.6196919679641724, "42": 0.6688341498374939, "43": 0.6782791018486023, "44": 0.6765303611755371, "45": 0.6842935085296631, "46": 0.6482537984848022, "47": 0.6630738377571106, "48": 0.6766560077667236, "49": 0.6307526230812073, "50": 0.6630119681358337, "51": 0.6397653222084045, "52": 0.6590662598609924, "53": 0.6591079235076904, "54": 0.649415910243988, "55": 0.708884060382843, "56": 0.6843717694282532, "57": 0.6934909224510193, "58": 0.6518184542655945, "59": 0.7064526081085205, "60": 0.6324623227119446, "61": 0.6670204997062683, "62": 0.6568432450294495, "63": 0.6531900763511658, "64": 0.6842342019081116, "65": 0.665987491607666, "66": 0.6724706292152405, "67": 0.6793127655982971, "68": 0.6629762053489685, "69": 0.6659253239631653, "70": 0.6458401083946228, "71": 0.6879887580871582, "72": 0.6617345213890076, "73": 0.6494391560554504, "74": 0.6682717800140381, "75": 0.6924118399620056, "76": 0.674383819103241, "77": 0.677423894405365, "78": 0.6833991408348083, "79": 0.6653231382369995, "80": 0.6943472027778625}