{"1": 0.5709134340286255, "2": 0.5625977516174316, "3": 0.4516451954841614, "4": 0.5416756868362427, "5": 0.48988407850265503, "6": 0.42696434259414673, "7": 0.4290032386779785, "8": 0.43221449851989746, "9": 0.4117007255554199, "10": 0.4248656630516052, "11": 0.3742818832397461, "12": 0.5260659456253052, "13": 0.40902814269065857, "14": 0.35432159900665283, "15": 0.3731052577495575, "16": 0.33893731236457825, "17": 0.3603844940662384, "18": 0.36938661336898804, "19": 0.38657239079475403, "20": 0.3433815836906433, "21": 0.38765591382980347, "22": 0.32068556547164917, "23": 0.3185926377773285, "24": 0.4421583116054535, "25": 0.3767152726650238, "26": 0.3945327401161194, "27": 0.4244716167449951, "28": 0.3504791259765625, "29": 0.34586232900619507, "30": 0.32626873254776, "31": 0.42266422510147095, "32": 0.40033483505249023, "33": 0.3849326968193054, "34": 0.3819832503795624, "35": 0.31507712602615356, "36": 0.36287668347358704, "37": 0.38880932331085205, "38": 0.3551895320415497, "39": 0.3679516315460205, "40": 0.3722636103630066, "41": 0.3617524206638336, "42": 0.4791232645511627, "43": 0.34168824553489685, "44": 0.426013708114624, "45": 0.34739452600479126, "46": 0.45564761757850647, "47": 0.3726707994937897, "48": 0.45399126410484314, "49": 0.35515981912612915, "50": 0.3515637516975403, "51": 0.3757784962654114, "52": 0.4171140193939209, "53": 0.4009857773780823, "54": 0.3981921374797821, "55": 0.48948049545288086, "56": 0.47454777359962463, "57": 0.6296504139900208, "58": 0.5026023387908936, "59": 0.4665306508541107, "60": 0.49992090463638306, "61": 0.5496793985366821, "62": 0.5128339529037476, "63": 0.42473918199539185, "64": 0.5682715773582458, "65": 0.5763307809829712, "66": 0.5618292689323425, "67": 0.6224303245544434, "68": 0.49804240465164185, "69": 0.4432459771633148, "70": 0.49505653977394104, "71": 0.5382994413375854, "72": 0.5365303754806519, "73": 0.4927082657814026, "74": 0.5571788549423218, "75": 0.4048374593257904, "76": 0.6152203679084778, "77": 0.5616417527198792, "78": 0.6632446646690369, "79": 0.6530613899230957, "80": 0.7190533876419067}