{"1": 0.66761714220047, "2": 0.7036949992179871, "3": 0.7244250178337097, "4": 0.6828165054321289, "5": 0.7550496459007263, "6": 0.7330329418182373, "7": 0.7119386792182922, "8": 0.6950789093971252, "9": 0.6987178921699524, "10": 0.7138299345970154, "11": 0.6828809380531311, "12": 0.6711379885673523, "13": 0.6686565279960632, "14": 0.7166422009468079, "15": 0.6810719966888428, "16": 0.6717095375061035, "17": 0.6875312924385071, "18": 0.6773557662963867, "19": 0.7076978087425232, "20": 0.7021005749702454, "21": 0.695281982421875, "22": 0.6703154444694519, "23": 0.6827306747436523, "24": 0.6880403161048889, "25": 0.7161607146263123, "26": 0.6904751658439636, "27": 0.6849246621131897, "28": 0.6953298449516296, "29": 0.6785500049591064, "30": 0.7341551780700684, "31": 0.7207180857658386, "32": 0.7279341816902161, "33": 0.7106429934501648, "34": 0.6734703183174133, "35": 0.710691511631012, "36": 0.7125769257545471, "37": 0.6849913001060486, "38": 0.7136717438697815, "39": 0.7369503974914551, "40": 0.7027404308319092, "41": 0.7188060879707336, "42": 0.7127678990364075, "43": 0.7127005457878113, "44": 0.7068436741828918, "45": 0.7175297737121582, "46": 0.7204268574714661, "47": 0.718326985836029, "48": 0.7257521748542786, "49": 0.7163782119750977, "50": 0.7139477729797363, "51": 0.7505145072937012, "52": 0.703740119934082, "53": 0.705948531627655, "54": 0.7133339047431946, "55": 0.7198025584220886, "56": 0.7254719734191895, "57": 0.7351534962654114, "58": 0.6932809948921204, "59": 0.7297787666320801, "60": 0.7305359244346619, "61": 0.7259841561317444, "62": 0.7285129427909851, "63": 0.7135841250419617, "64": 0.7181742787361145, "65": 0.7076495289802551, "66": 0.7239435315132141, "67": 0.7262710928916931, "68": 0.7344284653663635, "69": 0.7383243441581726, "70": 0.7155573964118958, "71": 0.7387929558753967, "72": 0.7138298153877258, "73": 0.7080988883972168, "74": 0.7408077716827393, "75": 0.705625057220459, "76": 0.7164512276649475, "77": 0.7207857966423035, "78": 0.7174221873283386, "79": 0.7020404934883118, "80": 0.7361738085746765}