{"1": 0.5423305034637451, "2": 0.515311062335968, "3": 0.6031970381736755, "4": 0.5280279517173767, "5": 0.5817462801933289, "6": 0.6269259452819824, "7": 0.6038636565208435, "8": 0.5965923070907593, "9": 0.6312443017959595, "10": 0.6169543862342834, "11": 0.6579325795173645, "12": 0.545755922794342, "13": 0.6125685572624207, "14": 0.6627855896949768, "15": 0.6234655976295471, "16": 0.6481813788414001, "17": 0.6275157332420349, "18": 0.65298992395401, "19": 0.6035407781600952, "20": 0.6296183466911316, "21": 0.645206868648529, "22": 0.6759474873542786, "23": 0.6800819039344788, "24": 0.5854026079177856, "25": 0.6402843594551086, "26": 0.6127968430519104, "27": 0.5631431937217712, "28": 0.6585574746131897, "29": 0.6483164429664612, "30": 0.6737642288208008, "31": 0.6493058204650879, "32": 0.6334185600280762, "33": 0.6321230530738831, "34": 0.6348862051963806, "35": 0.6967456936836243, "36": 0.6690890192985535, "37": 0.6361570358276367, "38": 0.6778411865234375, "39": 0.6694932579994202, "40": 0.6669113039970398, "41": 0.6852002143859863, "42": 0.6384305357933044, "43": 0.6999508738517761, "44": 0.6583552360534668, "45": 0.6995272040367126, "46": 0.6283370852470398, "47": 0.6917806267738342, "48": 0.6618306040763855, "49": 0.6993606686592102, "50": 0.7046575546264648, "51": 0.7002759575843811, "52": 0.6991794109344482, "53": 0.6562949419021606, "54": 0.7062711715698242, "55": 0.6572415828704834, "56": 0.6596456170082092, "57": 0.5997565388679504, "58": 0.672924816608429, "59": 0.6594326496124268, "60": 0.6673889756202698, "61": 0.650897204875946, "62": 0.6660788059234619, "63": 0.7002072334289551, "64": 0.6213043332099915, "65": 0.6447785496711731, "66": 0.6657655239105225, "67": 0.6519344449043274, "68": 0.6994977593421936, "69": 0.6840167045593262, "70": 0.6870298981666565, "71": 0.6753537654876709, "72": 0.6799289584159851, "73": 0.6291592121124268, "74": 0.6450221538543701, "75": 0.7078821063041687, "76": 0.6716461777687073, "77": 0.6863405704498291, "78": 0.6654367446899414, "79": 0.6685745120048523, "80": 0.6503605246543884}