{"1": 0.5858016014099121, "2": 0.5379502773284912, "3": 0.5770978331565857, "4": 0.530924379825592, "5": 0.5564354062080383, "6": 0.520241916179657, "7": 0.5266889333724976, "8": 0.5905551314353943, "9": 0.5859193801879883, "10": 0.5863175392150879, "11": 0.5885271430015564, "12": 0.5746625661849976, "13": 0.5753385424613953, "14": 0.5749973654747009, "15": 0.6274548768997192, "16": 0.63497394323349, "17": 0.619479775428772, "18": 0.5484654903411865, "19": 0.5786631107330322, "20": 0.6661463379859924, "21": 0.4927191734313965, "22": 0.5886052846908569, "23": 0.6056469082832336, "24": 0.5245451331138611, "25": 0.5918431282043457, "26": 0.5565884709358215, "27": 0.5835875272750854, "28": 0.5265235304832458, "29": 0.5429065823554993, "30": 0.6029627323150635, "31": 0.5218468308448792, "32": 0.651031494140625, "33": 0.5873092412948608, "34": 0.4667201042175293, "35": 0.5757824778556824, "36": 0.583199143409729, "37": 0.5299155712127686, "38": 0.5784366726875305, "39": 0.5287348628044128, "40": 0.5298221707344055, "41": 0.5620107054710388, "42": 0.5044912099838257, "43": 0.5430147051811218, "44": 0.5640930533409119, "45": 0.5545487403869629, "46": 0.5917541980743408, "47": 0.6040253639221191, "48": 0.6195456385612488, "49": 0.6193335056304932, "50": 0.6488578915596008, "51": 0.6437170505523682, "52": 0.681934654712677, "53": 0.6159223318099976, "54": 0.6932660937309265, "55": 0.5631856322288513, "56": 0.6803927421569824, "57": 0.6171096563339233, "58": 0.7279964089393616, "59": 0.6149405241012573, "60": 0.7397540807723999, "61": 0.7403427958488464, "62": 0.7158721685409546, "63": 0.7107456922531128, "64": 0.7274355888366699, "65": 0.6857000589370728, "66": 0.7409411668777466, "67": 0.7482312917709351, "68": 0.8604052662849426, "69": 0.7497161626815796, "70": 0.8786450624465942, "71": 0.7349773645401001, "72": 0.7256354689598083, "73": 0.8940070867538452, "74": 0.7395099401473999, "75": 0.7253080010414124, "76": 0.819771409034729, "77": 0.9187902212142944, "78": 0.7916094064712524, "79": 0.9654901623725891, "80": 0.7140789031982422}