{"1": 0.5602760314941406, "2": 0.5603995323181152, "3": 0.45389994978904724, "4": 0.5436950922012329, "5": 0.4894859194755554, "6": 0.4254677891731262, "7": 0.436063677072525, "8": 0.44071531295776367, "9": 0.41667646169662476, "10": 0.43196630477905273, "11": 0.3807482421398163, "12": 0.5452982187271118, "13": 0.4286317825317383, "14": 0.36451956629753113, "15": 0.3845512270927429, "16": 0.3497534394264221, "17": 0.375152587890625, "18": 0.3799018859863281, "19": 0.41379624605178833, "20": 0.35755982995033264, "21": 0.40377363562583923, "22": 0.33133894205093384, "23": 0.32656484842300415, "24": 0.45986485481262207, "25": 0.41681981086730957, "26": 0.41811633110046387, "27": 0.43825387954711914, "28": 0.3608071208000183, "29": 0.3524723947048187, "30": 0.33636945486068726, "31": 0.4380170404911041, "32": 0.41636109352111816, "33": 0.398641437292099, "34": 0.3909112811088562, "35": 0.3213408589363098, "36": 0.36937394738197327, "37": 0.40725523233413696, "38": 0.36724013090133667, "39": 0.3880995213985443, "40": 0.38176944851875305, "41": 0.3714325428009033, "42": 0.5040027499198914, "43": 0.3475201725959778, "44": 0.4416927397251129, "45": 0.3572026789188385, "46": 0.4768235683441162, "47": 0.3674699366092682, "48": 0.4713607728481293, "49": 0.36889153718948364, "50": 0.36028942465782166, "51": 0.37635865807533264, "52": 0.4244602620601654, "53": 0.41614609956741333, "54": 0.4059890806674957, "55": 0.5154883861541748, "56": 0.4916597008705139, "57": 0.6587850451469421, "58": 0.525581955909729, "59": 0.48746007680892944, "60": 0.5156956315040588, "61": 0.578508734703064, "62": 0.5370952486991882, "63": 0.4287455976009369, "64": 0.6124587655067444, "65": 0.6130245923995972, "66": 0.5942174196243286, "67": 0.6424432992935181, "68": 0.5094465017318726, "69": 0.45645785331726074, "70": 0.5328251719474792, "71": 0.558143675327301, "72": 0.5588657855987549, "73": 0.5066982507705688, "74": 0.5768455266952515, "75": 0.40634989738464355, "76": 0.6377029418945312, "77": 0.5780057907104492, "78": 0.6946218013763428, "79": 0.6795151233673096, "80": 0.7480132579803467}