{"1": 0.6438463926315308, "2": 0.6431159377098083, "3": 0.7319381833076477, "4": 0.6489842534065247, "5": 0.7158675193786621, "6": 0.7561495304107666, "7": 0.7588265538215637, "8": 0.7518256306648254, "9": 0.7868297100067139, "10": 0.7671990990638733, "11": 0.7953912615776062, "12": 0.7007320523262024, "13": 0.7545576095581055, "14": 0.8027305006980896, "15": 0.7850837111473083, "16": 0.7961728572845459, "17": 0.7799418568611145, "18": 0.8082987666130066, "19": 0.762657880783081, "20": 0.7879540324211121, "21": 0.7962868809700012, "22": 0.8121760487556458, "23": 0.8109505772590637, "24": 0.7532395720481873, "25": 0.7850591540336609, "26": 0.7818600535392761, "27": 0.7456002831459045, "28": 0.816122829914093, "29": 0.8101430535316467, "30": 0.8257148265838623, "31": 0.8073568940162659, "32": 0.7794082760810852, "33": 0.7978377938270569, "34": 0.7911765575408936, "35": 0.8336398601531982, "36": 0.8286935687065125, "37": 0.8083066940307617, "38": 0.8238649964332581, "39": 0.8274518847465515, "40": 0.8174845576286316, "41": 0.8250269293785095, "42": 0.796079158782959, "43": 0.8196994662284851, "44": 0.8018773198127747, "45": 0.8266804814338684, "46": 0.7808707356452942, "47": 0.808990478515625, "48": 0.8177792429924011, "49": 0.8274491429328918, "50": 0.8394372463226318, "51": 0.8242117762565613, "52": 0.8330143094062805, "53": 0.8177955746650696, "54": 0.8333790898323059, "55": 0.8163815140724182, "56": 0.8131759166717529, "57": 0.7637956738471985, "58": 0.8222060799598694, "59": 0.8117899298667908, "60": 0.8218147158622742, "61": 0.7977806925773621, "62": 0.8213977217674255, "63": 0.8313912749290466, "64": 0.7925539016723633, "65": 0.8128978610038757, "66": 0.8150566220283508, "67": 0.8049328327178955, "68": 0.8354890942573547, "69": 0.8275137543678284, "70": 0.8341836929321289, "71": 0.8298823237419128, "72": 0.8237400054931641, "73": 0.7909147143363953, "74": 0.807662308216095, "75": 0.8249819278717041, "76": 0.8210532069206238, "77": 0.8344298005104065, "78": 0.8202812075614929, "79": 0.8236743807792664, "80": 0.8163137435913086}