{"1": 0.6466453075408936, "2": 0.643402636051178, "3": 0.7290980219841003, "4": 0.6476880311965942, "5": 0.7142720818519592, "6": 0.7553398013114929, "7": 0.7534348964691162, "8": 0.7457633018493652, "9": 0.782320499420166, "10": 0.7618176937103271, "11": 0.7906777262687683, "12": 0.6900907158851624, "13": 0.7424115538597107, "14": 0.7944117188453674, "15": 0.7788845896720886, "16": 0.787457287311554, "17": 0.7654202580451965, "18": 0.8035008311271667, "19": 0.7466896176338196, "20": 0.7793607711791992, "21": 0.7879799008369446, "22": 0.8038430213928223, "23": 0.8050267100334167, "24": 0.7428460121154785, "25": 0.7715445160865784, "26": 0.7658712267875671, "27": 0.7395000457763672, "28": 0.8072550892829895, "29": 0.8013937473297119, "30": 0.820446789264679, "31": 0.8017241358757019, "32": 0.7695242762565613, "33": 0.7914528846740723, "34": 0.783198356628418, "35": 0.8294458389282227, "36": 0.8251137733459473, "37": 0.8002998232841492, "38": 0.8166511654853821, "39": 0.8196110725402832, "40": 0.8122794032096863, "41": 0.8216564059257507, "42": 0.7869970202445984, "43": 0.8181536197662354, "44": 0.7982826232910156, "45": 0.8219274878501892, "46": 0.7706144452095032, "47": 0.8109332919120789, "48": 0.8151065707206726, "49": 0.8247135281562805, "50": 0.8372775912284851, "51": 0.8210470676422119, "52": 0.8319608569145203, "53": 0.8121772408485413, "54": 0.8303272128105164, "55": 0.8103788495063782, "56": 0.8085634112358093, "57": 0.7563623785972595, "58": 0.8173463940620422, "59": 0.8067026734352112, "60": 0.8191938400268555, "61": 0.7917934060096741, "62": 0.8167168498039246, "63": 0.8296554684638977, "64": 0.782767117023468, "65": 0.8079619407653809, "66": 0.810830295085907, "67": 0.8022887110710144, "68": 0.8332231640815735, "69": 0.8264835476875305, "70": 0.8280084729194641, "71": 0.8254060745239258, "72": 0.8174007534980774, "73": 0.7856475710868835, "74": 0.8050978779792786, "75": 0.8240008354187012, "76": 0.8159794211387634, "77": 0.8304967880249023, "78": 0.8141202330589294, "79": 0.8197135329246521, "80": 0.810230553150177}