{"1": 0.5390101075172424, "2": 0.51422518491745, "3": 0.6025790572166443, "4": 0.5279012322425842, "5": 0.5807840824127197, "6": 0.6253862977027893, "7": 0.6054306030273438, "8": 0.5981294512748718, "9": 0.6328778266906738, "10": 0.6171143054962158, "11": 0.6596719622612, "12": 0.5488712191581726, "13": 0.6159963011741638, "14": 0.6649351716041565, "15": 0.6256618499755859, "16": 0.6522470116615295, "17": 0.6335377097129822, "18": 0.6543639302253723, "19": 0.6085241436958313, "20": 0.6329739689826965, "21": 0.649432897567749, "22": 0.6781033873558044, "23": 0.6840357184410095, "24": 0.5884471535682678, "25": 0.6433338522911072, "26": 0.6182041764259338, "27": 0.5669825673103333, "28": 0.6606300473213196, "29": 0.6501690745353699, "30": 0.676440417766571, "31": 0.6532964706420898, "32": 0.6365826725959778, "33": 0.6371274590492249, "34": 0.6422245502471924, "35": 0.6999110579490662, "36": 0.6726270318031311, "37": 0.6410321593284607, "38": 0.6836734414100647, "39": 0.6768041253089905, "40": 0.6723834872245789, "41": 0.6887834668159485, "42": 0.6435590982437134, "43": 0.7035382390022278, "44": 0.6635153889656067, "45": 0.7046341896057129, "46": 0.6370328068733215, "47": 0.6888570785522461, "48": 0.6694673895835876, "49": 0.7062768340110779, "50": 0.70884108543396, "51": 0.7011321187019348, "52": 0.7047449946403503, "53": 0.6601569056510925, "54": 0.7091968655586243, "55": 0.663652241230011, "56": 0.6641941070556641, "57": 0.60496586561203, "58": 0.6783902049064636, "59": 0.664373517036438, "60": 0.6724972128868103, "61": 0.6538950204849243, "62": 0.6711753010749817, "63": 0.7044529914855957, "64": 0.6294729113578796, "65": 0.6539719700813293, "66": 0.6713065505027771, "67": 0.6552808284759521, "68": 0.7016329169273376, "69": 0.6902554631233215, "70": 0.6925907135009766, "71": 0.6799930930137634, "72": 0.6845700740814209, "73": 0.6321718096733093, "74": 0.6534872055053711, "75": 0.7094712853431702, "76": 0.6770129799842834, "77": 0.6897971630096436, "78": 0.6713783144950867, "79": 0.6753561496734619, "80": 0.6559622287750244}