{"1": 0.5100433826446533, "2": 0.4984646737575531, "3": 0.4720824658870697, "4": 0.5127508640289307, "5": 0.45356854796409607, "6": 0.47559142112731934, "7": 0.47517937421798706, "8": 0.48999443650245667, "9": 0.49937644600868225, "10": 0.48861274123191833, "11": 0.5104213953018188, "12": 0.5948797464370728, "13": 0.6081393361091614, "14": 0.484388530254364, "15": 0.5607504844665527, "16": 0.6633032560348511, "17": 0.5998029708862305, "18": 0.6120160818099976, "19": 0.5058006644248962, "20": 0.5113269090652466, "21": 0.5299763083457947, "22": 0.6481327414512634, "23": 0.6693479418754578, "24": 0.609967052936554, "25": 0.5471665263175964, "26": 0.5062258243560791, "27": 0.6383374929428101, "28": 0.6242653131484985, "29": 0.5372151136398315, "30": 0.4903481900691986, "31": 0.5640079379081726, "32": 0.516105592250824, "33": 0.5635360479354858, "34": 0.6083288788795471, "35": 0.5976201295852661, "36": 0.5659380555152893, "37": 0.7401822209358215, "38": 0.6031421422958374, "39": 0.5631352663040161, "40": 0.5880029797554016, "41": 0.615756630897522, "42": 0.6550203561782837, "43": 0.6310511827468872, "44": 0.618346631526947, "45": 0.6108564138412476, "46": 0.6178672313690186, "47": 0.5864666104316711, "48": 0.6184762716293335, "49": 0.6384401917457581, "50": 0.7298016548156738, "51": 0.5868212580680847, "52": 0.6699256896972656, "53": 0.780580461025238, "54": 0.6452997922897339, "55": 0.5845561027526855, "56": 0.5878086090087891, "57": 0.7245280146598816, "58": 0.7517561912536621, "59": 0.6989521980285645, "60": 0.7043179869651794, "61": 0.760949432849884, "62": 0.6445471048355103, "63": 0.7942221760749817, "64": 0.843833327293396, "65": 0.8721712827682495, "66": 0.8183433413505554, "67": 0.746523380279541, "68": 0.8050485849380493, "69": 0.5887490510940552, "70": 0.8900787234306335, "71": 0.8577237129211426, "72": 0.868205189704895, "73": 0.8133226633071899, "74": 0.7955403923988342, "75": 0.9287016987800598, "76": 0.8451477885246277, "77": 0.8247917294502258, "78": 0.9229132533073425, "79": 0.8935250043869019, "80": 0.8323209881782532}