{"1": 0.5498167872428894, "2": 0.48248353600502014, "3": 0.5004462003707886, "4": 0.4376969337463379, "5": 0.4343482553958893, "6": 0.38679516315460205, "7": 0.38588613271713257, "8": 0.41544288396835327, "9": 0.3665546178817749, "10": 0.37404903769493103, "11": 0.37302571535110474, "12": 0.3418847918510437, "13": 0.40220731496810913, "14": 0.35604456067085266, "15": 0.3441522717475891, "16": 0.45949292182922363, "17": 0.3757331371307373, "18": 0.35143929719924927, "19": 0.3717341423034668, "20": 0.31792160868644714, "21": 0.31879526376724243, "22": 0.3998311161994934, "23": 0.3062501549720764, "24": 0.40594562888145447, "25": 0.29716330766677856, "26": 0.3251481354236603, "27": 0.3228756785392761, "28": 0.29779791831970215, "29": 0.28823941946029663, "30": 0.3508768677711487, "31": 0.3356923460960388, "32": 0.4043014645576477, "33": 0.34362345933914185, "34": 0.28140172362327576, "35": 0.3670097887516022, "36": 0.35567647218704224, "37": 0.32651910185813904, "38": 0.39133501052856445, "39": 0.3562059700489044, "40": 0.3528682291507721, "41": 0.42603904008865356, "42": 0.30581092834472656, "43": 0.3141520023345947, "44": 0.359681636095047, "45": 0.322673499584198, "46": 0.40600213408470154, "47": 0.3823116421699524, "48": 0.31093209981918335, "49": 0.3933711647987366, "50": 0.36304908990859985, "51": 0.5136090517044067, "52": 0.4094662666320801, "53": 0.3956839442253113, "54": 0.4193410277366638, "55": 0.2935184836387634, "56": 0.3949129283428192, "57": 0.34819296002388, "58": 0.40281620621681213, "59": 0.35309895873069763, "60": 0.5019422173500061, "61": 0.4797299802303314, "62": 0.45140179991722107, "63": 0.45028385519981384, "64": 0.3715803027153015, "65": 0.3675970733165741, "66": 0.4869006276130676, "67": 0.4643377363681793, "68": 0.577285647392273, "69": 0.5335166454315186, "70": 0.5512553453445435, "71": 0.49150949716567993, "72": 0.4221312999725342, "73": 0.527070939540863, "74": 0.525242030620575, "75": 0.44028130173683167, "76": 0.559264063835144, "77": 0.5793449878692627, "78": 0.5659629106521606, "79": 0.5360127687454224, "80": 0.387611985206604}