{"1": 0.5645509958267212, "2": 0.5624315142631531, "3": 0.454897403717041, "4": 0.5440948605537415, "5": 0.4910428524017334, "6": 0.4278058111667633, "7": 0.4351058006286621, "8": 0.4385043978691101, "9": 0.4169349670410156, "10": 0.43281131982803345, "11": 0.38100358843803406, "12": 0.5387284159660339, "13": 0.4227227568626404, "14": 0.3635050356388092, "15": 0.38250407576560974, "16": 0.3472808003425598, "17": 0.3706607222557068, "18": 0.37792304158210754, "19": 0.4031923711299896, "20": 0.35376256704330444, "21": 0.3976658284664154, "22": 0.32905304431915283, "23": 0.3247789144515991, "24": 0.45573872327804565, "25": 0.40656909346580505, "26": 0.4103032648563385, "27": 0.4338974356651306, "28": 0.3594346344470978, "29": 0.35373061895370483, "30": 0.33303046226501465, "31": 0.4319585859775543, "32": 0.41298621892929077, "33": 0.391800194978714, "34": 0.38732126355171204, "35": 0.3186982572078705, "36": 0.3660772442817688, "37": 0.4004558026790619, "38": 0.35994359850883484, "39": 0.3796842098236084, "40": 0.3775401711463928, "41": 0.366131067276001, "42": 0.49601563811302185, "43": 0.3431364893913269, "44": 0.43197211623191833, "45": 0.34968137741088867, "46": 0.4657779335975647, "47": 0.3677683472633362, "48": 0.45790618658065796, "49": 0.35854044556617737, "50": 0.35389310121536255, "51": 0.3745560348033905, "52": 0.41607731580734253, "53": 0.40750735998153687, "54": 0.39851292967796326, "55": 0.5008074045181274, "56": 0.48260554671287537, "57": 0.6448124647140503, "58": 0.5128275156021118, "59": 0.4765426516532898, "60": 0.5052918195724487, "61": 0.5643051862716675, "62": 0.5233050584793091, "63": 0.4230325222015381, "64": 0.5964899659156799, "65": 0.5898186564445496, "66": 0.5808692574501038, "67": 0.6295849084854126, "68": 0.5021952390670776, "69": 0.44718727469444275, "70": 0.5149361491203308, "71": 0.5484879612922668, "72": 0.5482169389724731, "73": 0.5046471953392029, "74": 0.5668743252754211, "75": 0.4049808084964752, "76": 0.6246854066848755, "77": 0.5676493644714355, "78": 0.6772598624229431, "79": 0.6660791635513306, "80": 0.731234610080719}