{"1": 0.6758341789245605, "2": 0.7254838347434998, "3": 0.7588376998901367, "4": 0.7124204635620117, "5": 0.7968346476554871, "6": 0.7808335423469543, "7": 0.788853108882904, "8": 0.7756784558296204, "9": 0.768406093120575, "10": 0.7797541618347168, "11": 0.7864043712615967, "12": 0.8031244277954102, "13": 0.7915013432502747, "14": 0.8150132298469543, "15": 0.7875704169273376, "16": 0.8070873618125916, "17": 0.8178463578224182, "18": 0.7808566093444824, "19": 0.8110311627388, "20": 0.8136106133460999, "21": 0.8077756762504578, "22": 0.8070642352104187, "23": 0.8069908022880554, "24": 0.8217272758483887, "25": 0.825882613658905, "26": 0.7776798605918884, "27": 0.8004948496818542, "28": 0.8138927817344666, "29": 0.7886545658111572, "30": 0.8238091468811035, "31": 0.8141043186187744, "32": 0.8294575810432434, "33": 0.8285670280456543, "34": 0.8049740195274353, "35": 0.8285446166992188, "36": 0.8098668456077576, "37": 0.8044608235359192, "38": 0.8428825736045837, "39": 0.8258550763130188, "40": 0.8267974853515625, "41": 0.82016921043396, "42": 0.8489677309989929, "43": 0.8133137822151184, "44": 0.8082473278045654, "45": 0.815770149230957, "46": 0.8156862258911133, "47": 0.8396375179290771, "48": 0.8382515907287598, "49": 0.8296224474906921, "50": 0.8540516495704651, "51": 0.8440443873405457, "52": 0.8377088904380798, "53": 0.841859757900238, "54": 0.8146355748176575, "55": 0.8075706958770752, "56": 0.8336334228515625, "57": 0.8318851590156555, "58": 0.819366991519928, "59": 0.8503761291503906, "60": 0.8310988545417786, "61": 0.8115461468696594, "62": 0.8366816639900208, "63": 0.8100008368492126, "64": 0.8084295392036438, "65": 0.8409151434898376, "66": 0.8461810946464539, "67": 0.8419198393821716, "68": 0.8330321311950684, "69": 0.8300977349281311, "70": 0.8340361714363098, "71": 0.8310392498970032, "72": 0.8318390846252441, "73": 0.8293357491493225, "74": 0.8162834644317627, "75": 0.8317129015922546, "76": 0.8361255526542664, "77": 0.8456957936286926, "78": 0.8340871930122375, "79": 0.8306382298469543, "80": 0.8408438563346863}