{"1": 0.6497021317481995, "2": 0.6440176367759705, "3": 0.7286795973777771, "4": 0.6472750306129456, "5": 0.7142947316169739, "6": 0.755810022354126, "7": 0.7507376670837402, "8": 0.7429609298706055, "9": 0.7796918749809265, "10": 0.7595736384391785, "11": 0.7871489524841309, "12": 0.6856232285499573, "13": 0.7373055815696716, "14": 0.7899066805839539, "15": 0.7739728093147278, "16": 0.7812376022338867, "17": 0.7578878998756409, "18": 0.8013138771057129, "19": 0.7392786145210266, "20": 0.7737497687339783, "21": 0.7823850512504578, "22": 0.7996286749839783, "23": 0.8001594543457031, "24": 0.7378671765327454, "25": 0.766563892364502, "26": 0.7588123679161072, "27": 0.7338654398918152, "28": 0.8042338490486145, "29": 0.7983425259590149, "30": 0.8175056576728821, "31": 0.797290027141571, "32": 0.7653779983520508, "33": 0.7865408062934875, "34": 0.776740550994873, "35": 0.8262889981269836, "36": 0.8219423294067383, "37": 0.7955143451690674, "38": 0.8108375072479248, "39": 0.812800407409668, "40": 0.807159423828125, "41": 0.8183215260505676, "42": 0.7808210253715515, "43": 0.8146929144859314, "44": 0.7928920388221741, "45": 0.8173179626464844, "46": 0.7617354393005371, "47": 0.8143460154533386, "48": 0.8088476657867432, "49": 0.8197206854820251, "50": 0.8342105746269226, "51": 0.8203415870666504, "52": 0.8281819224357605, "53": 0.8082051277160645, "54": 0.8281928896903992, "55": 0.8046651482582092, "56": 0.8042852878570557, "57": 0.7511045336723328, "58": 0.8124752640724182, "59": 0.8028737902641296, "60": 0.8147734999656677, "61": 0.7887971997261047, "62": 0.8125819563865662, "63": 0.8263660073280334, "64": 0.775093138217926, "65": 0.8005631566047668, "66": 0.8057861924171448, "67": 0.798706591129303, "68": 0.8312122821807861, "69": 0.8211226463317871, "70": 0.8225978016853333, "71": 0.8213340640068054, "72": 0.8131220936775208, "73": 0.7815837264060974, "74": 0.7985334396362305, "75": 0.8232414126396179, "76": 0.8110962510108948, "77": 0.8271211981773376, "78": 0.808707058429718, "79": 0.8134863376617432, "80": 0.8049750924110413}