{"1": 0.505196750164032, "2": 0.48683270812034607, "3": 0.4531647562980652, "4": 0.4931856095790863, "5": 0.4313083291053772, "6": 0.45057934522628784, "7": 0.4425102174282074, "8": 0.4512389302253723, "9": 0.4660375714302063, "10": 0.4574379324913025, "11": 0.45506876707077026, "12": 0.512327253818512, "13": 0.531847357749939, "14": 0.4356265068054199, "15": 0.511702835559845, "16": 0.5748788118362427, "17": 0.5208542943000793, "18": 0.5643386840820312, "19": 0.45489534735679626, "20": 0.4455413818359375, "21": 0.4723605215549469, "22": 0.5541150569915771, "23": 0.5842504501342773, "24": 0.5363040566444397, "25": 0.49981603026390076, "26": 0.48075056076049805, "27": 0.5795472264289856, "28": 0.5462353825569153, "29": 0.508281946182251, "30": 0.4349857270717621, "31": 0.5178488492965698, "32": 0.4648662507534027, "33": 0.5369171500205994, "34": 0.5552393794059753, "35": 0.539605975151062, "36": 0.5296670794487, "37": 0.7128368616104126, "38": 0.534826397895813, "39": 0.534227192401886, "40": 0.5202468633651733, "41": 0.5820857882499695, "42": 0.6013450622558594, "43": 0.6096227765083313, "44": 0.6301932334899902, "45": 0.6020711660385132, "46": 0.6084557175636292, "47": 0.5845763087272644, "48": 0.599177360534668, "49": 0.6114802956581116, "50": 0.6989365816116333, "51": 0.5993161201477051, "52": 0.6706987619400024, "53": 0.7112581729888916, "54": 0.6173753142356873, "55": 0.6188193559646606, "56": 0.5957657694816589, "57": 0.7440125942230225, "58": 0.7474021911621094, "59": 0.7080910801887512, "60": 0.7042531967163086, "61": 0.7824498414993286, "62": 0.6984021663665771, "63": 0.7608352899551392, "64": 0.9025191068649292, "65": 0.8248313069343567, "66": 0.7704275846481323, "67": 0.7636335492134094, "68": 0.8542725443840027, "69": 0.5595972537994385, "70": 0.8476789593696594, "71": 0.8594099879264832, "72": 0.896308422088623, "73": 0.7970967888832092, "74": 0.8452388644218445, "75": 0.9155716896057129, "76": 0.8433086276054382, "77": 0.7963278889656067, "78": 0.9270997047424316, "79": 0.8504496812820435, "80": 0.8356601595878601}