{"1": 0.5759195685386658, "2": 0.5962974429130554, "3": 0.6337644457817078, "4": 0.6071704030036926, "5": 0.6691126227378845, "6": 0.6376648545265198, "7": 0.6605289578437805, "8": 0.6572055220603943, "9": 0.6513418555259705, "10": 0.6275498270988464, "11": 0.6651416420936584, "12": 0.6720280647277832, "13": 0.6409104466438293, "14": 0.6884892582893372, "15": 0.6439270377159119, "16": 0.6681345105171204, "17": 0.680334746837616, "18": 0.6087108254432678, "19": 0.6880258917808533, "20": 0.701829731464386, "21": 0.6994479298591614, "22": 0.6961296200752258, "23": 0.6795352101325989, "24": 0.680658757686615, "25": 0.6816735863685608, "26": 0.6478188633918762, "27": 0.6472075581550598, "28": 0.6493763327598572, "29": 0.6323466897010803, "30": 0.6989625096321106, "31": 0.661560595035553, "32": 0.7079136967658997, "33": 0.6844006180763245, "34": 0.6455633044242859, "35": 0.6938052177429199, "36": 0.6793859601020813, "37": 0.6426167488098145, "38": 0.698246955871582, "39": 0.6710648536682129, "40": 0.7224960923194885, "41": 0.6552596688270569, "42": 0.7021520137786865, "43": 0.6476092338562012, "44": 0.6729257106781006, "45": 0.6700119972229004, "46": 0.6665474772453308, "47": 0.7056531310081482, "48": 0.6901195645332336, "49": 0.6927071213722229, "50": 0.7210140824317932, "51": 0.6985518932342529, "52": 0.706888735294342, "53": 0.7159200310707092, "54": 0.682964026927948, "55": 0.681329071521759, "56": 0.7070117592811584, "57": 0.6761016845703125, "58": 0.6730479598045349, "59": 0.7074217796325684, "60": 0.6860243678092957, "61": 0.6592382788658142, "62": 0.6963726878166199, "63": 0.6843441128730774, "64": 0.6429600715637207, "65": 0.7134386897087097, "66": 0.7159045338630676, "67": 0.7010995745658875, "68": 0.6861729025840759, "69": 0.712589681148529, "70": 0.6996908783912659, "71": 0.6740002036094666, "72": 0.6798223853111267, "73": 0.6921855807304382, "74": 0.6616379618644714, "75": 0.6899881362915039, "76": 0.700541079044342, "77": 0.7124853730201721, "78": 0.6921547055244446, "79": 0.7100801467895508, "80": 0.7032542824745178}