{"1": 0.6105724573135376, "2": 0.7232916355133057, "3": 0.7438217997550964, "4": 0.7515935301780701, "5": 0.7396464943885803, "6": 0.707673966884613, "7": 0.6727044582366943, "8": 0.7972103953361511, "9": 0.7994747161865234, "10": 0.7934558391571045, "11": 0.7868776917457581, "12": 0.7882256507873535, "13": 0.7344214916229248, "14": 0.7683725357055664, "15": 0.7964617609977722, "16": 0.7642390131950378, "17": 0.8049300312995911, "18": 0.8103142380714417, "19": 0.797123908996582, "20": 0.7793640494346619, "21": 0.7938429713249207, "22": 0.8189981579780579, "23": 0.8029069304466248, "24": 0.7916547656059265, "25": 0.8067982196807861, "26": 0.8108281493186951, "27": 0.8126607537269592, "28": 0.8196434378623962, "29": 0.8308200240135193, "30": 0.8027848601341248, "31": 0.8170561790466309, "32": 0.8067523837089539, "33": 0.820730984210968, "34": 0.8139381408691406, "35": 0.8403415083885193, "36": 0.8045434355735779, "37": 0.7985195517539978, "38": 0.8298978805541992, "39": 0.8174769878387451, "40": 0.8475672602653503, "41": 0.8333640694618225, "42": 0.8214626312255859, "43": 0.8433570265769958, "44": 0.8379997611045837, "45": 0.8395174145698547, "46": 0.8365448117256165, "47": 0.8087289929389954, "48": 0.8274618983268738, "49": 0.8424301147460938, "50": 0.8130860328674316, "51": 0.8144820332527161, "52": 0.810275137424469, "53": 0.8364856243133545, "54": 0.8175544142723083, "55": 0.8350895047187805, "56": 0.7928668856620789, "57": 0.8205757141113281, "58": 0.8169103264808655, "59": 0.8410655856132507, "60": 0.8326666951179504, "61": 0.8286005854606628, "62": 0.837927520275116, "63": 0.8134875893592834, "64": 0.8311272263526917, "65": 0.8174211382865906, "66": 0.8203650116920471, "67": 0.8077718615531921, "68": 0.8273447155952454, "69": 0.8303237557411194, "70": 0.830254077911377, "71": 0.849082887172699, "72": 0.8180740475654602, "73": 0.8160861134529114, "74": 0.8279812335968018, "75": 0.8336288928985596, "76": 0.8365834355354309, "77": 0.8351448178291321, "78": 0.8349402546882629, "79": 0.8465897440910339, "80": 0.8002786040306091}