{"1": 0.6129682660102844, "2": 0.7295520305633545, "3": 0.7492435574531555, "4": 0.7575688362121582, "5": 0.7443053722381592, "6": 0.7128071784973145, "7": 0.6780551075935364, "8": 0.8044241070747375, "9": 0.8052974343299866, "10": 0.8007135987281799, "11": 0.7923170924186707, "12": 0.7920686602592468, "13": 0.736873209476471, "14": 0.7734491229057312, "15": 0.8022387623786926, "16": 0.7652254104614258, "17": 0.8078225255012512, "18": 0.8132727146148682, "19": 0.8008747100830078, "20": 0.7837013602256775, "21": 0.7976450324058533, "22": 0.8217496871948242, "23": 0.8049025535583496, "24": 0.7949911952018738, "25": 0.8092276453971863, "26": 0.8126082420349121, "27": 0.8146696090698242, "28": 0.8234573006629944, "29": 0.8324658870697021, "30": 0.8052615523338318, "31": 0.819256603717804, "32": 0.8092727065086365, "33": 0.8236002922058105, "34": 0.8156461119651794, "35": 0.8434497714042664, "36": 0.8071568608283997, "37": 0.7999758124351501, "38": 0.8295893669128418, "39": 0.8200643658638, "40": 0.8497593402862549, "41": 0.834263265132904, "42": 0.8231079578399658, "43": 0.8454912304878235, "44": 0.8386194109916687, "45": 0.8417090773582458, "46": 0.8378631472587585, "47": 0.8088569641113281, "48": 0.8280961513519287, "49": 0.8458988070487976, "50": 0.8138805031776428, "51": 0.8154818415641785, "52": 0.8123981356620789, "53": 0.8393211364746094, "54": 0.8192992806434631, "55": 0.8365542888641357, "56": 0.794946014881134, "57": 0.8216668963432312, "58": 0.8190005421638489, "59": 0.843667209148407, "60": 0.8351687788963318, "61": 0.8311893343925476, "62": 0.8412453532218933, "63": 0.8158750534057617, "64": 0.8298642039299011, "65": 0.8195555806159973, "66": 0.8208478093147278, "67": 0.8107817769050598, "68": 0.8297342658042908, "69": 0.8320319652557373, "70": 0.8343963623046875, "71": 0.8537823557853699, "72": 0.8214583396911621, "73": 0.8182788491249084, "74": 0.8291118741035461, "75": 0.8354559540748596, "76": 0.8370417952537537, "77": 0.8365035057067871, "78": 0.8354238867759705, "79": 0.8487717509269714, "80": 0.8016020655632019}