{"1": 0.6310135722160339, "2": 0.6631020903587341, "3": 0.6452085375785828, "4": 0.6660478115081787, "5": 0.6662232279777527, "6": 0.6959936022758484, "7": 0.6993629336357117, "8": 0.6636788249015808, "9": 0.7017812728881836, "10": 0.6792294979095459, "11": 0.7057446837425232, "12": 0.6763219833374023, "13": 0.6642393469810486, "14": 0.6818614602088928, "15": 0.670492947101593, "16": 0.6594738364219666, "17": 0.6688653826713562, "18": 0.7095699310302734, "19": 0.6912252306938171, "20": 0.6790940165519714, "21": 0.7222360968589783, "22": 0.6992802619934082, "23": 0.6993157267570496, "24": 0.7050878405570984, "25": 0.6937715411186218, "26": 0.7095075249671936, "27": 0.6964066624641418, "28": 0.7193140983581543, "29": 0.714320957660675, "30": 0.7010166049003601, "31": 0.7190802693367004, "32": 0.6622560620307922, "33": 0.6909446716308594, "34": 0.73101407289505, "35": 0.6960089206695557, "36": 0.7069210410118103, "37": 0.7294954657554626, "38": 0.7013866901397705, "39": 0.7091968655586243, "40": 0.7185258865356445, "41": 0.7073473930358887, "42": 0.6924724578857422, "43": 0.7203930020332336, "44": 0.7260999083518982, "45": 0.7170288562774658, "46": 0.7125756144523621, "47": 0.7018386721611023, "48": 0.7138919234275818, "49": 0.6984958648681641, "50": 0.6975955963134766, "51": 0.7335341572761536, "52": 0.7109448313713074, "53": 0.7097451090812683, "54": 0.7223899960517883, "55": 0.732612133026123, "56": 0.7372865676879883, "57": 0.727938711643219, "58": 0.7048089504241943, "59": 0.7181389927864075, "60": 0.708584725856781, "61": 0.7183923125267029, "62": 0.7048937678337097, "63": 0.7097786068916321, "64": 0.7142786383628845, "65": 0.7022842764854431, "66": 0.7161641716957092, "67": 0.7101728320121765, "68": 0.7075312733650208, "69": 0.7239246368408203, "70": 0.7033243179321289, "71": 0.7291374206542969, "72": 0.7158191800117493, "73": 0.6978417038917542, "74": 0.7362330555915833, "75": 0.7371798157691956, "76": 0.7333490252494812, "77": 0.7303794026374817, "78": 0.739645779132843, "79": 0.7149760127067566, "80": 0.7142360806465149}