{"1": 0.9306227564811707, "2": 0.8060678243637085, "3": 0.5915654301643372, "4": 0.5341418385505676, "5": 0.6601068377494812, "6": 0.8349514007568359, "7": 0.4706306457519531, "8": 0.6464664936065674, "9": 0.6611214876174927, "10": 0.8018542528152466, "11": 0.6705043911933899, "12": 0.7689727544784546, "13": 0.7915805578231812, "14": 1.0343962907791138, "15": 1.00242280960083, "16": 0.7121084928512573, "17": 0.7872015237808228, "18": 0.843329131603241, "19": 0.8547118902206421, "20": 0.9147710800170898, "21": 0.7856874465942383, "22": 0.9731038808822632, "23": 1.0674669742584229, "24": 0.879641056060791, "25": 0.904157280921936, "26": 0.996790885925293, "27": 1.2578225135803223, "28": 0.7442606091499329, "29": 1.069554090499878, "30": 1.2285608053207397, "31": 1.298063039779663, "32": 1.0690805912017822, "33": 1.069137692451477, "34": 1.0632580518722534, "35": 1.048277735710144, "36": 1.030198574066162, "37": 0.9963447451591492, "38": 1.0888311862945557, "39": 1.2039124965667725, "40": 1.1208736896514893, "41": 1.1138807535171509, "42": 1.2436754703521729, "43": 1.085819125175476, "44": 1.1036550998687744, "45": 0.9142534136772156, "46": 1.0960824489593506, "47": 1.1219717264175415, "48": 0.9798391461372375, "49": 1.269268274307251, "50": 1.1484062671661377, "51": 1.2071547508239746, "52": 1.0774751901626587, "53": 1.231559157371521, "54": 1.1491299867630005, "55": 1.3326804637908936, "56": 1.2458913326263428, "57": 1.4795310497283936, "58": 1.2678089141845703, "59": 1.4698078632354736, "60": 1.1084020137786865, "61": 1.2519444227218628, "62": 1.312058687210083, "63": 1.29397451877594, "64": 1.1794497966766357, "65": 1.355919599533081, "66": 1.2982921600341797, "67": 1.3794853687286377, "68": 1.2676738500595093, "69": 1.2801350355148315, "70": 1.3849197626113892, "71": 0.998813271522522, "72": 1.0668964385986328, "73": 1.28055739402771, "74": 1.2221522331237793, "75": 1.348451018333435, "76": 1.3831757307052612, "77": 1.3408658504486084, "78": 1.336503028869629, "79": 1.4521805047988892, "80": 1.3930855989456177}