{"1": 0.6448360085487366, "2": 0.6213399171829224, "3": 0.6772543787956238, "4": 0.6055372357368469, "5": 0.6678312420845032, "6": 0.6487435102462769, "7": 0.6226972937583923, "8": 0.6302527189254761, "9": 0.6645475029945374, "10": 0.6651075482368469, "11": 0.7149285674095154, "12": 0.7133811116218567, "13": 0.6283894181251526, "14": 0.6865291595458984, "15": 0.6376723647117615, "16": 0.6457589268684387, "17": 0.6381180882453918, "18": 0.6712529063224792, "19": 0.6950685381889343, "20": 0.6493150591850281, "21": 0.6669125556945801, "22": 0.7015316486358643, "23": 0.5890812873840332, "24": 0.6808364391326904, "25": 0.6169384717941284, "26": 0.6612012386322021, "27": 0.6007338166236877, "28": 0.6438174843788147, "29": 0.6723753809928894, "30": 0.6800224184989929, "31": 0.6171659827232361, "32": 0.6662587523460388, "33": 0.6615242958068848, "34": 0.6731652617454529, "35": 0.6819441914558411, "36": 0.682575523853302, "37": 0.6724609732627869, "38": 0.6656370162963867, "39": 0.6877601742744446, "40": 0.6442683339118958, "41": 0.6570457220077515, "42": 0.6224202513694763, "43": 0.6931086182594299, "44": 0.6863484382629395, "45": 0.6841122508049011, "46": 0.6810740828514099, "47": 0.6919622421264648, "48": 0.6218517422676086, "49": 0.6964116096496582, "50": 0.5832749605178833, "51": 0.6640147566795349, "52": 0.674797534942627, "53": 0.6746032238006592, "54": 0.6511533260345459, "55": 0.6694958806037903, "56": 0.6659130454063416, "57": 0.6857085227966309, "58": 0.6792152523994446, "59": 0.6644904613494873, "60": 0.6817918419837952, "61": 0.6859764456748962, "62": 0.6822693347930908, "63": 0.6671127676963806, "64": 0.6672843098640442, "65": 0.664032518863678, "66": 0.6514182090759277, "67": 0.6614300608634949, "68": 0.6771747469902039, "69": 0.6773868203163147, "70": 0.6735105514526367, "71": 0.6838774681091309, "72": 0.659783661365509, "73": 0.6574487090110779, "74": 0.6566105484962463, "75": 0.6629488468170166, "76": 0.676088809967041, "77": 0.6633109450340271, "78": 0.6829622387886047, "79": 0.6618843674659729, "80": 0.6881921887397766}