{"1": 0.5486132502555847, "2": 0.5988101959228516, "3": 0.613037645816803, "4": 0.6518644690513611, "5": 0.6447200179100037, "6": 0.6554357409477234, "7": 0.6827499866485596, "8": 0.6658532619476318, "9": 0.6885382533073425, "10": 0.7186165452003479, "11": 0.6838062405586243, "12": 0.6810134053230286, "13": 0.6612048149108887, "14": 0.6630176901817322, "15": 0.694089412689209, "16": 0.6891711354255676, "17": 0.6650421023368835, "18": 0.6951691508293152, "19": 0.6919640898704529, "20": 0.698836624622345, "21": 0.6938349604606628, "22": 0.69267338514328, "23": 0.698669970035553, "24": 0.6936955451965332, "25": 0.693507969379425, "26": 0.7099875807762146, "27": 0.7043485641479492, "28": 0.7082653045654297, "29": 0.6603066325187683, "30": 0.6972498893737793, "31": 0.7032931447029114, "32": 0.683771550655365, "33": 0.6935195922851562, "34": 0.6970713138580322, "35": 0.6847339272499084, "36": 0.6962003111839294, "37": 0.6607751250267029, "38": 0.702833890914917, "39": 0.6899552345275879, "40": 0.6939551830291748, "41": 0.7047600746154785, "42": 0.6927914023399353, "43": 0.6901734471321106, "44": 0.6989489197731018, "45": 0.688967227935791, "46": 0.71693354845047, "47": 0.6935243606567383, "48": 0.6796097159385681, "49": 0.6945256590843201, "50": 0.6883494257926941, "51": 0.6958003640174866, "52": 0.6926742196083069, "53": 0.696877658367157, "54": 0.6988921165466309, "55": 0.6893369555473328, "56": 0.6921162605285645, "57": 0.6969113349914551, "58": 0.6939284205436707, "59": 0.6929877400398254, "60": 0.6959590315818787, "61": 0.6842039227485657, "62": 0.6995730400085449, "63": 0.6953983306884766, "64": 0.6918087601661682, "65": 0.6732175350189209, "66": 0.6919994354248047, "67": 0.7004148364067078, "68": 0.7080879211425781, "69": 0.6956081390380859, "70": 0.6964402198791504, "71": 0.702033519744873, "72": 0.7005434036254883, "73": 0.7079927325248718, "74": 0.6955056190490723, "75": 0.7078177332878113, "76": 0.7025691866874695, "77": 0.7009742856025696, "78": 0.7004507184028625, "79": 0.7069910168647766, "80": 0.7074968814849854}