{"1": 0.5323812961578369, "2": 0.5808844566345215, "3": 0.528156578540802, "4": 0.6603359580039978, "5": 0.6534326672554016, "6": 0.6742556691169739, "7": 0.5665494799613953, "8": 0.7626489996910095, "9": 0.7050943970680237, "10": 0.7744202613830566, "11": 0.7903539538383484, "12": 0.6952338218688965, "13": 0.748615562915802, "14": 0.7229220867156982, "15": 0.7616199851036072, "16": 0.7133542895317078, "17": 0.7989190220832825, "18": 0.733435869216919, "19": 0.7059575915336609, "20": 0.7677987217903137, "21": 0.7476328015327454, "22": 0.7300350069999695, "23": 0.7404756546020508, "24": 0.7258799076080322, "25": 0.7701298594474792, "26": 0.753924548625946, "27": 0.7706797122955322, "28": 0.7148361206054688, "29": 0.7765853404998779, "30": 0.7881801128387451, "31": 0.7723360061645508, "32": 0.8171272277832031, "33": 0.767774760723114, "34": 0.7829352021217346, "35": 0.7298660278320312, "36": 0.780123233795166, "37": 0.794074535369873, "38": 0.8062198162078857, "39": 0.7861863970756531, "40": 0.8006635308265686, "41": 0.7894079089164734, "42": 0.7940771579742432, "43": 0.7970687747001648, "44": 0.8101685047149658, "45": 0.7781877517700195, "46": 0.7419166564941406, "47": 0.777190625667572, "48": 0.7769677639007568, "49": 0.7995243668556213, "50": 0.8085901141166687, "51": 0.7922022938728333, "52": 0.8020479679107666, "53": 0.8020935654640198, "54": 0.8043122291564941, "55": 0.804940402507782, "56": 0.7940743565559387, "57": 0.8142905831336975, "58": 0.7896409630775452, "59": 0.8076910972595215, "60": 0.7942142486572266, "61": 0.8129174709320068, "62": 0.8056976199150085, "63": 0.8079631328582764, "64": 0.7887260317802429, "65": 0.8022141456604004, "66": 0.7985592484474182, "67": 0.8124961256980896, "68": 0.8010571002960205, "69": 0.7853012084960938, "70": 0.7901665568351746, "71": 0.798520565032959, "72": 0.8032576441764832, "73": 0.8048318028450012, "74": 0.7944651246070862, "75": 0.8013613224029541, "76": 0.7972819209098816, "77": 0.8055971264839172, "78": 0.7992598414421082, "79": 0.7980086803436279, "80": 0.809110164642334}