{"1": 0.6544128060340881, "2": 0.6286972761154175, "3": 0.7131229043006897, "4": 0.5287572145462036, "5": 0.5369518399238586, "6": 0.5470220446586609, "7": 0.7581355571746826, "8": 0.4441851079463959, "9": 0.5073080062866211, "10": 0.4277128577232361, "11": 0.3848569989204407, "12": 0.536285400390625, "13": 0.5096896290779114, "14": 0.5427637100219727, "15": 0.45388609170913696, "16": 0.6819615960121155, "17": 0.3843938708305359, "18": 0.6005941033363342, "19": 0.695984959602356, "20": 0.5072398781776428, "21": 0.5733659267425537, "22": 0.7272273898124695, "23": 0.6292712092399597, "24": 0.7824231386184692, "25": 0.6359384655952454, "26": 0.6808261871337891, "27": 0.6664904356002808, "28": 0.687934160232544, "29": 0.6986545324325562, "30": 0.6534678339958191, "31": 0.7342177033424377, "32": 0.6230288147926331, "33": 0.7483130693435669, "34": 0.6858741044998169, "35": 0.9434524774551392, "36": 0.7550479173660278, "37": 0.7385073304176331, "38": 0.7505459189414978, "39": 0.8249184489250183, "40": 0.8044148683547974, "41": 0.8377386331558228, "42": 0.8720723390579224, "43": 0.8305022120475769, "44": 0.8347803354263306, "45": 0.9481797218322754, "46": 1.1453938484191895, "47": 0.8608495593070984, "48": 0.6815041899681091, "49": 0.7995873689651489, "50": 0.7660744786262512, "51": 0.8798602819442749, "52": 0.9016839265823364, "53": 0.8994555473327637, "54": 0.8861581087112427, "55": 0.9509279131889343, "56": 0.9317103624343872, "57": 0.9323586225509644, "58": 0.980301022529602, "59": 0.9565273523330688, "60": 0.9296787977218628, "61": 0.8828634023666382, "62": 0.9549169540405273, "63": 0.9881415367126465, "64": 0.8812689781188965, "65": 1.0911802053451538, "66": 0.9675455093383789, "67": 0.9029583930969238, "68": 1.0264942646026611, "69": 0.8621402978897095, "70": 0.9538300633430481, "71": 0.9670780301094055, "72": 1.0313647985458374, "73": 1.0212956666946411, "74": 1.0702905654907227, "75": 1.059535026550293, "76": 1.1189653873443604, "77": 1.0991249084472656, "78": 1.055539846420288, "79": 1.12912917137146, "80": 1.06027352809906}