{"1": 0.5730835199356079, "2": 0.47678786516189575, "3": 0.4541908800601959, "4": 0.4494777321815491, "5": 0.47964778542518616, "6": 0.45814600586891174, "7": 0.44453129172325134, "8": 0.42274031043052673, "9": 0.4914870858192444, "10": 0.461342990398407, "11": 0.49031704664230347, "12": 0.3724702000617981, "13": 0.3493247628211975, "14": 0.3363575041294098, "15": 0.4031282961368561, "16": 0.36350950598716736, "17": 0.3544169068336487, "18": 0.2983241677284241, "19": 0.36009809374809265, "20": 0.37455621361732483, "21": 0.4112032949924469, "22": 0.3926602005958557, "23": 0.4031030535697937, "24": 0.4062694013118744, "25": 0.35898736119270325, "26": 0.46049243211746216, "27": 0.44534406065940857, "28": 0.4477989077568054, "29": 0.5950554609298706, "30": 0.5117073655128479, "31": 0.4847179353237152, "32": 0.569362223148346, "33": 0.5363165140151978, "34": 0.6925848722457886, "35": 0.5943067669868469, "36": 0.6640917062759399, "37": 0.5432186126708984, "38": 0.6124840378761292, "39": 0.697571337223053, "40": 0.6999849081039429, "41": 0.8047881126403809, "42": 0.6827132701873779, "43": 0.6327285170555115, "44": 0.6043914556503296, "45": 0.4574972093105316, "46": 0.6771554350852966, "47": 0.6848856210708618, "48": 0.7372281551361084, "49": 0.7374725341796875, "50": 0.7605322599411011, "51": 0.7775164842605591, "52": 0.8479601144790649, "53": 0.7892708778381348, "54": 0.7861583828926086, "55": 0.8340693712234497, "56": 0.8720835447311401, "57": 0.8101598620414734, "58": 0.5806742906570435, "59": 0.5585242509841919, "60": 0.7645890116691589, "61": 0.7765601873397827, "62": 0.7992438077926636, "63": 0.835139274597168, "64": 0.883492112159729, "65": 0.8890805244445801, "66": 0.9083676338195801, "67": 0.8502826690673828, "68": 0.8274346590042114, "69": 0.968786895275116, "70": 0.8968524932861328, "71": 0.9104534387588501, "72": 0.909323513507843, "73": 0.9293433427810669, "74": 0.9845904111862183, "75": 0.9378355145454407, "76": 1.0161926746368408, "77": 0.92304927110672, "78": 1.020094394683838, "79": 1.0731505155563354, "80": 0.9802221059799194}