{"1": 0.5384568572044373, "2": 0.6119738221168518, "3": 0.5663984417915344, "4": 0.638129472732544, "5": 0.6575071215629578, "6": 0.6322148442268372, "7": 0.5959816575050354, "8": 0.6177118420600891, "9": 0.6165341734886169, "10": 0.6487492322921753, "11": 0.6315782070159912, "12": 0.6076352000236511, "13": 0.6177378296852112, "14": 0.6430807113647461, "15": 0.6243612170219421, "16": 0.6070313453674316, "17": 0.6123425364494324, "18": 0.6248258948326111, "19": 0.6133747696876526, "20": 0.6460973620414734, "21": 0.6104161143302917, "22": 0.6004087924957275, "23": 0.6169172525405884, "24": 0.6259352564811707, "25": 0.621459424495697, "26": 0.6506699919700623, "27": 0.6023388504981995, "28": 0.6241119503974915, "29": 0.6080663800239563, "30": 0.6513414978981018, "31": 0.6247963905334473, "32": 0.6453768610954285, "33": 0.6072126030921936, "34": 0.6293928623199463, "35": 0.6218852996826172, "36": 0.6157802939414978, "37": 0.6356050372123718, "38": 0.6120476722717285, "39": 0.6204618215560913, "40": 0.6039933562278748, "41": 0.6419359445571899, "42": 0.5916368365287781, "43": 0.5973005890846252, "44": 0.6312316656112671, "45": 0.6199193000793457, "46": 0.6259708404541016, "47": 0.6214467883110046, "48": 0.6261313557624817, "49": 0.5955250263214111, "50": 0.6174147129058838, "51": 0.605228841304779, "52": 0.5987553000450134, "53": 0.6219682693481445, "54": 0.6132523417472839, "55": 0.6110616326332092, "56": 0.5417541861534119, "57": 0.6194887757301331, "58": 0.5962095856666565, "59": 0.6040754914283752, "60": 0.6123009324073792, "61": 0.5890641808509827, "62": 0.6050967574119568, "63": 0.611907958984375, "64": 0.6121739745140076, "65": 0.6150888800621033, "66": 0.6240690350532532, "67": 0.608124315738678, "68": 0.6139886975288391, "69": 0.6318712830543518, "70": 0.6276805996894836, "71": 0.6154557466506958, "72": 0.6111278533935547, "73": 0.6029895544052124, "74": 0.6085126996040344, "75": 0.6208745241165161, "76": 0.5918669104576111, "77": 0.60626620054245, "78": 0.6097402572631836, "79": 0.6224398016929626, "80": 0.604897677898407}