{"1": 0.5170307159423828, "2": 0.4461635649204254, "3": 0.4269101023674011, "4": 0.3805869221687317, "5": 0.4006909728050232, "6": 0.37897735834121704, "7": 0.34910255670547485, "8": 0.35798415541648865, "9": 0.33978813886642456, "10": 0.30795103311538696, "11": 0.34909191727638245, "12": 0.34407109022140503, "13": 0.374187171459198, "14": 0.3720291256904602, "15": 0.3420371413230896, "16": 0.36617085337638855, "17": 0.39138320088386536, "18": 0.3800288140773773, "19": 0.39037618041038513, "20": 0.35113051533699036, "21": 0.38885584473609924, "22": 0.4090561270713806, "23": 0.4200541377067566, "24": 0.4937208592891693, "25": 0.4786219000816345, "26": 0.4761452078819275, "27": 0.49361738562583923, "28": 0.48749369382858276, "29": 0.6417592763900757, "30": 0.5610893368721008, "31": 0.5660463571548462, "32": 0.6298424601554871, "33": 0.5385227203369141, "34": 0.5931509733200073, "35": 0.6107715368270874, "36": 0.581347644329071, "37": 0.6478410959243774, "38": 0.5344365835189819, "39": 0.6642862558364868, "40": 0.669035792350769, "41": 0.6296316385269165, "42": 0.7156241536140442, "43": 0.7207835912704468, "44": 0.6961058974266052, "45": 0.7564767003059387, "46": 0.6012669801712036, "47": 0.7993770837783813, "48": 0.7658154368400574, "49": 0.701697826385498, "50": 0.7386525869369507, "51": 0.7659229040145874, "52": 0.7902928590774536, "53": 0.7684541940689087, "54": 0.7784374952316284, "55": 0.8639198541641235, "56": 0.821674644947052, "57": 0.8094024658203125, "58": 0.8697017431259155, "59": 0.8482933044433594, "60": 0.8369410634040833, "61": 0.9049016237258911, "62": 0.7921324372291565, "63": 0.8784996867179871, "64": 0.8179597854614258, "65": 0.7550450563430786, "66": 0.7862733602523804, "67": 0.7232330441474915, "68": 0.7562776803970337, "69": 0.8438720703125, "70": 0.8774784207344055, "71": 0.8786724209785461, "72": 0.8903340101242065, "73": 0.8622404336929321, "74": 0.8908694386482239, "75": 0.8165897130966187, "76": 0.909986674785614, "77": 0.9182628393173218, "78": 0.931863009929657, "79": 0.8941525220870972, "80": 0.9196676015853882}