{"1": 0.5462391972541809, "2": 0.5480356216430664, "3": 0.7208403944969177, "4": 0.738628089427948, "5": 0.6059454083442688, "6": 0.608090877532959, "7": 0.7648335099220276, "8": 0.6981304287910461, "9": 0.6699705123901367, "10": 0.707521378993988, "11": 0.7321326732635498, "12": 0.7127988934516907, "13": 0.7154891490936279, "14": 0.6560508608818054, "15": 0.6470186114311218, "16": 0.7287478446960449, "17": 0.7120131850242615, "18": 0.7119629383087158, "19": 0.7085685133934021, "20": 0.6812281012535095, "21": 0.7228195667266846, "22": 0.691516101360321, "23": 0.6741275787353516, "24": 0.7017260193824768, "25": 0.7379465103149414, "26": 0.7235779762268066, "27": 0.6584196090698242, "28": 0.756500244140625, "29": 0.6881992816925049, "30": 0.6653596758842468, "31": 0.6761751174926758, "32": 0.6847452521324158, "33": 0.6937091946601868, "34": 0.7040703892707825, "35": 0.6848106980323792, "36": 0.7061411738395691, "37": 0.7178072929382324, "38": 0.7004552483558655, "39": 0.6955106258392334, "40": 0.7027844786643982, "41": 0.6908929347991943, "42": 0.6920592188835144, "43": 0.6881073117256165, "44": 0.6807441115379333, "45": 0.7246810793876648, "46": 0.7128248810768127, "47": 0.702287495136261, "48": 0.7225196957588196, "49": 0.6946370601654053, "50": 0.6985147595405579, "51": 0.6954820156097412, "52": 0.7079662680625916, "53": 0.6864669919013977, "54": 0.7148279547691345, "55": 0.6903484463691711, "56": 0.6976837515830994, "57": 0.6604517102241516, "58": 0.6744360327720642, "59": 0.6631919741630554, "60": 0.7281785607337952, "61": 0.6952940821647644, "62": 0.6868736743927002, "63": 0.6958670616149902, "64": 0.713323175907135, "65": 0.6970807909965515, "66": 0.7120724320411682, "67": 0.6996536254882812, "68": 0.7140589356422424, "69": 0.7036365866661072, "70": 0.66541588306427, "71": 0.732764720916748, "72": 0.7010294795036316, "73": 0.6834900379180908, "74": 0.6892780661582947, "75": 0.695717990398407, "76": 0.6775105595588684, "77": 0.6836216449737549, "78": 0.703440248966217, "79": 0.6784861087799072, "80": 0.6858541369438171}