{"1": 0.3594791889190674, "2": 0.39859041571617126, "3": 0.5300537943840027, "4": 0.5794706344604492, "5": 0.4858609437942505, "6": 0.43328365683555603, "7": 0.6153551936149597, "8": 0.5572507977485657, "9": 0.53843754529953, "10": 0.5375123620033264, "11": 0.5622736215591431, "12": 0.5557398796081543, "13": 0.5618899464607239, "14": 0.5065521597862244, "15": 0.492822527885437, "16": 0.5908611416816711, "17": 0.5699292421340942, "18": 0.5459482073783875, "19": 0.5349550843238831, "20": 0.5299381613731384, "21": 0.5654959082603455, "22": 0.5504776835441589, "23": 0.5165325403213501, "24": 0.5622013211250305, "25": 0.581804096698761, "26": 0.5608716607093811, "27": 0.5026159882545471, "28": 0.6162772178649902, "29": 0.547485888004303, "30": 0.4955979287624359, "31": 0.5005343556404114, "32": 0.5302169919013977, "33": 0.5488081574440002, "34": 0.5521090030670166, "35": 0.5464931726455688, "36": 0.560312807559967, "37": 0.5694074630737305, "38": 0.5509098172187805, "39": 0.540343701839447, "40": 0.5507580637931824, "41": 0.5394363403320312, "42": 0.5293012261390686, "43": 0.5396350622177124, "44": 0.5271269679069519, "45": 0.5837025046348572, "46": 0.5584384202957153, "47": 0.5475391745567322, "48": 0.5751497745513916, "49": 0.5453190207481384, "50": 0.5553545355796814, "51": 0.5385444164276123, "52": 0.5590197443962097, "53": 0.5344421863555908, "54": 0.55985027551651, "55": 0.5344268679618835, "56": 0.5386585593223572, "57": 0.5001941323280334, "58": 0.5290933847427368, "59": 0.5065169334411621, "60": 0.5760550498962402, "61": 0.5548701882362366, "62": 0.5379503965377808, "63": 0.5409825444221497, "64": 0.564124584197998, "65": 0.5422998666763306, "66": 0.5589732527732849, "67": 0.5495205521583557, "68": 0.5681511759757996, "69": 0.5626198649406433, "70": 0.5180434584617615, "71": 0.5892934799194336, "72": 0.5594293475151062, "73": 0.5215433239936829, "74": 0.5525023341178894, "75": 0.5413000583648682, "76": 0.5295838713645935, "77": 0.5428767800331116, "78": 0.5576149225234985, "79": 0.5110659003257751, "80": 0.5383653044700623}