{"1": 0.4358569085597992, "2": 0.5114278793334961, "3": 0.5369789004325867, "4": 0.5503230094909668, "5": 0.5525218844413757, "6": 0.546787679195404, "7": 0.5805726051330566, "8": 0.6042227149009705, "9": 0.6147596836090088, "10": 0.5884880423545837, "11": 0.5952951312065125, "12": 0.6112685799598694, "13": 0.61151522397995, "14": 0.6161512732505798, "15": 0.5648532509803772, "16": 0.6140863299369812, "17": 0.6302347779273987, "18": 0.603593647480011, "19": 0.5893540978431702, "20": 0.6285748481750488, "21": 0.582857072353363, "22": 0.6106998324394226, "23": 0.6003389358520508, "24": 0.5978648662567139, "25": 0.5980687737464905, "26": 0.6191012859344482, "27": 0.593908965587616, "28": 0.6079555153846741, "29": 0.5391826033592224, "30": 0.5998590588569641, "31": 0.6190768480300903, "32": 0.6186099648475647, "33": 0.613139808177948, "34": 0.6072543263435364, "35": 0.6178334951400757, "36": 0.6259294152259827, "37": 0.6314573884010315, "38": 0.6247735023498535, "39": 0.6208019256591797, "40": 0.6288065910339355, "41": 0.636612057685852, "42": 0.6104967594146729, "43": 0.6012579798698425, "44": 0.5815648436546326, "45": 0.6272156238555908, "46": 0.6289739012718201, "47": 0.6226649880409241, "48": 0.628449559211731, "49": 0.6311364769935608, "50": 0.6330817341804504, "51": 0.6337873339653015, "52": 0.6352888941764832, "53": 0.629788339138031, "54": 0.6491913795471191, "55": 0.6393651366233826, "56": 0.6295430064201355, "57": 0.653640627861023, "58": 0.6478536128997803, "59": 0.6305437088012695, "60": 0.6362236142158508, "61": 0.6451675295829773, "62": 0.6253001093864441, "63": 0.6254926323890686, "64": 0.5987629294395447, "65": 0.607934832572937, "66": 0.6094942688941956, "67": 0.6216471195220947, "68": 0.6376692652702332, "69": 0.6404982209205627, "70": 0.6415773034095764, "71": 0.6403450965881348, "72": 0.6369587779045105, "73": 0.6405780911445618, "74": 0.6388640403747559, "75": 0.6350625157356262, "76": 0.6370605826377869, "77": 0.6324533820152283, "78": 0.6526703834533691, "79": 0.6263028979301453, "80": 0.628760576248169}