{"1": 0.7504123449325562, "2": 0.5854746103286743, "3": 0.5808156728744507, "4": 0.5869779586791992, "5": 0.579374372959137, "6": 0.5954710841178894, "7": 0.5426755547523499, "8": 0.5317575335502625, "9": 0.5210899114608765, "10": 0.5663657188415527, "11": 0.5627447962760925, "12": 0.5368970632553101, "13": 0.5220386385917664, "14": 0.503710150718689, "15": 0.6419423818588257, "16": 0.5324520468711853, "17": 0.5047008991241455, "18": 0.5680588483810425, "19": 0.5866535902023315, "20": 0.5638882517814636, "21": 0.6461244821548462, "22": 0.6037580370903015, "23": 0.670319676399231, "24": 0.6621914505958557, "25": 0.6893181800842285, "26": 0.6755572557449341, "27": 0.6911773681640625, "28": 0.734096109867096, "29": 1.0047404766082764, "30": 0.7964954972267151, "31": 0.7275974750518799, "32": 0.6949726343154907, "33": 0.7788970470428467, "34": 0.8856136202812195, "35": 0.842872142791748, "36": 0.8190520405769348, "37": 0.8406669497489929, "38": 0.8822757005691528, "39": 0.9343253374099731, "40": 0.8803598284721375, "41": 0.8463306427001953, "42": 0.9197056889533997, "43": 1.0179206132888794, "44": 1.1576180458068848, "45": 0.9614664912223816, "46": 0.9261323809623718, "47": 1.0756735801696777, "48": 1.0632593631744385, "49": 1.0510698556900024, "50": 1.085245132446289, "51": 1.1492912769317627, "52": 1.0348260402679443, "53": 1.0759148597717285, "54": 0.9858500361442566, "55": 1.0969864130020142, "56": 1.1571584939956665, "57": 1.0079782009124756, "58": 1.1019692420959473, "59": 1.15187406539917, "60": 1.1544097661972046, "61": 1.0779117345809937, "62": 1.2790191173553467, "63": 1.2405356168746948, "64": 1.0395009517669678, "65": 1.0002973079681396, "66": 1.000962734222412, "67": 1.0118517875671387, "68": 1.0803778171539307, "69": 1.0967504978179932, "70": 1.1585757732391357, "71": 1.2071548700332642, "72": 1.2488235235214233, "73": 1.167432188987732, "74": 1.2152167558670044, "75": 1.2674996852874756, "76": 1.265231728553772, "77": 1.295000433921814, "78": 1.125258207321167, "79": 1.3716777563095093, "80": 1.1923303604125977}