{"1": 0.48902302980422974, "2": 0.6441372632980347, "3": 0.3485199213027954, "4": 0.4005889296531677, "5": 0.3493127226829529, "6": 0.4013369083404541, "7": 0.6134939789772034, "8": 0.3502746522426605, "9": 0.46711069345474243, "10": 0.40061435103416443, "11": 0.4279658794403076, "12": 0.41899576783180237, "13": 0.5082555413246155, "14": 0.6019406914710999, "15": 0.5866684317588806, "16": 0.537010908126831, "17": 0.6024256944656372, "18": 0.5096498727798462, "19": 0.45129260420799255, "20": 0.6955060958862305, "21": 0.4581882953643799, "22": 0.5134052038192749, "23": 0.5286329388618469, "24": 0.5409402847290039, "25": 0.5545550584793091, "26": 0.6116862297058105, "27": 0.5869280695915222, "28": 0.6056330800056458, "29": 0.6034273505210876, "30": 0.43250662088394165, "31": 0.5965823531150818, "32": 0.5239533185958862, "33": 0.5800045132637024, "34": 0.5664833188056946, "35": 0.6293990015983582, "36": 0.6554754376411438, "37": 0.6521197557449341, "38": 0.5426367521286011, "39": 0.6034537553787231, "40": 0.5886861085891724, "41": 0.6628815531730652, "42": 0.6625185012817383, "43": 0.6579715609550476, "44": 0.6838292479515076, "45": 0.6407886743545532, "46": 0.7222132682800293, "47": 0.6316441893577576, "48": 0.6649256944656372, "49": 0.6954673528671265, "50": 0.6982349157333374, "51": 0.5735746026039124, "52": 0.6118859052658081, "53": 0.6536044478416443, "54": 0.6568838953971863, "55": 0.6906248331069946, "56": 0.7057625651359558, "57": 0.6898928880691528, "58": 0.7187946438789368, "59": 0.6841245889663696, "60": 0.6915972232818604, "61": 0.6222293972969055, "62": 0.6348661780357361, "63": 0.6120518445968628, "64": 0.6779625415802002, "65": 0.6465932130813599, "66": 0.6099743843078613, "67": 0.7097761034965515, "68": 0.7141680717468262, "69": 0.6033340692520142, "70": 0.8849151730537415, "71": 0.609927773475647, "72": 0.6484009623527527, "73": 0.7094972729682922, "74": 0.7545574903488159, "75": 0.7184413075447083, "76": 0.6838081479072571, "77": 0.6769281029701233, "78": 0.7434771060943604, "79": 0.6258789896965027, "80": 0.7666397094726562}