{"1": 0.6103825569152832, "2": 0.7049660682678223, "3": 0.7140297889709473, "4": 0.7224432826042175, "5": 0.696709156036377, "6": 0.7167255282402039, "7": 0.73719722032547, "8": 0.7342522740364075, "9": 0.725210964679718, "10": 0.7321135401725769, "11": 0.7268994450569153, "12": 0.7925965189933777, "13": 0.8044835925102234, "14": 0.8203902244567871, "15": 0.8073440194129944, "16": 0.8178475499153137, "17": 0.7983618378639221, "18": 0.8377811312675476, "19": 0.8161765933036804, "20": 0.8105466961860657, "21": 0.8110929131507874, "22": 0.8237069249153137, "23": 0.8008936047554016, "24": 0.7943505644798279, "25": 0.8177679181098938, "26": 0.815379798412323, "27": 0.8156037926673889, "28": 0.8174681663513184, "29": 0.7677873969078064, "30": 0.8003689646720886, "31": 0.8007708191871643, "32": 0.8018032908439636, "33": 0.8003717064857483, "34": 0.7572417259216309, "35": 0.8059893250465393, "36": 0.8061874508857727, "37": 0.8112882971763611, "38": 0.8090303540229797, "39": 0.8127757906913757, "40": 0.8061993718147278, "41": 0.8017024397850037, "42": 0.8066692352294922, "43": 0.8253658413887024, "44": 0.8088014125823975, "45": 0.8432503342628479, "46": 0.8085322380065918, "47": 0.8167327046394348, "48": 0.8205177187919617, "49": 0.8218493461608887, "50": 0.8147556781768799, "51": 0.804644763469696, "52": 0.8034090995788574, "53": 0.8144308924674988, "54": 0.8068894743919373, "55": 0.816990077495575, "56": 0.801006555557251, "57": 0.8186855316162109, "58": 0.83424311876297, "59": 0.8202371597290039, "60": 0.7862393260002136, "61": 0.8128959536552429, "62": 0.8117074370384216, "63": 0.8105679154396057, "64": 0.8121287226676941, "65": 0.8140592575073242, "66": 0.8143763542175293, "67": 0.8204230666160583, "68": 0.826790988445282, "69": 0.8074763417243958, "70": 0.8206350803375244, "71": 0.8057146668434143, "72": 0.8128945827484131, "73": 0.8167409896850586, "74": 0.8058201670646667, "75": 0.8248850703239441, "76": 0.8135303854942322, "77": 0.8291511535644531, "78": 0.8002386093139648, "79": 0.8038576245307922, "80": 0.8207030892372131}