{"1": 0.7413995265960693, "2": 0.709998607635498, "3": 0.7240273952484131, "4": 0.7854688763618469, "5": 0.7853370308876038, "6": 0.7476871609687805, "7": 0.7054702639579773, "8": 0.7574381828308105, "9": 0.7566264271736145, "10": 0.7592598795890808, "11": 0.7428876757621765, "12": 0.7413308024406433, "13": 0.748063862323761, "14": 0.7614221572875977, "15": 0.747628390789032, "16": 0.7456614375114441, "17": 0.7352131009101868, "18": 0.7702460289001465, "19": 0.7497565746307373, "20": 0.7736191749572754, "21": 0.7542498707771301, "22": 0.7465722560882568, "23": 0.7351539731025696, "24": 0.76323002576828, "25": 0.7516205310821533, "26": 0.7719007134437561, "27": 0.741035521030426, "28": 0.7635830044746399, "29": 0.729579508304596, "30": 0.7781417965888977, "31": 0.7506875991821289, "32": 0.761918306350708, "33": 0.7389799952507019, "34": 0.7545530200004578, "35": 0.7577763199806213, "36": 0.7465769648551941, "37": 0.7592039108276367, "38": 0.7507783770561218, "39": 0.7567545771598816, "40": 0.7406647205352783, "41": 0.7713926434516907, "42": 0.7374913692474365, "43": 0.7260403633117676, "44": 0.7560185790061951, "45": 0.7566258311271667, "46": 0.757927417755127, "47": 0.7502803206443787, "48": 0.7539162635803223, "49": 0.734252393245697, "50": 0.7519609332084656, "51": 0.7440332770347595, "52": 0.7368984818458557, "53": 0.7559279799461365, "54": 0.7459719777107239, "55": 0.7510848045349121, "56": 0.6923696398735046, "57": 0.7556717395782471, "58": 0.7395598292350769, "59": 0.7503241896629333, "60": 0.74662184715271, "61": 0.7220770716667175, "62": 0.7309696674346924, "63": 0.7486945986747742, "64": 0.7537021636962891, "65": 0.7449951767921448, "66": 0.7653767466545105, "67": 0.7380251884460449, "68": 0.7518454194068909, "69": 0.7640079855918884, "70": 0.7590189576148987, "71": 0.7488080859184265, "72": 0.747673511505127, "73": 0.7422931790351868, "74": 0.73588627576828, "75": 0.7480352520942688, "76": 0.723897397518158, "77": 0.747948408126831, "78": 0.7408590912818909, "79": 0.7567928433418274, "80": 0.7457664012908936}