{"1": 0.6030400395393372, "2": 0.5580339431762695, "3": 0.6899354457855225, "4": 0.6570103764533997, "5": 0.6972901821136475, "6": 0.6656407117843628, "7": 0.5875366926193237, "8": 0.6940454840660095, "9": 0.6559175848960876, "10": 0.697003185749054, "11": 0.6673884987831116, "12": 0.6970953941345215, "13": 0.6854012608528137, "14": 0.6476633548736572, "15": 0.6605015397071838, "16": 0.6621411442756653, "17": 0.6523141860961914, "18": 0.7010372281074524, "19": 0.694636344909668, "20": 0.6336799263954163, "21": 0.7066584229469299, "22": 0.6752996444702148, "23": 0.6928887963294983, "24": 0.6792333722114563, "25": 0.6976296305656433, "26": 0.6525558829307556, "27": 0.6833917498588562, "28": 0.6946029663085938, "29": 0.6713469624519348, "30": 0.6972106099128723, "31": 0.684928834438324, "32": 0.6877945065498352, "33": 0.6762754321098328, "34": 0.7005500793457031, "35": 0.6838845610618591, "36": 0.6910421252250671, "37": 0.6746561527252197, "38": 0.6956878304481506, "39": 0.6960530281066895, "40": 0.6954631805419922, "41": 0.6746888756752014, "42": 0.6785461902618408, "43": 0.6819174289703369, "44": 0.683433473110199, "45": 0.6826767921447754, "46": 0.6777472496032715, "47": 0.6670114994049072, "48": 0.6619789600372314, "49": 0.6407954692840576, "50": 0.6680166125297546, "51": 0.6946308016777039, "52": 0.6881855130195618, "53": 0.6895872950553894, "54": 0.6848236918449402, "55": 0.6812809109687805, "56": 0.6899487972259521, "57": 0.6826860904693604, "58": 0.6901583075523376, "59": 0.6905223727226257, "60": 0.687987744808197, "61": 0.6933963298797607, "62": 0.6985706686973572, "63": 0.6961871981620789, "64": 0.6861598491668701, "65": 0.7043045163154602, "66": 0.6902260184288025, "67": 0.6939515471458435, "68": 0.6638912558555603, "69": 0.6941820979118347, "70": 0.6457439064979553, "71": 0.6949142813682556, "72": 0.6923189163208008, "73": 0.6799612045288086, "74": 0.6844213008880615, "75": 0.6887204647064209, "76": 0.6949736475944519, "77": 0.6974199414253235, "78": 0.6881608366966248, "79": 0.7062749862670898, "80": 0.6730546951293945}