{"1": 0.7888760566711426, "2": 0.7435617446899414, "3": 0.802149772644043, "4": 0.7730820178985596, "5": 0.8124487400054932, "6": 0.810982882976532, "7": 0.7728610634803772, "8": 0.7679761052131653, "9": 0.7954926490783691, "10": 0.8210732340812683, "11": 0.8324918150901794, "12": 0.8458154201507568, "13": 0.7821481823921204, "14": 0.8315134048461914, "15": 0.8029065132141113, "16": 0.7997066974639893, "17": 0.7908474802970886, "18": 0.8159663081169128, "19": 0.8307318091392517, "20": 0.8053761124610901, "21": 0.8087353706359863, "22": 0.8255176544189453, "23": 0.761292040348053, "24": 0.8218173384666443, "25": 0.7906129956245422, "26": 0.8111075758934021, "27": 0.7725489735603333, "28": 0.8062097430229187, "29": 0.8149375915527344, "30": 0.8275303840637207, "31": 0.7828343510627747, "32": 0.8149965405464172, "33": 0.8119852542877197, "34": 0.820750892162323, "35": 0.8274274468421936, "36": 0.8272876739501953, "37": 0.8092177510261536, "38": 0.8074946403503418, "39": 0.8238849639892578, "40": 0.793836772441864, "41": 0.8017247319221497, "42": 0.7926734089851379, "43": 0.8120421767234802, "44": 0.825449526309967, "45": 0.8213934898376465, "46": 0.8229134678840637, "47": 0.8275368213653564, "48": 0.7859265804290771, "49": 0.8363125324249268, "50": 0.7531943917274475, "51": 0.8017787933349609, "52": 0.820296585559845, "53": 0.8096580505371094, "54": 0.808581531047821, "55": 0.816504955291748, "56": 0.8098964095115662, "57": 0.8272542357444763, "58": 0.8310844302177429, "59": 0.798823356628418, "60": 0.8296169638633728, "61": 0.8356905579566956, "62": 0.8261231780052185, "63": 0.8125765323638916, "64": 0.817162811756134, "65": 0.8186878561973572, "66": 0.8051390647888184, "67": 0.8147087097167969, "68": 0.8192012906074524, "69": 0.8171053528785706, "70": 0.8204719424247742, "71": 0.8241047859191895, "72": 0.8132460713386536, "73": 0.8134894371032715, "74": 0.8028466105461121, "75": 0.8117367625236511, "76": 0.818924605846405, "77": 0.8067789077758789, "78": 0.8292574286460876, "79": 0.812310516834259, "80": 0.818850040435791}