{"1": 0.5024566054344177, "2": 0.5857360363006592, "3": 0.5980648994445801, "4": 0.5812334418296814, "5": 0.5511894822120667, "6": 0.5917108654975891, "7": 0.6099526882171631, "8": 0.6308445334434509, "9": 0.577292263507843, "10": 0.5577549934387207, "11": 0.5560693144798279, "12": 0.6625661849975586, "13": 0.6859003901481628, "14": 0.6952398419380188, "15": 0.6507522463798523, "16": 0.6704108119010925, "17": 0.6834618449211121, "18": 0.7300457954406738, "19": 0.6883953213691711, "20": 0.6709067225456238, "21": 0.6689565181732178, "22": 0.6779922842979431, "23": 0.6599554419517517, "24": 0.6455414295196533, "25": 0.6967651844024658, "26": 0.6653444766998291, "27": 0.6704220175743103, "28": 0.6788215637207031, "29": 0.5948407053947449, "30": 0.6573436856269836, "31": 0.6581338047981262, "32": 0.6576986312866211, "33": 0.6367488503456116, "34": 0.6050715446472168, "35": 0.6450213193893433, "36": 0.6550880074501038, "37": 0.6767737865447998, "38": 0.6726694703102112, "39": 0.6634801030158997, "40": 0.6528696417808533, "41": 0.6425843834877014, "42": 0.6622965931892395, "43": 0.6811143755912781, "44": 0.6632387042045593, "45": 0.7181150913238525, "46": 0.6580387353897095, "47": 0.6669363975524902, "48": 0.6735180020332336, "49": 0.6734277606010437, "50": 0.6694472432136536, "51": 0.6666138172149658, "52": 0.6532027721405029, "53": 0.6670143008232117, "54": 0.6698991656303406, "55": 0.6716166138648987, "56": 0.6579561829566956, "57": 0.6739246249198914, "58": 0.7068293690681458, "59": 0.688896656036377, "60": 0.6389674544334412, "61": 0.6585564613342285, "62": 0.667644739151001, "63": 0.6665533185005188, "64": 0.6665195226669312, "65": 0.667458713054657, "66": 0.6679508090019226, "67": 0.6749012470245361, "68": 0.68647700548172, "69": 0.6642493605613708, "70": 0.6695540547370911, "71": 0.6639369130134583, "72": 0.6705347895622253, "73": 0.6729743480682373, "74": 0.6620481014251709, "75": 0.6793105006217957, "76": 0.6620824933052063, "77": 0.6892287135124207, "78": 0.6561790704727173, "79": 0.6536182761192322, "80": 0.6781213879585266}