{"1": 0.6681699156761169, "2": 0.7254263758659363, "3": 0.7546627521514893, "4": 0.7920134663581848, "5": 0.7667880058288574, "6": 0.7910262942314148, "7": 0.8162919878959656, "8": 0.8038792014122009, "9": 0.818004310131073, "10": 0.8319880366325378, "11": 0.8188491463661194, "12": 0.8117782473564148, "13": 0.8087737560272217, "14": 0.8104373812675476, "15": 0.8154155611991882, "16": 0.8282148241996765, "17": 0.8102580904960632, "18": 0.8320303559303284, "19": 0.8271315693855286, "20": 0.8135643005371094, "21": 0.8218247294425964, "22": 0.8162023425102234, "23": 0.8181336522102356, "24": 0.8299782872200012, "25": 0.8290877938270569, "26": 0.8399680256843567, "27": 0.8352779746055603, "28": 0.8357943892478943, "29": 0.8098927140235901, "30": 0.8372607231140137, "31": 0.8341925740242004, "32": 0.8258646130561829, "33": 0.8304441571235657, "34": 0.8265554308891296, "35": 0.8118976950645447, "36": 0.8192484378814697, "37": 0.8168488144874573, "38": 0.8221619725227356, "39": 0.8238946795463562, "40": 0.8281104564666748, "41": 0.8352589011192322, "42": 0.8238966464996338, "43": 0.8229370713233948, "44": 0.8310592770576477, "45": 0.8234347701072693, "46": 0.8381226658821106, "47": 0.8230088353157043, "48": 0.8142573833465576, "49": 0.8234780430793762, "50": 0.8277373313903809, "51": 0.8271883130073547, "52": 0.830305278301239, "53": 0.8264521956443787, "54": 0.8298365473747253, "55": 0.8226945400238037, "56": 0.8292717933654785, "57": 0.8294405341148376, "58": 0.8258228898048401, "59": 0.8284887671470642, "60": 0.8256989121437073, "61": 0.8215835690498352, "62": 0.8258846402168274, "63": 0.8311020731925964, "64": 0.8213240504264832, "65": 0.8233895301818848, "66": 0.8340305685997009, "67": 0.8348436951637268, "68": 0.8358625769615173, "69": 0.8331656455993652, "70": 0.8305809497833252, "71": 0.8318976759910583, "72": 0.8351327776908875, "73": 0.8351331353187561, "74": 0.8356742858886719, "75": 0.8367555737495422, "76": 0.8334923386573792, "77": 0.8346530795097351, "78": 0.8311651349067688, "79": 0.8366079330444336, "80": 0.8347199559211731}