{"1": 0.7218456864356995, "2": 0.7508086562156677, "3": 0.8245933651924133, "4": 0.8114550709724426, "5": 0.8398624062538147, "6": 0.7961598038673401, "7": 0.7630587220191956, "8": 0.7893509864807129, "9": 0.7961587309837341, "10": 0.8057902455329895, "11": 0.78790682554245, "12": 0.8349359631538391, "13": 0.830405056476593, "14": 0.8093619346618652, "15": 0.7985350489616394, "16": 0.8049376606941223, "17": 0.801581621170044, "18": 0.8414469361305237, "19": 0.8133640885353088, "20": 0.79718017578125, "21": 0.8153181672096252, "22": 0.8070003390312195, "23": 0.8155480027198792, "24": 0.8077425956726074, "25": 0.8275211453437805, "26": 0.7987921833992004, "27": 0.8150857090950012, "28": 0.8366148471832275, "29": 0.8182981014251709, "30": 0.8178902268409729, "31": 0.8028857111930847, "32": 0.8025076389312744, "33": 0.8083240389823914, "34": 0.8300465941429138, "35": 0.822160542011261, "36": 0.8329987525939941, "37": 0.8243102431297302, "38": 0.8195416331291199, "39": 0.8207523226737976, "40": 0.828965961933136, "41": 0.808314859867096, "42": 0.8205001354217529, "43": 0.8289788365364075, "44": 0.8222746849060059, "45": 0.8279578685760498, "46": 0.8278805613517761, "47": 0.7958683967590332, "48": 0.8065333962440491, "49": 0.798410177230835, "50": 0.8164339661598206, "51": 0.8237862586975098, "52": 0.8306519389152527, "53": 0.8280194401741028, "54": 0.8214133381843567, "55": 0.8244549632072449, "56": 0.8248458504676819, "57": 0.8239627480506897, "58": 0.8232682347297668, "59": 0.8261749148368835, "60": 0.8280643820762634, "61": 0.8100497722625732, "62": 0.831728458404541, "63": 0.8221461176872253, "64": 0.817213773727417, "65": 0.8262977004051208, "66": 0.820206880569458, "67": 0.8227623105049133, "68": 0.8020409941673279, "69": 0.8344132900238037, "70": 0.8031039237976074, "71": 0.829083263874054, "72": 0.8163260817527771, "73": 0.8169383406639099, "74": 0.8247304558753967, "75": 0.8230608105659485, "76": 0.8241025805473328, "77": 0.8271626830101013, "78": 0.8262447714805603, "79": 0.8287925124168396, "80": 0.8209831118583679}