{"1": 0.5501366257667542, "2": 0.621319591999054, "3": 0.6595008969306946, "4": 0.6738691329956055, "5": 0.6711492538452148, "6": 0.6733404994010925, "7": 0.7148991227149963, "8": 0.7282904982566833, "9": 0.7401759028434753, "10": 0.6972582340240479, "11": 0.7121849060058594, "12": 0.7225940823554993, "13": 0.7295576930046082, "14": 0.7373355031013489, "15": 0.6856867671012878, "16": 0.7225244641304016, "17": 0.7486624717712402, "18": 0.7264295220375061, "19": 0.7222033143043518, "20": 0.7462117671966553, "21": 0.7099706530570984, "22": 0.7239862084388733, "23": 0.7272831797599792, "24": 0.7208664417266846, "25": 0.7205185890197754, "26": 0.7352493405342102, "27": 0.7313547730445862, "28": 0.7281367182731628, "29": 0.6712281107902527, "30": 0.7244319915771484, "31": 0.7284560799598694, "32": 0.7327251434326172, "33": 0.7408058047294617, "34": 0.729764461517334, "35": 0.7334989905357361, "36": 0.7407577037811279, "37": 0.7482150197029114, "38": 0.7480176091194153, "39": 0.7425150871276855, "40": 0.7511207461357117, "41": 0.750615119934082, "42": 0.7266350388526917, "43": 0.733924925327301, "44": 0.713568389415741, "45": 0.7435892224311829, "46": 0.7527182698249817, "47": 0.7449135780334473, "48": 0.7488660216331482, "49": 0.7532842755317688, "50": 0.7540112137794495, "51": 0.752341091632843, "52": 0.7512395977973938, "53": 0.7520409226417542, "54": 0.7659705281257629, "55": 0.7603023052215576, "56": 0.7509492039680481, "57": 0.7669841647148132, "58": 0.7664614319801331, "59": 0.7474138140678406, "60": 0.7549589276313782, "61": 0.7658370137214661, "62": 0.7494587302207947, "63": 0.7557056546211243, "64": 0.7226133346557617, "65": 0.7299521565437317, "66": 0.7379084229469299, "67": 0.7458837032318115, "68": 0.7574545741081238, "69": 0.7585936188697815, "70": 0.7589622139930725, "71": 0.7614156603813171, "72": 0.7564978003501892, "73": 0.7569887638092041, "74": 0.7575531005859375, "75": 0.7547182440757751, "76": 0.7558282017707825, "77": 0.7548568844795227, "78": 0.7654134631156921, "79": 0.7530753016471863, "80": 0.748596727848053}