{"1": 0.4067205786705017, "2": 0.4393225610256195, "3": 0.36048731207847595, "4": 0.470700740814209, "5": 0.4106191098690033, "6": 0.4457860589027405, "7": 0.4613170623779297, "8": 0.4725410044193268, "9": 0.3907504677772522, "10": 0.4750707745552063, "11": 0.3270403742790222, "12": 0.3901403546333313, "13": 0.567766010761261, "14": 0.4924643635749817, "15": 0.6185809969902039, "16": 0.5983073115348816, "17": 0.6481640338897705, "18": 0.5861979722976685, "19": 0.48827582597732544, "20": 0.6610366106033325, "21": 0.6016973257064819, "22": 0.4875492453575134, "23": 0.9402956962585449, "24": 0.6163268685340881, "25": 0.8111772537231445, "26": 0.7103420495986938, "27": 0.8261336088180542, "28": 0.7623466849327087, "29": 0.6231499910354614, "30": 0.6504198908805847, "31": 0.8601789474487305, "32": 0.6804386377334595, "33": 0.7524930834770203, "34": 0.7221463918685913, "35": 0.6742990016937256, "36": 0.7158879637718201, "37": 0.7450123429298401, "38": 0.7520031929016113, "39": 0.7049860954284668, "40": 0.7695382833480835, "41": 0.7909268140792847, "42": 0.8298829793930054, "43": 0.6176649332046509, "44": 0.7059770822525024, "45": 0.7395997643470764, "46": 0.7099277377128601, "47": 0.6914716958999634, "48": 1.0394246578216553, "49": 0.6626415848731995, "50": 0.9995927810668945, "51": 0.7206495404243469, "52": 0.7685709595680237, "53": 0.7333410382270813, "54": 0.8992398381233215, "55": 0.790398120880127, "56": 0.8313421010971069, "57": 0.720417320728302, "58": 0.8160272836685181, "59": 0.8050621151924133, "60": 0.7768465280532837, "61": 0.8027575612068176, "62": 0.7793760299682617, "63": 0.8472929000854492, "64": 0.7961887121200562, "65": 0.8619366884231567, "66": 0.8427812457084656, "67": 0.7954611778259277, "68": 0.7981071472167969, "69": 0.8150614500045776, "70": 0.8094021081924438, "71": 0.7764582633972168, "72": 0.9653357267379761, "73": 0.9573355913162231, "74": 0.9364702105522156, "75": 0.9194408655166626, "76": 0.8972284197807312, "77": 0.9022964239120483, "78": 0.8519232869148254, "79": 0.9403433799743652, "80": 0.8120409846305847}