{"1": 0.4185357093811035, "2": 0.4692441523075104, "3": 0.4118679463863373, "4": 0.5109482407569885, "5": 0.5115275979042053, "6": 0.5228185653686523, "7": 0.4410827159881592, "8": 0.6050358414649963, "9": 0.5464267730712891, "10": 0.6308589577674866, "11": 0.6630763411521912, "12": 0.5390477776527405, "13": 0.5987818837165833, "14": 0.5730258822441101, "15": 0.6287923455238342, "16": 0.532482922077179, "17": 0.6642323732376099, "18": 0.5613856911659241, "19": 0.533782422542572, "20": 0.6186458468437195, "21": 0.6041621565818787, "22": 0.5746409893035889, "23": 0.5786907076835632, "24": 0.5695618987083435, "25": 0.6103904843330383, "26": 0.6030181646347046, "27": 0.6161134839057922, "28": 0.5821730494499207, "29": 0.6166277527809143, "30": 0.6436750888824463, "31": 0.6185345649719238, "32": 0.684049129486084, "33": 0.6163093447685242, "34": 0.6438205242156982, "35": 0.560451090335846, "36": 0.6459922790527344, "37": 0.6479582786560059, "38": 0.6551054120063782, "39": 0.6342296004295349, "40": 0.653335452079773, "41": 0.6449931263923645, "42": 0.6477022767066956, "43": 0.6512941718101501, "44": 0.666353702545166, "45": 0.6289485096931458, "46": 0.5828245878219604, "47": 0.6195849776268005, "48": 0.6414204239845276, "49": 0.6556567549705505, "50": 0.6720793843269348, "51": 0.6491193771362305, "52": 0.6513884663581848, "53": 0.656609833240509, "54": 0.6609635353088379, "55": 0.6561295390129089, "56": 0.6506807804107666, "57": 0.6653575897216797, "58": 0.648367166519165, "59": 0.6560283303260803, "60": 0.6526681780815125, "61": 0.6794722080230713, "62": 0.6579747200012207, "63": 0.6606944799423218, "64": 0.6497426629066467, "65": 0.6521297097206116, "66": 0.6641752123832703, "67": 0.6773455739021301, "68": 0.656871497631073, "69": 0.64290851354599, "70": 0.6439081430435181, "71": 0.654938280582428, "72": 0.655672013759613, "73": 0.6611570715904236, "74": 0.6481813788414001, "75": 0.6560436487197876, "76": 0.6510517001152039, "77": 0.6556829214096069, "78": 0.6555688977241516, "79": 0.6498602032661438, "80": 0.6598813533782959}