{"1": 0.6622337102890015, "2": 0.4440991282463074, "3": 0.5677164793014526, "4": 0.47791022062301636, "5": 0.414372056722641, "6": 0.5107052326202393, "7": 0.555451512336731, "8": 0.5687791109085083, "9": 0.6231743097305298, "10": 0.49315887689590454, "11": 0.5838632583618164, "12": 0.6047253012657166, "13": 0.6359637975692749, "14": 0.6165700554847717, "15": 0.6283032298088074, "16": 0.6234250664710999, "17": 0.6356633901596069, "18": 0.697281002998352, "19": 0.772230863571167, "20": 0.6548119187355042, "21": 0.7545753121376038, "22": 0.7615011930465698, "23": 0.715561032295227, "24": 0.749409556388855, "25": 0.7403120398521423, "26": 0.6692303419113159, "27": 0.8410549163818359, "28": 0.7672098875045776, "29": 0.747357189655304, "30": 0.6785734295845032, "31": 0.7509621977806091, "32": 0.651063859462738, "33": 0.7275959849357605, "34": 0.754623293876648, "35": 0.796120285987854, "36": 0.8087877035140991, "37": 0.7550144791603088, "38": 0.8387548327445984, "39": 0.8176905512809753, "40": 0.79960697889328, "41": 0.7484854459762573, "42": 0.8574755787849426, "43": 0.8905719518661499, "44": 0.8031373023986816, "45": 0.8028191328048706, "46": 0.8345597982406616, "47": 0.8032562136650085, "48": 0.7310937643051147, "49": 0.893542468547821, "50": 0.8459805250167847, "51": 0.8837339282035828, "52": 0.922234058380127, "53": 0.8626279830932617, "54": 0.8776289820671082, "55": 0.929268479347229, "56": 1.159977674484253, "57": 0.870918869972229, "58": 0.8773994445800781, "59": 0.9852758646011353, "60": 0.765998899936676, "61": 0.9076302647590637, "62": 0.8602762222290039, "63": 0.9387661218643188, "64": 0.9418514370918274, "65": 0.9232702255249023, "66": 0.9269593954086304, "67": 0.9192314147949219, "68": 0.9543049931526184, "69": 0.875688374042511, "70": 0.8710340261459351, "71": 0.9253559112548828, "72": 0.9331965446472168, "73": 0.9794998168945312, "74": 0.8204900026321411, "75": 0.9280509948730469, "76": 0.9571018218994141, "77": 0.9818507432937622, "78": 0.9321128726005554, "79": 0.9452705383300781, "80": 0.952279269695282}