{"1": 0.4926770031452179, "2": 0.4042164385318756, "3": 0.7228121757507324, "4": 0.5765563249588013, "5": 0.6974557042121887, "6": 0.7357681393623352, "7": 0.7763563990592957, "8": 0.6888008713722229, "9": 0.7091271877288818, "10": 0.7386984825134277, "11": 0.6898673176765442, "12": 0.6284496784210205, "13": 0.7431805729866028, "14": 0.6495313048362732, "15": 0.7619733810424805, "16": 0.692048966884613, "17": 0.7509158253669739, "18": 0.7200743556022644, "19": 0.7803258299827576, "20": 0.700502336025238, "21": 0.8096539378166199, "22": 0.7649791836738586, "23": 0.7273193001747131, "24": 0.7286961674690247, "25": 0.6514622569084167, "26": 0.6621429920196533, "27": 0.6831642985343933, "28": 0.7614675164222717, "29": 0.7444027066230774, "30": 0.7588078379631042, "31": 0.6733768582344055, "32": 0.7165427207946777, "33": 0.6813891530036926, "34": 0.7857581973075867, "35": 0.7145299911499023, "36": 0.7311709523200989, "37": 0.7293458580970764, "38": 0.8045986294746399, "39": 0.7419986128807068, "40": 0.736592710018158, "41": 0.7958475947380066, "42": 0.7746866345405579, "43": 0.7423338890075684, "44": 0.7560455203056335, "45": 0.6828848719596863, "46": 0.7579624056816101, "47": 0.6265526413917542, "48": 0.7023980021476746, "49": 0.792804479598999, "50": 0.7279036045074463, "51": 0.7324485182762146, "52": 0.7312811017036438, "53": 0.7631942629814148, "54": 0.7708859443664551, "55": 0.7286904454231262, "56": 0.7104632258415222, "57": 0.7612435221672058, "58": 0.7562769055366516, "59": 0.7245944142341614, "60": 0.8083922863006592, "61": 0.7667340636253357, "62": 0.7536439895629883, "63": 0.7584814429283142, "64": 0.7595667243003845, "65": 0.7485859990119934, "66": 0.7860483527183533, "67": 0.6901717185974121, "68": 0.7039180397987366, "69": 0.7187936305999756, "70": 0.7202144265174866, "71": 0.6913360953330994, "72": 0.7727788090705872, "73": 0.7692254185676575, "74": 0.7840953469276428, "75": 0.7659164071083069, "76": 0.763409435749054, "77": 0.780617892742157, "78": 0.7770987153053284, "79": 0.7668442726135254, "80": 0.7562230229377747}