{"1": 5.447721481323242, "2": 4.530937671661377, "3": 1.1025166511535645, "4": 1.5950660705566406, "5": 0.8736138343811035, "6": 0.5354881882667542, "7": 0.4352656304836273, "8": 0.6780486702919006, "9": 0.49510708451271057, "10": 0.49023619294166565, "11": 0.7005940675735474, "12": 1.278346061706543, "13": 0.6372265815734863, "14": 0.7975362539291382, "15": 0.4667913019657135, "16": 0.999951958656311, "17": 0.50629061460495, "18": 0.8871837854385376, "19": 0.5030307769775391, "20": 0.71462082862854, "21": 0.48921284079551697, "22": 0.5279347896575928, "23": 0.9056901931762695, "24": 0.6664391160011292, "25": 0.8764270544052124, "26": 0.9439951181411743, "27": 0.595363438129425, "28": 0.5076072216033936, "29": 0.5966848134994507, "30": 0.48107773065567017, "31": 0.6129329204559326, "32": 0.6624415516853333, "33": 0.6571264863014221, "34": 0.5793004631996155, "35": 0.697661817073822, "36": 0.7335209250450134, "37": 0.7303946614265442, "38": 0.6427739858627319, "39": 0.6202988028526306, "40": 0.5124438405036926, "41": 0.5995947122573853, "42": 0.5266822576522827, "43": 0.5827346444129944, "44": 0.63194739818573, "45": 0.8866400718688965, "46": 0.609573245048523, "47": 0.9273794293403625, "48": 0.6325613856315613, "49": 0.48580074310302734, "50": 0.7340975999832153, "51": 0.9560114145278931, "52": 0.9091455340385437, "53": 0.7158761024475098, "54": 0.4411770701408386, "55": 0.7153909802436829, "56": 0.7147501707077026, "57": 0.8309271931648254, "58": 0.6956250071525574, "59": 0.8385842442512512, "60": 0.4926401674747467, "61": 0.5895354151725769, "62": 0.5901883840560913, "63": 0.6912590265274048, "64": 0.5781591534614563, "65": 0.6359114646911621, "66": 0.6521714925765991, "67": 1.0975494384765625, "68": 0.9001482129096985, "69": 1.3818765878677368, "70": 0.8120567202568054, "71": 0.8358510136604309, "72": 0.5469902753829956, "73": 0.730705738067627, "74": 0.6486744284629822, "75": 0.6967105269432068, "76": 0.6159663796424866, "77": 0.82635897397995, "78": 0.5784775614738464, "79": 0.6117192506790161, "80": 0.7534903287887573}