{"1": 0.701617956161499, "2": 0.7134718894958496, "3": 0.7555828094482422, "4": 0.6236971616744995, "5": 0.7757529616355896, "6": 0.7655823230743408, "7": 0.7997462153434753, "8": 0.7854454517364502, "9": 0.749497652053833, "10": 0.7341563701629639, "11": 0.7976698279380798, "12": 0.794579803943634, "13": 0.7809302806854248, "14": 0.7652537822723389, "15": 0.8175334930419922, "16": 0.7747495770454407, "17": 0.8113866448402405, "18": 0.7817023396492004, "19": 0.7693282961845398, "20": 0.8125305771827698, "21": 0.7455026507377625, "22": 0.8165683150291443, "23": 0.8175505995750427, "24": 0.7590794563293457, "25": 0.8312675952911377, "26": 0.8256404399871826, "27": 0.795875072479248, "28": 0.7839590907096863, "29": 0.8077227473258972, "30": 0.8024891018867493, "31": 0.8255254626274109, "32": 0.8239536285400391, "33": 0.8304071426391602, "34": 0.8213855624198914, "35": 0.7954139113426208, "36": 0.8065797686576843, "37": 0.8101505637168884, "38": 0.816745936870575, "39": 0.8261137008666992, "40": 0.8047001957893372, "41": 0.8232311606407166, "42": 0.8036635518074036, "43": 0.8240028023719788, "44": 0.8204832673072815, "45": 0.8302364349365234, "46": 0.8131610751152039, "47": 0.8355734944343567, "48": 0.8171951770782471, "49": 0.804530680179596, "50": 0.7963549494743347, "51": 0.797727108001709, "52": 0.8120372295379639, "53": 0.8451857566833496, "54": 0.8370024561882019, "55": 0.8019582629203796, "56": 0.8241727352142334, "57": 0.7838571667671204, "58": 0.8296473622322083, "59": 0.8025509715080261, "60": 0.798224151134491, "61": 0.7935612201690674, "62": 0.8280916810035706, "63": 0.8194126486778259, "64": 0.8326683640480042, "65": 0.8290674686431885, "66": 0.8140276074409485, "67": 0.8161179423332214, "68": 0.8191378712654114, "69": 0.8290865421295166, "70": 0.8101973533630371, "71": 0.8100114464759827, "72": 0.808159351348877, "73": 0.8238682746887207, "74": 0.7953303456306458, "75": 0.8249309062957764, "76": 0.8194395899772644, "77": 0.8196439146995544, "78": 0.8187971115112305, "79": 0.8022832274436951, "80": 0.8165974617004395}