{"1": 1.7759517431259155, "2": 1.3649442195892334, "3": 0.9635570645332336, "4": 0.7741581201553345, "5": 0.4960745871067047, "6": 0.43587812781333923, "7": 0.8065064549446106, "8": 0.5555461645126343, "9": 0.47445982694625854, "10": 0.7961362600326538, "11": 0.4525551199913025, "12": 0.4812853932380676, "13": 0.6003612279891968, "14": 0.47346359491348267, "15": 0.44951027631759644, "16": 0.565104067325592, "17": 0.3952873945236206, "18": 0.5367192029953003, "19": 0.5231951475143433, "20": 0.47641462087631226, "21": 0.7429278492927551, "22": 0.4104918837547302, "23": 0.4648934006690979, "24": 0.8172821998596191, "25": 0.5110781192779541, "26": 0.3715580105781555, "27": 0.36716413497924805, "28": 0.5603312253952026, "29": 0.47771549224853516, "30": 0.6772326231002808, "31": 0.5238486528396606, "32": 0.44044551253318787, "33": 0.4151087701320648, "34": 0.5229368209838867, "35": 0.5739644765853882, "36": 0.6519323587417603, "37": 0.3691178262233734, "38": 0.5475272536277771, "39": 0.5381150841712952, "40": 0.6158615350723267, "41": 0.4348222315311432, "42": 0.6605435609817505, "43": 0.5872567892074585, "44": 0.49643105268478394, "45": 0.4991479814052582, "46": 0.5334975123405457, "47": 0.551283061504364, "48": 0.5759042501449585, "49": 0.5084348320960999, "50": 0.5011906027793884, "51": 0.65034419298172, "52": 0.6962639689445496, "53": 0.4282183051109314, "54": 0.4331021308898926, "55": 0.5315099954605103, "56": 0.5007723569869995, "57": 0.5566039085388184, "58": 0.3907559812068939, "59": 0.48199111223220825, "60": 0.7283810377120972, "61": 0.5701397657394409, "62": 0.5617153644561768, "63": 0.5974371433258057, "64": 0.5574408769607544, "65": 0.6048451662063599, "66": 0.5392944812774658, "67": 0.6477481126785278, "68": 0.5874696969985962, "69": 0.5395243763923645, "70": 0.48658084869384766, "71": 0.41748008131980896, "72": 0.5404080152511597, "73": 0.47368502616882324, "74": 0.5779885053634644, "75": 0.5574530363082886, "76": 0.613904595375061, "77": 0.5718594193458557, "78": 0.5385944247245789, "79": 0.6379826664924622, "80": 0.37745946645736694}