{"1": 0.5675438046455383, "2": 0.5888833403587341, "3": 0.5829523801803589, "4": 0.5168949961662292, "5": 0.6597497463226318, "6": 0.6521689891815186, "7": 0.6163392663002014, "8": 0.6431078314781189, "9": 0.6265223622322083, "10": 0.5312597155570984, "11": 0.6510595679283142, "12": 0.6504954695701599, "13": 0.6321055889129639, "14": 0.6354550719261169, "15": 0.683147132396698, "16": 0.5955276489257812, "17": 0.7026631236076355, "18": 0.658587634563446, "19": 0.6591371893882751, "20": 0.6909267902374268, "21": 0.5480184555053711, "22": 0.6989042162895203, "23": 0.6651508808135986, "24": 0.568587601184845, "25": 0.6766645312309265, "26": 0.7039389610290527, "27": 0.6925204396247864, "28": 0.6557706594467163, "29": 0.6870948672294617, "30": 0.6392322182655334, "31": 0.6838193535804749, "32": 0.6910251975059509, "33": 0.7039774060249329, "34": 0.6798748970031738, "35": 0.6467852592468262, "36": 0.6581373810768127, "37": 0.6773138046264648, "38": 0.6698706150054932, "39": 0.6944051384925842, "40": 0.6447560787200928, "41": 0.7066226005554199, "42": 0.6430488228797913, "43": 0.6622278690338135, "44": 0.6937618851661682, "45": 0.7049914002418518, "46": 0.6787676811218262, "47": 0.6836394667625427, "48": 0.6937276721000671, "49": 0.6898724436759949, "50": 0.6564262509346008, "51": 0.6207619309425354, "52": 0.6518462300300598, "53": 0.7129492163658142, "54": 0.7146738171577454, "55": 0.6863464713096619, "56": 0.6899372935295105, "57": 0.6288231611251831, "58": 0.7179837822914124, "59": 0.6888163685798645, "60": 0.6478051543235779, "61": 0.6390408873558044, "62": 0.7075794339179993, "63": 0.6866929531097412, "64": 0.7054935097694397, "65": 0.6730632781982422, "66": 0.6869983673095703, "67": 0.6726835370063782, "68": 0.680558443069458, "69": 0.7026250958442688, "70": 0.7017372250556946, "71": 0.6883231997489929, "72": 0.6660337448120117, "73": 0.7108319401741028, "74": 0.6260719299316406, "75": 0.697393000125885, "76": 0.6763833165168762, "77": 0.6953853964805603, "78": 0.684168815612793, "79": 0.65252286195755, "80": 0.7153924107551575}