{"1": 2.398184299468994, "2": 2.832246780395508, "3": 1.2001625299453735, "4": 0.871240496635437, "5": 1.264303207397461, "6": 0.718508780002594, "7": 0.4317789673805237, "8": 0.6537069082260132, "9": 0.5292792320251465, "10": 0.38057941198349, "11": 0.35063499212265015, "12": 0.5678435564041138, "13": 0.5114090442657471, "14": 0.3815847933292389, "15": 1.0313836336135864, "16": 0.5195712447166443, "17": 0.9165948629379272, "18": 0.677035391330719, "19": 0.39330053329467773, "20": 0.5219945311546326, "21": 0.47374969720840454, "22": 0.6196912527084351, "23": 0.5548362731933594, "24": 0.3551684021949768, "25": 0.5093681216239929, "26": 0.4275906980037689, "27": 0.5625208616256714, "28": 0.668898344039917, "29": 0.4311477541923523, "30": 0.7427977919578552, "31": 0.4528421461582184, "32": 0.3846479058265686, "33": 0.8064725995063782, "34": 1.5302037000656128, "35": 0.9548599123954773, "36": 0.6026207804679871, "37": 0.8922011256217957, "38": 1.0813363790512085, "39": 0.5524861812591553, "40": 0.6800463199615479, "41": 0.5646344423294067, "42": 0.5789569616317749, "43": 0.520318865776062, "44": 0.41707468032836914, "45": 0.5991306304931641, "46": 0.5435389280319214, "47": 0.7066826820373535, "48": 0.8043516278266907, "49": 0.5513654947280884, "50": 0.5868391990661621, "51": 0.818422794342041, "52": 0.544606626033783, "53": 0.5990566611289978, "54": 0.6311444044113159, "55": 0.6591035723686218, "56": 0.7957953214645386, "57": 0.6306504607200623, "58": 0.6561553478240967, "59": 0.6193357110023499, "60": 0.7547657489776611, "61": 0.6084744930267334, "62": 0.6825249195098877, "63": 0.49209174513816833, "64": 0.46911683678627014, "65": 0.6442621946334839, "66": 0.684524655342102, "67": 0.5729789137840271, "68": 0.5885509848594666, "69": 0.5772448778152466, "70": 0.726818323135376, "71": 0.6314802169799805, "72": 0.5982205271720886, "73": 0.551301121711731, "74": 0.9017674326896667, "75": 0.5379513502120972, "76": 0.561834454536438, "77": 0.6553451418876648, "78": 0.4973910450935364, "79": 0.5971002578735352, "80": 0.6610735654830933}