{"1": 0.5034219026565552, "2": 0.7577926516532898, "3": 0.7043361067771912, "4": 0.7226948142051697, "5": 0.7527191042900085, "6": 0.7778608798980713, "7": 0.7429783344268799, "8": 0.7623259425163269, "9": 0.727342426776886, "10": 0.7763900756835938, "11": 0.7683516144752502, "12": 0.7597107887268066, "13": 0.7593839764595032, "14": 0.7565842270851135, "15": 0.7806761860847473, "16": 0.7634558081626892, "17": 0.7543254494667053, "18": 0.7671425938606262, "19": 0.7687315940856934, "20": 0.7651686668395996, "21": 0.7738609313964844, "22": 0.7737138867378235, "23": 0.8057904243469238, "24": 0.7880542278289795, "25": 0.7961065173149109, "26": 0.7817161679267883, "27": 0.7905840873718262, "28": 0.7946606278419495, "29": 0.7999172806739807, "30": 0.8032025694847107, "31": 0.8078070282936096, "32": 0.7423270344734192, "33": 0.7804310917854309, "34": 0.7806981205940247, "35": 0.7942513823509216, "36": 0.7996215224266052, "37": 0.7791692614555359, "38": 0.7977386116981506, "39": 0.7968082427978516, "40": 0.7914710640907288, "41": 0.8045387268066406, "42": 0.7867851853370667, "43": 0.8003377318382263, "44": 0.7752026915550232, "45": 0.7906596064567566, "46": 0.7900209426879883, "47": 0.7926321029663086, "48": 0.7881487011909485, "49": 0.7994007468223572, "50": 0.7847115397453308, "51": 0.7963603138923645, "52": 0.78037428855896, "53": 0.805806577205658, "54": 0.8200972080230713, "55": 0.7899863719940186, "56": 0.8021413683891296, "57": 0.8122644424438477, "58": 0.7996699810028076, "59": 0.8099865913391113, "60": 0.7984943985939026, "61": 0.8078761696815491, "62": 0.8126586079597473, "63": 0.8193618655204773, "64": 0.8093826770782471, "65": 0.8137431740760803, "66": 0.8083187937736511, "67": 0.8185198903083801, "68": 0.8076230883598328, "69": 0.8103139400482178, "70": 0.817233145236969, "71": 0.8221971988677979, "72": 0.8297762274742126, "73": 0.8033943772315979, "74": 0.7926504611968994, "75": 0.8244628310203552, "76": 0.810764729976654, "77": 0.8056423664093018, "78": 0.809715986251831, "79": 0.8106086254119873, "80": 0.8046738505363464}