{"1": 0.38512828946113586, "2": 0.26430025696754456, "3": 0.6252232193946838, "4": 0.41065120697021484, "5": 0.5780430436134338, "6": 0.6235271096229553, "7": 0.6657170653343201, "8": 0.5170798897743225, "9": 0.5825898051261902, "10": 0.6261000633239746, "11": 0.5208221077919006, "12": 0.4069927930831909, "13": 0.5687132477760315, "14": 0.5439784526824951, "15": 0.6520826816558838, "16": 0.5038756728172302, "17": 0.6193916201591492, "18": 0.5674462914466858, "19": 0.6190847754478455, "20": 0.5586051344871521, "21": 0.6668297648429871, "22": 0.6663773059844971, "23": 0.566195547580719, "24": 0.5815461277961731, "25": 0.4942959249019623, "26": 0.49032655358314514, "27": 0.5875542759895325, "28": 0.665101945400238, "29": 0.5889526009559631, "30": 0.6568306684494019, "31": 0.5107964277267456, "32": 0.5708542466163635, "33": 0.5276907086372375, "34": 0.6507020592689514, "35": 0.5844675898551941, "36": 0.6065239310264587, "37": 0.5897378921508789, "38": 0.658312201499939, "39": 0.6144497394561768, "40": 0.6055946946144104, "41": 0.659125804901123, "42": 0.6388903260231018, "43": 0.626552164554596, "44": 0.6074715256690979, "45": 0.5350622534751892, "46": 0.5899607539176941, "47": 0.49682390689849854, "48": 0.5355813503265381, "49": 0.6542611718177795, "50": 0.5883978009223938, "51": 0.5554350018501282, "52": 0.5732644200325012, "53": 0.6083604693412781, "54": 0.6624559164047241, "55": 0.5843847393989563, "56": 0.5455849766731262, "57": 0.6012313365936279, "58": 0.6263706088066101, "59": 0.5819196105003357, "60": 0.675031840801239, "61": 0.6183311343193054, "62": 0.6315460801124573, "63": 0.6082620024681091, "64": 0.6314522624015808, "65": 0.5998561978340149, "66": 0.6457446217536926, "67": 0.5289944410324097, "68": 0.5516244769096375, "69": 0.5478690266609192, "70": 0.5669522881507874, "71": 0.537895143032074, "72": 0.6544079184532166, "73": 0.6250350475311279, "74": 0.6546475291252136, "75": 0.6265376210212708, "76": 0.6411364674568176, "77": 0.6099708676338196, "78": 0.642204761505127, "79": 0.6357906460762024, "80": 0.607081949710846}