{"1": 0.7443032264709473, "2": 0.7377784252166748, "3": 0.7876780033111572, "4": 0.7455589771270752, "5": 0.7059943675994873, "6": 0.7649057507514954, "7": 0.7832010388374329, "8": 0.7707204818725586, "9": 0.7960746884346008, "10": 0.8368961811065674, "11": 0.7940163016319275, "12": 0.7545096278190613, "13": 0.7749037146568298, "14": 0.8263118267059326, "15": 0.7135705351829529, "16": 0.8078384399414062, "17": 0.7644140124320984, "18": 0.7650392651557922, "19": 0.7958564162254333, "20": 0.7918478846549988, "21": 0.8000998497009277, "22": 0.7882950901985168, "23": 0.7895395159721375, "24": 0.7869536280632019, "25": 0.7712705731391907, "26": 0.8103523254394531, "27": 0.7848861813545227, "28": 0.7782862186431885, "29": 0.820178210735321, "30": 0.7072353363037109, "31": 0.7737142443656921, "32": 0.8156004548072815, "33": 0.7757415175437927, "34": 0.6731529831886292, "35": 0.6849231123924255, "36": 0.7591281533241272, "37": 0.7264804244041443, "38": 0.7351980209350586, "39": 0.8072509765625, "40": 0.7579154968261719, "41": 0.8101701736450195, "42": 0.8020458817481995, "43": 0.8090531229972839, "44": 0.8108417391777039, "45": 0.7787070870399475, "46": 0.8122653961181641, "47": 0.8110740780830383, "48": 0.8012987971305847, "49": 0.8062572479248047, "50": 0.796801745891571, "51": 0.7382637858390808, "52": 0.787905752658844, "53": 0.7864823341369629, "54": 0.7665410041809082, "55": 0.7842556834220886, "56": 0.7720736861228943, "57": 0.7991920113563538, "58": 0.8079976439476013, "59": 0.7670779228210449, "60": 0.7654758095741272, "61": 0.8147441744804382, "62": 0.7903249859809875, "63": 0.7920980453491211, "64": 0.8140616416931152, "65": 0.7833311557769775, "66": 0.8014373183250427, "67": 0.7934603691101074, "68": 0.7921821475028992, "69": 0.7826812267303467, "70": 0.7848945260047913, "71": 0.7915285229682922, "72": 0.807487428188324, "73": 0.792765200138092, "74": 0.7902626991271973, "75": 0.8159121870994568, "76": 0.7936815619468689, "77": 0.7941533923149109, "78": 0.8114724159240723, "79": 0.8067672848701477, "80": 0.7972059845924377}