{"1": 0.3814551830291748, "2": 0.6072247624397278, "3": 0.5021515488624573, "4": 0.619568407535553, "5": 0.5645126700401306, "6": 0.6484008431434631, "7": 0.5880187153816223, "8": 0.6148642897605896, "9": 0.5668579339981079, "10": 0.6091980934143066, "11": 0.662228524684906, "12": 0.6003063917160034, "13": 0.5982251167297363, "14": 0.6442961096763611, "15": 0.6338229775428772, "16": 0.6271124482154846, "17": 0.5850653052330017, "18": 0.5980417132377625, "19": 0.6361107230186462, "20": 0.5756549835205078, "21": 0.6083208918571472, "22": 0.620829164981842, "23": 0.656467080116272, "24": 0.6579743027687073, "25": 0.6331208348274231, "26": 0.6197158694267273, "27": 0.6369523406028748, "28": 0.6602392792701721, "29": 0.6501261591911316, "30": 0.6799299120903015, "31": 0.7012501358985901, "32": 0.5859607458114624, "33": 0.6658477187156677, "34": 0.6506280899047852, "35": 0.6672539114952087, "36": 0.6698462963104248, "37": 0.662905752658844, "38": 0.6651129722595215, "39": 0.6544975638389587, "40": 0.6673250198364258, "41": 0.6472539305686951, "42": 0.6294326782226562, "43": 0.6616227626800537, "44": 0.616316556930542, "45": 0.6789097189903259, "46": 0.6450207233428955, "47": 0.6688826680183411, "48": 0.665317952632904, "49": 0.6469243168830872, "50": 0.6223152875900269, "51": 0.6482179164886475, "52": 0.6314834356307983, "53": 0.687131404876709, "54": 0.6659879088401794, "55": 0.6595607399940491, "56": 0.6648640036582947, "57": 0.6792736053466797, "58": 0.6532571315765381, "59": 0.682122528553009, "60": 0.6738519668579102, "61": 0.68324214220047, "62": 0.6768493056297302, "63": 0.6778401732444763, "64": 0.6599060893058777, "65": 0.6720240712165833, "66": 0.6931340098381042, "67": 0.6902053356170654, "68": 0.680966854095459, "69": 0.6856324672698975, "70": 0.6814582943916321, "71": 0.703178882598877, "72": 0.6814725399017334, "73": 0.6783908009529114, "74": 0.6382021903991699, "75": 0.6895976066589355, "76": 0.6871872544288635, "77": 0.6659842133522034, "78": 0.7006996273994446, "79": 0.6883733868598938, "80": 0.6654788851737976}