{"1": 6.518477439880371, "2": 1.6654913425445557, "3": 1.7377912998199463, "4": 1.0870128870010376, "5": 0.9578192830085754, "6": 0.7547889351844788, "7": 0.6032490134239197, "8": 0.7218196988105774, "9": 0.7943708896636963, "10": 0.603651762008667, "11": 0.4548254907131195, "12": 0.6272648572921753, "13": 0.6386770009994507, "14": 0.5774462819099426, "15": 0.5694937109947205, "16": 0.786251962184906, "17": 0.8066295385360718, "18": 0.7489997148513794, "19": 0.5947547554969788, "20": 0.8057928085327148, "21": 0.6947381496429443, "22": 0.5859795808792114, "23": 0.6201648712158203, "24": 0.6487739682197571, "25": 0.9251233339309692, "26": 0.8038133382797241, "27": 0.6636584997177124, "28": 0.545670747756958, "29": 0.4859432578086853, "30": 0.5364222526550293, "31": 0.6105272769927979, "32": 1.0720961093902588, "33": 0.5767216086387634, "34": 0.591521143913269, "35": 0.5203149318695068, "36": 0.4787862300872803, "37": 0.756375253200531, "38": 0.758010745048523, "39": 0.6271204948425293, "40": 0.6510595083236694, "41": 0.5230881571769714, "42": 0.918422520160675, "43": 0.5190776586532593, "44": 0.6496415734291077, "45": 0.576830267906189, "46": 0.8151184320449829, "47": 0.6202307939529419, "48": 0.5963083505630493, "49": 0.6391698718070984, "50": 1.1235098838806152, "51": 0.7283084392547607, "52": 0.6924408674240112, "53": 0.5085257291793823, "54": 0.706056535243988, "55": 0.6592899560928345, "56": 0.7192853689193726, "57": 0.5321847200393677, "58": 0.6566146612167358, "59": 0.5699204206466675, "60": 0.6402100324630737, "61": 0.5467792749404907, "62": 0.6513432860374451, "63": 0.5570398569107056, "64": 0.6665040254592896, "65": 0.7008363008499146, "66": 0.5770145654678345, "67": 0.6437408924102783, "68": 0.5443487167358398, "69": 0.494225412607193, "70": 0.596248984336853, "71": 0.5378590822219849, "72": 0.6127443313598633, "73": 0.5948127508163452, "74": 0.9749529957771301, "75": 0.6277769804000854, "76": 0.6064417958259583, "77": 0.5438089370727539, "78": 0.6390446424484253, "79": 0.6439058184623718, "80": 0.6715660691261292}