{"1": 0.5923922657966614, "2": 0.563666045665741, "3": 0.6259841322898865, "4": 0.600915253162384, "5": 0.5286564230918884, "6": 0.5971011519432068, "7": 0.6738352179527283, "8": 0.6001778841018677, "9": 0.6537792086601257, "10": 0.7055858969688416, "11": 0.6853049397468567, "12": 0.5860754251480103, "13": 0.6111023426055908, "14": 0.7144646644592285, "15": 0.512119710445404, "16": 0.6818779110908508, "17": 0.5688724517822266, "18": 0.5741451978683472, "19": 0.6799130439758301, "20": 0.6617428064346313, "21": 0.6628686785697937, "22": 0.654538094997406, "23": 0.6583268046379089, "24": 0.6912322044372559, "25": 0.6468530893325806, "26": 0.6853246688842773, "27": 0.6249954104423523, "28": 0.627641499042511, "29": 0.6908321976661682, "30": 0.524448812007904, "31": 0.6470621228218079, "32": 0.6883041262626648, "33": 0.6063228249549866, "34": 0.4980145990848541, "35": 0.56504887342453, "36": 0.6189836263656616, "37": 0.6232564449310303, "38": 0.5912864804267883, "39": 0.6772764325141907, "40": 0.6401581168174744, "41": 0.6640444397926331, "42": 0.676684558391571, "43": 0.6640402674674988, "44": 0.6956324577331543, "45": 0.6513860821723938, "46": 0.678955078125, "47": 0.6578572988510132, "48": 0.6469131708145142, "49": 0.6773737072944641, "50": 0.6673056483268738, "51": 0.5783151984214783, "52": 0.6507230401039124, "53": 0.6341293454170227, "54": 0.623404324054718, "55": 0.6546626091003418, "56": 0.6369420886039734, "57": 0.6543660759925842, "58": 0.6729834079742432, "59": 0.6475863456726074, "60": 0.6072680950164795, "61": 0.6563454270362854, "62": 0.6465374827384949, "63": 0.6666257977485657, "64": 0.6960679888725281, "65": 0.6348008513450623, "66": 0.6388072371482849, "67": 0.6662869453430176, "68": 0.6351390480995178, "69": 0.648500382900238, "70": 0.6339265704154968, "71": 0.6414675712585449, "72": 0.6648406982421875, "73": 0.6634786128997803, "74": 0.6241434216499329, "75": 0.6696140170097351, "76": 0.6614442467689514, "77": 0.6490407586097717, "78": 0.6830193996429443, "79": 0.6775174140930176, "80": 0.6574296355247498}