{"1": 0.7347220778465271, "2": 0.7651367783546448, "3": 0.7829410433769226, "4": 0.7590449452400208, "5": 0.7923169732093811, "6": 0.7886344790458679, "7": 0.7873325943946838, "8": 0.7858863472938538, "9": 0.7930057644844055, "10": 0.7993361353874207, "11": 0.8218701481819153, "12": 0.8097965717315674, "13": 0.7965947985649109, "14": 0.7850131392478943, "15": 0.8077783584594727, "16": 0.8052781224250793, "17": 0.8020856976509094, "18": 0.8021824359893799, "19": 0.8060870170593262, "20": 0.804406464099884, "21": 0.8048582673072815, "22": 0.8083069920539856, "23": 0.7961304783821106, "24": 0.8045416474342346, "25": 0.7980225682258606, "26": 0.7971968650817871, "27": 0.7977070212364197, "28": 0.7975120544433594, "29": 0.7930932641029358, "30": 0.8004664778709412, "31": 0.8033838272094727, "32": 0.8037128448486328, "33": 0.7942546010017395, "34": 0.8005957007408142, "35": 0.7920718193054199, "36": 0.7941897511482239, "37": 0.7941859364509583, "38": 0.7922845482826233, "39": 0.802588164806366, "40": 0.7927046418190002, "41": 0.7696738839149475, "42": 0.7883045673370361, "43": 0.790290355682373, "44": 0.8028990626335144, "45": 0.7988693118095398, "46": 0.7926015257835388, "47": 0.7986078262329102, "48": 0.8001695275306702, "49": 0.7985770106315613, "50": 0.8002300262451172, "51": 0.7851479649543762, "52": 0.8101276755332947, "53": 0.7987422347068787, "54": 0.7911333441734314, "55": 0.7896397113800049, "56": 0.800889790058136, "57": 0.8031428456306458, "58": 0.7808831334114075, "59": 0.797557532787323, "60": 0.8040164113044739, "61": 0.7936931252479553, "62": 0.7909753918647766, "63": 0.779761016368866, "64": 0.8091970086097717, "65": 0.7956284880638123, "66": 0.8056818842887878, "67": 0.794428288936615, "68": 0.8069415092468262, "69": 0.7990081906318665, "70": 0.7986622452735901, "71": 0.807022750377655, "72": 0.8054769039154053, "73": 0.8025395274162292, "74": 0.7983384132385254, "75": 0.8068624138832092, "76": 0.7980424761772156, "77": 0.8022438883781433, "78": 0.8052575588226318, "79": 0.7973820567131042, "80": 0.7931901812553406}