{"1": 0.5976011157035828, "2": 0.6305260062217712, "3": 0.6427299380302429, "4": 0.592727780342102, "5": 0.6619500517845154, "6": 0.6262344717979431, "7": 0.6309590935707092, "8": 0.6478473544120789, "9": 0.6387040019035339, "10": 0.6485814452171326, "11": 0.6757004857063293, "12": 0.6601420044898987, "13": 0.6469025015830994, "14": 0.630234956741333, "15": 0.6535857915878296, "16": 0.6593068242073059, "17": 0.6521005034446716, "18": 0.650503933429718, "19": 0.6477027535438538, "20": 0.6541088223457336, "21": 0.6489797830581665, "22": 0.6523167490959167, "23": 0.6432554125785828, "24": 0.6434698700904846, "25": 0.6479763388633728, "26": 0.6388140916824341, "27": 0.6494068503379822, "28": 0.6446618437767029, "29": 0.6342640519142151, "30": 0.6490814089775085, "31": 0.6557672619819641, "32": 0.6506195068359375, "33": 0.6575359106063843, "34": 0.6399381160736084, "35": 0.6358458399772644, "36": 0.6371681094169617, "37": 0.6391445398330688, "38": 0.6377979516983032, "39": 0.6469953656196594, "40": 0.6468990445137024, "41": 0.6048352718353271, "42": 0.6409186720848083, "43": 0.6305895447731018, "44": 0.6469182372093201, "45": 0.6489396691322327, "46": 0.6411641836166382, "47": 0.6455177664756775, "48": 0.6461449265480042, "49": 0.6505822539329529, "50": 0.6485164761543274, "51": 0.6344735026359558, "52": 0.6715728640556335, "53": 0.6485211253166199, "54": 0.6450438499450684, "55": 0.6425487399101257, "56": 0.6524455547332764, "57": 0.6559590697288513, "58": 0.6402997374534607, "59": 0.6480322480201721, "60": 0.6494660973548889, "61": 0.6451494097709656, "62": 0.6438515186309814, "63": 0.645121157169342, "64": 0.6603862643241882, "65": 0.6384983062744141, "66": 0.6548278331756592, "67": 0.6458445191383362, "68": 0.6491848826408386, "69": 0.6492545008659363, "70": 0.6533785462379456, "71": 0.6550310254096985, "72": 0.6497759222984314, "73": 0.6516957879066467, "74": 0.6413996815681458, "75": 0.6569864749908447, "76": 0.641290009021759, "77": 0.652223527431488, "78": 0.6627426147460938, "79": 0.6473070979118347, "80": 0.6530014872550964}