{"1": 0.47350284457206726, "2": 0.6014679074287415, "3": 0.5819776058197021, "4": 0.6235768795013428, "5": 0.62332683801651, "6": 0.6026294827461243, "7": 0.6118631362915039, "8": 0.6427295207977295, "9": 0.638970136642456, "10": 0.6402611136436462, "11": 0.6505767703056335, "12": 0.6231164336204529, "13": 0.6444669365882874, "14": 0.648434579372406, "15": 0.6475139856338501, "16": 0.6511631608009338, "17": 0.6221069693565369, "18": 0.6525459885597229, "19": 0.6496936082839966, "20": 0.6556037068367004, "21": 0.6521709561347961, "22": 0.6530376076698303, "23": 0.6568964123725891, "24": 0.6355768442153931, "25": 0.6624072790145874, "26": 0.6443877220153809, "27": 0.6350671648979187, "28": 0.646902859210968, "29": 0.6412559151649475, "30": 0.6551647782325745, "31": 0.6357529759407043, "32": 0.6373357176780701, "33": 0.644098699092865, "34": 0.6455485224723816, "35": 0.6438977122306824, "36": 0.6397954821586609, "37": 0.6354281902313232, "38": 0.6113331913948059, "39": 0.6263695359230042, "40": 0.6486896872520447, "41": 0.6495570540428162, "42": 0.6422492861747742, "43": 0.6480955481529236, "44": 0.6462578177452087, "45": 0.6555187106132507, "46": 0.6316688656806946, "47": 0.6403031945228577, "48": 0.6564338207244873, "49": 0.64618319272995, "50": 0.653938353061676, "51": 0.6512375473976135, "52": 0.6526361107826233, "53": 0.6355730295181274, "54": 0.6314848065376282, "55": 0.6256207823753357, "56": 0.6457276940345764, "57": 0.6410387754440308, "58": 0.6401815414428711, "59": 0.6373477578163147, "60": 0.6373516917228699, "61": 0.6351707577705383, "62": 0.6438993811607361, "63": 0.639489471912384, "64": 0.6402824521064758, "65": 0.6321272253990173, "66": 0.638009250164032, "67": 0.6438232064247131, "68": 0.6324583888053894, "69": 0.6284699440002441, "70": 0.6447588801383972, "71": 0.6432048678398132, "72": 0.6384916305541992, "73": 0.6362870931625366, "74": 0.6401953101158142, "75": 0.6345329880714417, "76": 0.6378483772277832, "77": 0.6298722624778748, "78": 0.6355829834938049, "79": 0.6297741532325745, "80": 0.6380557417869568}