{"1": 0.5713134407997131, "2": 0.5188478231430054, "3": 0.6004201769828796, "4": 0.5801622867584229, "5": 0.6032492518424988, "6": 0.6252105832099915, "7": 0.6451364755630493, "8": 0.635360598564148, "9": 0.6457573771476746, "10": 0.6395958065986633, "11": 0.6527041792869568, "12": 0.6327868103981018, "13": 0.6457960605621338, "14": 0.6543139815330505, "15": 0.6612998843193054, "16": 0.647596001625061, "17": 0.6614916324615479, "18": 0.6648821830749512, "19": 0.6460428833961487, "20": 0.6419293880462646, "21": 0.670659065246582, "22": 0.6740605235099792, "23": 0.6214413642883301, "24": 0.660673975944519, "25": 0.6529552936553955, "26": 0.6505424380302429, "27": 0.6423650979995728, "28": 0.6551180481910706, "29": 0.6705500483512878, "30": 0.6505205035209656, "31": 0.6579551100730896, "32": 0.6532542109489441, "33": 0.6667249202728271, "34": 0.6737520098686218, "35": 0.6483667492866516, "36": 0.6332373023033142, "37": 0.6637259125709534, "38": 0.6329713463783264, "39": 0.6711930632591248, "40": 0.5651154518127441, "41": 0.6453577876091003, "42": 0.6602234244346619, "43": 0.6453023552894592, "44": 0.6502509117126465, "45": 0.640272319316864, "46": 0.6542583107948303, "47": 0.6433030962944031, "48": 0.6418125033378601, "49": 0.6527441143989563, "50": 0.6500601172447205, "51": 0.653535783290863, "52": 0.6577723622322083, "53": 0.6668262481689453, "54": 0.6521318554878235, "55": 0.6523127555847168, "56": 0.631762683391571, "57": 0.63608318567276, "58": 0.6446157097816467, "59": 0.6581818461418152, "60": 0.6488333344459534, "61": 0.6551496386528015, "62": 0.6600537896156311, "63": 0.6448474526405334, "64": 0.6559634804725647, "65": 0.6560676097869873, "66": 0.6508906483650208, "67": 0.6480762362480164, "68": 0.6331601738929749, "69": 0.6513835787773132, "70": 0.6593484282493591, "71": 0.65518718957901, "72": 0.6500908732414246, "73": 0.6661727428436279, "74": 0.6487171053886414, "75": 0.6581271290779114, "76": 0.6445754170417786, "77": 0.6479052901268005, "78": 0.6635271310806274, "79": 0.6648766994476318, "80": 0.6642253994941711}