{"1": 0.7031504511833191, "2": 0.6864978671073914, "3": 0.7554829716682434, "4": 0.7455622553825378, "5": 0.7723262310028076, "6": 0.7800331115722656, "7": 0.8026575446128845, "8": 0.7980409264564514, "9": 0.7952278256416321, "10": 0.8041390776634216, "11": 0.8133492469787598, "12": 0.7987235188484192, "13": 0.7960829734802246, "14": 0.809592068195343, "15": 0.8172774910926819, "16": 0.7987143397331238, "17": 0.8199906349182129, "18": 0.8227085471153259, "19": 0.804415225982666, "20": 0.7991665005683899, "21": 0.8220157027244568, "22": 0.810325562953949, "23": 0.7881491780281067, "24": 0.8157108426094055, "25": 0.8061882853507996, "26": 0.8095640540122986, "27": 0.7958071231842041, "28": 0.8059126734733582, "29": 0.8094136118888855, "30": 0.8077099919319153, "31": 0.8049169182777405, "32": 0.811927318572998, "33": 0.8124602437019348, "34": 0.812013566493988, "35": 0.8076037764549255, "36": 0.7966383099555969, "37": 0.8108448386192322, "38": 0.7862342000007629, "39": 0.8134528994560242, "40": 0.7553721070289612, "41": 0.8010569214820862, "42": 0.818047821521759, "43": 0.8043438792228699, "44": 0.8083435893058777, "45": 0.8025901913642883, "46": 0.8008868098258972, "47": 0.7962144017219543, "48": 0.7998945116996765, "49": 0.8041852116584778, "50": 0.8047928214073181, "51": 0.8063914775848389, "52": 0.8115558624267578, "53": 0.8139982223510742, "54": 0.8022798895835876, "55": 0.7990288734436035, "56": 0.7929549217224121, "57": 0.7945728898048401, "58": 0.8018897175788879, "59": 0.8091068267822266, "60": 0.8010781407356262, "61": 0.8073234558105469, "62": 0.8114972710609436, "63": 0.7994747757911682, "64": 0.8047306537628174, "65": 0.8111929297447205, "66": 0.7996785640716553, "67": 0.8086690902709961, "68": 0.7958547472953796, "69": 0.8058010935783386, "70": 0.8121666312217712, "71": 0.806938111782074, "72": 0.8097218871116638, "73": 0.8124816417694092, "74": 0.8025925755500793, "75": 0.8158113360404968, "76": 0.7980628609657288, "77": 0.7996340394020081, "78": 0.8033199310302734, "79": 0.8128483891487122, "80": 0.8204541802406311}