{"1": 0.42273056507110596, "2": 0.5399501919746399, "3": 0.4876573979854584, "4": 0.5502476096153259, "5": 0.5732486844062805, "6": 0.567474365234375, "7": 0.5912122130393982, "8": 0.5654658079147339, "9": 0.5842788219451904, "10": 0.543699324131012, "11": 0.574421226978302, "12": 0.5832239389419556, "13": 0.5533864498138428, "14": 0.5714401602745056, "15": 0.5636432766914368, "16": 0.5480766892433167, "17": 0.5880773067474365, "18": 0.5602707862854004, "19": 0.5787619352340698, "20": 0.5936889052391052, "21": 0.5838156342506409, "22": 0.5796546936035156, "23": 0.5725006461143494, "24": 0.5986233353614807, "25": 0.5811750292778015, "26": 0.5791479349136353, "27": 0.5668071508407593, "28": 0.5390331149101257, "29": 0.5538172125816345, "30": 0.5495681166648865, "31": 0.5702409148216248, "32": 0.572249710559845, "33": 0.5760926604270935, "34": 0.5962061285972595, "35": 0.5814319252967834, "36": 0.5840700268745422, "37": 0.556537389755249, "38": 0.588828980922699, "39": 0.5565271973609924, "40": 0.5553459525108337, "41": 0.5966546535491943, "42": 0.5739864706993103, "43": 0.5702608227729797, "44": 0.5754546523094177, "45": 0.5869515538215637, "46": 0.5402248501777649, "47": 0.577379047870636, "48": 0.577356219291687, "49": 0.568593442440033, "50": 0.580986738204956, "51": 0.5800707936286926, "52": 0.5756580233573914, "53": 0.5801345705986023, "54": 0.5698749423027039, "55": 0.5833672881126404, "56": 0.562305212020874, "57": 0.5738617777824402, "58": 0.5723896622657776, "59": 0.5734984278678894, "60": 0.5717540383338928, "61": 0.5799757838249207, "62": 0.5761663317680359, "63": 0.5849454998970032, "64": 0.5884279608726501, "65": 0.5718899369239807, "66": 0.5972570180892944, "67": 0.5712136626243591, "68": 0.5612571835517883, "69": 0.5733904242515564, "70": 0.5799991488456726, "71": 0.5859331488609314, "72": 0.567397952079773, "73": 0.580686092376709, "74": 0.5682504177093506, "75": 0.5831816792488098, "76": 0.5768845081329346, "77": 0.5908334255218506, "78": 0.5980979800224304, "79": 0.5744495391845703, "80": 0.5552800893783569}