{"1": 0.5839623808860779, "2": 0.6747064590454102, "3": 0.6476432681083679, "4": 0.6927964091300964, "5": 0.7198675274848938, "6": 0.7155265212059021, "7": 0.7339672446250916, "8": 0.7205496430397034, "9": 0.7243261337280273, "10": 0.6951397061347961, "11": 0.7277598977088928, "12": 0.725416362285614, "13": 0.7119176983833313, "14": 0.7253103852272034, "15": 0.7130784392356873, "16": 0.7117087841033936, "17": 0.7461764216423035, "18": 0.7235930562019348, "19": 0.7409988045692444, "20": 0.7432344555854797, "21": 0.7313551306724548, "22": 0.7331058382987976, "23": 0.736863374710083, "24": 0.7398937344551086, "25": 0.7417669296264648, "26": 0.728655993938446, "27": 0.7227585911750793, "28": 0.7012045383453369, "29": 0.7175040245056152, "30": 0.7227124571800232, "31": 0.7287508845329285, "32": 0.7260673642158508, "33": 0.736430823802948, "34": 0.7368143200874329, "35": 0.7428595423698425, "36": 0.7453802227973938, "37": 0.7126200199127197, "38": 0.7436951994895935, "39": 0.7268462777137756, "40": 0.7142307162284851, "41": 0.7540979385375977, "42": 0.7317407727241516, "43": 0.7231332659721375, "44": 0.730250895023346, "45": 0.7397723197937012, "46": 0.7003107070922852, "47": 0.7385318875312805, "48": 0.7282610535621643, "49": 0.7238271832466125, "50": 0.7439462542533875, "51": 0.7334234714508057, "52": 0.7366623878479004, "53": 0.7341647148132324, "54": 0.7296323776245117, "55": 0.7409016489982605, "56": 0.7150249481201172, "57": 0.7356765270233154, "58": 0.7213959693908691, "59": 0.7353148460388184, "60": 0.7213261723518372, "61": 0.7362832427024841, "62": 0.7332369685173035, "63": 0.7349894642829895, "64": 0.7443294525146484, "65": 0.7376585602760315, "66": 0.7451939582824707, "67": 0.7275864481925964, "68": 0.723295271396637, "69": 0.7317390441894531, "70": 0.7336440086364746, "71": 0.7401513457298279, "72": 0.7250409126281738, "73": 0.7349788546562195, "74": 0.7272712588310242, "75": 0.7419225573539734, "76": 0.7374075055122375, "77": 0.7440387606620789, "78": 0.7461883425712585, "79": 0.7366249561309814, "80": 0.7121446132659912}