{"1": 0.6432955265045166, "2": 0.48535680770874023, "3": 0.5020110011100769, "4": 0.4641566276550293, "5": 0.47873806953430176, "6": 0.5084700584411621, "7": 0.5342680811882019, "8": 0.4813084006309509, "9": 0.5301520228385925, "10": 0.5141195058822632, "11": 0.5393203496932983, "12": 0.5628452897071838, "13": 0.5645319223403931, "14": 0.5500603914260864, "15": 0.5669980645179749, "16": 0.5510891675949097, "17": 0.6248100399971008, "18": 0.5896587371826172, "19": 0.6109316945075989, "20": 0.6275755167007446, "21": 0.6226673126220703, "22": 0.6235915422439575, "23": 0.6246791481971741, "24": 0.6611698865890503, "25": 0.6309984922409058, "26": 0.664175271987915, "27": 0.6728490591049194, "28": 0.6937716603279114, "29": 0.6807579398155212, "30": 0.7369004487991333, "31": 0.7120779752731323, "32": 0.7302241325378418, "33": 0.7273315191268921, "34": 0.7522672414779663, "35": 0.7500354051589966, "36": 0.7701526284217834, "37": 0.777531087398529, "38": 0.8052522540092468, "39": 0.8691452145576477, "40": 0.8486968874931335, "41": 0.7941117286682129, "42": 0.8165522813796997, "43": 0.8114297986030579, "44": 0.8298994302749634, "45": 0.7888083457946777, "46": 0.8531061410903931, "47": 0.8260768055915833, "48": 0.7978069186210632, "49": 0.8550388216972351, "50": 0.813093364238739, "51": 0.831418514251709, "52": 0.8337634801864624, "53": 0.8639628291130066, "54": 0.911892294883728, "55": 0.9200008511543274, "56": 0.7683001756668091, "57": 0.7487435340881348, "58": 0.8099976778030396, "59": 0.8445132374763489, "60": 0.8467202186584473, "61": 0.8790939450263977, "62": 0.8369804620742798, "63": 0.8813327550888062, "64": 0.8507742881774902, "65": 0.9036533236503601, "66": 0.8598605990409851, "67": 0.8734963536262512, "68": 0.8743351101875305, "69": 0.9133182764053345, "70": 0.8555272817611694, "71": 0.8725360631942749, "72": 0.9076926112174988, "73": 0.8953193426132202, "74": 0.9091703295707703, "75": 0.9336937069892883, "76": 0.9372550845146179, "77": 0.9169427752494812, "78": 0.9426621198654175, "79": 0.9334253072738647, "80": 0.9303067922592163}