{"1": 0.6377477645874023, "2": 0.7476997375488281, "3": 0.7535722851753235, "4": 0.7784704566001892, "5": 0.7794364094734192, "6": 0.7536713480949402, "7": 0.7770296931266785, "8": 0.7884616255760193, "9": 0.7954847812652588, "10": 0.7836142182350159, "11": 0.8169544339179993, "12": 0.7887055277824402, "13": 0.7996204495429993, "14": 0.7991147637367249, "15": 0.7949727177619934, "16": 0.8001234531402588, "17": 0.7726379036903381, "18": 0.8021613955497742, "19": 0.795415461063385, "20": 0.8121340870857239, "21": 0.8034318089485168, "22": 0.8045039176940918, "23": 0.8122202754020691, "24": 0.7849181294441223, "25": 0.8044888377189636, "26": 0.7984328866004944, "27": 0.7814321517944336, "28": 0.7996828556060791, "29": 0.7939830422401428, "30": 0.8057244420051575, "31": 0.7820170521736145, "32": 0.7860605716705322, "33": 0.7924478054046631, "34": 0.8061044216156006, "35": 0.7879509329795837, "36": 0.7974173426628113, "37": 0.7911763191223145, "38": 0.7531977295875549, "39": 0.7896151542663574, "40": 0.7993268370628357, "41": 0.7903997302055359, "42": 0.7929763793945312, "43": 0.7944595217704773, "44": 0.7913126349449158, "45": 0.7920586466789246, "46": 0.7858860492706299, "47": 0.7788939476013184, "48": 0.7995302677154541, "49": 0.7954607009887695, "50": 0.800513744354248, "51": 0.7929556369781494, "52": 0.7975243926048279, "53": 0.786640465259552, "54": 0.7689430117607117, "55": 0.7866284251213074, "56": 0.7934973835945129, "57": 0.7839711308479309, "58": 0.79103684425354, "59": 0.7925539612770081, "60": 0.7862103581428528, "61": 0.7832786440849304, "62": 0.7972352504730225, "63": 0.7887514233589172, "64": 0.787729024887085, "65": 0.7854266166687012, "66": 0.7876224517822266, "67": 0.7953870892524719, "68": 0.7834287285804749, "69": 0.7834489941596985, "70": 0.7950326800346375, "71": 0.7896401286125183, "72": 0.7890015244483948, "73": 0.7856916785240173, "74": 0.7917391657829285, "75": 0.7810088992118835, "76": 0.7913147807121277, "77": 0.7747247815132141, "78": 0.7828263640403748, "79": 0.7733278274536133, "80": 0.788646936416626}