{"1": 0.4882243573665619, "2": 0.4337700307369232, "3": 0.42909184098243713, "4": 0.5033191442489624, "5": 0.4302089810371399, "6": 0.5019895434379578, "7": 0.4986584782600403, "8": 0.4728854298591614, "9": 0.5362264513969421, "10": 0.5486767292022705, "11": 0.4894401431083679, "12": 0.5334251523017883, "13": 0.5746806263923645, "14": 0.6405256390571594, "15": 0.6192833185195923, "16": 0.5783377885818481, "17": 0.6033649444580078, "18": 0.6552821397781372, "19": 0.6393274068832397, "20": 0.644904375076294, "21": 0.6442056894302368, "22": 0.6456714868545532, "23": 0.6530040502548218, "24": 0.6915393471717834, "25": 0.6840356588363647, "26": 0.7240330576896667, "27": 0.7206345200538635, "28": 0.7251588702201843, "29": 0.7758382558822632, "30": 0.7179005146026611, "31": 0.7180346846580505, "32": 0.7459092140197754, "33": 0.6706684827804565, "34": 0.723093569278717, "35": 0.7636688351631165, "36": 0.8109031915664673, "37": 0.8062354326248169, "38": 0.8182002902030945, "39": 0.7827801704406738, "40": 0.7642109394073486, "41": 0.9147612452507019, "42": 0.7787580490112305, "43": 0.8491080403327942, "44": 0.7906398773193359, "45": 0.7963374257087708, "46": 0.8299417495727539, "47": 0.7840744256973267, "48": 0.8428417444229126, "49": 0.7947950959205627, "50": 0.81913822889328, "51": 0.872059166431427, "52": 0.7369139790534973, "53": 0.7617215514183044, "54": 0.8496077656745911, "55": 0.8152869343757629, "56": 0.840347409248352, "57": 0.8241249322891235, "58": 0.8617498278617859, "59": 0.8709418177604675, "60": 0.8622153997421265, "61": 0.8303238749504089, "62": 0.8489924669265747, "63": 0.8267822265625, "64": 0.8048681020736694, "65": 0.9029776453971863, "66": 0.8705934286117554, "67": 0.880061149597168, "68": 0.9113090634346008, "69": 0.9176003336906433, "70": 0.9045767784118652, "71": 0.8952299356460571, "72": 0.9321082830429077, "73": 0.9039819836616516, "74": 0.9472998380661011, "75": 0.8864421844482422, "76": 0.9374821782112122, "77": 0.9068649411201477, "78": 0.8682159185409546, "79": 0.9628888964653015, "80": 0.921057403087616}