{"1": 0.6455715894699097, "2": 0.5426758527755737, "3": 0.6101815700531006, "4": 0.5519109964370728, "5": 0.5340181589126587, "6": 0.5526967644691467, "7": 0.5175061821937561, "8": 0.6217177510261536, "9": 0.5427729487419128, "10": 0.6723635792732239, "11": 0.6190929412841797, "12": 0.5875588655471802, "13": 0.7312338352203369, "14": 0.6570729613304138, "15": 0.7377852201461792, "16": 0.7510730028152466, "17": 0.7203845977783203, "18": 0.7837856411933899, "19": 0.7949270606040955, "20": 0.6969366669654846, "21": 0.7268041372299194, "22": 0.7564636468887329, "23": 0.8401139378547668, "24": 0.7467271685600281, "25": 0.8284002542495728, "26": 0.8269268274307251, "27": 0.8808676600456238, "28": 0.9608413577079773, "29": 0.8905709981918335, "30": 0.8410969972610474, "31": 0.8625205755233765, "32": 0.87824547290802, "33": 0.9083704948425293, "34": 0.7960237860679626, "35": 0.9108061790466309, "36": 0.8924795389175415, "37": 1.0052459239959717, "38": 0.9202163815498352, "39": 1.0879335403442383, "40": 1.0954312086105347, "41": 0.8766015768051147, "42": 0.909859836101532, "43": 0.9489001035690308, "44": 0.9632766842842102, "45": 0.9352629780769348, "46": 1.1132324934005737, "47": 1.0441697835922241, "48": 1.0142319202423096, "49": 1.0227091312408447, "50": 1.014143943786621, "51": 1.0213631391525269, "52": 1.070541501045227, "53": 1.0439759492874146, "54": 1.1131312847137451, "55": 0.9809883236885071, "56": 1.0854049921035767, "57": 1.0848126411437988, "58": 1.0860416889190674, "59": 1.0809167623519897, "60": 1.1006282567977905, "61": 1.0690159797668457, "62": 1.0955097675323486, "63": 1.1110241413116455, "64": 1.0717179775238037, "65": 1.212104082107544, "66": 1.0260655879974365, "67": 1.1421821117401123, "68": 1.2319262027740479, "69": 1.2118518352508545, "70": 1.1032588481903076, "71": 1.0924615859985352, "72": 1.2293654680252075, "73": 1.144142746925354, "74": 1.2191232442855835, "75": 1.1511671543121338, "76": 1.1954736709594727, "77": 1.1256517171859741, "78": 1.0611846446990967, "79": 1.2106592655181885, "80": 1.1706360578536987}