{"1": 0.5223495960235596, "2": 0.5685129165649414, "3": 0.4681439995765686, "4": 0.5119897723197937, "5": 0.5002410411834717, "6": 0.48299360275268555, "7": 0.48156777024269104, "8": 0.5181277990341187, "9": 0.48866453766822815, "10": 0.5588902831077576, "11": 0.5388474464416504, "12": 0.5778098702430725, "13": 0.5385656356811523, "14": 0.5640643835067749, "15": 0.5755980610847473, "16": 0.5861644744873047, "17": 0.6141930818557739, "18": 0.6109579205513, "19": 0.6887800097465515, "20": 0.7190203666687012, "21": 0.6051109433174133, "22": 0.6104529500007629, "23": 0.796846330165863, "24": 0.6758236885070801, "25": 0.6672993898391724, "26": 0.7285732626914978, "27": 0.6763132810592651, "28": 0.6737435460090637, "29": 0.6381009817123413, "30": 0.7107217311859131, "31": 0.6948481798171997, "32": 0.7189143300056458, "33": 0.6953684091567993, "34": 0.7173211574554443, "35": 0.7767742872238159, "36": 0.8441771268844604, "37": 0.7243120074272156, "38": 0.7634690999984741, "39": 0.727387011051178, "40": 1.1112983226776123, "41": 0.7970626950263977, "42": 0.7343200445175171, "43": 0.8145707845687866, "44": 0.8262508511543274, "45": 0.8278449773788452, "46": 0.7704540491104126, "47": 0.7773449420928955, "48": 0.8075567483901978, "49": 0.7552860975265503, "50": 0.8193747401237488, "51": 0.7984364032745361, "52": 0.8171432614326477, "53": 0.7725471258163452, "54": 0.8083857297897339, "55": 0.7774475812911987, "56": 0.9009353518486023, "57": 0.8930180668830872, "58": 0.8804283142089844, "59": 0.8250008821487427, "60": 0.8761898279190063, "61": 0.8689934611320496, "62": 0.8587819337844849, "63": 0.8623054623603821, "64": 0.8285421133041382, "65": 0.8545688390731812, "66": 0.8819521069526672, "67": 0.9567205309867859, "68": 0.9692388772964478, "69": 0.9160521626472473, "70": 0.8366482853889465, "71": 0.8903047442436218, "72": 0.9114128351211548, "73": 0.8923448324203491, "74": 0.9412602186203003, "75": 0.899046778678894, "76": 0.9507039189338684, "77": 0.8857887387275696, "78": 0.8135811686515808, "79": 0.7821843028068542, "80": 0.8798909187316895}