{"1": 0.6101537346839905, "2": 0.6345438957214355, "3": 0.6093457341194153, "4": 0.6087732911109924, "5": 0.6711880564689636, "6": 0.670767605304718, "7": 0.6027522683143616, "8": 0.6729500889778137, "9": 0.6952582001686096, "10": 0.6531682014465332, "11": 0.6967248916625977, "12": 0.5874711275100708, "13": 0.6954162120819092, "14": 0.6489207148551941, "15": 0.7030534744262695, "16": 0.69537752866745, "17": 0.666334867477417, "18": 0.6811354160308838, "19": 0.7052393555641174, "20": 0.7014617323875427, "21": 0.6549736857414246, "22": 0.6809954643249512, "23": 0.6831503510475159, "24": 0.7070881724357605, "25": 0.6843498349189758, "26": 0.685906171798706, "27": 0.6956779360771179, "28": 0.6916887760162354, "29": 0.646436870098114, "30": 0.6695879101753235, "31": 0.7176658511161804, "32": 0.6876990795135498, "33": 0.7171468734741211, "34": 0.6901347637176514, "35": 0.6465091109275818, "36": 0.6440649628639221, "37": 0.718266487121582, "38": 0.7023911476135254, "39": 0.7055959701538086, "40": 0.6613855361938477, "41": 0.7028263211250305, "42": 0.6754927039146423, "43": 0.7390343546867371, "44": 0.7183507084846497, "45": 0.7281567454338074, "46": 0.6904587745666504, "47": 0.7314102649688721, "48": 0.709761381149292, "49": 0.7324633598327637, "50": 0.6955026984214783, "51": 0.7233830094337463, "52": 0.7179579734802246, "53": 0.651604950428009, "54": 0.7195900082588196, "55": 0.6592169404029846, "56": 0.6847483515739441, "57": 0.6926475167274475, "58": 0.6881222724914551, "59": 0.6162067651748657, "60": 0.7228667736053467, "61": 0.692300021648407, "62": 0.7253584265708923, "63": 0.6893803477287292, "64": 0.7259475588798523, "65": 0.7039413452148438, "66": 0.681023120880127, "67": 0.6644251942634583, "68": 0.7223193049430847, "69": 0.6692661643028259, "70": 0.6887502670288086, "71": 0.6940717697143555, "72": 0.70005863904953, "73": 0.7047092914581299, "74": 0.7212511897087097, "75": 0.6901037096977234, "76": 0.7107024192810059, "77": 0.6570940613746643, "78": 0.7111819386482239, "79": 0.6763479113578796, "80": 0.6827635169029236}