{"1": 0.5194291472434998, "2": 0.31560394167900085, "3": 0.5082127451896667, "4": 0.5437125563621521, "5": 0.5049661993980408, "6": 0.5923526883125305, "7": 0.4650779664516449, "8": 0.6313616633415222, "9": 0.4801088869571686, "10": 0.5524489879608154, "11": 0.5594639778137207, "12": 0.6269347071647644, "13": 0.5849394202232361, "14": 0.6205440759658813, "15": 0.5618850588798523, "16": 0.562248170375824, "17": 0.6042487621307373, "18": 0.6577901244163513, "19": 0.604587733745575, "20": 0.5533439517021179, "21": 0.54848712682724, "22": 0.4855853021144867, "23": 0.5560710430145264, "24": 0.6182731986045837, "25": 0.522522509098053, "26": 0.6617360711097717, "27": 0.5625794529914856, "28": 0.6310449242591858, "29": 0.5309774279594421, "30": 0.6403867602348328, "31": 0.5535026788711548, "32": 0.5953881740570068, "33": 0.6317079067230225, "34": 0.577835202217102, "35": 0.5522549152374268, "36": 0.5569306015968323, "37": 0.5466259121894836, "38": 0.6205444931983948, "39": 0.6412888169288635, "40": 0.5475936532020569, "41": 0.5382387638092041, "42": 0.5721052289009094, "43": 0.6044573187828064, "44": 0.5771757364273071, "45": 0.5916927456855774, "46": 0.6163297891616821, "47": 0.6184367537498474, "48": 0.6226914525032043, "49": 0.6132393479347229, "50": 0.6001209616661072, "51": 0.6260413527488708, "52": 0.614706814289093, "53": 0.6114409565925598, "54": 0.6389296054840088, "55": 0.5913066864013672, "56": 0.6160445809364319, "57": 0.6155974864959717, "58": 0.5884715914726257, "59": 0.6231483817100525, "60": 0.5780721306800842, "61": 0.6149486303329468, "62": 0.5957052111625671, "63": 0.6130821704864502, "64": 0.6089662909507751, "65": 0.6360557675361633, "66": 0.6009374260902405, "67": 0.632983386516571, "68": 0.5819457769393921, "69": 0.6264448761940002, "70": 0.5806024074554443, "71": 0.5891866087913513, "72": 0.6384724974632263, "73": 0.6085829138755798, "74": 0.6259658932685852, "75": 0.5806328654289246, "76": 0.6000722646713257, "77": 0.5867233872413635, "78": 0.6307066082954407, "79": 0.5887424349784851, "80": 0.5968765616416931}