{"1": 0.5756499767303467, "2": 0.5960752964019775, "3": 0.534437358379364, "4": 0.6264716982841492, "5": 0.6420230865478516, "6": 0.6160750389099121, "7": 0.677017867565155, "8": 0.5906893610954285, "9": 0.6742895245552063, "10": 0.6512553691864014, "11": 0.7011282444000244, "12": 0.7010768055915833, "13": 0.6685225367546082, "14": 0.7140946984291077, "15": 0.6731395721435547, "16": 0.7186646461486816, "17": 0.6632488965988159, "18": 0.6470686793327332, "19": 0.7172382473945618, "20": 0.7197625637054443, "21": 0.6758591532707214, "22": 0.7096006870269775, "23": 0.699855625629425, "24": 0.7312516570091248, "25": 0.6790241599082947, "26": 0.7233119010925293, "27": 0.7216176986694336, "28": 0.718096911907196, "29": 0.6971842646598816, "30": 0.7074440121650696, "31": 0.7325341701507568, "32": 0.6916006207466125, "33": 0.7390645146369934, "34": 0.7106679081916809, "35": 0.6888139247894287, "36": 0.656366765499115, "37": 0.6913859844207764, "38": 0.7162063717842102, "39": 0.7149710655212402, "40": 0.6657693982124329, "41": 0.7465729117393494, "42": 0.665863037109375, "43": 0.6771271824836731, "44": 0.6847851872444153, "45": 0.7421321868896484, "46": 0.7446024417877197, "47": 0.7242247462272644, "48": 0.728715717792511, "49": 0.7257120609283447, "50": 0.7136622071266174, "51": 0.7226672172546387, "52": 0.7561385035514832, "53": 0.7185626029968262, "54": 0.6961730122566223, "55": 0.6951846480369568, "56": 0.7257494330406189, "57": 0.6436204314231873, "58": 0.7160024642944336, "59": 0.7025710940361023, "60": 0.7466681599617004, "61": 0.7335808277130127, "62": 0.7476080060005188, "63": 0.7203025817871094, "64": 0.7108151912689209, "65": 0.7210653424263, "66": 0.7374151349067688, "67": 0.7014183402061462, "68": 0.7471365928649902, "69": 0.7398691177368164, "70": 0.7106296420097351, "71": 0.690143346786499, "72": 0.7506384253501892, "73": 0.6906380653381348, "74": 0.6657804846763611, "75": 0.7128441333770752, "76": 0.7198934555053711, "77": 0.6984317898750305, "78": 0.6837713122367859, "79": 0.7059360146522522, "80": 0.7331860661506653}