{"1": 0.7224853038787842, "2": 0.7412924766540527, "3": 0.7408175468444824, "4": 0.7673578262329102, "5": 0.7977660298347473, "6": 0.8004732728004456, "7": 0.7642693519592285, "8": 0.8115701079368591, "9": 0.8189902305603027, "10": 0.7942560315132141, "11": 0.8215360641479492, "12": 0.7487797141075134, "13": 0.8203956484794617, "14": 0.8058821558952332, "15": 0.8174281716346741, "16": 0.8095666766166687, "17": 0.8080639839172363, "18": 0.8242860436439514, "19": 0.8279516696929932, "20": 0.8208980560302734, "21": 0.8030712008476257, "22": 0.8103101849555969, "23": 0.8121201395988464, "24": 0.8181141018867493, "25": 0.8248011469841003, "26": 0.8204494118690491, "27": 0.7956946492195129, "28": 0.8292813897132874, "29": 0.8040513396263123, "30": 0.8189626336097717, "31": 0.8447778224945068, "32": 0.8307545781135559, "33": 0.8242030143737793, "34": 0.8217029571533203, "35": 0.8042657971382141, "36": 0.8004093766212463, "37": 0.8356377482414246, "38": 0.83833247423172, "39": 0.8279815316200256, "40": 0.8095518946647644, "41": 0.8324199318885803, "42": 0.8153178691864014, "43": 0.8465001583099365, "44": 0.8483607172966003, "45": 0.8351497650146484, "46": 0.8339512348175049, "47": 0.8427104353904724, "48": 0.8486571907997131, "49": 0.8359503746032715, "50": 0.8245099186897278, "51": 0.8458955883979797, "52": 0.8365204930305481, "53": 0.8024592995643616, "54": 0.8483421802520752, "55": 0.8122788071632385, "56": 0.8237096667289734, "57": 0.8382363319396973, "58": 0.8310653567314148, "59": 0.7923720479011536, "60": 0.8261127471923828, "61": 0.8334935307502747, "62": 0.8332340121269226, "63": 0.8228719830513, "64": 0.8430395722389221, "65": 0.8353161811828613, "66": 0.8249076008796692, "67": 0.8138278126716614, "68": 0.8429500460624695, "69": 0.8241870403289795, "70": 0.8298891186714172, "71": 0.832538902759552, "72": 0.8276602625846863, "73": 0.8302540183067322, "74": 0.8421327471733093, "75": 0.8332793116569519, "76": 0.8373880386352539, "77": 0.8030281066894531, "78": 0.8476830124855042, "79": 0.8127414584159851, "80": 0.8178867697715759}