{"1": 0.7941893935203552, "2": 0.5935201644897461, "3": 0.6918056607246399, "4": 0.5950871706008911, "5": 0.5171920657157898, "6": 0.6270248889923096, "7": 0.5844072699546814, "8": 0.5578295588493347, "9": 0.5739103555679321, "10": 0.5298393368721008, "11": 0.5609993934631348, "12": 0.5608857870101929, "13": 0.5657944083213806, "14": 0.559247612953186, "15": 0.6487025022506714, "16": 0.5431984066963196, "17": 0.5290974378585815, "18": 0.5242135524749756, "19": 0.5154439210891724, "20": 0.49598169326782227, "21": 0.49202293157577515, "22": 0.5013194680213928, "23": 0.5143137574195862, "24": 0.5737602710723877, "25": 0.6245813369750977, "26": 0.5277613997459412, "27": 0.5393743515014648, "28": 0.6239088177680969, "29": 0.5515583753585815, "30": 0.5716613531112671, "31": 0.6868523359298706, "32": 0.5711095929145813, "33": 0.6773489713668823, "34": 0.5135324001312256, "35": 0.5717867016792297, "36": 0.5112108588218689, "37": 0.5765867829322815, "38": 0.5922347903251648, "39": 0.6151134371757507, "40": 0.5606502294540405, "41": 0.5959197878837585, "42": 0.5504840612411499, "43": 0.6292023658752441, "44": 0.6776410937309265, "45": 0.6361814737319946, "46": 0.5389028191566467, "47": 0.6015149354934692, "48": 0.5966184735298157, "49": 0.664175808429718, "50": 0.6756453514099121, "51": 0.7134039998054504, "52": 0.6845632195472717, "53": 0.6271700263023376, "54": 0.5504992604255676, "55": 0.5948764085769653, "56": 0.6391443610191345, "57": 0.7090080380439758, "58": 0.6410717368125916, "59": 0.6279975175857544, "60": 0.668448805809021, "61": 0.6447306871414185, "62": 0.6640225648880005, "63": 0.6020394563674927, "64": 0.7412232756614685, "65": 0.665197491645813, "66": 0.5549851655960083, "67": 0.6114200949668884, "68": 0.632885217666626, "69": 0.6539285778999329, "70": 0.5683128833770752, "71": 0.6622770428657532, "72": 0.6577342748641968, "73": 0.7777074575424194, "74": 0.6264719367027283, "75": 0.6550945043563843, "76": 0.5936118364334106, "77": 0.6719293594360352, "78": 0.7494691610336304, "79": 0.8264822959899902, "80": 0.6884677410125732}