{"1": 0.6118168234825134, "2": 0.6891562342643738, "3": 0.6813982129096985, "4": 0.6710285544395447, "5": 0.7124033570289612, "6": 0.6871137619018555, "7": 0.6108521819114685, "8": 0.7144169807434082, "9": 0.6670671105384827, "10": 0.7189192175865173, "11": 0.7179262042045593, "12": 0.7051213383674622, "13": 0.7060785889625549, "14": 0.7025229334831238, "15": 0.7207143902778625, "16": 0.7282134890556335, "17": 0.7004225850105286, "18": 0.7061896324157715, "19": 0.6506499648094177, "20": 0.712609589099884, "21": 0.7229182720184326, "22": 0.7211013436317444, "23": 0.6719245910644531, "24": 0.7061212658882141, "25": 0.6807463765144348, "26": 0.6680331230163574, "27": 0.7050043940544128, "28": 0.6883355975151062, "29": 0.6990311741828918, "30": 0.6992220878601074, "31": 0.7185294032096863, "32": 0.6664299964904785, "33": 0.6584199070930481, "34": 0.6818830370903015, "35": 0.7411601543426514, "36": 0.7260430455207825, "37": 0.6854044795036316, "38": 0.6831393241882324, "39": 0.7319430708885193, "40": 0.7030335068702698, "41": 0.7222943305969238, "42": 0.7277609705924988, "43": 0.6668588519096375, "44": 0.7058030962944031, "45": 0.7134280204772949, "46": 0.7168260216712952, "47": 0.6863190531730652, "48": 0.6807546019554138, "49": 0.6944666504859924, "50": 0.6661975979804993, "51": 0.6697943806648254, "52": 0.7220694422721863, "53": 0.7213390469551086, "54": 0.6827425956726074, "55": 0.7157168388366699, "56": 0.6946211457252502, "57": 0.670880138874054, "58": 0.7167866826057434, "59": 0.6681303977966309, "60": 0.7071648240089417, "61": 0.6740532517433167, "62": 0.7222936749458313, "63": 0.6840069890022278, "64": 0.6927693486213684, "65": 0.683807373046875, "66": 0.7099617123603821, "67": 0.7129583358764648, "68": 0.6645113825798035, "69": 0.6987526416778564, "70": 0.7187821269035339, "71": 0.6914122104644775, "72": 0.7026926875114441, "73": 0.7058926224708557, "74": 0.6565187573432922, "75": 0.7290052771568298, "76": 0.6658922433853149, "77": 0.6985810399055481, "78": 0.710346519947052, "79": 0.7292882800102234, "80": 0.7061130404472351}