{"1": 0.6354281306266785, "2": 0.6788223385810852, "3": 0.6720250248908997, "4": 0.7688264846801758, "5": 0.7857368588447571, "6": 0.7788719534873962, "7": 0.7991195321083069, "8": 0.7951900959014893, "9": 0.8181994557380676, "10": 0.8277044296264648, "11": 0.8109214305877686, "12": 0.8036393523216248, "13": 0.8114545345306396, "14": 0.8012202382087708, "15": 0.8373587727546692, "16": 0.794517993927002, "17": 0.8324373364448547, "18": 0.8375877737998962, "19": 0.8302173614501953, "20": 0.8308758735656738, "21": 0.8332915902137756, "22": 0.8319182395935059, "23": 0.8251054883003235, "24": 0.8193938732147217, "25": 0.8234574198722839, "26": 0.8256213068962097, "27": 0.8411279320716858, "28": 0.8345441818237305, "29": 0.8418407440185547, "30": 0.8501167297363281, "31": 0.845078706741333, "32": 0.8452038168907166, "33": 0.8490058779716492, "34": 0.855248212814331, "35": 0.8301074504852295, "36": 0.8538132309913635, "37": 0.8580753207206726, "38": 0.8406727313995361, "39": 0.8510608077049255, "40": 0.8546553254127502, "41": 0.8562412261962891, "42": 0.8489797115325928, "43": 0.8424308896064758, "44": 0.8496007323265076, "45": 0.8497007489204407, "46": 0.8506913185119629, "47": 0.8468661308288574, "48": 0.8531181216239929, "49": 0.8430361151695251, "50": 0.8546345233917236, "51": 0.826555073261261, "52": 0.8551340699195862, "53": 0.8440176844596863, "54": 0.8402440547943115, "55": 0.8510885834693909, "56": 0.8495488166809082, "57": 0.847527265548706, "58": 0.8334627151489258, "59": 0.8522370457649231, "60": 0.8478140234947205, "61": 0.8296659588813782, "62": 0.8391218185424805, "63": 0.8447561860084534, "64": 0.8483654856681824, "65": 0.851222038269043, "66": 0.8475497364997864, "67": 0.8375649452209473, "68": 0.8591548800468445, "69": 0.8439456820487976, "70": 0.8610489368438721, "71": 0.8477717041969299, "72": 0.8192241787910461, "73": 0.8394352793693542, "74": 0.8300334811210632, "75": 0.8508833050727844, "76": 0.8545096516609192, "77": 0.8473232388496399, "78": 0.8648769855499268, "79": 0.8350474834442139, "80": 0.8379024863243103}