{"1": 0.5092173218727112, "2": 0.5331134796142578, "3": 0.5192664861679077, "4": 0.5857066512107849, "5": 0.5773358941078186, "6": 0.5333859920501709, "7": 0.615028977394104, "8": 0.586510181427002, "9": 0.5547545552253723, "10": 0.6647763252258301, "11": 0.6044808626174927, "12": 0.6402572989463806, "13": 0.6743180155754089, "14": 0.6635310649871826, "15": 0.6437703371047974, "16": 0.6563445329666138, "17": 0.6601482033729553, "18": 0.6396386027336121, "19": 0.6589786410331726, "20": 0.6268525123596191, "21": 0.6798479557037354, "22": 0.6782341599464417, "23": 0.6947601437568665, "24": 0.6645277142524719, "25": 0.6748340129852295, "26": 0.6796290278434753, "27": 0.6908087730407715, "28": 0.6947360634803772, "29": 0.67354816198349, "30": 0.68312007188797, "31": 0.6983020901679993, "32": 0.6834909915924072, "33": 0.6852149367332458, "34": 0.7133030891418457, "35": 0.6855966448783875, "36": 0.6875503063201904, "37": 0.7165743708610535, "38": 0.6735535264015198, "39": 0.6849649548530579, "40": 0.6838338971138, "41": 0.6901683211326599, "42": 0.6589006781578064, "43": 0.6794808506965637, "44": 0.6319288611412048, "45": 0.6319937109947205, "46": 0.6943138241767883, "47": 0.6737148761749268, "48": 0.7047292590141296, "49": 0.6439306735992432, "50": 0.7162148952484131, "51": 0.6709558963775635, "52": 0.6835843920707703, "53": 0.6921560168266296, "54": 0.7030484080314636, "55": 0.7085158824920654, "56": 0.6515257954597473, "57": 0.6709320545196533, "58": 0.6517155766487122, "59": 0.6670421957969666, "60": 0.6441784501075745, "61": 0.686435878276825, "62": 0.675031840801239, "63": 0.6668539643287659, "64": 0.677567183971405, "65": 0.6441403031349182, "66": 0.6521695256233215, "67": 0.6876972317695618, "68": 0.6680559515953064, "69": 0.6792159676551819, "70": 0.7099360823631287, "71": 0.6609405875205994, "72": 0.6905718445777893, "73": 0.6615481376647949, "74": 0.6710279583930969, "75": 0.6522987484931946, "76": 0.6831434369087219, "77": 0.6833775639533997, "78": 0.6830863356590271, "79": 0.6671203970909119, "80": 0.6358019709587097}