{"1": 0.44549474120140076, "2": 0.5128410458564758, "3": 0.50936359167099, "4": 0.5652655363082886, "5": 0.566106379032135, "6": 0.5636894106864929, "7": 0.5905064940452576, "8": 0.5793060660362244, "9": 0.5843924880027771, "10": 0.5694895386695862, "11": 0.5623006820678711, "12": 0.6184434294700623, "13": 0.5850032567977905, "14": 0.6070795059204102, "15": 0.5916821360588074, "16": 0.5890663266181946, "17": 0.5922423005104065, "18": 0.5491986274719238, "19": 0.5708556771278381, "20": 0.6241663098335266, "21": 0.5917752385139465, "22": 0.6028246283531189, "23": 0.5684641599655151, "24": 0.5733454823493958, "25": 0.6136607527732849, "26": 0.6285303831100464, "27": 0.6217283606529236, "28": 0.6380682587623596, "29": 0.6129977107048035, "30": 0.5995786786079407, "31": 0.5836923718452454, "32": 0.617492139339447, "33": 0.5798453092575073, "34": 0.5904365181922913, "35": 0.629744827747345, "36": 0.5681427121162415, "37": 0.591200053691864, "38": 0.6274053454399109, "39": 0.6334701180458069, "40": 0.592897355556488, "41": 0.6026901006698608, "42": 0.6175821423530579, "43": 0.6175895929336548, "44": 0.6064395308494568, "45": 0.6187121272087097, "46": 0.6247323155403137, "47": 0.5924463868141174, "48": 0.6061561107635498, "49": 0.5828292965888977, "50": 0.6235148310661316, "51": 0.6512457728385925, "52": 0.6137702465057373, "53": 0.6253682971000671, "54": 0.6140987873077393, "55": 0.5960916876792908, "56": 0.644900381565094, "57": 0.626582145690918, "58": 0.6131799221038818, "59": 0.6148268580436707, "60": 0.6420332789421082, "61": 0.6093958020210266, "62": 0.6121675372123718, "63": 0.6098657250404358, "64": 0.6164596676826477, "65": 0.6560150980949402, "66": 0.619752824306488, "67": 0.6121701598167419, "68": 0.6047534346580505, "69": 0.5915256142616272, "70": 0.6200494170188904, "71": 0.6436784863471985, "72": 0.6218755841255188, "73": 0.6080746650695801, "74": 0.6070863604545593, "75": 0.6244009137153625, "76": 0.6562188267707825, "77": 0.6244358420372009, "78": 0.6430066227912903, "79": 0.614413321018219, "80": 0.6228857636451721}