{"1": 0.45193952322006226, "2": 0.396934449672699, "3": 0.43675875663757324, "4": 0.4375743269920349, "5": 0.3488578796386719, "6": 0.34552666544914246, "7": 0.42512020468711853, "8": 0.3433636426925659, "9": 0.31475019454956055, "10": 0.3781053423881531, "11": 0.3078520894050598, "12": 0.4745921492576599, "13": 0.30884554982185364, "14": 0.3837048411369324, "15": 0.3002384603023529, "16": 0.3024764657020569, "17": 0.35999172925949097, "18": 0.33596739172935486, "19": 0.30058878660202026, "20": 0.301875501871109, "21": 0.3660702407360077, "22": 0.3321821689605713, "23": 0.32999387383461, "24": 0.29834288358688354, "25": 0.32537150382995605, "26": 0.32412487268447876, "27": 0.3065102696418762, "28": 0.31429189443588257, "29": 0.39229506254196167, "30": 0.35884445905685425, "31": 0.2837190628051758, "32": 0.3222195506095886, "33": 0.28092026710510254, "34": 0.3199600577354431, "35": 0.3840716481208801, "36": 0.3980956971645355, "37": 0.2826978862285614, "38": 0.3008171617984772, "39": 0.3003157079219818, "40": 0.36121031641960144, "41": 0.30806297063827515, "42": 0.3381810486316681, "43": 0.25905126333236694, "44": 0.27876582741737366, "45": 0.2666636109352112, "46": 0.3147226572036743, "47": 0.26522302627563477, "48": 0.30298253893852234, "49": 0.2591046094894409, "50": 0.32575950026512146, "51": 0.27249541878700256, "52": 0.2884819507598877, "53": 0.3831150233745575, "54": 0.2827901244163513, "55": 0.35428309440612793, "56": 0.3324660658836365, "57": 0.31826964020729065, "58": 0.3254223167896271, "59": 0.4544142186641693, "60": 0.28867581486701965, "61": 0.33451980352401733, "62": 0.25953587889671326, "63": 0.32051384449005127, "64": 0.2758081555366516, "65": 0.30524003505706787, "66": 0.34928983449935913, "67": 0.3678074777126312, "68": 0.27767810225486755, "69": 0.3576151728630066, "70": 0.3321285843849182, "71": 0.3237329423427582, "72": 0.31615787744522095, "73": 0.3107556700706482, "74": 0.2935347557067871, "75": 0.33309730887413025, "76": 0.3014949560165405, "77": 0.3719976842403412, "78": 0.2957903742790222, "79": 0.344882994890213, "80": 0.3230994641780853}