{"1": 0.6353124380111694, "2": 0.7702925801277161, "3": 0.5482994318008423, "4": 0.5273979902267456, "5": 0.624679684638977, "6": 0.44944167137145996, "7": 0.7710314989089966, "8": 0.44502726197242737, "9": 0.645931601524353, "10": 0.5055314302444458, "11": 0.5575476884841919, "12": 0.44222769141197205, "13": 0.5162972211837769, "14": 0.4493469297885895, "15": 0.510099470615387, "16": 0.4770541191101074, "17": 0.5531307458877563, "18": 0.3998473286628723, "19": 0.46878868341445923, "20": 0.5194200277328491, "21": 0.6497260928153992, "22": 0.6668621897697449, "23": 0.5874800682067871, "24": 0.45981040596961975, "25": 0.5964161157608032, "26": 0.3806329369544983, "27": 0.5507112145423889, "28": 0.5342236757278442, "29": 0.5944521427154541, "30": 0.4353061616420746, "31": 0.6269240975379944, "32": 0.5076340436935425, "33": 0.5092044472694397, "34": 0.5367001891136169, "35": 0.672717273235321, "36": 0.7402665019035339, "37": 0.7150107026100159, "38": 0.572748601436615, "39": 0.44068393111228943, "40": 0.6438337564468384, "41": 0.661514163017273, "42": 0.7307834029197693, "43": 0.5419772863388062, "44": 0.6485773921012878, "45": 0.6229537725448608, "46": 0.5649949312210083, "47": 0.5124596357345581, "48": 0.5452628135681152, "49": 0.5224500894546509, "50": 0.6074985265731812, "51": 0.5142900347709656, "52": 0.544732928276062, "53": 0.6077901124954224, "54": 0.4720112383365631, "55": 0.6721870303153992, "56": 0.5508972406387329, "57": 0.6164771318435669, "58": 0.6531002521514893, "59": 0.5637080669403076, "60": 0.7331724762916565, "61": 0.6363654732704163, "62": 0.7531286478042603, "63": 0.6160938143730164, "64": 0.7123225927352905, "65": 0.5693982243537903, "66": 0.651544988155365, "67": 0.5883095860481262, "68": 0.7533000707626343, "69": 0.6211038827896118, "70": 0.722055971622467, "71": 0.8056780099868774, "72": 0.5957018136978149, "73": 0.765689492225647, "74": 0.6163012385368347, "75": 0.7938939929008484, "76": 0.7860212326049805, "77": 0.8574937582015991, "78": 0.6156331300735474, "79": 0.8024643659591675, "80": 0.7784414291381836}