{"1": 0.64906245470047, "2": 0.7604644894599915, "3": 0.7655002474784851, "4": 0.7983518242835999, "5": 0.8172342777252197, "6": 0.814690113067627, "7": 0.8030393719673157, "8": 0.832364022731781, "9": 0.8327636122703552, "10": 0.832909882068634, "11": 0.8253979086875916, "12": 0.825035572052002, "13": 0.8283998966217041, "14": 0.8268258571624756, "15": 0.8410585522651672, "16": 0.8343213200569153, "17": 0.8336746096611023, "18": 0.8271283507347107, "19": 0.8289859890937805, "20": 0.8438984751701355, "21": 0.8441693186759949, "22": 0.8381571173667908, "23": 0.8561050295829773, "24": 0.8156206011772156, "25": 0.8471118807792664, "26": 0.8329909443855286, "27": 0.8497695326805115, "28": 0.8260564208030701, "29": 0.8410758972167969, "30": 0.8467171788215637, "31": 0.8306282162666321, "32": 0.8490419387817383, "33": 0.8326675295829773, "34": 0.8409480452537537, "35": 0.843390166759491, "36": 0.8398029804229736, "37": 0.8120130896568298, "38": 0.849639892578125, "39": 0.8483016490936279, "40": 0.8281455039978027, "41": 0.8536246418952942, "42": 0.8436962962150574, "43": 0.8410525918006897, "44": 0.8446747660636902, "45": 0.8482524752616882, "46": 0.8389025330543518, "47": 0.8516834378242493, "48": 0.8438270688056946, "49": 0.8427543640136719, "50": 0.8121687769889832, "51": 0.8412757515907288, "52": 0.8401584625244141, "53": 0.8397040963172913, "54": 0.8479779362678528, "55": 0.8437354564666748, "56": 0.8393607139587402, "57": 0.8388049602508545, "58": 0.8349828124046326, "59": 0.8397092819213867, "60": 0.8172467350959778, "61": 0.8438258767127991, "62": 0.8441565632820129, "63": 0.8247149586677551, "64": 0.8379661440849304, "65": 0.8255857825279236, "66": 0.8275834918022156, "67": 0.833078145980835, "68": 0.8310205340385437, "69": 0.8153277039527893, "70": 0.8357391357421875, "71": 0.8343320488929749, "72": 0.8250598907470703, "73": 0.853057861328125, "74": 0.8225061297416687, "75": 0.8230430483818054, "76": 0.8190873265266418, "77": 0.8358914256095886, "78": 0.8476671576499939, "79": 0.8334805369377136, "80": 0.8361017107963562}