{"1": 0.5306243300437927, "2": 0.5603914856910706, "3": 0.5513965487480164, "4": 0.6585029363632202, "5": 0.6700822710990906, "6": 0.6796731948852539, "7": 0.6562364101409912, "8": 0.6692481637001038, "9": 0.7053084969520569, "10": 0.6995053887367249, "11": 0.7101437449455261, "12": 0.6517221927642822, "13": 0.6890854835510254, "14": 0.650139331817627, "15": 0.6970994472503662, "16": 0.6461016535758972, "17": 0.6878793239593506, "18": 0.7016689777374268, "19": 0.6841637492179871, "20": 0.6994578242301941, "21": 0.6929219365119934, "22": 0.7024157643318176, "23": 0.6826112866401672, "24": 0.6841347813606262, "25": 0.6809606552124023, "26": 0.6911370158195496, "27": 0.7001782059669495, "28": 0.7179145216941833, "29": 0.7212384343147278, "30": 0.7182857990264893, "31": 0.71163010597229, "32": 0.7253076434135437, "33": 0.7161100506782532, "34": 0.7474940419197083, "35": 0.6829133629798889, "36": 0.7235105633735657, "37": 0.7516608834266663, "38": 0.7052003741264343, "39": 0.734001100063324, "40": 0.7224051356315613, "41": 0.711092472076416, "42": 0.73582524061203, "43": 0.7244181036949158, "44": 0.7246212363243103, "45": 0.7287843227386475, "46": 0.7300307154655457, "47": 0.7038777470588684, "48": 0.7178816795349121, "49": 0.7102025151252747, "50": 0.7190281748771667, "51": 0.6689146161079407, "52": 0.7494139671325684, "53": 0.7073163986206055, "54": 0.7020282745361328, "55": 0.7401120662689209, "56": 0.7187264561653137, "57": 0.7102249264717102, "58": 0.6801580786705017, "59": 0.7104713320732117, "60": 0.7150977253913879, "61": 0.6806413531303406, "62": 0.7433038353919983, "63": 0.709345817565918, "64": 0.7088770866394043, "65": 0.7189886569976807, "66": 0.7295475006103516, "67": 0.7031665444374084, "68": 0.7224307656288147, "69": 0.7059983611106873, "70": 0.7361018061637878, "71": 0.7222616076469421, "72": 0.6712451577186584, "73": 0.6861513257026672, "74": 0.6728622317314148, "75": 0.7172256112098694, "76": 0.7183467745780945, "77": 0.7113552689552307, "78": 0.736871063709259, "79": 0.6863716244697571, "80": 0.6953261494636536}