{"1": 1.0485966205596924, "2": 0.9076902270317078, "3": 0.9290633201599121, "4": 0.6814261674880981, "5": 0.9773645401000977, "6": 0.6755177974700928, "7": 0.5779685974121094, "8": 0.7144801020622253, "9": 0.6019541621208191, "10": 0.6581472158432007, "11": 0.5832608342170715, "12": 0.5198869109153748, "13": 0.7113631963729858, "14": 0.6188994646072388, "15": 0.5099364519119263, "16": 0.6684831380844116, "17": 0.4426894783973694, "18": 0.6060476899147034, "19": 0.5409854650497437, "20": 0.5306159853935242, "21": 0.4893021583557129, "22": 0.5450204014778137, "23": 0.44833365082740784, "24": 0.5685601234436035, "25": 0.6465944647789001, "26": 0.44375380873680115, "27": 0.5647439956665039, "28": 0.52161705493927, "29": 0.5163592100143433, "30": 0.4862082898616791, "31": 0.4430151581764221, "32": 0.5706682205200195, "33": 0.47861725091934204, "34": 0.4541366994380951, "35": 0.5127636194229126, "36": 0.7312853336334229, "37": 0.41754549741744995, "38": 0.5387357473373413, "39": 0.4750373959541321, "40": 0.509882390499115, "41": 0.40241092443466187, "42": 0.42033329606056213, "43": 0.41654402017593384, "44": 0.66411292552948, "45": 0.4967292845249176, "46": 0.49305930733680725, "47": 0.4867592751979828, "48": 0.4608926773071289, "49": 0.47467106580734253, "50": 0.41078343987464905, "51": 0.5630639791488647, "52": 0.4366859495639801, "53": 0.5595515370368958, "54": 0.7363031506538391, "55": 0.46068525314331055, "56": 0.5054465532302856, "57": 0.45932263135910034, "58": 0.4896705746650696, "59": 0.3735029101371765, "60": 0.4718915820121765, "61": 0.5192328691482544, "62": 0.4626672863960266, "63": 0.6206238269805908, "64": 0.5245744585990906, "65": 0.4939805865287781, "66": 0.4122737944126129, "67": 0.6058507561683655, "68": 0.4389383792877197, "69": 0.4650641083717346, "70": 0.4888954162597656, "71": 0.43480944633483887, "72": 0.39792197942733765, "73": 0.44609981775283813, "74": 0.44646674394607544, "75": 0.43495798110961914, "76": 0.4916098713874817, "77": 0.5266714692115784, "78": 0.4565000534057617, "79": 0.44044122099876404, "80": 0.4302392601966858}