{"1": 0.6804466247558594, "2": 0.7654881477355957, "3": 0.7268450856208801, "4": 0.7173998355865479, "5": 0.7703263759613037, "6": 0.7922355532646179, "7": 0.806263267993927, "8": 0.7967798709869385, "9": 0.7584879398345947, "10": 0.7799339890480042, "11": 0.8117638230323792, "12": 0.8132889866828918, "13": 0.8157973289489746, "14": 0.7991623282432556, "15": 0.8288100361824036, "16": 0.8297653794288635, "17": 0.8354515433311462, "18": 0.8255531191825867, "19": 0.8229133486747742, "20": 0.8080626130104065, "21": 0.8271355032920837, "22": 0.8342527747154236, "23": 0.8235403895378113, "24": 0.8214726448059082, "25": 0.8323788046836853, "26": 0.8346462249755859, "27": 0.8424074053764343, "28": 0.8101704120635986, "29": 0.8136944770812988, "30": 0.8389861583709717, "31": 0.8299436569213867, "32": 0.836479663848877, "33": 0.8404993414878845, "34": 0.8301863670349121, "35": 0.821892261505127, "36": 0.8466465473175049, "37": 0.8381518721580505, "38": 0.8346004486083984, "39": 0.8307357430458069, "40": 0.8288493156433105, "41": 0.845954418182373, "42": 0.8451321721076965, "43": 0.8549292087554932, "44": 0.8388630747795105, "45": 0.845862865447998, "46": 0.8451383113861084, "47": 0.8419129252433777, "48": 0.8398392200469971, "49": 0.8425853848457336, "50": 0.8391532897949219, "51": 0.84454345703125, "52": 0.8439969420433044, "53": 0.8382022976875305, "54": 0.8107709884643555, "55": 0.8348751664161682, "56": 0.8508856892585754, "57": 0.8361921906471252, "58": 0.8402083516120911, "59": 0.8463944792747498, "60": 0.8401539325714111, "61": 0.8531675338745117, "62": 0.8330801129341125, "63": 0.8393175601959229, "64": 0.8523275256156921, "65": 0.8522304892539978, "66": 0.8557012677192688, "67": 0.849407970905304, "68": 0.838336169719696, "69": 0.8379993438720703, "70": 0.8398368954658508, "71": 0.8602738380432129, "72": 0.8488648533821106, "73": 0.8525547385215759, "74": 0.8467777371406555, "75": 0.8654109835624695, "76": 0.8637843132019043, "77": 0.8553147315979004, "78": 0.8439355492591858, "79": 0.8555841445922852, "80": 0.8473736643791199}