{"1": 0.570379912853241, "2": 0.6044878959655762, "3": 0.5204419493675232, "4": 0.5122408866882324, "5": 0.6368480920791626, "6": 0.6662650108337402, "7": 0.6563732624053955, "8": 0.6746985912322998, "9": 0.5597076416015625, "10": 0.6046844720840454, "11": 0.6564369201660156, "12": 0.6886773109436035, "13": 0.7037985324859619, "14": 0.6926558017730713, "15": 0.7106943130493164, "16": 0.7128631472587585, "17": 0.691719114780426, "18": 0.6706969738006592, "19": 0.6637066006660461, "20": 0.6390008926391602, "21": 0.674980640411377, "22": 0.6827378273010254, "23": 0.6729862093925476, "24": 0.6449529528617859, "25": 0.6822674870491028, "26": 0.6881824135780334, "27": 0.7002256512641907, "28": 0.6408886313438416, "29": 0.7149906158447266, "30": 0.6899339556694031, "31": 0.7153043746948242, "32": 0.6934371590614319, "33": 0.697600781917572, "34": 0.6732595562934875, "35": 0.6954172253608704, "36": 0.7095233798027039, "37": 0.7252845764160156, "38": 0.7049584984779358, "39": 0.7077438831329346, "40": 0.7141215801239014, "41": 0.7202282547950745, "42": 0.7043530941009521, "43": 0.7418310642242432, "44": 0.7274875640869141, "45": 0.7261295318603516, "46": 0.724175214767456, "47": 0.7099618911743164, "48": 0.6832770705223083, "49": 0.7256856560707092, "50": 0.7230742573738098, "51": 0.7326908111572266, "52": 0.7123236656188965, "53": 0.7363162040710449, "54": 0.629730224609375, "55": 0.7377984523773193, "56": 0.7153635025024414, "57": 0.6955336928367615, "58": 0.7030465006828308, "59": 0.7005993723869324, "60": 0.6998457908630371, "61": 0.7324885725975037, "62": 0.7296608090400696, "63": 0.6949596405029297, "64": 0.7366932034492493, "65": 0.7346583008766174, "66": 0.7221719622612, "67": 0.716576874256134, "68": 0.7252683043479919, "69": 0.7334558367729187, "70": 0.7023167610168457, "71": 0.7276517748832703, "72": 0.7222465872764587, "73": 0.7231800556182861, "74": 0.7239847183227539, "75": 0.7484405636787415, "76": 0.7368550300598145, "77": 0.7330337166786194, "78": 0.7245072722434998, "79": 0.7149753570556641, "80": 0.7196729779243469}