{"1": 0.5493630170822144, "2": 0.4816623330116272, "3": 0.5137403011322021, "4": 0.42820972204208374, "5": 0.4229605197906494, "6": 0.41540807485580444, "7": 0.3714555501937866, "8": 0.483298122882843, "9": 0.36930525302886963, "10": 0.3912723660469055, "11": 0.33342063426971436, "12": 0.32905223965644836, "13": 0.36055153608322144, "14": 0.3139594793319702, "15": 0.3535325527191162, "16": 0.3050520122051239, "17": 0.35515427589416504, "18": 0.36073988676071167, "19": 0.28930628299713135, "20": 0.30045726895332336, "21": 0.3376227915287018, "22": 0.30823808908462524, "23": 0.3260572552680969, "24": 0.29095903038978577, "25": 0.3332359194755554, "26": 0.2990418076515198, "27": 0.30268239974975586, "28": 0.2972319722175598, "29": 0.3300990164279938, "30": 0.30526202917099, "31": 0.284027636051178, "32": 0.3439575731754303, "33": 0.2814144194126129, "34": 0.30393362045288086, "35": 0.3491969108581543, "36": 0.40193524956703186, "37": 0.3409232497215271, "38": 0.3140971064567566, "39": 0.3042364716529846, "40": 0.3827749490737915, "41": 0.2769758403301239, "42": 0.3850853741168976, "43": 0.3855878412723541, "44": 0.3635442852973938, "45": 0.2665230631828308, "46": 0.30548548698425293, "47": 0.3055008053779602, "48": 0.3204115629196167, "49": 0.3330579400062561, "50": 0.36866527795791626, "51": 0.3220524787902832, "52": 0.2869095206260681, "53": 0.3436717391014099, "54": 0.3914448022842407, "55": 0.43718403577804565, "56": 0.309772253036499, "57": 0.47865018248558044, "58": 0.3638595640659332, "59": 0.39628487825393677, "60": 0.3061813712120056, "61": 0.3338739275932312, "62": 0.3205533027648926, "63": 0.34726423025131226, "64": 0.39352482557296753, "65": 0.3577668070793152, "66": 0.33909541368484497, "67": 0.4492739737033844, "68": 0.32825493812561035, "69": 0.300031840801239, "70": 0.3877439498901367, "71": 0.45693421363830566, "72": 0.3353884220123291, "73": 0.4329802393913269, "74": 0.5193482637405396, "75": 0.3535650968551636, "76": 0.3919967710971832, "77": 0.4210372865200043, "78": 0.5090117454528809, "79": 0.4261617064476013, "80": 0.38302120566368103}