{"1": 0.7366567254066467, "2": 0.8120486736297607, "3": 0.8200177550315857, "4": 0.8192086219787598, "5": 0.8189558386802673, "6": 0.8285031318664551, "7": 0.7905626893043518, "8": 0.8389949798583984, "9": 0.8237550854682922, "10": 0.8402259945869446, "11": 0.8403292298316956, "12": 0.8313749432563782, "13": 0.8382580876350403, "14": 0.8388378024101257, "15": 0.8356509208679199, "16": 0.8366683125495911, "17": 0.8357314467430115, "18": 0.8290451169013977, "19": 0.8226664662361145, "20": 0.8345937728881836, "21": 0.8368806838989258, "22": 0.8436620831489563, "23": 0.8188698291778564, "24": 0.8407326340675354, "25": 0.8300040364265442, "26": 0.8266602158546448, "27": 0.8407058715820312, "28": 0.8170003890991211, "29": 0.8377625346183777, "30": 0.8323306441307068, "31": 0.8440623879432678, "32": 0.8202735781669617, "33": 0.8185718059539795, "34": 0.8365168571472168, "35": 0.8469469547271729, "36": 0.8480566143989563, "37": 0.8376185297966003, "38": 0.8309340476989746, "39": 0.84208083152771, "40": 0.8307107090950012, "41": 0.8523159027099609, "42": 0.8462124466896057, "43": 0.827634871006012, "44": 0.8428462147712708, "45": 0.8465383052825928, "46": 0.8460366725921631, "47": 0.8310470581054688, "48": 0.8232330679893494, "49": 0.8386135101318359, "50": 0.8247503638267517, "51": 0.8263155817985535, "52": 0.8522491455078125, "53": 0.8417803645133972, "54": 0.8349941372871399, "55": 0.8485398888587952, "56": 0.8437067866325378, "57": 0.8272812962532043, "58": 0.83079594373703, "59": 0.8305838108062744, "60": 0.8407723903656006, "61": 0.8380123972892761, "62": 0.8474547863006592, "63": 0.8406495451927185, "64": 0.8361303210258484, "65": 0.8365897536277771, "66": 0.8534772396087646, "67": 0.8512350916862488, "68": 0.827411949634552, "69": 0.8371319770812988, "70": 0.8549235463142395, "71": 0.8362672924995422, "72": 0.8439452648162842, "73": 0.8353727459907532, "74": 0.8233367800712585, "75": 0.8326940536499023, "76": 0.8295100331306458, "77": 0.8372741341590881, "78": 0.8346523642539978, "79": 0.8487535119056702, "80": 0.836146891117096}