{"1": 0.4660682678222656, "2": 0.3643406629562378, "3": 0.3625870645046234, "4": 0.3775525689125061, "5": 0.3011910915374756, "6": 0.3563447594642639, "7": 0.400485098361969, "8": 0.3050611913204193, "9": 0.347034752368927, "10": 0.29797279834747314, "11": 0.29163891077041626, "12": 0.31655368208885193, "13": 0.3161013424396515, "14": 0.31158220767974854, "15": 0.28858405351638794, "16": 0.2776374816894531, "17": 0.3136366009712219, "18": 0.30500051379203796, "19": 0.3732810616493225, "20": 0.29323911666870117, "21": 0.28110629320144653, "22": 0.2850070595741272, "23": 0.3413815498352051, "24": 0.30643174052238464, "25": 0.3288404643535614, "26": 0.34856072068214417, "27": 0.3145635426044464, "28": 0.32614561915397644, "29": 0.3073064982891083, "30": 0.3064054548740387, "31": 0.2905344069004059, "32": 0.3578868508338928, "33": 0.35545021295547485, "34": 0.33028644323349, "35": 0.25835126638412476, "36": 0.2850995659828186, "37": 0.3310435116291046, "38": 0.3302437663078308, "39": 0.2710159718990326, "40": 0.3026931881904602, "41": 0.2878839373588562, "42": 0.27467960119247437, "43": 0.35365185141563416, "44": 0.31408947706222534, "45": 0.2978537082672119, "46": 0.29179811477661133, "47": 0.32479164004325867, "48": 0.3257814049720764, "49": 0.31672805547714233, "50": 0.3701797127723694, "51": 0.3410055935382843, "52": 0.28429850935935974, "53": 0.27718716859817505, "54": 0.3451666831970215, "55": 0.2906798720359802, "56": 0.32012251019477844, "57": 0.3570061922073364, "58": 0.27713125944137573, "59": 0.36711013317108154, "60": 0.30952221155166626, "61": 0.3531123101711273, "62": 0.29290342330932617, "63": 0.3472772240638733, "64": 0.34227532148361206, "65": 0.342549592256546, "66": 0.31596267223358154, "67": 0.30133914947509766, "68": 0.36920037865638733, "69": 0.325863242149353, "70": 0.2980913519859314, "71": 0.3263687193393707, "72": 0.3075179159641266, "73": 0.3137272596359253, "74": 0.3745771646499634, "75": 0.2635265588760376, "76": 0.36705106496810913, "77": 0.3188932538032532, "78": 0.2963816523551941, "79": 0.28597503900527954, "80": 0.30652162432670593}