{"1": 0.4755513072013855, "2": 0.5039944052696228, "3": 0.4590684771537781, "4": 0.4917837083339691, "5": 0.5809834599494934, "6": 0.4632904529571533, "7": 0.5183302760124207, "8": 0.503727376461029, "9": 0.5334580540657043, "10": 0.47764524817466736, "11": 0.5207829475402832, "12": 0.4782327711582184, "13": 0.5183887481689453, "14": 0.5033138990402222, "15": 0.6062259078025818, "16": 0.5306805968284607, "17": 0.5494784116744995, "18": 0.5466355681419373, "19": 0.5020304918289185, "20": 0.4946509897708893, "21": 0.6052350997924805, "22": 0.6450906991958618, "23": 0.5517711043357849, "24": 0.5735740065574646, "25": 0.5714792609214783, "26": 0.5637595057487488, "27": 0.5738228559494019, "28": 0.5148496031761169, "29": 0.6137526035308838, "30": 0.5491818785667419, "31": 0.48269566893577576, "32": 0.535693347454071, "33": 0.47806161642074585, "34": 0.5466187000274658, "35": 0.6080589890480042, "36": 0.6254504919052124, "37": 0.4946224093437195, "38": 0.47101154923439026, "39": 0.6243664026260376, "40": 0.5361824035644531, "41": 0.5988486409187317, "42": 0.5635983943939209, "43": 0.5451452136039734, "44": 0.5271919369697571, "45": 0.5795360803604126, "46": 0.6245355010032654, "47": 0.5515758395195007, "48": 0.6245063543319702, "49": 0.4969378411769867, "50": 0.5545088648796082, "51": 0.5733979940414429, "52": 0.5604537129402161, "53": 0.5673144459724426, "54": 0.6026546359062195, "55": 0.6025913953781128, "56": 0.5327468514442444, "57": 0.5181149840354919, "58": 0.572290301322937, "59": 0.5577025413513184, "60": 0.5856814384460449, "61": 0.6100941896438599, "62": 0.5541442632675171, "63": 0.5538836717605591, "64": 0.5273386240005493, "65": 0.5124842524528503, "66": 0.6406750082969666, "67": 0.5926336050033569, "68": 0.581220269203186, "69": 0.5884351134300232, "70": 0.5422770977020264, "71": 0.5826289057731628, "72": 0.5903388857841492, "73": 0.48688143491744995, "74": 0.6219580173492432, "75": 0.5574315190315247, "76": 0.5985497832298279, "77": 0.5842360854148865, "78": 0.607827365398407, "79": 0.5543433427810669, "80": 0.5672160983085632}