{"1": 0.6935312747955322, "2": 0.6898862719535828, "3": 0.6447696685791016, "4": 0.7179509997367859, "5": 0.6876154541969299, "6": 0.7307491302490234, "7": 0.7352754473686218, "8": 0.7133834362030029, "9": 0.7295434474945068, "10": 0.721276581287384, "11": 0.747901976108551, "12": 0.7569808959960938, "13": 0.7137746214866638, "14": 0.7286248207092285, "15": 0.7764725685119629, "16": 0.7152984142303467, "17": 0.7703251838684082, "18": 0.7120781540870667, "19": 0.7141115665435791, "20": 0.7411676049232483, "21": 0.7627683281898499, "22": 0.7344779968261719, "23": 0.7904782295227051, "24": 0.7655019760131836, "25": 0.7396297454833984, "26": 0.7580484747886658, "27": 0.7400832772254944, "28": 0.7590153813362122, "29": 0.7716475129127502, "30": 0.7935999035835266, "31": 0.7994892597198486, "32": 0.7515624165534973, "33": 0.7824874520301819, "34": 0.783327579498291, "35": 0.7745471000671387, "36": 0.7151927351951599, "37": 0.815228283405304, "38": 0.7670111656188965, "39": 0.7601343989372253, "40": 0.7738392949104309, "41": 0.8092586398124695, "42": 0.8128787875175476, "43": 0.8099309802055359, "44": 0.7414565086364746, "45": 0.7632266879081726, "46": 0.7844606041908264, "47": 0.7826552987098694, "48": 0.78855961561203, "49": 0.7787296175956726, "50": 0.8158851265907288, "51": 0.7686505317687988, "52": 0.7961172461509705, "53": 0.7730631828308105, "54": 0.7305548787117004, "55": 0.8130888342857361, "56": 0.7854798436164856, "57": 0.8028643131256104, "58": 0.7913029193878174, "59": 0.8170211911201477, "60": 0.7878903746604919, "61": 0.7845005989074707, "62": 0.8005227446556091, "63": 0.7618622779846191, "64": 0.7799965739250183, "65": 0.7761852145195007, "66": 0.8091282248497009, "67": 0.7458242774009705, "68": 0.7958062291145325, "69": 0.7922418117523193, "70": 0.7862094044685364, "71": 0.7957591414451599, "72": 0.8138589262962341, "73": 0.8078463077545166, "74": 0.7912783026695251, "75": 0.8082502484321594, "76": 0.7900754809379578, "77": 0.794736385345459, "78": 0.8023619055747986, "79": 0.8064435124397278, "80": 0.8140302300453186}