{"1": 0.605112612247467, "2": 0.682732105255127, "3": 0.6228501796722412, "4": 0.6610997319221497, "5": 0.7198476195335388, "6": 0.6466498970985413, "7": 0.6920847296714783, "8": 0.6902952194213867, "9": 0.683647632598877, "10": 0.6976526379585266, "11": 0.6659711003303528, "12": 0.6886411309242249, "13": 0.661945104598999, "14": 0.6891365051269531, "15": 0.6661227345466614, "16": 0.6865720152854919, "17": 0.6965648531913757, "18": 0.716350793838501, "19": 0.7034327387809753, "20": 0.7174637913703918, "21": 0.7009134292602539, "22": 0.7143471837043762, "23": 0.7045762538909912, "24": 0.6775851845741272, "25": 0.6705114245414734, "26": 0.7116878032684326, "27": 0.708942174911499, "28": 0.6750676035881042, "29": 0.6968536972999573, "30": 0.6780270934104919, "31": 0.6552534103393555, "32": 0.6858159899711609, "33": 0.6334053874015808, "34": 0.7146804332733154, "35": 0.6848208904266357, "36": 0.7145262360572815, "37": 0.6911711096763611, "38": 0.701819121837616, "39": 0.6685407757759094, "40": 0.7061007618904114, "41": 0.6843380928039551, "42": 0.6984689831733704, "43": 0.6820846199989319, "44": 0.6625711917877197, "45": 0.6739967465400696, "46": 0.7055849432945251, "47": 0.6950266361236572, "48": 0.6778659224510193, "49": 0.6618048548698425, "50": 0.6604545712471008, "51": 0.6441190838813782, "52": 0.6530812978744507, "53": 0.6867519021034241, "54": 0.7117522358894348, "55": 0.6941506862640381, "56": 0.6814310550689697, "57": 0.6421840786933899, "58": 0.6619876027107239, "59": 0.6763138771057129, "60": 0.6577566862106323, "61": 0.6911094784736633, "62": 0.6668931841850281, "63": 0.7009332180023193, "64": 0.6428082585334778, "65": 0.6837770342826843, "66": 0.717487633228302, "67": 0.7000873684883118, "68": 0.6872346997261047, "69": 0.6682426929473877, "70": 0.6955106854438782, "71": 0.6704626679420471, "72": 0.675910472869873, "73": 0.6523368954658508, "74": 0.6816079020500183, "75": 0.6706903576850891, "76": 0.7173928618431091, "77": 0.6903358101844788, "78": 0.665557324886322, "79": 0.6575546860694885, "80": 0.6842707991600037}