{"1": 0.5635631084442139, "2": 0.5953137874603271, "3": 0.6004233956336975, "4": 0.5467868447303772, "5": 0.6006509065628052, "6": 0.603538453578949, "7": 0.5161116123199463, "8": 0.581901490688324, "9": 0.6559741497039795, "10": 0.6184245944023132, "11": 0.6595105528831482, "12": 0.6118343472480774, "13": 0.4479028880596161, "14": 0.6160169839859009, "15": 0.6293714642524719, "16": 0.6504746079444885, "17": 0.6676256656646729, "18": 0.6638922095298767, "19": 0.6707429885864258, "20": 0.6405422687530518, "21": 0.6480255722999573, "22": 0.6596665978431702, "23": 0.6538985371589661, "24": 0.6553024649620056, "25": 0.6822460293769836, "26": 0.6154884099960327, "27": 0.6877405643463135, "28": 0.51320880651474, "29": 0.6920285820960999, "30": 0.6268154978752136, "31": 0.599373996257782, "32": 0.6601476669311523, "33": 0.6665953397750854, "34": 0.6268721222877502, "35": 0.6543319225311279, "36": 0.5562922358512878, "37": 0.653023898601532, "38": 0.6353846192359924, "39": 0.6065762042999268, "40": 0.6386726498603821, "41": 0.6579842567443848, "42": 0.7133057713508606, "43": 0.7135983109474182, "44": 0.6752445101737976, "45": 0.6219123005867004, "46": 0.6378123760223389, "47": 0.6832647323608398, "48": 0.5840282440185547, "49": 0.6831638216972351, "50": 0.6759069561958313, "51": 0.5033933520317078, "52": 0.6459892392158508, "53": 0.6496941447257996, "54": 0.6180891394615173, "55": 0.7372767329216003, "56": 0.6788725256919861, "57": 0.699216365814209, "58": 0.6245852112770081, "59": 0.7005185484886169, "60": 0.6793403625488281, "61": 0.6970606446266174, "62": 0.606597900390625, "63": 0.6571733355522156, "64": 0.6808293461799622, "65": 0.5598246455192566, "66": 0.6586372256278992, "67": 0.6835569739341736, "68": 0.6402714848518372, "69": 0.6860916018486023, "70": 0.6560838222503662, "71": 0.6719804406166077, "72": 0.6930630207061768, "73": 0.6724634170532227, "74": 0.6417741179466248, "75": 0.6813696026802063, "76": 0.6715704798698425, "77": 0.634059727191925, "78": 0.6688742637634277, "79": 0.6551598906517029, "80": 0.6631594300270081}