{"1": 0.7754117846488953, "2": 1.42851984500885, "3": 0.5346289277076721, "4": 0.5697803497314453, "5": 0.5420659780502319, "6": 0.6872098445892334, "7": 0.5277309417724609, "8": 0.45290446281433105, "9": 0.5192988514900208, "10": 0.41657954454421997, "11": 0.4596532881259918, "12": 0.5479001998901367, "13": 0.4279935359954834, "14": 0.44633978605270386, "15": 0.5906128883361816, "16": 0.386029452085495, "17": 0.5384781360626221, "18": 0.44966697692871094, "19": 0.3940661549568176, "20": 0.4064459204673767, "21": 0.4493430256843567, "22": 0.41692590713500977, "23": 0.4456111788749695, "24": 0.4212380349636078, "25": 0.4085303246974945, "26": 0.4426315724849701, "27": 0.4606037139892578, "28": 0.45223483443260193, "29": 0.4099254608154297, "30": 0.3833562433719635, "31": 0.42686599493026733, "32": 0.38465896248817444, "33": 0.40410810708999634, "34": 0.4972224831581116, "35": 0.40991583466529846, "36": 0.4059102535247803, "37": 0.3976792097091675, "38": 0.40533843636512756, "39": 0.4696049690246582, "40": 0.36348503828048706, "41": 0.3966309428215027, "42": 0.392045795917511, "43": 0.41165274381637573, "44": 0.39810818433761597, "45": 0.42343276739120483, "46": 0.36282387375831604, "47": 0.39464718103408813, "48": 0.38549214601516724, "49": 0.38639402389526367, "50": 0.36783427000045776, "51": 0.3999984860420227, "52": 0.426567018032074, "53": 0.3973635733127594, "54": 0.4168435037136078, "55": 0.3744739890098572, "56": 0.3943502604961395, "57": 0.35083335638046265, "58": 0.3829955458641052, "59": 0.37696418166160583, "60": 0.4290481507778168, "61": 0.42475229501724243, "62": 0.382732093334198, "63": 0.4080725610256195, "64": 0.3685005307197571, "65": 0.3724571168422699, "66": 0.3860407769680023, "67": 0.36985424160957336, "68": 0.4522975981235504, "69": 0.4279974400997162, "70": 0.3750447630882263, "71": 0.40913110971450806, "72": 0.44866758584976196, "73": 0.3949912190437317, "74": 0.4442272186279297, "75": 0.459590345621109, "76": 0.3981831967830658, "77": 0.4160650372505188, "78": 0.4828132092952728, "79": 0.37083232402801514, "80": 0.3831946551799774}