{"1": 0.710629940032959, "2": 0.7411158084869385, "3": 0.7244362831115723, "4": 0.7556056976318359, "5": 0.72015380859375, "6": 0.7399846911430359, "7": 0.7489752173423767, "8": 0.8061631321907043, "9": 0.8045271039009094, "10": 0.8162294030189514, "11": 0.7524399161338806, "12": 0.7531671524047852, "13": 0.8089310526847839, "14": 0.8040062785148621, "15": 0.826458215713501, "16": 0.8041155338287354, "17": 0.816733181476593, "18": 0.8368322253227234, "19": 0.7889702320098877, "20": 0.827459990978241, "21": 0.8283381462097168, "22": 0.8133962154388428, "23": 0.799893856048584, "24": 0.8354920744895935, "25": 0.7964043617248535, "26": 0.8401091694831848, "27": 0.8512107729911804, "28": 0.8481696248054504, "29": 0.8355175852775574, "30": 0.846865177154541, "31": 0.7868702411651611, "32": 0.8456278443336487, "33": 0.8516696095466614, "34": 0.8426122665405273, "35": 0.8246326446533203, "36": 0.8434680104255676, "37": 0.8431714177131653, "38": 0.8431515693664551, "39": 0.817312479019165, "40": 0.8537501692771912, "41": 0.8278758525848389, "42": 0.8356263041496277, "43": 0.8291063904762268, "44": 0.8461241126060486, "45": 0.837853729724884, "46": 0.8235814571380615, "47": 0.8403544425964355, "48": 0.8491103053092957, "49": 0.8518342971801758, "50": 0.8221516609191895, "51": 0.8513768315315247, "52": 0.804140567779541, "53": 0.8426440358161926, "54": 0.8459612727165222, "55": 0.8443110585212708, "56": 0.838710367679596, "57": 0.8352676033973694, "58": 0.8172805905342102, "59": 0.8337549567222595, "60": 0.8510234951972961, "61": 0.8464803695678711, "62": 0.8544707298278809, "63": 0.8552389740943909, "64": 0.8385946154594421, "65": 0.8345211148262024, "66": 0.8447521328926086, "67": 0.8463581204414368, "68": 0.8435117602348328, "69": 0.8495512008666992, "70": 0.8480308651924133, "71": 0.8443501591682434, "72": 0.831493616104126, "73": 0.8496954441070557, "74": 0.8476335406303406, "75": 0.8504951000213623, "76": 0.8463050723075867, "77": 0.8512330055236816, "78": 0.8294045925140381, "79": 0.8454232811927795, "80": 0.8534390330314636}