{"1": 0.5009289979934692, "2": 0.5977433323860168, "3": 0.5805330872535706, "4": 0.6516157984733582, "5": 0.6665598154067993, "6": 0.6546369791030884, "7": 0.6906711459159851, "8": 0.6677403450012207, "9": 0.6894417405128479, "10": 0.6515415906906128, "11": 0.6855695843696594, "12": 0.6844595074653625, "13": 0.7143430709838867, "14": 0.6569181084632874, "15": 0.7224648594856262, "16": 0.6634023785591125, "17": 0.6692093014717102, "18": 0.715507984161377, "19": 0.6918144822120667, "20": 0.62138432264328, "21": 0.6693847179412842, "22": 0.6817354559898376, "23": 0.6760506629943848, "24": 0.694752037525177, "25": 0.6695658564567566, "26": 0.7341263890266418, "27": 0.735554039478302, "28": 0.7340558171272278, "29": 0.741154670715332, "30": 0.7457671165466309, "31": 0.7422799468040466, "32": 0.6985498070716858, "33": 0.6533238291740417, "34": 0.6870976090431213, "35": 0.7394943237304688, "36": 0.7054929137229919, "37": 0.6855881810188293, "38": 0.7298679351806641, "39": 0.6883453726768494, "40": 0.7521207928657532, "41": 0.7194885611534119, "42": 0.7210910320281982, "43": 0.7448420524597168, "44": 0.7456687092781067, "45": 0.7149920463562012, "46": 0.7334637641906738, "47": 0.727203369140625, "48": 0.7439732551574707, "49": 0.7383105754852295, "50": 0.7049016356468201, "51": 0.7277450561523438, "52": 0.7499642968177795, "53": 0.7160351276397705, "54": 0.6512067914009094, "55": 0.7258289456367493, "56": 0.705909788608551, "57": 0.6715798377990723, "58": 0.7374202609062195, "59": 0.7203665375709534, "60": 0.726381242275238, "61": 0.7161279320716858, "62": 0.6853182315826416, "63": 0.6545569896697998, "64": 0.7419782280921936, "65": 0.7120887637138367, "66": 0.6866928935050964, "67": 0.7194650769233704, "68": 0.6878508925437927, "69": 0.6782810091972351, "70": 0.70625901222229, "71": 0.686732828617096, "72": 0.7026191353797913, "73": 0.7190056443214417, "74": 0.6216332912445068, "75": 0.6871846318244934, "76": 0.6927752494812012, "77": 0.6679982542991638, "78": 0.7319019436836243, "79": 0.6766238212585449, "80": 0.722165048122406}