{"1": 0.7653527855873108, "2": 0.7548157572746277, "3": 0.7518496513366699, "4": 0.7341999411582947, "5": 0.7234067320823669, "6": 0.773032009601593, "7": 0.7279580235481262, "8": 0.733943521976471, "9": 0.7513886094093323, "10": 0.7569220662117004, "11": 0.7454349398612976, "12": 0.7615132927894592, "13": 0.7534100413322449, "14": 0.758693277835846, "15": 0.7327842712402344, "16": 0.7485880255699158, "17": 0.7512959837913513, "18": 0.7443010807037354, "19": 0.7659717202186584, "20": 0.7627546191215515, "21": 0.723235547542572, "22": 0.7114672660827637, "23": 0.7367168068885803, "24": 0.7448828816413879, "25": 0.7357864379882812, "26": 0.7288305163383484, "27": 0.7363569140434265, "28": 0.74639892578125, "29": 0.7323980927467346, "30": 0.7331832051277161, "31": 0.7339116930961609, "32": 0.7423165440559387, "33": 0.7467764019966125, "34": 0.7483898997306824, "35": 0.7290088534355164, "36": 0.7361664175987244, "37": 0.7570834159851074, "38": 0.7476117610931396, "39": 0.7239618897438049, "40": 0.7316405773162842, "41": 0.7166013121604919, "42": 0.7368351817131042, "43": 0.7377789616584778, "44": 0.7472009062767029, "45": 0.7290748953819275, "46": 0.7138543725013733, "47": 0.7261101603507996, "48": 0.7168737053871155, "49": 0.7365682125091553, "50": 0.7291229367256165, "51": 0.7442731857299805, "52": 0.7436606884002686, "53": 0.7401854991912842, "54": 0.7293925881385803, "55": 0.7196009755134583, "56": 0.7419583797454834, "57": 0.7348002791404724, "58": 0.7303444743156433, "59": 0.7335412502288818, "60": 0.7304933071136475, "61": 0.7104072570800781, "62": 0.7389790415763855, "63": 0.7190468311309814, "64": 0.7342553734779358, "65": 0.7280427813529968, "66": 0.7088585495948792, "67": 0.7303759455680847, "68": 0.7325997352600098, "69": 0.721189558506012, "70": 0.7277050614356995, "71": 0.7219557762145996, "72": 0.7188352942466736, "73": 0.7513301968574524, "74": 0.7089119553565979, "75": 0.7260634303092957, "76": 0.7211843132972717, "77": 0.7318482398986816, "78": 0.7178478837013245, "79": 0.7343690395355225, "80": 0.7314093112945557}