{"1": 0.5906094312667847, "2": 0.4795413017272949, "3": 0.43843919038772583, "4": 0.4052291810512543, "5": 0.3708774745464325, "6": 0.36691418290138245, "7": 0.37169477343559265, "8": 0.3449479639530182, "9": 0.33711323142051697, "10": 0.32211175560951233, "11": 0.34159624576568604, "12": 0.3489367961883545, "13": 0.3111686110496521, "14": 0.317490816116333, "15": 0.31479960680007935, "16": 0.3157036304473877, "17": 0.3055543601512909, "18": 0.35961586236953735, "19": 0.32919710874557495, "20": 0.34002402424812317, "21": 0.31642284989356995, "22": 0.3326592445373535, "23": 0.2962835431098938, "24": 0.40497469902038574, "25": 0.3265242874622345, "26": 0.36313265562057495, "27": 0.3174443542957306, "28": 0.3967607617378235, "29": 0.3334864675998688, "30": 0.3309861421585083, "31": 0.3760454058647156, "32": 0.31412509083747864, "33": 0.32487577199935913, "34": 0.33639654517173767, "35": 0.3213548958301544, "36": 0.3465661406517029, "37": 0.4336569309234619, "38": 0.3234240412712097, "39": 0.3235555589199066, "40": 0.4161345064640045, "41": 0.34282559156417847, "42": 0.3500129282474518, "43": 0.3931771218776703, "44": 0.32929524779319763, "45": 0.33360740542411804, "46": 0.37632399797439575, "47": 0.3330327868461609, "48": 0.31204649806022644, "49": 0.35933956503868103, "50": 0.47394490242004395, "51": 0.3634151816368103, "52": 0.38208287954330444, "53": 0.43494129180908203, "54": 0.3787921071052551, "55": 0.41215330362319946, "56": 0.3787303864955902, "57": 0.3777584433555603, "58": 0.4448302388191223, "59": 0.39901265501976013, "60": 0.45001307129859924, "61": 0.4125528931617737, "62": 0.3492206931114197, "63": 0.4906100630760193, "64": 0.4276915490627289, "65": 0.427326500415802, "66": 0.4496397078037262, "67": 0.37273985147476196, "68": 0.46023029088974, "69": 0.44309669733047485, "70": 0.4748324751853943, "71": 0.4559163451194763, "72": 0.5160104632377625, "73": 0.35977962613105774, "74": 0.46690016984939575, "75": 0.5027154684066772, "76": 0.46877843141555786, "77": 0.4945073127746582, "78": 0.464932382106781, "79": 0.4970950484275818, "80": 0.48107022047042847}