{"1": 0.5535317063331604, "2": 0.5367720723152161, "3": 0.50910884141922, "4": 0.5698198676109314, "5": 0.4850582182407379, "6": 0.5701753497123718, "7": 0.6078068614006042, "8": 0.5393784642219543, "9": 0.5813848972320557, "10": 0.5498138070106506, "11": 0.5827943086624146, "12": 0.6156132221221924, "13": 0.5251770615577698, "14": 0.5608154535293579, "15": 0.61918705701828, "16": 0.5320059061050415, "17": 0.6392950415611267, "18": 0.5652356147766113, "19": 0.6000404357910156, "20": 0.5872469544410706, "21": 0.6138248443603516, "22": 0.5878318548202515, "23": 0.6411203742027283, "24": 0.5918801426887512, "25": 0.5668290257453918, "26": 0.6331324577331543, "27": 0.5909430384635925, "28": 0.5954760909080505, "29": 0.6098788380622864, "30": 0.635023832321167, "31": 0.6572019457817078, "32": 0.5859367847442627, "33": 0.6256356835365295, "34": 0.6387633681297302, "35": 0.610607922077179, "36": 0.5270617604255676, "37": 0.6698813438415527, "38": 0.6094067096710205, "39": 0.6304304003715515, "40": 0.6313245892524719, "41": 0.6669662594795227, "42": 0.6754892468452454, "43": 0.6689891219139099, "44": 0.5586203932762146, "45": 0.6085296273231506, "46": 0.6236000657081604, "47": 0.6178255677223206, "48": 0.6453233361244202, "49": 0.6312944293022156, "50": 0.6755928993225098, "51": 0.5886169672012329, "52": 0.653717577457428, "53": 0.6082257032394409, "54": 0.5437561869621277, "55": 0.6648457646369934, "56": 0.6249545216560364, "57": 0.6426849365234375, "58": 0.6294981837272644, "59": 0.6920998692512512, "60": 0.6346312165260315, "61": 0.616459310054779, "62": 0.6547998189926147, "63": 0.5859014391899109, "64": 0.6119203567504883, "65": 0.6239312291145325, "66": 0.6773681044578552, "67": 0.5752173066139221, "68": 0.6522912979125977, "69": 0.6389634013175964, "70": 0.6284194588661194, "71": 0.654687225818634, "72": 0.6747984886169434, "73": 0.6563028693199158, "74": 0.6555689573287964, "75": 0.6626036167144775, "76": 0.6376762390136719, "77": 0.6274793744087219, "78": 0.643236517906189, "79": 0.6611675024032593, "80": 0.6724696159362793}