{"1": 0.6832407116889954, "2": 0.7224861979484558, "3": 0.6730934977531433, "4": 0.7656216025352478, "5": 0.7570930123329163, "6": 0.7582669258117676, "7": 0.8018312454223633, "8": 0.7362978458404541, "9": 0.8036553859710693, "10": 0.7857584953308105, "11": 0.8032874464988708, "12": 0.833118200302124, "13": 0.815101146697998, "14": 0.8321240544319153, "15": 0.8072659969329834, "16": 0.8435578942298889, "17": 0.8145732283592224, "18": 0.8159011006355286, "19": 0.8182744383811951, "20": 0.8485987186431885, "21": 0.8181085586547852, "22": 0.8408884406089783, "23": 0.8331089019775391, "24": 0.8467819094657898, "25": 0.8253539204597473, "26": 0.8552705645561218, "27": 0.8431232571601868, "28": 0.8575345873832703, "29": 0.8443765640258789, "30": 0.8418739438056946, "31": 0.8661263585090637, "32": 0.8416223526000977, "33": 0.8622241020202637, "34": 0.8545621037483215, "35": 0.8362374901771545, "36": 0.8238762021064758, "37": 0.8410398960113525, "38": 0.8562129139900208, "39": 0.8533075451850891, "40": 0.8221353888511658, "41": 0.8648402094841003, "42": 0.8233563303947449, "43": 0.8324348330497742, "44": 0.8366617560386658, "45": 0.8436799049377441, "46": 0.8720011711120605, "47": 0.8616915345191956, "48": 0.8576471209526062, "49": 0.8594806790351868, "50": 0.8552479147911072, "51": 0.8505861163139343, "52": 0.8745529055595398, "53": 0.8579246997833252, "54": 0.8409765362739563, "55": 0.8477761149406433, "56": 0.8592067360877991, "57": 0.8174588084220886, "58": 0.845554530620575, "59": 0.8520493507385254, "60": 0.8657851219177246, "61": 0.8639025092124939, "62": 0.8701744675636292, "63": 0.8507699966430664, "64": 0.8590686321258545, "65": 0.8565046191215515, "66": 0.86375492811203, "67": 0.8473216891288757, "68": 0.871099054813385, "69": 0.854609489440918, "70": 0.8545458912849426, "71": 0.8413828015327454, "72": 0.8732298016548157, "73": 0.849017322063446, "74": 0.8042688369750977, "75": 0.8412806391716003, "76": 0.8608345985412598, "77": 0.8370041251182556, "78": 0.8408796787261963, "79": 0.851296603679657, "80": 0.8602883219718933}