{"1": 0.6379003524780273, "2": 0.4431339502334595, "3": 0.6445615887641907, "4": 0.6817087531089783, "5": 0.6208035349845886, "6": 0.7303087115287781, "7": 0.5805203914642334, "8": 0.7378395199775696, "9": 0.6083532571792603, "10": 0.6968203186988831, "11": 0.6713371276855469, "12": 0.7687153220176697, "13": 0.7200505137443542, "14": 0.7596157193183899, "15": 0.7081981301307678, "16": 0.7283363342285156, "17": 0.7360539436340332, "18": 0.7948972582817078, "19": 0.7550206780433655, "20": 0.7342467904090881, "21": 0.6992760300636292, "22": 0.6633413434028625, "23": 0.7228021621704102, "24": 0.7728374600410461, "25": 0.7059049010276794, "26": 0.8153491020202637, "27": 0.731769323348999, "28": 0.783257246017456, "29": 0.716609537601471, "30": 0.8016706109046936, "31": 0.713692843914032, "32": 0.7768474221229553, "33": 0.7903053164482117, "34": 0.7522795796394348, "35": 0.7221574187278748, "36": 0.7222068905830383, "37": 0.7235000729560852, "38": 0.7805022597312927, "39": 0.7978549003601074, "40": 0.7292597889900208, "41": 0.7035374045372009, "42": 0.7486161589622498, "43": 0.7784898281097412, "44": 0.7593396306037903, "45": 0.7685878276824951, "46": 0.7831616997718811, "47": 0.794520914554596, "48": 0.790831983089447, "49": 0.785824716091156, "50": 0.7783253788948059, "51": 0.8006713390350342, "52": 0.7848755717277527, "53": 0.7862863540649414, "54": 0.8039037585258484, "55": 0.7612566947937012, "56": 0.78639817237854, "57": 0.776721179485321, "58": 0.7607126832008362, "59": 0.7904701828956604, "60": 0.75297611951828, "61": 0.7840794920921326, "62": 0.7693589329719543, "63": 0.785430371761322, "64": 0.777524471282959, "65": 0.7966070771217346, "66": 0.774544894695282, "67": 0.7997244000434875, "68": 0.7631778717041016, "69": 0.7937431335449219, "70": 0.7665340304374695, "71": 0.7641699910163879, "72": 0.7967872619628906, "73": 0.7674071192741394, "74": 0.7929481863975525, "75": 0.7630063891410828, "76": 0.7745857238769531, "77": 0.7551102638244629, "78": 0.7938668131828308, "79": 0.7669842839241028, "80": 0.7745484709739685}