{"1": 0.6692355275154114, "2": 0.737780749797821, "3": 0.7241987586021423, "4": 0.6784908175468445, "5": 0.7445347905158997, "6": 0.7047702670097351, "7": 0.6435408592224121, "8": 0.7222259640693665, "9": 0.7822079062461853, "10": 0.7725839614868164, "11": 0.7926327586174011, "12": 0.7600309252738953, "13": 0.58678138256073, "14": 0.7657377123832703, "15": 0.7811405062675476, "16": 0.814572274684906, "17": 0.7988219261169434, "18": 0.8099886775016785, "19": 0.8202493786811829, "20": 0.7858889102935791, "21": 0.7929353713989258, "22": 0.8154385089874268, "23": 0.787421703338623, "24": 0.8085948824882507, "25": 0.8256106376647949, "26": 0.7886032462120056, "27": 0.8348391652107239, "28": 0.6670000553131104, "29": 0.8352034091949463, "30": 0.7748467326164246, "31": 0.7522563338279724, "32": 0.8106451034545898, "33": 0.8057649731636047, "34": 0.7582036852836609, "35": 0.8050801157951355, "36": 0.7329182028770447, "37": 0.8075239658355713, "38": 0.7909712791442871, "39": 0.7676723599433899, "40": 0.8029022216796875, "41": 0.8056005835533142, "42": 0.8380300402641296, "43": 0.8488304615020752, "44": 0.8346216678619385, "45": 0.740576446056366, "46": 0.7830826640129089, "47": 0.8290364146232605, "48": 0.7422260642051697, "49": 0.8117570877075195, "50": 0.8272655606269836, "51": 0.7053750157356262, "52": 0.7796319127082825, "53": 0.8002200722694397, "54": 0.7829916477203369, "55": 0.8677036166191101, "56": 0.8217397332191467, "57": 0.837376594543457, "58": 0.7559962868690491, "59": 0.8369531035423279, "60": 0.8192419409751892, "61": 0.8245075345039368, "62": 0.7296703457832336, "63": 0.7975446581840515, "64": 0.8158707618713379, "65": 0.7490503787994385, "66": 0.7894214987754822, "67": 0.8315269947052002, "68": 0.7932142615318298, "69": 0.8297237753868103, "70": 0.8112642168998718, "71": 0.822808563709259, "72": 0.8336946368217468, "73": 0.8152585625648499, "74": 0.7829310894012451, "75": 0.806405246257782, "76": 0.8009419441223145, "77": 0.7953200340270996, "78": 0.8190441131591797, "79": 0.7992730140686035, "80": 0.8212102055549622}