{"1": 0.6136733889579773, "2": 0.6425747275352478, "3": 0.6286703944206238, "4": 0.7173566818237305, "5": 0.6982079148292542, "6": 0.6527916789054871, "7": 0.7489210963249207, "8": 0.7198765873908997, "9": 0.7038097977638245, "10": 0.7875086665153503, "11": 0.747981071472168, "12": 0.781872570514679, "13": 0.7855075001716614, "14": 0.799595832824707, "15": 0.7829964756965637, "16": 0.7916355729103088, "17": 0.7880350947380066, "18": 0.7738509178161621, "19": 0.7837328910827637, "20": 0.7648837566375732, "21": 0.8042672276496887, "22": 0.8035791516304016, "23": 0.8135959506034851, "24": 0.7893051505088806, "25": 0.8088873028755188, "26": 0.809178352355957, "27": 0.8191018104553223, "28": 0.8193700909614563, "29": 0.8077295422554016, "30": 0.8090041279792786, "31": 0.8129461407661438, "32": 0.805075466632843, "33": 0.8023281097412109, "34": 0.8282343745231628, "35": 0.8132274150848389, "36": 0.8081376552581787, "37": 0.8119320869445801, "38": 0.8031530976295471, "39": 0.82074373960495, "40": 0.8097004890441895, "41": 0.8313884735107422, "42": 0.8008518815040588, "43": 0.812222957611084, "44": 0.7872724533081055, "45": 0.7754234671592712, "46": 0.8198961615562439, "47": 0.816077709197998, "48": 0.8212421536445618, "49": 0.795252799987793, "50": 0.8377041220664978, "51": 0.81402188539505, "52": 0.8172475695610046, "53": 0.8215934634208679, "54": 0.8403366208076477, "55": 0.8323538899421692, "56": 0.7891915440559387, "57": 0.8028914928436279, "58": 0.7953867316246033, "59": 0.8071278929710388, "60": 0.7872385382652283, "61": 0.816676139831543, "62": 0.8048129081726074, "63": 0.8028998970985413, "64": 0.811488926410675, "65": 0.8062958717346191, "66": 0.7974002957344055, "67": 0.8102748990058899, "68": 0.8095070719718933, "69": 0.8112401366233826, "70": 0.8192317485809326, "71": 0.8016218543052673, "72": 0.8241133093833923, "73": 0.7955686450004578, "74": 0.8004474639892578, "75": 0.8099061846733093, "76": 0.8097548484802246, "77": 0.8024232387542725, "78": 0.8093259930610657, "79": 0.8077759742736816, "80": 0.7925539016723633}