{"1": 0.6038335561752319, "2": 0.4662884771823883, "3": 0.47872820496559143, "4": 0.4044717848300934, "5": 0.40140241384506226, "6": 0.39933422207832336, "7": 0.35546639561653137, "8": 0.3953334391117096, "9": 0.3586135506629944, "10": 0.39174866676330566, "11": 0.34607917070388794, "12": 0.35216325521469116, "13": 0.3199588656425476, "14": 0.3543183207511902, "15": 0.3055834472179413, "16": 0.3655011057853699, "17": 0.3594452440738678, "18": 0.3112688660621643, "19": 0.32513970136642456, "20": 0.4172554910182953, "21": 0.33404773473739624, "22": 0.32830095291137695, "23": 0.3490634858608246, "24": 0.3366456627845764, "25": 0.351664274930954, "26": 0.2796534597873688, "27": 0.28893929719924927, "28": 0.28354066610336304, "29": 0.2831977903842926, "30": 0.27459287643432617, "31": 0.2771707773208618, "32": 0.33192408084869385, "33": 0.40888842940330505, "34": 0.3579685389995575, "35": 0.28221049904823303, "36": 0.3458911180496216, "37": 0.32339659333229065, "38": 0.29570943117141724, "39": 0.3590708374977112, "40": 0.26970723271369934, "41": 0.3255758285522461, "42": 0.30669060349464417, "43": 0.301585853099823, "44": 0.2643049955368042, "45": 0.33750638365745544, "46": 0.32524338364601135, "47": 0.31777530908584595, "48": 0.28906041383743286, "49": 0.31280288100242615, "50": 0.350358247756958, "51": 0.3217087984085083, "52": 0.312735378742218, "53": 0.3573593497276306, "54": 0.4952683448791504, "55": 0.3492651879787445, "56": 0.3689645528793335, "57": 0.4584686756134033, "58": 0.3131961226463318, "59": 0.34567081928253174, "60": 0.36436235904693604, "61": 0.34883198142051697, "62": 0.4327549934387207, "63": 0.46817660331726074, "64": 0.34578773379325867, "65": 0.38919752836227417, "66": 0.44182926416397095, "67": 0.36235255002975464, "68": 0.4203689694404602, "69": 0.49579858779907227, "70": 0.4249967932701111, "71": 0.4253689646720886, "72": 0.44121336936950684, "73": 0.37258654832839966, "74": 0.4630459249019623, "75": 0.4400259554386139, "76": 0.42790961265563965, "77": 0.556374192237854, "78": 0.3648342192173004, "79": 0.5050362944602966, "80": 0.4274419844150543}