{"1": 0.7106902599334717, "2": 0.6577892303466797, "3": 0.7658080458641052, "4": 0.7830522656440735, "5": 0.7508018612861633, "6": 0.7221978306770325, "7": 0.763594925403595, "8": 0.769874095916748, "9": 0.7407798767089844, "10": 0.7713858485221863, "11": 0.7821841239929199, "12": 0.7694051861763, "13": 0.7898004651069641, "14": 0.7718567848205566, "15": 0.7476821541786194, "16": 0.7669861912727356, "17": 0.7722558379173279, "18": 0.7895915508270264, "19": 0.7799975872039795, "20": 0.7906772494316101, "21": 0.791496992111206, "22": 0.7596083283424377, "23": 0.7901890873908997, "24": 0.7824130654335022, "25": 0.768677294254303, "26": 0.7917490005493164, "27": 0.7348942160606384, "28": 0.7607353329658508, "29": 0.7987639307975769, "30": 0.783116340637207, "31": 0.776556670665741, "32": 0.7892065644264221, "33": 0.7933358550071716, "34": 0.788513720035553, "35": 0.7834148406982422, "36": 0.7866582274436951, "37": 0.7813640236854553, "38": 0.7734625339508057, "39": 0.7679967880249023, "40": 0.7959935069084167, "41": 0.7812519669532776, "42": 0.7814552187919617, "43": 0.7964010238647461, "44": 0.7785372734069824, "45": 0.7702379822731018, "46": 0.7924683690071106, "47": 0.7973856925964355, "48": 0.7849459648132324, "49": 0.7909892201423645, "50": 0.7757008671760559, "51": 0.7775343060493469, "52": 0.7849788665771484, "53": 0.7948527932167053, "54": 0.7797881960868835, "55": 0.7828755974769592, "56": 0.788557231426239, "57": 0.7823635935783386, "58": 0.7790954113006592, "59": 0.7634067535400391, "60": 0.7959325909614563, "61": 0.7750217318534851, "62": 0.7704124450683594, "63": 0.7881229519844055, "64": 0.7927680015563965, "65": 0.7968234419822693, "66": 0.7893216013908386, "67": 0.7895615696907043, "68": 0.778716504573822, "69": 0.7974984049797058, "70": 0.7961616516113281, "71": 0.7835898995399475, "72": 0.7726643681526184, "73": 0.7804823517799377, "74": 0.756540060043335, "75": 0.7781965136528015, "76": 0.777484118938446, "77": 0.7870464324951172, "78": 0.778235673904419, "79": 0.769364595413208, "80": 0.7804564833641052}