{"1": 0.6182191967964172, "2": 0.5973072648048401, "3": 0.6201724410057068, "4": 0.5975698232650757, "5": 0.5599221587181091, "6": 0.6194743514060974, "7": 0.5900576114654541, "8": 0.5975727438926697, "9": 0.5891069769859314, "10": 0.6168265342712402, "11": 0.5987178683280945, "12": 0.6176364421844482, "13": 0.5940853953361511, "14": 0.6031944155693054, "15": 0.5556353330612183, "16": 0.5795285105705261, "17": 0.5771596431732178, "18": 0.5886909365653992, "19": 0.6077231764793396, "20": 0.6083505749702454, "21": 0.5618802905082703, "22": 0.5381724238395691, "23": 0.5806149840354919, "24": 0.5723708868026733, "25": 0.5701224207878113, "26": 0.5718180537223816, "27": 0.5686500668525696, "28": 0.5850650668144226, "29": 0.5553727746009827, "30": 0.5820268988609314, "31": 0.6028879284858704, "32": 0.5933449268341064, "33": 0.612721860408783, "34": 0.5825117230415344, "35": 0.5629014372825623, "36": 0.5560196042060852, "37": 0.6082904934883118, "38": 0.612913191318512, "39": 0.5622939467430115, "40": 0.5882017016410828, "41": 0.5601925849914551, "42": 0.5850068926811218, "43": 0.5893280506134033, "44": 0.5936102867126465, "45": 0.5637705326080322, "46": 0.56038498878479, "47": 0.5860159993171692, "48": 0.5461412072181702, "49": 0.6015195250511169, "50": 0.5777811408042908, "51": 0.5824649930000305, "52": 0.581439733505249, "53": 0.5758967399597168, "54": 0.5617071986198425, "55": 0.5568375587463379, "56": 0.5941631197929382, "57": 0.5886369943618774, "58": 0.5769686102867126, "59": 0.570885181427002, "60": 0.5740363001823425, "61": 0.5592744946479797, "62": 0.5809135437011719, "63": 0.57877117395401, "64": 0.5887590646743774, "65": 0.5906961560249329, "66": 0.551058292388916, "67": 0.5669166445732117, "68": 0.5739355087280273, "69": 0.5670527815818787, "70": 0.5889535546302795, "71": 0.567294180393219, "72": 0.5581337809562683, "73": 0.6119934320449829, "74": 0.5377864241600037, "75": 0.5819762349128723, "76": 0.5652700066566467, "77": 0.5775941014289856, "78": 0.565216064453125, "79": 0.5782932639122009, "80": 0.5776211619377136}