{"1": 0.6232945919036865, "2": 0.7310907244682312, "3": 0.7311182022094727, "4": 0.7840597033500671, "5": 0.7734365463256836, "6": 0.7929458022117615, "7": 0.812763512134552, "8": 0.7968270182609558, "9": 0.8175175786018372, "10": 0.8049590587615967, "11": 0.8223550915718079, "12": 0.8267040252685547, "13": 0.8377046585083008, "14": 0.8144543766975403, "15": 0.8451685905456543, "16": 0.8164246678352356, "17": 0.8220164179801941, "18": 0.8432087898254395, "19": 0.8319724202156067, "20": 0.770408570766449, "21": 0.8163972496986389, "22": 0.8276490569114685, "23": 0.8350908756256104, "24": 0.8280060291290283, "25": 0.81544429063797, "26": 0.8389118313789368, "27": 0.8497521281242371, "28": 0.8399038314819336, "29": 0.8581468462944031, "30": 0.8589327931404114, "31": 0.8463037014007568, "32": 0.8445401191711426, "33": 0.8082873225212097, "34": 0.8348383903503418, "35": 0.8448541164398193, "36": 0.846487820148468, "37": 0.8329300880432129, "38": 0.8479369282722473, "39": 0.8421158194541931, "40": 0.8579978942871094, "41": 0.8552389144897461, "42": 0.85591059923172, "43": 0.8600899577140808, "44": 0.8520514369010925, "45": 0.8505966067314148, "46": 0.8674715161323547, "47": 0.8500089645385742, "48": 0.8594818115234375, "49": 0.8543222546577454, "50": 0.8306455016136169, "51": 0.8567549586296082, "52": 0.8759017586708069, "53": 0.8529245257377625, "54": 0.8164854645729065, "55": 0.8592068552970886, "56": 0.8516337871551514, "57": 0.8256605267524719, "58": 0.8484747409820557, "59": 0.8480895161628723, "60": 0.8577136993408203, "61": 0.8388671278953552, "62": 0.8238280415534973, "63": 0.8109390139579773, "64": 0.8569204211235046, "65": 0.8467071652412415, "66": 0.8342999815940857, "67": 0.854834258556366, "68": 0.8322976231575012, "69": 0.8264457583427429, "70": 0.8439894318580627, "71": 0.8299226760864258, "72": 0.838467538356781, "73": 0.8539974689483643, "74": 0.7687769532203674, "75": 0.8345770835876465, "76": 0.8374714255332947, "77": 0.8200977444648743, "78": 0.8578861355781555, "79": 0.821915864944458, "80": 0.8520542979240417}