{"1": 0.5650491714477539, "2": 0.6293748617172241, "3": 0.6228575706481934, "4": 0.6922926902770996, "5": 0.6938883662223816, "6": 0.7001495361328125, "7": 0.7231745719909668, "8": 0.7135577201843262, "9": 0.7221035957336426, "10": 0.7092790603637695, "11": 0.698085367679596, "12": 0.7466185688972473, "13": 0.7172667980194092, "14": 0.7356419563293457, "15": 0.7299032807350159, "16": 0.7358840107917786, "17": 0.7139081954956055, "18": 0.6912446618080139, "19": 0.705478847026825, "20": 0.7542656064033508, "21": 0.7139800190925598, "22": 0.7412235140800476, "23": 0.7099005579948425, "24": 0.7178460955619812, "25": 0.7323868870735168, "26": 0.7628276348114014, "27": 0.7553899884223938, "28": 0.7732152938842773, "29": 0.7477672696113586, "30": 0.7351608276367188, "31": 0.7237151265144348, "32": 0.7468381524085999, "33": 0.7193325161933899, "34": 0.7326297163963318, "35": 0.7727007865905762, "36": 0.7048720717430115, "37": 0.7398843765258789, "38": 0.7680355906486511, "39": 0.7770913243293762, "40": 0.7379867434501648, "41": 0.7448248267173767, "42": 0.7596672177314758, "43": 0.7598002552986145, "44": 0.7542760968208313, "45": 0.7734102606773376, "46": 0.7657325863838196, "47": 0.7386267781257629, "48": 0.7473130226135254, "49": 0.7390279173851013, "50": 0.769328773021698, "51": 0.7868754267692566, "52": 0.7672713398933411, "53": 0.7749040722846985, "54": 0.7553403973579407, "55": 0.7458774447441101, "56": 0.7755329608917236, "57": 0.7747271060943604, "58": 0.7533153891563416, "59": 0.7654880881309509, "60": 0.7964475750923157, "61": 0.7552523016929626, "62": 0.7682399749755859, "63": 0.7614288330078125, "64": 0.760304868221283, "65": 0.7934027314186096, "66": 0.7655693888664246, "67": 0.7559782862663269, "68": 0.7621108889579773, "69": 0.7457934021949768, "70": 0.7594068050384521, "71": 0.7783597111701965, "72": 0.7684862017631531, "73": 0.7576722502708435, "74": 0.7649075388908386, "75": 0.7719552516937256, "76": 0.784717857837677, "77": 0.7716729640960693, "78": 0.7868612408638, "79": 0.7675175666809082, "80": 0.7720744013786316}