{"1": 0.5970390439033508, "2": 0.5158873796463013, "3": 0.5388609170913696, "4": 0.4257829189300537, "5": 0.40975266695022583, "6": 0.3918086886405945, "7": 0.3900424540042877, "8": 0.3827172517776489, "9": 0.3428271412849426, "10": 0.34144487977027893, "11": 0.33835938572883606, "12": 0.38887351751327515, "13": 0.34966492652893066, "14": 0.386790007352829, "15": 0.33759671449661255, "16": 0.4039638936519623, "17": 0.3495500683784485, "18": 0.3324321508407593, "19": 0.3493679165840149, "20": 0.3296980559825897, "21": 0.348524272441864, "22": 0.3396221697330475, "23": 0.3489444851875305, "24": 0.362203449010849, "25": 0.37305039167404175, "26": 0.3569682240486145, "27": 0.3503853678703308, "28": 0.3212616741657257, "29": 0.3304358720779419, "30": 0.32216164469718933, "31": 0.33719831705093384, "32": 0.33150750398635864, "33": 0.3416646420955658, "34": 0.3059050738811493, "35": 0.39177650213241577, "36": 0.3370935618877411, "37": 0.28957152366638184, "38": 0.36152365803718567, "39": 0.3251490890979767, "40": 0.34009480476379395, "41": 0.3623097538948059, "42": 0.30377793312072754, "43": 0.336760550737381, "44": 0.33176496624946594, "45": 0.33916810154914856, "46": 0.3361945152282715, "47": 0.38401249051094055, "48": 0.37188297510147095, "49": 0.3880847096443176, "50": 0.3842102885246277, "51": 0.4917793869972229, "52": 0.30223044753074646, "53": 0.3925463557243347, "54": 0.43288248777389526, "55": 0.3178892433643341, "56": 0.39398711919784546, "57": 0.4017980992794037, "58": 0.48049822449684143, "59": 0.42841801047325134, "60": 0.42505040764808655, "61": 0.5097870826721191, "62": 0.3116486966609955, "63": 0.40688806772232056, "64": 0.42697447538375854, "65": 0.4241674542427063, "66": 0.36458495259284973, "67": 0.4575534462928772, "68": 0.421085923910141, "69": 0.46470269560813904, "70": 0.3991129994392395, "71": 0.42307740449905396, "72": 0.5409981608390808, "73": 0.5798605680465698, "74": 0.5699431896209717, "75": 0.4467237889766693, "76": 0.4527220129966736, "77": 0.4776616096496582, "78": 0.4651300013065338, "79": 0.5121913552284241, "80": 0.5221112966537476}