{"1": 0.7409118413925171, "2": 0.5586773157119751, "3": 0.850826621055603, "4": 0.706035852432251, "5": 0.4067189693450928, "6": 0.4108556807041168, "7": 0.3923564851284027, "8": 0.367269903421402, "9": 0.5449679493904114, "10": 0.46662798523902893, "11": 0.3748376965522766, "12": 0.33838820457458496, "13": 0.31355220079421997, "14": 0.3291563391685486, "15": 0.30185389518737793, "16": 0.29798728227615356, "17": 0.34836068749427795, "18": 0.3795778155326843, "19": 0.3609287738800049, "20": 0.38870668411254883, "21": 0.3601837158203125, "22": 0.37813329696655273, "23": 0.3981820046901703, "24": 0.41652026772499084, "25": 0.3530302941799164, "26": 0.33744096755981445, "27": 0.31841325759887695, "28": 0.4005641043186188, "29": 0.282137930393219, "30": 0.3600490689277649, "31": 0.2945365011692047, "32": 0.3224826753139496, "33": 0.32516974210739136, "34": 0.35122916102409363, "35": 0.32643869519233704, "36": 0.3145410716533661, "37": 0.27958178520202637, "38": 0.3186824917793274, "39": 0.31038418412208557, "40": 0.29770058393478394, "41": 0.2889115810394287, "42": 0.3180730640888214, "43": 0.265184611082077, "44": 0.2766108512878418, "45": 0.2837293744087219, "46": 0.2799413204193115, "47": 0.30486026406288147, "48": 0.3406180739402771, "49": 0.2826375365257263, "50": 0.27556562423706055, "51": 0.26854175329208374, "52": 0.31316158175468445, "53": 0.2558944821357727, "54": 0.39926013350486755, "55": 0.2522205710411072, "56": 0.30562296509742737, "57": 0.34373801946640015, "58": 0.3154849410057068, "59": 0.3237466812133789, "60": 0.3299245834350586, "61": 0.28062278032302856, "62": 0.2722416818141937, "63": 0.3251833915710449, "64": 0.2631494402885437, "65": 0.2686954140663147, "66": 0.2984820008277893, "67": 0.3039320111274719, "68": 0.2741512060165405, "69": 0.2736000120639801, "70": 0.33250337839126587, "71": 0.282678484916687, "72": 0.29840385913848877, "73": 0.29229897260665894, "74": 0.2921016812324524, "75": 0.2591181695461273, "76": 0.27327674627304077, "77": 0.2748560607433319, "78": 0.28522127866744995, "79": 0.3125027120113373, "80": 0.3079906404018402}