{"1": 0.5388258695602417, "2": 0.6208003163337708, "3": 0.643377959728241, "4": 0.656808078289032, "5": 0.6939308643341064, "6": 0.677152156829834, "7": 0.6798209547996521, "8": 0.7037560939788818, "9": 0.6998972296714783, "10": 0.7107550501823425, "11": 0.6826736927032471, "12": 0.6775962710380554, "13": 0.7127251029014587, "14": 0.7064986228942871, "15": 0.7079832553863525, "16": 0.7089550495147705, "17": 0.7145202159881592, "18": 0.6699457168579102, "19": 0.6949231624603271, "20": 0.6882708072662354, "21": 0.7118181586265564, "22": 0.70061856508255, "23": 0.7283415794372559, "24": 0.64579176902771, "25": 0.7042057514190674, "26": 0.6785287857055664, "27": 0.7079057693481445, "28": 0.6643497347831726, "29": 0.6982502937316895, "30": 0.7040780186653137, "31": 0.6791620850563049, "32": 0.7174161076545715, "33": 0.7006518840789795, "34": 0.7040311694145203, "35": 0.7136111259460449, "36": 0.7040651440620422, "37": 0.6506890654563904, "38": 0.717104434967041, "39": 0.7156004905700684, "40": 0.672917366027832, "41": 0.7099719643592834, "42": 0.702812671661377, "43": 0.6907121539115906, "44": 0.7118884921073914, "45": 0.7231802940368652, "46": 0.6943543553352356, "47": 0.7144024968147278, "48": 0.7286990284919739, "49": 0.7025952339172363, "50": 0.6540658473968506, "51": 0.7067582011222839, "52": 0.6944586634635925, "53": 0.6878407001495361, "54": 0.7080911993980408, "55": 0.6953253746032715, "56": 0.6988287568092346, "57": 0.7052590847015381, "58": 0.6838474273681641, "59": 0.7011184096336365, "60": 0.6684589385986328, "61": 0.6979600787162781, "62": 0.7268015742301941, "63": 0.6765000820159912, "64": 0.6875689029693604, "65": 0.6839113831520081, "66": 0.6804900169372559, "67": 0.708888053894043, "68": 0.679144561290741, "69": 0.6816899180412292, "70": 0.6902365684509277, "71": 0.6893377900123596, "72": 0.6744115948677063, "73": 0.7299812436103821, "74": 0.6805610656738281, "75": 0.6716949939727783, "76": 0.6806855797767639, "77": 0.6876358389854431, "78": 0.702036440372467, "79": 0.6853510737419128, "80": 0.6943956017494202}