{"1": 0.7121188044548035, "2": 0.6034415364265442, "3": 0.6318284273147583, "4": 0.5488891005516052, "5": 0.559914231300354, "6": 0.5718753933906555, "7": 0.5244251489639282, "8": 0.5467920303344727, "9": 0.5443134903907776, "10": 0.5554611086845398, "11": 0.5843075513839722, "12": 0.4988827705383301, "13": 0.5710602402687073, "14": 0.5235053896903992, "15": 0.528734028339386, "16": 0.5276036262512207, "17": 0.5645188093185425, "18": 0.6092413663864136, "19": 0.5864999294281006, "20": 0.5040555000305176, "21": 0.590987503528595, "22": 0.5450412034988403, "23": 0.5727981328964233, "24": 0.5718298554420471, "25": 0.5482122302055359, "26": 0.48387908935546875, "27": 0.5143420100212097, "28": 0.49368301033973694, "29": 0.5324867963790894, "30": 0.5657349824905396, "31": 0.5811045169830322, "32": 0.5497804880142212, "33": 0.5971985459327698, "34": 0.5792463421821594, "35": 0.5049671530723572, "36": 0.6527302265167236, "37": 0.5633963942527771, "38": 0.513543426990509, "39": 0.5033276081085205, "40": 0.6039239764213562, "41": 0.5752191543579102, "42": 0.5203885436058044, "43": 0.549575924873352, "44": 0.5586775541305542, "45": 0.5103260278701782, "46": 0.5315378904342651, "47": 0.5749923586845398, "48": 0.5500167608261108, "49": 0.6072196960449219, "50": 0.5294815897941589, "51": 0.4663452208042145, "52": 0.5290857553482056, "53": 0.5131463408470154, "54": 0.5529300570487976, "55": 0.6091114282608032, "56": 0.48797887563705444, "57": 0.5351727604866028, "58": 0.5797075033187866, "59": 0.5405640006065369, "60": 0.47784167528152466, "61": 0.5727605819702148, "62": 0.5746017694473267, "63": 0.5790045857429504, "64": 0.5726441144943237, "65": 0.4757207930088043, "66": 0.5834665894508362, "67": 0.579486608505249, "68": 0.5902436971664429, "69": 0.6564261317253113, "70": 0.58028244972229, "71": 0.5313507318496704, "72": 0.5970966219902039, "73": 0.6222341656684875, "74": 0.6188966035842896, "75": 0.5759767293930054, "76": 0.528933584690094, "77": 0.6066733002662659, "78": 0.5460039377212524, "79": 0.6519970893859863, "80": 0.6121476292610168}