{"1": 1.3134119510650635, "2": 0.6399115324020386, "3": 0.8047327995300293, "4": 0.5939797163009644, "5": 0.5529579520225525, "6": 0.5779832601547241, "7": 0.6217281222343445, "8": 0.3853367269039154, "9": 0.344921737909317, "10": 0.40233755111694336, "11": 0.4963896870613098, "12": 0.46590304374694824, "13": 0.3826081156730652, "14": 0.44147881865501404, "15": 0.31583675742149353, "16": 0.3306810259819031, "17": 0.3425467610359192, "18": 0.32519567012786865, "19": 0.4767731726169586, "20": 0.3189151883125305, "21": 0.30687421560287476, "22": 0.40388670563697815, "23": 0.4127526879310608, "24": 0.3349962830543518, "25": 0.4374082088470459, "26": 0.33895987272262573, "27": 0.2885432839393616, "28": 0.3147485852241516, "29": 0.30597028136253357, "30": 0.3073161244392395, "31": 0.4418857991695404, "32": 0.27514511346817017, "33": 0.28438109159469604, "34": 0.3072686791419983, "35": 0.3319188356399536, "36": 0.3150894045829773, "37": 0.3261362910270691, "38": 0.30590614676475525, "39": 0.3737209141254425, "40": 0.28130286931991577, "41": 0.34488481283187866, "42": 0.3510363698005676, "43": 0.31657129526138306, "44": 0.2842288017272949, "45": 0.3057556748390198, "46": 0.2790367901325226, "47": 0.32287368178367615, "48": 0.2623332142829895, "49": 0.25317075848579407, "50": 0.3459705114364624, "51": 0.28356295824050903, "52": 0.40432295203208923, "53": 0.30117762088775635, "54": 0.29063358902931213, "55": 0.26985955238342285, "56": 0.3418932855129242, "57": 0.31781426072120667, "58": 0.3671782612800598, "59": 0.34281134605407715, "60": 0.2967016100883484, "61": 0.29333674907684326, "62": 0.25784483551979065, "63": 0.29817163944244385, "64": 0.29528185725212097, "65": 0.31720858812332153, "66": 0.31272977590560913, "67": 0.3144674003124237, "68": 0.28250306844711304, "69": 0.32161253690719604, "70": 0.2930309772491455, "71": 0.31257668137550354, "72": 0.3400805592536926, "73": 0.2902597486972809, "74": 0.2817176282405853, "75": 0.29274067282676697, "76": 0.29967063665390015, "77": 0.2931585907936096, "78": 0.33030086755752563, "79": 0.29958078265190125, "80": 0.27443426847457886}