{"1": 0.5875210165977478, "2": 0.4177798330783844, "3": 0.6280407905578613, "4": 0.6196175217628479, "5": 0.6117919087409973, "6": 0.561946451663971, "7": 0.6074497699737549, "8": 0.630740225315094, "9": 0.6087726950645447, "10": 0.6514528393745422, "11": 0.629967212677002, "12": 0.5973573923110962, "13": 0.6582903861999512, "14": 0.647257924079895, "15": 0.5589397549629211, "16": 0.6511123776435852, "17": 0.6170709729194641, "18": 0.6471911072731018, "19": 0.6573840975761414, "20": 0.6597248911857605, "21": 0.6382908225059509, "22": 0.6270774006843567, "23": 0.6568722128868103, "24": 0.6483526825904846, "25": 0.6579760909080505, "26": 0.6527934670448303, "27": 0.5872803330421448, "28": 0.6216397881507874, "29": 0.6640852093696594, "30": 0.6671730875968933, "31": 0.6462690830230713, "32": 0.6705242991447449, "33": 0.6583672165870667, "34": 0.624553382396698, "35": 0.6447052955627441, "36": 0.6708693504333496, "37": 0.6637907028198242, "38": 0.651070773601532, "39": 0.6302239298820496, "40": 0.6749224662780762, "41": 0.6537701487541199, "42": 0.6579501032829285, "43": 0.6644752025604248, "44": 0.6526625752449036, "45": 0.6433106660842896, "46": 0.672882080078125, "47": 0.6633627414703369, "48": 0.667003870010376, "49": 0.6771388053894043, "50": 0.6617900729179382, "51": 0.6473717093467712, "52": 0.6541591286659241, "53": 0.6765140891075134, "54": 0.6428720951080322, "55": 0.6633431911468506, "56": 0.6470177173614502, "57": 0.674705445766449, "58": 0.6617957353591919, "59": 0.6536214351654053, "60": 0.6383830904960632, "61": 0.6445823907852173, "62": 0.6567525267601013, "63": 0.6481490731239319, "64": 0.6710190773010254, "65": 0.6667386889457703, "66": 0.655317485332489, "67": 0.677943229675293, "68": 0.6392956972122192, "69": 0.6394709944725037, "70": 0.6668456196784973, "71": 0.6347743272781372, "72": 0.6350947618484497, "73": 0.6532357335090637, "74": 0.6357612013816833, "75": 0.6306887269020081, "76": 0.6582954525947571, "77": 0.6455604434013367, "78": 0.6206943392753601, "79": 0.6584938168525696, "80": 0.6526162624359131}