{"1": 0.49876609444618225, "2": 0.6070148348808289, "3": 0.5479335784912109, "4": 0.5850648283958435, "5": 0.5758949518203735, "6": 0.5689107775688171, "7": 0.5617111325263977, "8": 0.6793578267097473, "9": 0.6980556845664978, "10": 0.6671113967895508, "11": 0.5786314606666565, "12": 0.584177553653717, "13": 0.6578237414360046, "14": 0.6352217197418213, "15": 0.7097393870353699, "16": 0.691831111907959, "17": 0.6866562962532043, "18": 0.7048488259315491, "19": 0.6050998568534851, "20": 0.7032802700996399, "21": 0.7141472697257996, "22": 0.6522924304008484, "23": 0.637458860874176, "24": 0.6982100605964661, "25": 0.623581051826477, "26": 0.6892159581184387, "27": 0.7252689003944397, "28": 0.7138214111328125, "29": 0.7160935997962952, "30": 0.7103424668312073, "31": 0.5991184711456299, "32": 0.732955276966095, "33": 0.7264778017997742, "34": 0.706341028213501, "35": 0.6876584887504578, "36": 0.7008052468299866, "37": 0.6985923647880554, "38": 0.7143341898918152, "39": 0.6631803512573242, "40": 0.7300944328308105, "41": 0.679767906665802, "42": 0.6782774329185486, "43": 0.6946606636047363, "44": 0.7274125218391418, "45": 0.7029697895050049, "46": 0.7317213416099548, "47": 0.6961352229118347, "48": 0.7388848662376404, "49": 0.7491572499275208, "50": 0.6683518290519714, "51": 0.7308531403541565, "52": 0.6358872056007385, "53": 0.7143502235412598, "54": 0.7272782921791077, "55": 0.7365918755531311, "56": 0.686234176158905, "57": 0.698200523853302, "58": 0.6596121191978455, "59": 0.6813496947288513, "60": 0.7232434749603271, "61": 0.7247570157051086, "62": 0.7481851577758789, "63": 0.7202980518341064, "64": 0.7212199568748474, "65": 0.6994734406471252, "66": 0.7131145596504211, "67": 0.7073656916618347, "68": 0.7267300486564636, "69": 0.7105653882026672, "70": 0.7260391116142273, "71": 0.7107869982719421, "72": 0.6789962649345398, "73": 0.7227564454078674, "74": 0.7328707575798035, "75": 0.7261867523193359, "76": 0.7248197197914124, "77": 0.728702962398529, "78": 0.6862877011299133, "79": 0.7219272255897522, "80": 0.7348761558532715}