{"1": 0.4442502558231354, "2": 0.5331894755363464, "3": 0.47083452343940735, "4": 0.5183443427085876, "5": 0.5696620345115662, "6": 0.49888285994529724, "7": 0.5257242918014526, "8": 0.5356742739677429, "9": 0.5224798321723938, "10": 0.5562946200370789, "11": 0.5273802876472473, "12": 0.5343887209892273, "13": 0.5382702350616455, "14": 0.5344900488853455, "15": 0.4873056709766388, "16": 0.5363377332687378, "17": 0.5587587356567383, "18": 0.5623227953910828, "19": 0.5673213005065918, "20": 0.5746296048164368, "21": 0.5828291773796082, "22": 0.5782854557037354, "23": 0.5626441836357117, "24": 0.5290573239326477, "25": 0.5012528300285339, "26": 0.5535733103752136, "27": 0.5511634945869446, "28": 0.5157265663146973, "29": 0.5398322939872742, "30": 0.5394290089607239, "31": 0.4816666841506958, "32": 0.546970784664154, "33": 0.4872392416000366, "34": 0.5749635100364685, "35": 0.5281746983528137, "36": 0.5757021307945251, "37": 0.5328158736228943, "38": 0.5241065621376038, "39": 0.5158892273902893, "40": 0.5479218363761902, "41": 0.5183557868003845, "42": 0.530878484249115, "43": 0.5265180468559265, "44": 0.4818169176578522, "45": 0.4998973309993744, "46": 0.5531646013259888, "47": 0.5368438363075256, "48": 0.5261358022689819, "49": 0.4834679067134857, "50": 0.49403488636016846, "51": 0.46095791459083557, "52": 0.46569323539733887, "53": 0.5179953575134277, "54": 0.5676015019416809, "55": 0.5308632254600525, "56": 0.5191786885261536, "57": 0.48219093680381775, "58": 0.501046359539032, "59": 0.5201160311698914, "60": 0.48864901065826416, "61": 0.5136465430259705, "62": 0.4928254187107086, "63": 0.5460603833198547, "64": 0.4754427373409271, "65": 0.5196847319602966, "66": 0.5607914328575134, "67": 0.5370606184005737, "68": 0.5111625790596008, "69": 0.5037347674369812, "70": 0.5414896607398987, "71": 0.4985661506652832, "72": 0.512790858745575, "73": 0.46746814250946045, "74": 0.5292716026306152, "75": 0.4919510781764984, "76": 0.550044059753418, "77": 0.5146226286888123, "78": 0.4875994622707367, "79": 0.47380542755126953, "80": 0.5229155421257019}