{"1": 0.5557621121406555, "2": 0.49640655517578125, "3": 0.48967012763023376, "4": 0.5198925733566284, "5": 0.46173208951950073, "6": 0.45970243215560913, "7": 0.5504748821258545, "8": 0.5042842626571655, "9": 0.38751649856567383, "10": 0.44210004806518555, "11": 0.38470005989074707, "12": 0.41940999031066895, "13": 0.7450317740440369, "14": 0.4346892237663269, "15": 0.407787561416626, "16": 0.3803386092185974, "17": 0.37983375787734985, "18": 0.3706868588924408, "19": 0.3708527088165283, "20": 0.38512811064720154, "21": 0.4092946946620941, "22": 0.3635750710964203, "23": 0.4873269200325012, "24": 0.3851222097873688, "25": 0.3515050709247589, "26": 0.4518667757511139, "27": 0.35439205169677734, "28": 0.715074896812439, "29": 0.3472868800163269, "30": 0.4410690367221832, "31": 0.5075899362564087, "32": 0.3895733952522278, "33": 0.446012407541275, "34": 0.5903530716896057, "35": 0.40938591957092285, "36": 0.540090024471283, "37": 0.42622870206832886, "38": 0.4642558693885803, "39": 0.563101589679718, "40": 0.4571134150028229, "41": 0.46208447217941284, "42": 0.35618624091148376, "43": 0.34041380882263184, "44": 0.3942790925502777, "45": 0.6920703649520874, "46": 0.5168147087097168, "47": 0.4397672712802887, "48": 0.7003754377365112, "49": 0.415163516998291, "50": 0.4139379560947418, "51": 0.6352999210357666, "52": 0.5433518290519714, "53": 0.5684398412704468, "54": 0.543851375579834, "55": 0.34225815534591675, "56": 0.4693772792816162, "57": 0.4466532766819, "58": 0.6462068557739258, "59": 0.39203399419784546, "60": 0.5034033060073853, "61": 0.4108927845954895, "62": 0.8441859483718872, "63": 0.54306960105896, "64": 0.5233252048492432, "65": 0.6516300439834595, "66": 0.6738616228103638, "67": 0.4611181616783142, "68": 0.7934776544570923, "69": 0.4868450164794922, "70": 0.5776896476745605, "71": 0.4923141598701477, "72": 0.45317187905311584, "73": 0.5173797011375427, "74": 0.7435861229896545, "75": 0.6206541657447815, "76": 0.5530093908309937, "77": 0.6606292724609375, "78": 0.525062620639801, "79": 0.6414347887039185, "80": 0.5746154189109802}