{"1": 0.5789598226547241, "2": 0.5517106056213379, "3": 0.597244381904602, "4": 0.4863833487033844, "5": 0.5005111694335938, "6": 0.5783978700637817, "7": 0.46209245920181274, "8": 0.495866060256958, "9": 0.526856005191803, "10": 0.3866822421550751, "11": 0.4616851806640625, "12": 0.4242230951786041, "13": 0.3912832736968994, "14": 0.400486558675766, "15": 0.41978707909584045, "16": 0.4098609983921051, "17": 0.4444091320037842, "18": 0.4517921507358551, "19": 0.4303421974182129, "20": 0.5017236471176147, "21": 0.3901790380477905, "22": 0.37557777762413025, "23": 0.3752899467945099, "24": 0.3931305408477783, "25": 0.3808880150318146, "26": 0.3745974898338318, "27": 0.37252429127693176, "28": 0.3572055399417877, "29": 0.41585302352905273, "30": 0.39131662249565125, "31": 0.3701115548610687, "32": 0.4496448040008545, "33": 0.4129113554954529, "34": 0.3760966658592224, "35": 0.3911961019039154, "36": 0.42393097281455994, "37": 0.35158678889274597, "38": 0.4210259020328522, "39": 0.3674997389316559, "40": 0.39470091462135315, "41": 0.36239302158355713, "42": 0.449240118265152, "43": 0.4175424575805664, "44": 0.45197853446006775, "45": 0.5504884719848633, "46": 0.3971688151359558, "47": 0.4231840968132019, "48": 0.3978564441204071, "49": 0.45563119649887085, "50": 0.3421112895011902, "51": 0.4333687722682953, "52": 0.40073394775390625, "53": 0.45345455408096313, "54": 0.3691836893558502, "55": 0.38562148809432983, "56": 0.49664586782455444, "57": 0.4492800235748291, "58": 0.46901750564575195, "59": 0.4482380747795105, "60": 0.5091933012008667, "61": 0.4006350636482239, "62": 0.4543105959892273, "63": 0.422670841217041, "64": 0.38766786456108093, "65": 0.4905882775783539, "66": 0.501095175743103, "67": 0.41965827345848083, "68": 0.4332764148712158, "69": 0.4491038918495178, "70": 0.38738784193992615, "71": 0.4746010899543762, "72": 0.4469272196292877, "73": 0.5026124119758606, "74": 0.4611837863922119, "75": 0.5271828174591064, "76": 0.4712684154510498, "77": 0.4351259171962738, "78": 0.4265466630458832, "79": 0.4872715473175049, "80": 0.5516374111175537}