{"1": 0.6201183199882507, "2": 0.5022671222686768, "3": 0.40912818908691406, "4": 0.482880175113678, "5": 0.402751624584198, "6": 0.442880779504776, "7": 0.4414328634738922, "8": 0.3786517381668091, "9": 0.3800792396068573, "10": 0.33559393882751465, "11": 0.35468438267707825, "12": 0.3379122018814087, "13": 0.32672616839408875, "14": 0.39940062165260315, "15": 0.39261579513549805, "16": 0.3083001673221588, "17": 0.3293178975582123, "18": 0.33954930305480957, "19": 0.337848424911499, "20": 0.3380873501300812, "21": 0.3774541914463043, "22": 0.30522602796554565, "23": 0.3722642958164215, "24": 0.35288670659065247, "25": 0.31174030900001526, "26": 0.35201388597488403, "27": 0.3056938350200653, "28": 0.37028107047080994, "29": 0.3413386344909668, "30": 0.32153546810150146, "31": 0.3018442690372467, "32": 0.3305506408214569, "33": 0.38833165168762207, "34": 0.3611074388027191, "35": 0.32623642683029175, "36": 0.42222046852111816, "37": 0.31955403089523315, "38": 0.32982921600341797, "39": 0.32988253235816956, "40": 0.29368478059768677, "41": 0.5274699330329895, "42": 0.3359799087047577, "43": 0.34572920203208923, "44": 0.32692864537239075, "45": 0.3282191753387451, "46": 0.3631955683231354, "47": 0.4297029972076416, "48": 0.38727492094039917, "49": 0.3637405037879944, "50": 0.3514266014099121, "51": 0.36624810099601746, "52": 0.36240354180336, "53": 0.375200092792511, "54": 0.4255349040031433, "55": 0.30951935052871704, "56": 0.3015742301940918, "57": 0.41573649644851685, "58": 0.42704567313194275, "59": 0.3682175576686859, "60": 0.3655761182308197, "61": 0.4542567729949951, "62": 0.4487685263156891, "63": 0.5082265138626099, "64": 0.3670409321784973, "65": 0.3827562928199768, "66": 0.4123972952365875, "67": 0.39775383472442627, "68": 0.523471474647522, "69": 0.45544594526290894, "70": 0.4219832420349121, "71": 0.5312045216560364, "72": 0.5141297578811646, "73": 0.5095935463905334, "74": 0.5906720161437988, "75": 0.4065059721469879, "76": 0.49140557646751404, "77": 0.5479907989501953, "78": 0.5138903856277466, "79": 0.5879878401756287, "80": 0.3671181797981262}