{"1": 0.6592777371406555, "2": 0.5907760262489319, "3": 0.4670168459415436, "4": 0.48919710516929626, "5": 0.4426790773868561, "6": 0.42000335454940796, "7": 0.4281195104122162, "8": 0.3649017810821533, "9": 0.43894895911216736, "10": 0.4195801615715027, "11": 0.34875917434692383, "12": 0.50757896900177, "13": 0.38704636693000793, "14": 0.3579518496990204, "15": 0.31568804383277893, "16": 0.40457087755203247, "17": 0.36361461877822876, "18": 0.38952669501304626, "19": 0.3472190499305725, "20": 0.392548143863678, "21": 0.314689576625824, "22": 0.3439265191555023, "23": 0.3345453143119812, "24": 0.3507024347782135, "25": 0.3470980226993561, "26": 0.33118629455566406, "27": 0.32617324590682983, "28": 0.3597502112388611, "29": 0.30924057960510254, "30": 0.3713674247264862, "31": 0.31934550404548645, "32": 0.30113616585731506, "33": 0.3587639033794403, "34": 0.35973089933395386, "35": 0.3471836745738983, "36": 0.35776013135910034, "37": 0.3028322160243988, "38": 0.4705996513366699, "39": 0.3450946807861328, "40": 0.3259286880493164, "41": 0.3058299720287323, "42": 0.33792027831077576, "43": 0.36549538373947144, "44": 0.37654510140419006, "45": 0.3242012858390808, "46": 0.3410761058330536, "47": 0.46731430292129517, "48": 0.41327518224716187, "49": 0.47994479537010193, "50": 0.2850825786590576, "51": 0.35474568605422974, "52": 0.4797816872596741, "53": 0.3895377516746521, "54": 0.504141092300415, "55": 0.3325175344944, "56": 0.3699876070022583, "57": 0.4282809793949127, "58": 0.36749035120010376, "59": 0.36755090951919556, "60": 0.4749273359775543, "61": 0.5167189240455627, "62": 0.4505585730075836, "63": 0.5630069971084595, "64": 0.5582795143127441, "65": 0.4457519054412842, "66": 0.5102258920669556, "67": 0.4066452980041504, "68": 0.5550759434700012, "69": 0.5778399705886841, "70": 0.45999425649642944, "71": 0.49141889810562134, "72": 0.5081619024276733, "73": 0.4500371813774109, "74": 0.48194971680641174, "75": 0.4970768988132477, "76": 0.5726234316825867, "77": 0.5501928925514221, "78": 0.5868008732795715, "79": 0.658577561378479, "80": 0.414223849773407}