{"1": 0.6165944933891296, "2": 0.6711238026618958, "3": 0.758104145526886, "4": 0.7090951800346375, "5": 0.7623136043548584, "6": 0.7390992045402527, "7": 0.7300916314125061, "8": 0.7772243022918701, "9": 0.7865442633628845, "10": 0.8206319212913513, "11": 0.8009176254272461, "12": 0.8188323378562927, "13": 0.8185378909111023, "14": 0.7862053513526917, "15": 0.7848842740058899, "16": 0.8337411284446716, "17": 0.8312047123908997, "18": 0.8320136070251465, "19": 0.8388382792472839, "20": 0.8358575701713562, "21": 0.8066473603248596, "22": 0.8443843722343445, "23": 0.8121446967124939, "24": 0.824192464351654, "25": 0.8429262638092041, "26": 0.8369607925415039, "27": 0.8421235680580139, "28": 0.8200932145118713, "29": 0.8425393104553223, "30": 0.8302299976348877, "31": 0.8411270976066589, "32": 0.8357946276664734, "33": 0.821870744228363, "34": 0.8264866471290588, "35": 0.8395459651947021, "36": 0.8114900588989258, "37": 0.8430770039558411, "38": 0.8205378651618958, "39": 0.8429158329963684, "40": 0.8577666282653809, "41": 0.7737903594970703, "42": 0.8437731862068176, "43": 0.8367068767547607, "44": 0.8565845489501953, "45": 0.8400530815124512, "46": 0.8358330726623535, "47": 0.8158794045448303, "48": 0.8300709128379822, "49": 0.8348855972290039, "50": 0.8305363655090332, "51": 0.8464249968528748, "52": 0.8490273356437683, "53": 0.859820544719696, "54": 0.828667938709259, "55": 0.8484293818473816, "56": 0.8528117537498474, "57": 0.8443849682807922, "58": 0.8360236287117004, "59": 0.8546366095542908, "60": 0.8431167602539062, "61": 0.829478919506073, "62": 0.838775634765625, "63": 0.8368199467658997, "64": 0.8072047233581543, "65": 0.8403709530830383, "66": 0.8469032645225525, "67": 0.845899760723114, "68": 0.8308925628662109, "69": 0.8511542677879333, "70": 0.8562109470367432, "71": 0.8497626185417175, "72": 0.8497714996337891, "73": 0.8421805500984192, "74": 0.8421297669410706, "75": 0.8467104434967041, "76": 0.8203694820404053, "77": 0.8425576686859131, "78": 0.8518665432929993, "79": 0.8440634608268738, "80": 0.8636167049407959}