{"1": 0.6482988595962524, "2": 0.6393702030181885, "3": 0.7079007625579834, "4": 0.7114195227622986, "5": 0.7248811721801758, "6": 0.7176303863525391, "7": 0.75258469581604, "8": 0.759242832660675, "9": 0.7617815136909485, "10": 0.7633770108222961, "11": 0.7838417887687683, "12": 0.7647598385810852, "13": 0.7836222648620605, "14": 0.7973761558532715, "15": 0.7921431660652161, "16": 0.7949895858764648, "17": 0.7986835837364197, "18": 0.7908296585083008, "19": 0.8011836409568787, "20": 0.8091817498207092, "21": 0.7808904647827148, "22": 0.8146390914916992, "23": 0.8209980130195618, "24": 0.7980725169181824, "25": 0.797081708908081, "26": 0.8165915608406067, "27": 0.7671704292297363, "28": 0.8178997039794922, "29": 0.7999184727668762, "30": 0.8065100312232971, "31": 0.7602570056915283, "32": 0.8108296394348145, "33": 0.804425060749054, "34": 0.7956147193908691, "35": 0.802618682384491, "36": 0.8045492172241211, "37": 0.7936185002326965, "38": 0.8074045777320862, "39": 0.7975533604621887, "40": 0.7916629910469055, "41": 0.803083598613739, "42": 0.8062183260917664, "43": 0.7934679985046387, "44": 0.7918655276298523, "45": 0.7873124480247498, "46": 0.7806622982025146, "47": 0.7819523811340332, "48": 0.8099637627601624, "49": 0.7823025584220886, "50": 0.7763651013374329, "51": 0.7973598837852478, "52": 0.7867367267608643, "53": 0.7752048373222351, "54": 0.7720043063163757, "55": 0.8002870678901672, "56": 0.7891348004341125, "57": 0.7975504398345947, "58": 0.801008939743042, "59": 0.78280109167099, "60": 0.8070161938667297, "61": 0.7801289558410645, "62": 0.7710626721382141, "63": 0.7816941142082214, "64": 0.7877818942070007, "65": 0.7948063015937805, "66": 0.7898087501525879, "67": 0.8008553385734558, "68": 0.7992803454399109, "69": 0.7768732905387878, "70": 0.8045325875282288, "71": 0.7947168946266174, "72": 0.79475998878479, "73": 0.798906147480011, "74": 0.8059027791023254, "75": 0.7663226127624512, "76": 0.775507926940918, "77": 0.7929444313049316, "78": 0.780195415019989, "79": 0.7904737591743469, "80": 0.7815502285957336}