{"1": 0.6110917329788208, "2": 0.5136927366256714, "3": 0.48382073640823364, "4": 0.46771517395973206, "5": 0.607446014881134, "6": 0.6875137090682983, "7": 0.44551023840904236, "8": 0.42980703711509705, "9": 0.5029071569442749, "10": 0.5192022919654846, "11": 0.4494926929473877, "12": 0.41535916924476624, "13": 0.41483837366104126, "14": 0.37778642773628235, "15": 0.4666989743709564, "16": 0.5152396559715271, "17": 0.5040646195411682, "18": 0.34447503089904785, "19": 0.40062040090560913, "20": 0.3831042945384979, "21": 0.4576573967933655, "22": 0.3807855248451233, "23": 0.3533923029899597, "24": 0.42776137590408325, "25": 0.4532444477081299, "26": 0.37252169847488403, "27": 0.40974751114845276, "28": 0.39311689138412476, "29": 0.35545799136161804, "30": 0.33895376324653625, "31": 0.35671401023864746, "32": 0.3934710621833801, "33": 0.36293652653694153, "34": 0.34612351655960083, "35": 0.43902722001075745, "36": 0.3595886826515198, "37": 0.4231465756893158, "38": 0.5282799005508423, "39": 0.38544848561286926, "40": 0.3939344882965088, "41": 0.4493516981601715, "42": 0.5627483129501343, "43": 0.49000200629234314, "44": 0.4275868535041809, "45": 0.5092196464538574, "46": 0.5238050222396851, "47": 0.4720202386379242, "48": 0.5290331840515137, "49": 0.49840521812438965, "50": 0.5077279210090637, "51": 0.4851299822330475, "52": 0.4953823983669281, "53": 0.4716334939002991, "54": 0.5264769196510315, "55": 0.5164352655410767, "56": 0.5060003995895386, "57": 0.5643874406814575, "58": 0.5364621877670288, "59": 0.698798656463623, "60": 0.5303382277488708, "61": 0.677682638168335, "62": 0.664889395236969, "63": 0.5608760714530945, "64": 0.6705690622329712, "65": 0.6421387791633606, "66": 0.5746911764144897, "67": 0.6416705846786499, "68": 0.671556830406189, "69": 0.6600943207740784, "70": 0.6333662867546082, "71": 0.5922328233718872, "72": 0.6958867907524109, "73": 0.7124862670898438, "74": 0.6400566101074219, "75": 0.7377275228500366, "76": 0.7074440717697144, "77": 0.8012204170227051, "78": 0.7806265354156494, "79": 0.719708263874054, "80": 0.7382197976112366}