{"1": 0.5897488594055176, "2": 0.6761193871498108, "3": 0.7195115685462952, "4": 0.7450491786003113, "5": 0.6267192363739014, "6": 0.5801554322242737, "7": 0.76336669921875, "8": 0.7721936106681824, "9": 0.7170842289924622, "10": 0.7338759899139404, "11": 0.7564294934272766, "12": 0.7852874398231506, "13": 0.7906808257102966, "14": 0.7955613136291504, "15": 0.7393411993980408, "16": 0.7131433486938477, "17": 0.7282013297080994, "18": 0.8110594749450684, "19": 0.80213862657547, "20": 0.806938648223877, "21": 0.7972016930580139, "22": 0.8018209338188171, "23": 0.8092644810676575, "24": 0.8029128909111023, "25": 0.7829110622406006, "26": 0.8159789443016052, "27": 0.782679557800293, "28": 0.8140351176261902, "29": 0.8250555992126465, "30": 0.8286072611808777, "31": 0.8225483298301697, "32": 0.8101882934570312, "33": 0.8010278344154358, "34": 0.8100647926330566, "35": 0.8020356297492981, "36": 0.844839870929718, "37": 0.8120849132537842, "38": 0.7878413200378418, "39": 0.8358748555183411, "40": 0.7917518615722656, "41": 0.8236833214759827, "42": 0.8013656735420227, "43": 0.7879413962364197, "44": 0.8079485893249512, "45": 0.8156003355979919, "46": 0.813232958316803, "47": 0.8033856749534607, "48": 0.7868624329566956, "49": 0.8347499370574951, "50": 0.8080353140830994, "51": 0.8213438987731934, "52": 0.8152410387992859, "53": 0.8165116310119629, "54": 0.8183417320251465, "55": 0.8121851086616516, "56": 0.8243584632873535, "57": 0.8236741423606873, "58": 0.8166978359222412, "59": 0.8209236264228821, "60": 0.811870813369751, "61": 0.8118040561676025, "62": 0.7983242869377136, "63": 0.8242464065551758, "64": 0.8121406435966492, "65": 0.8235926628112793, "66": 0.8157485127449036, "67": 0.8197059631347656, "68": 0.8160533905029297, "69": 0.816105306148529, "70": 0.8125624060630798, "71": 0.8337627053260803, "72": 0.8093047738075256, "73": 0.8178980350494385, "74": 0.8159136176109314, "75": 0.8172386288642883, "76": 0.809025228023529, "77": 0.8098766207695007, "78": 0.8225419521331787, "79": 0.8315860629081726, "80": 0.8306257724761963}