{"1": 0.4430442750453949, "2": 0.5313130021095276, "3": 0.5603639483451843, "4": 0.6013835668563843, "5": 0.5064001679420471, "6": 0.46934571862220764, "7": 0.6199483275413513, "8": 0.6088411211967468, "9": 0.5746920704841614, "10": 0.591132640838623, "11": 0.6260879635810852, "12": 0.6216277480125427, "13": 0.6313591599464417, "14": 0.6365150809288025, "15": 0.5918824672698975, "16": 0.5483334064483643, "17": 0.5953002572059631, "18": 0.6794474124908447, "19": 0.6478054523468018, "20": 0.6748777031898499, "21": 0.6276631355285645, "22": 0.6442121267318726, "23": 0.6796049475669861, "24": 0.6441923975944519, "25": 0.6145504713058472, "26": 0.6569280624389648, "27": 0.6135177612304688, "28": 0.6683077812194824, "29": 0.6727426648139954, "30": 0.6843531131744385, "31": 0.6820755004882812, "32": 0.6498191356658936, "33": 0.6596290469169617, "34": 0.7023730278015137, "35": 0.6288946270942688, "36": 0.6910597681999207, "37": 0.6470219492912292, "38": 0.6188948750495911, "39": 0.6824268698692322, "40": 0.6539039611816406, "41": 0.6764223575592041, "42": 0.6157429218292236, "43": 0.6224451661109924, "44": 0.6440462470054626, "45": 0.6555021405220032, "46": 0.6552834510803223, "47": 0.6509561538696289, "48": 0.6301834583282471, "49": 0.6808686852455139, "50": 0.6602919101715088, "51": 0.6730000376701355, "52": 0.6565025448799133, "53": 0.6456673741340637, "54": 0.6781544089317322, "55": 0.6739380955696106, "56": 0.6703836917877197, "57": 0.6668190956115723, "58": 0.6587470173835754, "59": 0.6514040231704712, "60": 0.6573548316955566, "61": 0.6406557559967041, "62": 0.6347272396087646, "63": 0.6671044230461121, "64": 0.6549319624900818, "65": 0.6655457615852356, "66": 0.6519564986228943, "67": 0.655066967010498, "68": 0.6591158509254456, "69": 0.6551691889762878, "70": 0.6689535975456238, "71": 0.6768237948417664, "72": 0.6536896228790283, "73": 0.655230700969696, "74": 0.6603870987892151, "75": 0.6474035382270813, "76": 0.6458162665367126, "77": 0.6384148597717285, "78": 0.6680281162261963, "79": 0.6684680581092834, "80": 0.6744275093078613}