{"1": 0.4955129623413086, "2": 0.5431200861930847, "3": 0.6351999640464783, "4": 0.570671021938324, "5": 0.6450210213661194, "6": 0.5928338170051575, "7": 0.5919821262359619, "8": 0.6484813690185547, "9": 0.6558731198310852, "10": 0.693235456943512, "11": 0.6692940592765808, "12": 0.6890554428100586, "13": 0.6958033442497253, "14": 0.6360306143760681, "15": 0.6452340483665466, "16": 0.7121851444244385, "17": 0.6962557435035706, "18": 0.6895609498023987, "19": 0.6962955594062805, "20": 0.6932994723320007, "21": 0.6755547523498535, "22": 0.715772807598114, "23": 0.649343729019165, "24": 0.6927385330200195, "25": 0.7112055420875549, "26": 0.6882264018058777, "27": 0.7143412232398987, "28": 0.6835257411003113, "29": 0.6967902183532715, "30": 0.7047882080078125, "31": 0.708989679813385, "32": 0.7100521922111511, "33": 0.6641303896903992, "34": 0.6677660942077637, "35": 0.7021331191062927, "36": 0.6580778360366821, "37": 0.7068741917610168, "38": 0.7022228837013245, "39": 0.7011669278144836, "40": 0.7387023568153381, "41": 0.5956711173057556, "42": 0.7051002383232117, "43": 0.6885957717895508, "44": 0.7241120338439941, "45": 0.7095252871513367, "46": 0.6895336508750916, "47": 0.676962673664093, "48": 0.6923129558563232, "49": 0.6891189217567444, "50": 0.685765266418457, "51": 0.6955373883247375, "52": 0.7168415188789368, "53": 0.7181063294410706, "54": 0.6690660119056702, "55": 0.740067183971405, "56": 0.7363457083702087, "57": 0.705098569393158, "58": 0.688858687877655, "59": 0.7139806151390076, "60": 0.6948286890983582, "61": 0.686337947845459, "62": 0.6913827061653137, "63": 0.6760333180427551, "64": 0.6964877247810364, "65": 0.7059127688407898, "66": 0.7022497057914734, "67": 0.7011602520942688, "68": 0.6790363192558289, "69": 0.7136166095733643, "70": 0.715045690536499, "71": 0.701423168182373, "72": 0.6988711953163147, "73": 0.6931996941566467, "74": 0.693091869354248, "75": 0.7018603682518005, "76": 0.6860653758049011, "77": 0.692754328250885, "78": 0.7117587924003601, "79": 0.6982350945472717, "80": 0.7540090680122375}