{"1": 0.5499298572540283, "2": 0.5255717635154724, "3": 0.5930675864219666, "4": 0.6027337312698364, "5": 0.6006856560707092, "6": 0.5915315747261047, "7": 0.6270729899406433, "8": 0.6326518654823303, "9": 0.6335650086402893, "10": 0.6278650164604187, "11": 0.6556620597839355, "12": 0.6213728189468384, "13": 0.6460193991661072, "14": 0.682528018951416, "15": 0.6799470782279968, "16": 0.6872233748435974, "17": 0.6620391011238098, "18": 0.6504114270210266, "19": 0.666281521320343, "20": 0.6769874095916748, "21": 0.6511800289154053, "22": 0.6843591332435608, "23": 0.6888265609741211, "24": 0.6741411685943604, "25": 0.6850468516349792, "26": 0.6732658743858337, "27": 0.6724374294281006, "28": 0.676779568195343, "29": 0.6731798052787781, "30": 0.6798434853553772, "31": 0.6444367170333862, "32": 0.691139280796051, "33": 0.675848662853241, "34": 0.6665315628051758, "35": 0.670444905757904, "36": 0.6821804642677307, "37": 0.6701555252075195, "38": 0.6794901490211487, "39": 0.6795070767402649, "40": 0.6497538685798645, "41": 0.6660218238830566, "42": 0.678123950958252, "43": 0.6772842407226562, "44": 0.6525105834007263, "45": 0.6701347231864929, "46": 0.6492958664894104, "47": 0.6463156938552856, "48": 0.6827724575996399, "49": 0.6252572536468506, "50": 0.6757993102073669, "51": 0.6476370692253113, "52": 0.6414182782173157, "53": 0.629547655582428, "54": 0.6485719084739685, "55": 0.6804119944572449, "56": 0.6655852794647217, "57": 0.6656882166862488, "58": 0.6767675280570984, "59": 0.6423003673553467, "60": 0.6835764050483704, "61": 0.666512668132782, "62": 0.6398445963859558, "63": 0.6500649452209473, "64": 0.6529736518859863, "65": 0.660955011844635, "66": 0.6527682542800903, "67": 0.6762085556983948, "68": 0.6580798029899597, "69": 0.6493718028068542, "70": 0.6755437850952148, "71": 0.6712092757225037, "72": 0.6666092872619629, "73": 0.6799325942993164, "74": 0.6708774566650391, "75": 0.6479911208152771, "76": 0.6595636010169983, "77": 0.6589041352272034, "78": 0.6427597403526306, "79": 0.6695834994316101, "80": 0.6520442366600037}