{"1": 0.4761747419834137, "2": 0.4824035167694092, "3": 0.5864396095275879, "4": 0.5625446438789368, "5": 0.6120055317878723, "6": 0.6301257014274597, "7": 0.6047411561012268, "8": 0.6785666346549988, "9": 0.6343538165092468, "10": 0.6256701946258545, "11": 0.6860164999961853, "12": 0.554114043712616, "13": 0.6462159752845764, "14": 0.6674485206604004, "15": 0.704230785369873, "16": 0.6394665837287903, "17": 0.6620200276374817, "18": 0.6470255851745605, "19": 0.6844828724861145, "20": 0.6518736481666565, "21": 0.7076622843742371, "22": 0.6835728287696838, "23": 0.6985982060432434, "24": 0.6997483372688293, "25": 0.6665096282958984, "26": 0.7008645534515381, "27": 0.69386225938797, "28": 0.6716474890708923, "29": 0.7089361548423767, "30": 0.655543327331543, "31": 0.6974814534187317, "32": 0.7168547511100769, "33": 0.6884768605232239, "34": 0.681158721446991, "35": 0.6885943412780762, "36": 0.6724262833595276, "37": 0.7039583325386047, "38": 0.6292669177055359, "39": 0.7016679644584656, "40": 0.7003594040870667, "41": 0.7123011946678162, "42": 0.6831488013267517, "43": 0.6798333525657654, "44": 0.6715189814567566, "45": 0.701819896697998, "46": 0.6892134547233582, "47": 0.6485293507575989, "48": 0.6660798192024231, "49": 0.640529215335846, "50": 0.7274263501167297, "51": 0.7064545750617981, "52": 0.642733633518219, "53": 0.7022579312324524, "54": 0.6638986468315125, "55": 0.7112359404563904, "56": 0.6925867199897766, "57": 0.6864599585533142, "58": 0.7156471610069275, "59": 0.6959733366966248, "60": 0.6829147338867188, "61": 0.6820113062858582, "62": 0.6895211338996887, "63": 0.6470434069633484, "64": 0.6793510317802429, "65": 0.6788131594657898, "66": 0.693511962890625, "67": 0.7183484435081482, "68": 0.6785146594047546, "69": 0.6663187146186829, "70": 0.7070377469062805, "71": 0.7072606682777405, "72": 0.6877942085266113, "73": 0.7220171093940735, "74": 0.6898343563079834, "75": 0.7158138155937195, "76": 0.6879084706306458, "77": 0.6832458972930908, "78": 0.7025077939033508, "79": 0.6269285082817078, "80": 0.6914976239204407}