{"1": 0.583288848400116, "2": 0.6144190430641174, "3": 0.6960089802742004, "4": 0.6986336708068848, "5": 0.7386226058006287, "6": 0.7564664483070374, "7": 0.7539770007133484, "8": 0.8006787300109863, "9": 0.7598106265068054, "10": 0.7804850935935974, "11": 0.809971272945404, "12": 0.7236654758453369, "13": 0.788951575756073, "14": 0.7858855724334717, "15": 0.8128445744514465, "16": 0.7813506126403809, "17": 0.8037819266319275, "18": 0.7694399952888489, "19": 0.8154103755950928, "20": 0.7958729267120361, "21": 0.8287975788116455, "22": 0.8072877526283264, "23": 0.8317345976829529, "24": 0.8313669562339783, "25": 0.803493320941925, "26": 0.8323743939399719, "27": 0.8172354102134705, "28": 0.8120174407958984, "29": 0.8275165557861328, "30": 0.8044556975364685, "31": 0.8319153189659119, "32": 0.8297269940376282, "33": 0.8282277584075928, "34": 0.7998684048652649, "35": 0.8366310000419617, "36": 0.8214839100837708, "37": 0.8289210796356201, "38": 0.788361132144928, "39": 0.8368424773216248, "40": 0.8304999470710754, "41": 0.8281262516975403, "42": 0.8381547927856445, "43": 0.8185685276985168, "44": 0.8214794993400574, "45": 0.8404588103294373, "46": 0.8338463306427002, "47": 0.8007102608680725, "48": 0.811112105846405, "49": 0.8069763779640198, "50": 0.8453606963157654, "51": 0.8420867323875427, "52": 0.8113744854927063, "53": 0.8457280993461609, "54": 0.8163829445838928, "55": 0.8389862179756165, "56": 0.8389551639556885, "57": 0.809375524520874, "58": 0.8397830128669739, "59": 0.8348492980003357, "60": 0.8317832350730896, "61": 0.8292732238769531, "62": 0.8331761360168457, "63": 0.8037521839141846, "64": 0.8250482678413391, "65": 0.8376433849334717, "66": 0.8406791090965271, "67": 0.8588635325431824, "68": 0.8274186253547668, "69": 0.8254974484443665, "70": 0.8454699516296387, "71": 0.8373562693595886, "72": 0.837059736251831, "73": 0.8498516082763672, "74": 0.8417242169380188, "75": 0.8504290580749512, "76": 0.8368293642997742, "77": 0.8364481925964355, "78": 0.8404788970947266, "79": 0.7924389839172363, "80": 0.8186547756195068}