{"1": 0.5470014214515686, "2": 0.5676636695861816, "3": 0.4807085394859314, "4": 0.4744913578033447, "5": 0.46710115671157837, "6": 0.4846884608268738, "7": 0.4402539134025574, "8": 0.44384336471557617, "9": 0.43650954961776733, "10": 0.4491012692451477, "11": 0.40460318326950073, "12": 0.4610234200954437, "13": 0.4266657829284668, "14": 0.37431013584136963, "15": 0.3932093679904938, "16": 0.3737568259239197, "17": 0.39276838302612305, "18": 0.40046921372413635, "19": 0.392086386680603, "20": 0.3921107351779938, "21": 0.41724711656570435, "22": 0.3836241066455841, "23": 0.35640546679496765, "24": 0.3797920346260071, "25": 0.3746453821659088, "26": 0.37872451543807983, "27": 0.38585734367370605, "28": 0.38438671827316284, "29": 0.3844514787197113, "30": 0.3888193368911743, "31": 0.4523252546787262, "32": 0.37838950753211975, "33": 0.3981696367263794, "34": 0.42157116532325745, "35": 0.39716482162475586, "36": 0.38257697224617004, "37": 0.41058748960494995, "38": 0.377241313457489, "39": 0.3992452025413513, "40": 0.4492385983467102, "41": 0.42077121138572693, "42": 0.3877619206905365, "43": 0.3964434564113617, "44": 0.45445680618286133, "45": 0.43975144624710083, "46": 0.4465745985507965, "47": 0.49036407470703125, "48": 0.4215225577354431, "49": 0.4850291311740875, "50": 0.4645524024963379, "51": 0.5096770524978638, "52": 0.4742897152900696, "53": 0.5628105401992798, "54": 0.4975128173828125, "55": 0.3723602890968323, "56": 0.48573559522628784, "57": 0.5086387395858765, "58": 0.48108237981796265, "59": 0.6721012592315674, "60": 0.4757400155067444, "61": 0.5260649919509888, "62": 0.6674324870109558, "63": 0.6745938062667847, "64": 0.6346656680107117, "65": 0.6186404228210449, "66": 0.6632482409477234, "67": 0.49583420157432556, "68": 0.6256128549575806, "69": 0.6196079850196838, "70": 0.571438193321228, "71": 0.5828835368156433, "72": 0.6917957663536072, "73": 0.5674613118171692, "74": 0.7328635454177856, "75": 0.6718756556510925, "76": 0.6149648427963257, "77": 0.6589860320091248, "78": 0.8034030199050903, "79": 0.6708285212516785, "80": 0.8303219079971313}