{"1": 0.40070486068725586, "2": 0.46730467677116394, "3": 0.4655838906764984, "4": 0.474804162979126, "5": 0.4797767698764801, "6": 0.4717485010623932, "7": 0.47226646542549133, "8": 0.4818502366542816, "9": 0.4845596253871918, "10": 0.47998833656311035, "11": 0.48456382751464844, "12": 0.4907592833042145, "13": 0.49547863006591797, "14": 0.4911164343357086, "15": 0.4960273802280426, "16": 0.5005046725273132, "17": 0.4969193935394287, "18": 0.4981396198272705, "19": 0.48633602261543274, "20": 0.49114155769348145, "21": 0.4976116418838501, "22": 0.48616132140159607, "23": 0.4801078736782074, "24": 0.49821150302886963, "25": 0.4894851744174957, "26": 0.48889294266700745, "27": 0.48981043696403503, "28": 0.48924240469932556, "29": 0.49258914589881897, "30": 0.48921072483062744, "31": 0.48821011185646057, "32": 0.5017332434654236, "33": 0.508810818195343, "34": 0.5041214823722839, "35": 0.49397897720336914, "36": 0.4903709888458252, "37": 0.4935551583766937, "38": 0.4970167577266693, "39": 0.48545971512794495, "40": 0.5021039843559265, "41": 0.5039739608764648, "42": 0.5038421750068665, "43": 0.4899131953716278, "44": 0.49542251229286194, "45": 0.5032880902290344, "46": 0.5030136704444885, "47": 0.4953863322734833, "48": 0.49900367856025696, "49": 0.48919904232025146, "50": 0.5013503432273865, "51": 0.48505330085754395, "52": 0.511311411857605, "53": 0.5053820013999939, "54": 0.5048214197158813, "55": 0.5143088698387146, "56": 0.481252521276474, "57": 0.4938758313655853, "58": 0.5041723847389221, "59": 0.4935593903064728, "60": 0.5060639381408691, "61": 0.4951413869857788, "62": 0.4983353614807129, "63": 0.502272367477417, "64": 0.5042544603347778, "65": 0.49700823426246643, "66": 0.4987657964229584, "67": 0.5029715895652771, "68": 0.5013056397438049, "69": 0.5027771592140198, "70": 0.5022825598716736, "71": 0.516714870929718, "72": 0.5082451701164246, "73": 0.4883538484573364, "74": 0.4903997480869293, "75": 0.49176421761512756, "76": 0.49214664101600647, "77": 0.4906979501247406, "78": 0.4846969544887543, "79": 0.48918333649635315, "80": 0.48829683661460876}