{"1": 0.5496885776519775, "2": 0.598183810710907, "3": 0.6037061214447021, "4": 0.6037553548812866, "5": 0.613440990447998, "6": 0.5987551808357239, "7": 0.5993406176567078, "8": 0.612265408039093, "9": 0.6168168187141418, "10": 0.6056565642356873, "11": 0.6131717562675476, "12": 0.6233879923820496, "13": 0.6196061968803406, "14": 0.6142213344573975, "15": 0.6274230480194092, "16": 0.6285608410835266, "17": 0.6302235722541809, "18": 0.6215368509292603, "19": 0.6123765110969543, "20": 0.6146793961524963, "21": 0.6207050681114197, "22": 0.6209559440612793, "23": 0.6080883145332336, "24": 0.6280625462532043, "25": 0.6199296116828918, "26": 0.6173750758171082, "27": 0.6205530166625977, "28": 0.6168625950813293, "29": 0.6193373799324036, "30": 0.6187569499015808, "31": 0.6151208877563477, "32": 0.6337270736694336, "33": 0.6426239609718323, "34": 0.6293966174125671, "35": 0.6248899102210999, "36": 0.6233018636703491, "37": 0.6187127828598022, "38": 0.6239737868309021, "39": 0.6191584467887878, "40": 0.6289512515068054, "41": 0.6329729557037354, "42": 0.6293384432792664, "43": 0.6187560558319092, "44": 0.6266310214996338, "45": 0.6337970495223999, "46": 0.6353578567504883, "47": 0.6258339285850525, "48": 0.6286318302154541, "49": 0.6120557188987732, "50": 0.6332786679267883, "51": 0.6148889660835266, "52": 0.6311816573143005, "53": 0.634101390838623, "54": 0.636225700378418, "55": 0.6438236832618713, "56": 0.6034912467002869, "57": 0.617193877696991, "58": 0.6298449635505676, "59": 0.6180383563041687, "60": 0.6352306008338928, "61": 0.6206379532814026, "62": 0.6259406208992004, "63": 0.6310924887657166, "64": 0.6333618760108948, "65": 0.6196966767311096, "66": 0.6215947270393372, "67": 0.6304853558540344, "68": 0.6275336742401123, "69": 0.6272253394126892, "70": 0.6413258910179138, "71": 0.6536911129951477, "72": 0.6338603496551514, "73": 0.6079397201538086, "74": 0.6127402186393738, "75": 0.6190380454063416, "76": 0.6143744587898254, "77": 0.6177195906639099, "78": 0.6095210909843445, "79": 0.614783763885498, "80": 0.6114827990531921}