{"1": 0.6769216656684875, "2": 0.6198007464408875, "3": 0.6815293431282043, "4": 0.6836796402931213, "5": 0.6322717070579529, "6": 0.6981967091560364, "7": 0.6927194595336914, "8": 0.6998187899589539, "9": 0.6813273429870605, "10": 0.6978725790977478, "11": 0.659830629825592, "12": 0.7002248167991638, "13": 0.7060096263885498, "14": 0.706356942653656, "15": 0.6905542016029358, "16": 0.6781082153320312, "17": 0.685775101184845, "18": 0.6806921362876892, "19": 0.6956223845481873, "20": 0.6916176676750183, "21": 0.6817123293876648, "22": 0.6887347102165222, "23": 0.6640077233314514, "24": 0.694734513759613, "25": 0.6851280331611633, "26": 0.7133962512016296, "27": 0.7183453440666199, "28": 0.6629999279975891, "29": 0.6891968250274658, "30": 0.67256098985672, "31": 0.6804511547088623, "32": 0.6999199390411377, "33": 0.679731547832489, "34": 0.6761921048164368, "35": 0.7038906216621399, "36": 0.7060582637786865, "37": 0.696476399898529, "38": 0.7101202011108398, "39": 0.7450515627861023, "40": 0.7003993988037109, "41": 0.7010359764099121, "42": 0.7015390992164612, "43": 0.6994268298149109, "44": 0.7133927941322327, "45": 0.7240803241729736, "46": 0.6974111199378967, "47": 0.7052127718925476, "48": 0.7059548497200012, "49": 0.7011910080909729, "50": 0.726952314376831, "51": 0.7093283534049988, "52": 0.7163059711456299, "53": 0.7331511378288269, "54": 0.7028365731239319, "55": 0.691898763179779, "56": 0.6969879269599915, "57": 0.7179515957832336, "58": 0.7062994837760925, "59": 0.7118573784828186, "60": 0.6913540959358215, "61": 0.7099941372871399, "62": 0.6881945729255676, "63": 0.6948520541191101, "64": 0.6984625458717346, "65": 0.6955785155296326, "66": 0.7119625210762024, "67": 0.7125212550163269, "68": 0.7211358547210693, "69": 0.7154622673988342, "70": 0.7120005488395691, "71": 0.7185307145118713, "72": 0.6933920383453369, "73": 0.7171488404273987, "74": 0.7292949557304382, "75": 0.6724717020988464, "76": 0.7141004204750061, "77": 0.6990974545478821, "78": 0.7102603912353516, "79": 0.6967719197273254, "80": 0.6969761252403259}