{"1": 0.5713281035423279, "2": 0.5018067359924316, "3": 0.550508439540863, "4": 0.5552754998207092, "5": 0.5268176198005676, "6": 0.5775339603424072, "7": 0.5638546943664551, "8": 0.5649106502532959, "9": 0.5558372139930725, "10": 0.5650162100791931, "11": 0.5594820380210876, "12": 0.5562171936035156, "13": 0.5724977850914001, "14": 0.5660216212272644, "15": 0.5711278319358826, "16": 0.5427703857421875, "17": 0.5515448451042175, "18": 0.5595843195915222, "19": 0.5573902726173401, "20": 0.5525365471839905, "21": 0.5648941397666931, "22": 0.5746080279350281, "23": 0.5638900399208069, "24": 0.5615260601043701, "25": 0.5697420239448547, "26": 0.5806230902671814, "27": 0.5779727697372437, "28": 0.5364169478416443, "29": 0.5699238181114197, "30": 0.5363962054252625, "31": 0.5545446872711182, "32": 0.5666292905807495, "33": 0.5423833727836609, "34": 0.565667450428009, "35": 0.5813050866127014, "36": 0.5787280201911926, "37": 0.5559034943580627, "38": 0.5726408958435059, "39": 0.583649218082428, "40": 0.5595119595527649, "41": 0.5469693541526794, "42": 0.5752450823783875, "43": 0.5755806565284729, "44": 0.5891940593719482, "45": 0.5745195746421814, "46": 0.5801867246627808, "47": 0.5685552358627319, "48": 0.5912061333656311, "49": 0.5808396935462952, "50": 0.5862166881561279, "51": 0.558979868888855, "52": 0.5837573409080505, "53": 0.6125110983848572, "54": 0.5895566344261169, "55": 0.5555649399757385, "56": 0.5597108006477356, "57": 0.5935645699501038, "58": 0.5839553475379944, "59": 0.5959144234657288, "60": 0.5561200380325317, "61": 0.5713752508163452, "62": 0.5577011108398438, "63": 0.5704072117805481, "64": 0.5701565146446228, "65": 0.576164186000824, "66": 0.5815305113792419, "67": 0.5692721605300903, "68": 0.5974716544151306, "69": 0.5806719064712524, "70": 0.5977915525436401, "71": 0.5964741706848145, "72": 0.5702822804450989, "73": 0.5972097516059875, "74": 0.6053175926208496, "75": 0.5403487682342529, "76": 0.5937064290046692, "77": 0.5733912587165833, "78": 0.5939881205558777, "79": 0.5724461674690247, "80": 0.5739384293556213}