{"1": 0.587254524230957, "2": 0.5374435186386108, "3": 0.5745372772216797, "4": 0.5332719087600708, "5": 0.5046588182449341, "6": 0.5493931174278259, "7": 0.5510476231575012, "8": 0.578346848487854, "9": 0.5528478026390076, "10": 0.5511887073516846, "11": 0.5083631277084351, "12": 0.5922349095344543, "13": 0.585213303565979, "14": 0.6052377820014954, "15": 0.549279510974884, "16": 0.5494989156723022, "17": 0.5659617185592651, "18": 0.543049693107605, "19": 0.5855628252029419, "20": 0.5762037038803101, "21": 0.5399500131607056, "22": 0.4893832206726074, "23": 0.4973231256008148, "24": 0.5326049327850342, "25": 0.49976983666419983, "26": 0.5182691812515259, "27": 0.5864931344985962, "28": 0.5588799715042114, "29": 0.491330623626709, "30": 0.5729031562805176, "31": 0.4786608815193176, "32": 0.5468133687973022, "33": 0.4966023564338684, "34": 0.5541850924491882, "35": 0.5855036973953247, "36": 0.49884313344955444, "37": 0.5297635793685913, "38": 0.5856536626815796, "39": 0.6931931376457214, "40": 0.5800596475601196, "41": 0.600706160068512, "42": 0.5641605257987976, "43": 0.5831207036972046, "44": 0.45276254415512085, "45": 0.6442202925682068, "46": 0.5339254140853882, "47": 0.5886796712875366, "48": 0.47085732221603394, "49": 0.5393694639205933, "50": 0.6627696752548218, "51": 0.6294776201248169, "52": 0.5445287823677063, "53": 0.5592249631881714, "54": 0.5077851414680481, "55": 0.7375414371490479, "56": 0.6213259696960449, "57": 0.5812821984291077, "58": 0.5227125883102417, "59": 0.4847096800804138, "60": 0.6753214597702026, "61": 0.7654826045036316, "62": 0.588333785533905, "63": 0.5175188183784485, "64": 0.5520764589309692, "65": 0.5701121687889099, "66": 0.6564396619796753, "67": 0.7437728047370911, "68": 0.6179777383804321, "69": 0.6389517188072205, "70": 0.5578923225402832, "71": 0.5451210141181946, "72": 0.6943769454956055, "73": 0.6832576394081116, "74": 0.5187948346138, "75": 0.6647043228149414, "76": 0.654748797416687, "77": 0.6485698819160461, "78": 0.6322619915008545, "79": 0.6557110548019409, "80": 0.6328359842300415}