{"1": 0.5023494958877563, "2": 0.5263336300849915, "3": 0.548999011516571, "4": 0.569668710231781, "5": 0.5820068717002869, "6": 0.6125430464744568, "7": 0.630280613899231, "8": 0.5864123702049255, "9": 0.5612125992774963, "10": 0.5893259048461914, "11": 0.5582043528556824, "12": 0.6190723180770874, "13": 0.6283043622970581, "14": 0.5676356554031372, "15": 0.5844858288764954, "16": 0.6229826807975769, "17": 0.6002660393714905, "18": 0.6301076412200928, "19": 0.5861093997955322, "20": 0.6258830428123474, "21": 0.630175769329071, "22": 0.604239821434021, "23": 0.6106674671173096, "24": 0.6150553822517395, "25": 0.6179139018058777, "26": 0.5953524708747864, "27": 0.6278267502784729, "28": 0.6145082116127014, "29": 0.6181039810180664, "30": 0.616488516330719, "31": 0.5937243103981018, "32": 0.6151178479194641, "33": 0.5849736332893372, "34": 0.6034263968467712, "35": 0.6104390621185303, "36": 0.6179043650627136, "37": 0.6288005709648132, "38": 0.6237564086914062, "39": 0.5941991209983826, "40": 0.6225707530975342, "41": 0.613143265247345, "42": 0.5987128615379333, "43": 0.6094881892204285, "44": 0.610684871673584, "45": 0.6147903203964233, "46": 0.6188755631446838, "47": 0.6104061007499695, "48": 0.6073065400123596, "49": 0.6246604323387146, "50": 0.6133974194526672, "51": 0.6176744699478149, "52": 0.6086892485618591, "53": 0.6107942461967468, "54": 0.6078435778617859, "55": 0.6066312789916992, "56": 0.5854670405387878, "57": 0.6065835356712341, "58": 0.5966277718544006, "59": 0.584648072719574, "60": 0.6200928688049316, "61": 0.6079981923103333, "62": 0.6130350232124329, "63": 0.5998913645744324, "64": 0.6091911196708679, "65": 0.6079052686691284, "66": 0.6089047789573669, "67": 0.6085194945335388, "68": 0.6112925410270691, "69": 0.6101679801940918, "70": 0.6089615225791931, "71": 0.6040986180305481, "72": 0.6108240485191345, "73": 0.6105508208274841, "74": 0.6187755465507507, "75": 0.6195244789123535, "76": 0.5762056708335876, "77": 0.5949460864067078, "78": 0.599452555179596, "79": 0.5984148979187012, "80": 0.6082684993743896}