{"1": 0.6202512383460999, "2": 0.6555643677711487, "3": 0.6725967526435852, "4": 0.7186354994773865, "5": 0.7261319160461426, "6": 0.7579226493835449, "7": 0.7683709263801575, "8": 0.7367448210716248, "9": 0.7248584628105164, "10": 0.7274457812309265, "11": 0.7076619267463684, "12": 0.7531160712242126, "13": 0.7603848576545715, "14": 0.7276725172996521, "15": 0.7388572096824646, "16": 0.7546746730804443, "17": 0.7365290522575378, "18": 0.7442064881324768, "19": 0.7295014262199402, "20": 0.7556062340736389, "21": 0.7608887553215027, "22": 0.7559780478477478, "23": 0.7397172451019287, "24": 0.7546824812889099, "25": 0.744514524936676, "26": 0.7346108555793762, "27": 0.7572275996208191, "28": 0.7514016032218933, "29": 0.744495153427124, "30": 0.751182496547699, "31": 0.7385475635528564, "32": 0.7495889663696289, "33": 0.7283663749694824, "34": 0.7384207844734192, "35": 0.7442650198936462, "36": 0.7520751953125, "37": 0.7542858719825745, "38": 0.7484228610992432, "39": 0.7338677048683167, "40": 0.7443785667419434, "41": 0.7510036826133728, "42": 0.7382016181945801, "43": 0.7368295788764954, "44": 0.7407534122467041, "45": 0.7498642802238464, "46": 0.7499328255653381, "47": 0.7496866583824158, "48": 0.7382516860961914, "49": 0.7525021433830261, "50": 0.744835615158081, "51": 0.7514002919197083, "52": 0.7445917725563049, "53": 0.7409507632255554, "54": 0.73317950963974, "55": 0.741886556148529, "56": 0.7109971642494202, "57": 0.7391500473022461, "58": 0.7343180179595947, "59": 0.7289907336235046, "60": 0.7460393905639648, "61": 0.7436708807945251, "62": 0.7437846064567566, "63": 0.7396122813224792, "64": 0.7407424449920654, "65": 0.7421061992645264, "66": 0.7387860417366028, "67": 0.7429388165473938, "68": 0.739863395690918, "69": 0.745549201965332, "70": 0.7398169636726379, "71": 0.7377004623413086, "72": 0.7390232682228088, "73": 0.7414917945861816, "74": 0.745760440826416, "75": 0.7496313452720642, "76": 0.7121699452400208, "77": 0.7137582898139954, "78": 0.7360085844993591, "79": 0.730065643787384, "80": 0.7342576384544373}