{"1": 0.44513511657714844, "2": 0.5297605395317078, "3": 0.5510574579238892, "4": 0.5336093902587891, "5": 0.5161144137382507, "6": 0.558521568775177, "7": 0.4264650344848633, "8": 0.4384934604167938, "9": 0.5307278633117676, "10": 0.47191596031188965, "11": 0.5508666038513184, "12": 0.4780519902706146, "13": 0.524601399898529, "14": 0.5823548436164856, "15": 0.5268474221229553, "16": 0.5102390646934509, "17": 0.5877816677093506, "18": 0.5342423915863037, "19": 0.6299469470977783, "20": 0.5376138091087341, "21": 0.5655282139778137, "22": 0.5709971785545349, "23": 0.6011152863502502, "24": 0.5708537697792053, "25": 0.5257601737976074, "26": 0.5838892459869385, "27": 0.563680112361908, "28": 0.6154465675354004, "29": 0.5867416262626648, "30": 0.5881683826446533, "31": 0.49105188250541687, "32": 0.561510443687439, "33": 0.5944699645042419, "34": 0.5160009860992432, "35": 0.589847981929779, "36": 0.5809157490730286, "37": 0.4019704759120941, "38": 0.5597659945487976, "39": 0.6017406582832336, "40": 0.5921804904937744, "41": 0.5875930786132812, "42": 0.6163780093193054, "43": 0.5797625780105591, "44": 0.5627541542053223, "45": 0.6195576786994934, "46": 0.5534350275993347, "47": 0.6098599433898926, "48": 0.5869190692901611, "49": 0.5443208813667297, "50": 0.5860850811004639, "51": 0.576568067073822, "52": 0.5188780426979065, "53": 0.5751904249191284, "54": 0.5162274241447449, "55": 0.5941537022590637, "56": 0.5787366032600403, "57": 0.6039047837257385, "58": 0.5640627145767212, "59": 0.548805296421051, "60": 0.48620370030403137, "61": 0.5367667078971863, "62": 0.6114508509635925, "63": 0.5704441070556641, "64": 0.6123271584510803, "65": 0.5886412262916565, "66": 0.5971821546554565, "67": 0.5652526021003723, "68": 0.6026965975761414, "69": 0.6073331236839294, "70": 0.5834603905677795, "71": 0.6021562814712524, "72": 0.5812315344810486, "73": 0.6030018329620361, "74": 0.5579467415809631, "75": 0.5877403020858765, "76": 0.5977043509483337, "77": 0.5878841876983643, "78": 0.5919864177703857, "79": 0.5855728983879089, "80": 0.5995145440101624}