{"1": 0.5770358443260193, "2": 0.6321941018104553, "3": 0.6556296944618225, "4": 0.6401546001434326, "5": 0.6371536254882812, "6": 0.7030983567237854, "7": 0.5655917525291443, "8": 0.605898916721344, "9": 0.6629666686058044, "10": 0.6298301219940186, "11": 0.6659558415412903, "12": 0.6491590738296509, "13": 0.6789531707763672, "14": 0.6990116238594055, "15": 0.6695355772972107, "16": 0.6648574471473694, "17": 0.7200767397880554, "18": 0.6733033657073975, "19": 0.7583856582641602, "20": 0.7087125778198242, "21": 0.7105975151062012, "22": 0.7267377972602844, "23": 0.7207956314086914, "24": 0.7091187834739685, "25": 0.6882694363594055, "26": 0.7011804580688477, "27": 0.6893367171287537, "28": 0.7199564576148987, "29": 0.719976007938385, "30": 0.7023575901985168, "31": 0.6483200192451477, "32": 0.6832976341247559, "33": 0.7294504642486572, "34": 0.6573614478111267, "35": 0.6853160858154297, "36": 0.717890202999115, "37": 0.58140629529953, "38": 0.6827802658081055, "39": 0.7329628467559814, "40": 0.7253990769386292, "41": 0.714146077632904, "42": 0.7308695316314697, "43": 0.7140657305717468, "44": 0.7146973013877869, "45": 0.7307882308959961, "46": 0.7041563987731934, "47": 0.7112361788749695, "48": 0.734351634979248, "49": 0.6589368581771851, "50": 0.73061203956604, "51": 0.7305020689964294, "52": 0.6687542796134949, "53": 0.7075095772743225, "54": 0.6739082336425781, "55": 0.7357690930366516, "56": 0.7039840221405029, "57": 0.7253220677375793, "58": 0.6942266821861267, "59": 0.6748179793357849, "60": 0.6571291089057922, "61": 0.6874051094055176, "62": 0.7369877696037292, "63": 0.7077792286872864, "64": 0.7447708249092102, "65": 0.7076876759529114, "66": 0.7047434449195862, "67": 0.7150645852088928, "68": 0.7399301528930664, "69": 0.7224673628807068, "70": 0.7144312262535095, "71": 0.7185245156288147, "72": 0.6878510117530823, "73": 0.7265837788581848, "74": 0.710146963596344, "75": 0.6891965866088867, "76": 0.7229699492454529, "77": 0.7212536931037903, "78": 0.704443633556366, "79": 0.714252769947052, "80": 0.7141172289848328}