{"1": 0.6447187066078186, "2": 0.6705074906349182, "3": 0.7530031204223633, "4": 0.7248279452323914, "5": 0.7533893585205078, "6": 0.7823756337165833, "7": 0.7736509442329407, "8": 0.7137122750282288, "9": 0.7754691243171692, "10": 0.7964112162590027, "11": 0.7665615081787109, "12": 0.757455587387085, "13": 0.7954578399658203, "14": 0.7620818018913269, "15": 0.7874017357826233, "16": 0.7864387631416321, "17": 0.7834959626197815, "18": 0.7888392806053162, "19": 0.7756561636924744, "20": 0.7760410904884338, "21": 0.7648431658744812, "22": 0.7502948641777039, "23": 0.7737622857093811, "24": 0.7790865898132324, "25": 0.7783823013305664, "26": 0.7759270071983337, "27": 0.7908387184143066, "28": 0.7835056781768799, "29": 0.7696428298950195, "30": 0.7584635615348816, "31": 0.7739889025688171, "32": 0.7677950859069824, "33": 0.7676593661308289, "34": 0.7746644616127014, "35": 0.7780895829200745, "36": 0.7575228214263916, "37": 0.7726154327392578, "38": 0.7715062499046326, "39": 0.7862852215766907, "40": 0.7559784054756165, "41": 0.7785189747810364, "42": 0.776782214641571, "43": 0.779962956905365, "44": 0.7869677543640137, "45": 0.7646297812461853, "46": 0.7833659648895264, "47": 0.777967631816864, "48": 0.7695944905281067, "49": 0.7738227248191833, "50": 0.7642976641654968, "51": 0.7624747157096863, "52": 0.769885778427124, "53": 0.7838522791862488, "54": 0.7841305136680603, "55": 0.7721242308616638, "56": 0.7754152417182922, "57": 0.785987377166748, "58": 0.7835054397583008, "59": 0.771257221698761, "60": 0.7588635087013245, "61": 0.78775954246521, "62": 0.7817488312721252, "63": 0.7763051390647888, "64": 0.7869372367858887, "65": 0.7747095227241516, "66": 0.7693198323249817, "67": 0.7834998965263367, "68": 0.779539167881012, "69": 0.768811047077179, "70": 0.7806479930877686, "71": 0.7809612154960632, "72": 0.7894339561462402, "73": 0.7871384620666504, "74": 0.771311342716217, "75": 0.7859145998954773, "76": 0.7847850918769836, "77": 0.7886888980865479, "78": 0.7791376113891602, "79": 0.7650930285453796, "80": 0.7896644473075867}