{"1": 0.518994152545929, "2": 0.5530608296394348, "3": 0.6351833939552307, "4": 0.5984952449798584, "5": 0.6247212290763855, "6": 0.6387234926223755, "7": 0.6489725112915039, "8": 0.5585929751396179, "9": 0.6184771656990051, "10": 0.6587302684783936, "11": 0.6382567286491394, "12": 0.6327537894248962, "13": 0.649265468120575, "14": 0.6217730641365051, "15": 0.6484171748161316, "16": 0.6585928797721863, "17": 0.6256866455078125, "18": 0.6353003978729248, "19": 0.6104997992515564, "20": 0.639894425868988, "21": 0.6445686221122742, "22": 0.6307851672172546, "23": 0.6160604953765869, "24": 0.6499220728874207, "25": 0.6389422416687012, "26": 0.6062354445457458, "27": 0.6447141766548157, "28": 0.636296272277832, "29": 0.6061607003211975, "30": 0.6168283820152283, "31": 0.6414819359779358, "32": 0.6428451538085938, "33": 0.6371760964393616, "34": 0.6344301104545593, "35": 0.6505194902420044, "36": 0.6217014193534851, "37": 0.638997495174408, "38": 0.6420661807060242, "39": 0.6376538872718811, "40": 0.6177644729614258, "41": 0.637304961681366, "42": 0.6418666243553162, "43": 0.637579619884491, "44": 0.6593270897865295, "45": 0.6360719203948975, "46": 0.6535484194755554, "47": 0.6222417950630188, "48": 0.6155815124511719, "49": 0.6299932599067688, "50": 0.627164363861084, "51": 0.6287356019020081, "52": 0.6438724398612976, "53": 0.6433959603309631, "54": 0.6478381752967834, "55": 0.6455723643302917, "56": 0.6507477760314941, "57": 0.6415064334869385, "58": 0.6557939648628235, "59": 0.645285427570343, "60": 0.6379038095474243, "61": 0.6384995579719543, "62": 0.6512787342071533, "63": 0.6338587999343872, "64": 0.6393673419952393, "65": 0.6539551615715027, "66": 0.6325087547302246, "67": 0.6518849730491638, "68": 0.6571794152259827, "69": 0.6212628483772278, "70": 0.6529083251953125, "71": 0.6286885738372803, "72": 0.6613633036613464, "73": 0.6579921841621399, "74": 0.6446486115455627, "75": 0.6532973647117615, "76": 0.6493217349052429, "77": 0.6539674997329712, "78": 0.6340804696083069, "79": 0.6395339369773865, "80": 0.6446252465248108}