{"1": 0.5357206463813782, "2": 0.5227028727531433, "3": 0.5946642756462097, "4": 0.5808446407318115, "5": 0.5829183459281921, "6": 0.5968706607818604, "7": 0.5849614143371582, "8": 0.602466344833374, "9": 0.5654780864715576, "10": 0.610903799533844, "11": 0.5635413527488708, "12": 0.6117743849754333, "13": 0.5847987532615662, "14": 0.6058278679847717, "15": 0.592155396938324, "16": 0.5823745131492615, "17": 0.5999935269355774, "18": 0.6006268262863159, "19": 0.5785531997680664, "20": 0.6013854742050171, "21": 0.5750882029533386, "22": 0.5863834023475647, "23": 0.5997840762138367, "24": 0.603229820728302, "25": 0.5901092886924744, "26": 0.5995230078697205, "27": 0.5946946144104004, "28": 0.591280460357666, "29": 0.5968441963195801, "30": 0.5954455733299255, "31": 0.5855913162231445, "32": 0.5884063243865967, "33": 0.5872477293014526, "34": 0.5982701182365417, "35": 0.5813639163970947, "36": 0.5787718892097473, "37": 0.5903258323669434, "38": 0.605144202709198, "39": 0.5792898535728455, "40": 0.6116492748260498, "41": 0.5948176980018616, "42": 0.5909890532493591, "43": 0.5914257168769836, "44": 0.5967767834663391, "45": 0.586270809173584, "46": 0.5929937958717346, "47": 0.6007784008979797, "48": 0.5798271894454956, "49": 0.5696716904640198, "50": 0.6037494540214539, "51": 0.5889655947685242, "52": 0.5866286754608154, "53": 0.5957613587379456, "54": 0.5939511656761169, "55": 0.5860075354576111, "56": 0.5985590815544128, "57": 0.5713277459144592, "58": 0.5989446043968201, "59": 0.5803218483924866, "60": 0.6152788400650024, "61": 0.5932461619377136, "62": 0.5961341857910156, "63": 0.5970609188079834, "64": 0.6034640669822693, "65": 0.5781283378601074, "66": 0.5961854457855225, "67": 0.5707093477249146, "68": 0.6038967967033386, "69": 0.5906641483306885, "70": 0.5835161209106445, "71": 0.582023561000824, "72": 0.5970485806465149, "73": 0.5872557759284973, "74": 0.5932889580726624, "75": 0.5963879227638245, "76": 0.5969856381416321, "77": 0.590043306350708, "78": 0.585929811000824, "79": 0.58860844373703, "80": 0.5671892762184143}