{"1": 0.4771250784397125, "2": 0.5584970712661743, "3": 0.5729286074638367, "4": 0.5443608164787292, "5": 0.5515821576118469, "6": 0.5381430983543396, "7": 0.537451446056366, "8": 0.5560367703437805, "9": 0.5329095721244812, "10": 0.5660266876220703, "11": 0.5449787974357605, "12": 0.5501598715782166, "13": 0.5397416949272156, "14": 0.5572424530982971, "15": 0.5341307520866394, "16": 0.5633783936500549, "17": 0.5565807223320007, "18": 0.5485718250274658, "19": 0.5491839647293091, "20": 0.544240415096283, "21": 0.5487849116325378, "22": 0.5573739409446716, "23": 0.5423323512077332, "24": 0.5364391207695007, "25": 0.5275070071220398, "26": 0.5273036360740662, "27": 0.5442091822624207, "28": 0.5433369278907776, "29": 0.5286211371421814, "30": 0.5364251136779785, "31": 0.5501005053520203, "32": 0.541642427444458, "33": 0.5392046570777893, "34": 0.5164426565170288, "35": 0.5487284660339355, "36": 0.5471327900886536, "37": 0.5437601208686829, "38": 0.5173465609550476, "39": 0.5429622530937195, "40": 0.527890682220459, "41": 0.5411148071289062, "42": 0.5455237030982971, "43": 0.5303389430046082, "44": 0.537044107913971, "45": 0.5486888885498047, "46": 0.5465558171272278, "47": 0.5459745526313782, "48": 0.5185032486915588, "49": 0.5259923338890076, "50": 0.535118579864502, "51": 0.5423958897590637, "52": 0.5314492583274841, "53": 0.5408510565757751, "54": 0.516291618347168, "55": 0.5587928891181946, "56": 0.51772540807724, "57": 0.5269043445587158, "58": 0.54410320520401, "59": 0.5137474536895752, "60": 0.5367075800895691, "61": 0.5380313396453857, "62": 0.5238549709320068, "63": 0.5063738822937012, "64": 0.5148594975471497, "65": 0.5247246026992798, "66": 0.5284880995750427, "67": 0.5246605277061462, "68": 0.5263497829437256, "69": 0.5149607062339783, "70": 0.532870352268219, "71": 0.527816116809845, "72": 0.5447831749916077, "73": 0.5403828620910645, "74": 0.546151876449585, "75": 0.5255498886108398, "76": 0.5358428955078125, "77": 0.5255205035209656, "78": 0.5515745878219604, "79": 0.5339335799217224, "80": 0.5436587929725647}