{"1": 0.5309029817581177, "2": 0.5242830514907837, "3": 0.5254008769989014, "4": 0.4804465174674988, "5": 0.5139344930648804, "6": 0.5026537179946899, "7": 0.49306049942970276, "8": 0.48792457580566406, "9": 0.5421136617660522, "10": 0.5314961671829224, "11": 0.5828835368156433, "12": 0.6178601980209351, "13": 0.5828886032104492, "14": 0.6162363886833191, "15": 0.666995108127594, "16": 0.6365901231765747, "17": 0.6262540817260742, "18": 0.6834494471549988, "19": 0.6977976560592651, "20": 0.7163702249526978, "21": 0.7559752464294434, "22": 0.732405424118042, "23": 0.8128771781921387, "24": 0.7000693082809448, "25": 0.7646161317825317, "26": 0.8850938081741333, "27": 0.7873519659042358, "28": 0.8472223281860352, "29": 0.9286727905273438, "30": 0.894370436668396, "31": 0.8968055844306946, "32": 0.9057340621948242, "33": 0.9555763006210327, "34": 0.9411829113960266, "35": 0.9346786737442017, "36": 0.8746263384819031, "37": 0.9086370468139648, "38": 0.9779068231582642, "39": 0.8074823617935181, "40": 0.8617924451828003, "41": 0.877072811126709, "42": 0.9117136001586914, "43": 0.9246471524238586, "44": 0.9617961049079895, "45": 1.0058658123016357, "46": 0.9171722531318665, "47": 1.002142310142517, "48": 0.9674566388130188, "49": 0.9660131335258484, "50": 1.0424017906188965, "51": 1.0075428485870361, "52": 1.0375826358795166, "53": 1.0789880752563477, "54": 1.0686149597167969, "55": 0.9682165384292603, "56": 1.0747649669647217, "57": 1.0789486169815063, "58": 1.2996259927749634, "59": 0.9905712008476257, "60": 0.8883662223815918, "61": 1.0468502044677734, "62": 1.0545542240142822, "63": 1.0778350830078125, "64": 1.117720365524292, "65": 1.0976581573486328, "66": 1.1657062768936157, "67": 1.1284722089767456, "68": 1.1226762533187866, "69": 1.1803034543991089, "70": 1.116268515586853, "71": 1.1973243951797485, "72": 1.1628838777542114, "73": 1.1560876369476318, "74": 1.1655550003051758, "75": 1.154898762702942, "76": 1.1279897689819336, "77": 1.1357688903808594, "78": 1.1338385343551636, "79": 1.146943211555481, "80": 1.1823210716247559}