{"1": 0.6507853865623474, "2": 0.7519140839576721, "3": 0.7623071670532227, "4": 0.7600952982902527, "5": 0.7709106802940369, "6": 0.7686843276023865, "7": 0.7735221982002258, "8": 0.7923963665962219, "9": 0.7625296711921692, "10": 0.7949561476707458, "11": 0.7790477871894836, "12": 0.7874067425727844, "13": 0.7821946740150452, "14": 0.7908718585968018, "15": 0.7667081952095032, "16": 0.8082152009010315, "17": 0.8090444207191467, "18": 0.7913445830345154, "19": 0.7986781597137451, "20": 0.7904080748558044, "21": 0.799177348613739, "22": 0.7908787727355957, "23": 0.7928926348686218, "24": 0.7974889278411865, "25": 0.7925383448600769, "26": 0.7799966335296631, "27": 0.7973503470420837, "28": 0.7939556241035461, "29": 0.7770566940307617, "30": 0.7837672829627991, "31": 0.7905939221382141, "32": 0.7904956936836243, "33": 0.7905506491661072, "34": 0.7571075558662415, "35": 0.8005785942077637, "36": 0.7976719737052917, "37": 0.7883339524269104, "38": 0.7628839015960693, "39": 0.7762587070465088, "40": 0.7753245830535889, "41": 0.7811086773872375, "42": 0.7898367047309875, "43": 0.7677047848701477, "44": 0.7912546992301941, "45": 0.7929288744926453, "46": 0.7899486422538757, "47": 0.7832526564598083, "48": 0.7682187557220459, "49": 0.7685545086860657, "50": 0.7829530239105225, "51": 0.7830991744995117, "52": 0.7780938148498535, "53": 0.7865456938743591, "54": 0.7676455974578857, "55": 0.7917039394378662, "56": 0.772367000579834, "57": 0.7670060992240906, "58": 0.7907149195671082, "59": 0.7762935757637024, "60": 0.7783439755439758, "61": 0.7881301045417786, "62": 0.7838391661643982, "63": 0.7652209401130676, "64": 0.7602145075798035, "65": 0.7757728695869446, "66": 0.7826002240180969, "67": 0.7750464081764221, "68": 0.7796618938446045, "69": 0.7603575587272644, "70": 0.7882540225982666, "71": 0.7648469805717468, "72": 0.7853917479515076, "73": 0.7779910564422607, "74": 0.7881937026977539, "75": 0.7638161182403564, "76": 0.7707871794700623, "77": 0.756618082523346, "78": 0.7943072319030762, "79": 0.7862369418144226, "80": 0.7843289971351624}