{"1": 0.5636369585990906, "2": 0.5624060034751892, "3": 0.5549452900886536, "4": 0.5969057679176331, "5": 0.5865595936775208, "6": 0.6050723195075989, "7": 0.6225912570953369, "8": 0.64019376039505, "9": 0.6170315742492676, "10": 0.6283783912658691, "11": 0.6218020915985107, "12": 0.6188287734985352, "13": 0.6275210380554199, "14": 0.6275286674499512, "15": 0.6165012717247009, "16": 0.6260213851928711, "17": 0.6385672688484192, "18": 0.6155110001564026, "19": 0.6288607120513916, "20": 0.6179750561714172, "21": 0.6031355261802673, "22": 0.6257585883140564, "23": 0.6045165657997131, "24": 0.6287019848823547, "25": 0.6226373314857483, "26": 0.5940666794776917, "27": 0.6229881644248962, "28": 0.6062042117118835, "29": 0.5828016400337219, "30": 0.6121349930763245, "31": 0.5990988612174988, "32": 0.5967054963111877, "33": 0.5990425944328308, "34": 0.6024835705757141, "35": 0.5990903973579407, "36": 0.6188941597938538, "37": 0.6062538623809814, "38": 0.5924612879753113, "39": 0.6182155013084412, "40": 0.6047828793525696, "41": 0.614773154258728, "42": 0.6100704669952393, "43": 0.6144114136695862, "44": 0.6045634746551514, "45": 0.593974769115448, "46": 0.6199331879615784, "47": 0.5929869413375854, "48": 0.6123943328857422, "49": 0.6049971580505371, "50": 0.5973452925682068, "51": 0.605032205581665, "52": 0.5998225808143616, "53": 0.5950331091880798, "54": 0.5991392731666565, "55": 0.6162202954292297, "56": 0.5968208909034729, "57": 0.6003859639167786, "58": 0.5609822869300842, "59": 0.5881494283676147, "60": 0.6097509264945984, "61": 0.5943481922149658, "62": 0.5866634845733643, "63": 0.6004737019538879, "64": 0.5886387228965759, "65": 0.5993301868438721, "66": 0.5820999145507812, "67": 0.5936433672904968, "68": 0.5937520265579224, "69": 0.5765944123268127, "70": 0.5957796573638916, "71": 0.5799725651741028, "72": 0.5910820364952087, "73": 0.5946738123893738, "74": 0.5944143533706665, "75": 0.5954527258872986, "76": 0.6036044955253601, "77": 0.5915992259979248, "78": 0.5976554751396179, "79": 0.6025588512420654, "80": 0.5987966656684875}