{"1": 0.5439475774765015, "2": 0.5535345673561096, "3": 0.47859495878219604, "4": 0.5036388635635376, "5": 0.5235047340393066, "6": 0.522598385810852, "7": 0.5886275172233582, "8": 0.5474339723587036, "9": 0.6944639086723328, "10": 0.6072460412979126, "11": 0.7557148337364197, "12": 0.6216312646865845, "13": 0.7718284726142883, "14": 0.7528408169746399, "15": 0.7995682954788208, "16": 0.7885137796401978, "17": 0.7544673681259155, "18": 0.7882787585258484, "19": 0.8519776463508606, "20": 0.8338762521743774, "21": 0.8915907740592957, "22": 0.8531886339187622, "23": 0.8704233169555664, "24": 0.8489858508110046, "25": 0.8409332036972046, "26": 0.9169080853462219, "27": 0.9137436151504517, "28": 0.9588298797607422, "29": 0.9332938194274902, "30": 0.9212601780891418, "31": 1.0074899196624756, "32": 0.9113265872001648, "33": 0.9866195917129517, "34": 1.0310574769973755, "35": 1.029097557067871, "36": 1.0276371240615845, "37": 1.0541088581085205, "38": 1.0131027698516846, "39": 1.1036200523376465, "40": 0.9530429840087891, "41": 1.0431491136550903, "42": 1.005112886428833, "43": 1.0544100999832153, "44": 1.0409311056137085, "45": 1.0990889072418213, "46": 1.0416252613067627, "47": 1.0683085918426514, "48": 1.0937328338623047, "49": 1.2161929607391357, "50": 1.0758768320083618, "51": 1.1385619640350342, "52": 1.1555166244506836, "53": 1.1433106660842896, "54": 1.140059232711792, "55": 1.1932785511016846, "56": 1.1238937377929688, "57": 1.1991894245147705, "58": 1.1603673696517944, "59": 1.1793906688690186, "60": 1.1419042348861694, "61": 1.1052038669586182, "62": 1.2282426357269287, "63": 1.0951638221740723, "64": 1.1383981704711914, "65": 1.232829213142395, "66": 1.1338493824005127, "67": 1.2458021640777588, "68": 1.1660000085830688, "69": 1.1561946868896484, "70": 1.161369800567627, "71": 1.2535635232925415, "72": 1.1073848009109497, "73": 1.2337396144866943, "74": 1.161677360534668, "75": 1.2426600456237793, "76": 1.2382266521453857, "77": 1.1672521829605103, "78": 1.1632505655288696, "79": 1.152716875076294, "80": 1.2961013317108154}