{"1": 0.5368107557296753, "2": 0.5295655727386475, "3": 0.5341192483901978, "4": 0.49235963821411133, "5": 0.526969313621521, "6": 0.517772912979126, "7": 0.503341019153595, "8": 0.5021057724952698, "9": 0.5632239580154419, "10": 0.5488260984420776, "11": 0.6082844138145447, "12": 0.6357859969139099, "13": 0.6158715486526489, "14": 0.6387097835540771, "15": 0.6937644481658936, "16": 0.6558940410614014, "17": 0.6487644910812378, "18": 0.7153283357620239, "19": 0.7149957418441772, "20": 0.7362173795700073, "21": 0.7803472280502319, "22": 0.7463371157646179, "23": 0.825493335723877, "24": 0.7309601902961731, "25": 0.7820932269096375, "26": 0.8982937932014465, "27": 0.7980384826660156, "28": 0.862716555595398, "29": 0.9486500024795532, "30": 0.8822628855705261, "31": 0.9259431958198547, "32": 0.9352792501449585, "33": 0.9779451489448547, "34": 0.9612334370613098, "35": 0.9564481973648071, "36": 0.8835075497627258, "37": 0.9268856048583984, "38": 1.0033073425292969, "39": 0.8122577667236328, "40": 0.9008078575134277, "41": 0.8897562026977539, "42": 0.9207202196121216, "43": 0.926500678062439, "44": 0.970340371131897, "45": 1.0192753076553345, "46": 0.918160617351532, "47": 1.005859613418579, "48": 0.9811416864395142, "49": 0.9778359532356262, "50": 1.0509037971496582, "51": 1.028908371925354, "52": 1.0433706045150757, "53": 1.099714756011963, "54": 1.0809370279312134, "55": 0.9693655967712402, "56": 1.065854787826538, "57": 1.0866340398788452, "58": 1.3111921548843384, "59": 1.0316277742385864, "60": 0.9017325639724731, "61": 1.0614292621612549, "62": 1.0674517154693604, "63": 1.0848867893218994, "64": 1.1319243907928467, "65": 1.107193112373352, "66": 1.1812784671783447, "67": 1.149970293045044, "68": 1.1307910680770874, "69": 1.1995079517364502, "70": 1.1232709884643555, "71": 1.206176519393921, "72": 1.1789758205413818, "73": 1.1492867469787598, "74": 1.166991114616394, "75": 1.1670105457305908, "76": 1.116429090499878, "77": 1.1545544862747192, "78": 1.1344102621078491, "79": 1.1451281309127808, "80": 1.181471586227417}