{"1": 0.6331431269645691, "2": 0.6381705403327942, "3": 0.6706651449203491, "4": 0.6181052923202515, "5": 0.6627944707870483, "6": 0.6744769811630249, "7": 0.5932573080062866, "8": 0.6331509947776794, "9": 0.6693006753921509, "10": 0.6998363733291626, "11": 0.6826790571212769, "12": 0.7495085000991821, "13": 0.7583556175231934, "14": 0.798471212387085, "15": 0.7428675889968872, "16": 0.7557992339134216, "17": 0.892468273639679, "18": 0.8530821800231934, "19": 0.8030992746353149, "20": 0.8465880155563354, "21": 0.8135861158370972, "22": 0.8640105128288269, "23": 0.8674873113632202, "24": 0.8731180429458618, "25": 0.9213646054267883, "26": 0.9164352416992188, "27": 0.9563524127006531, "28": 0.9296005964279175, "29": 0.9432274103164673, "30": 0.9807516932487488, "31": 1.01092529296875, "32": 0.9718257188796997, "33": 1.0692474842071533, "34": 1.0066170692443848, "35": 0.9945595860481262, "36": 0.997153103351593, "37": 1.0727782249450684, "38": 1.0035431385040283, "39": 0.9343226552009583, "40": 1.0570857524871826, "41": 1.0469242334365845, "42": 1.0028423070907593, "43": 0.849554181098938, "44": 0.9159297943115234, "45": 1.017390489578247, "46": 0.8911586999893188, "47": 0.9111284017562866, "48": 0.998055636882782, "49": 1.0140963792800903, "50": 1.0520120859146118, "51": 1.0425617694854736, "52": 1.0709933042526245, "53": 1.0999168157577515, "54": 1.0637152194976807, "55": 0.9927725791931152, "56": 1.059358835220337, "57": 1.0548545122146606, "58": 1.1128290891647339, "59": 1.0714409351348877, "60": 1.145277500152588, "61": 1.1227596998214722, "62": 1.1144073009490967, "63": 1.0680537223815918, "64": 1.2810643911361694, "65": 1.1420247554779053, "66": 1.0827279090881348, "67": 1.1385027170181274, "68": 1.1583338975906372, "69": 1.2003504037857056, "70": 1.1995842456817627, "71": 1.1651291847229004, "72": 1.092616319656372, "73": 1.136227011680603, "74": 1.0805124044418335, "75": 1.2024643421173096, "76": 1.1264021396636963, "77": 1.1149165630340576, "78": 1.14358389377594, "79": 1.1692439317703247, "80": 1.1667516231536865}