{"1": 0.4772142171859741, "2": 0.49593400955200195, "3": 0.4788130223751068, "4": 0.5133105516433716, "5": 0.5102795958518982, "6": 0.5110297203063965, "7": 0.5488877892494202, "8": 0.5519517660140991, "9": 0.5375478863716125, "10": 0.537685215473175, "11": 0.561255693435669, "12": 0.539966881275177, "13": 0.5528895258903503, "14": 0.5534422993659973, "15": 0.5674917101860046, "16": 0.5743827223777771, "17": 0.5448682904243469, "18": 0.5593171119689941, "19": 0.5661188960075378, "20": 0.5641918182373047, "21": 0.5599116683006287, "22": 0.5601430535316467, "23": 0.5713277459144592, "24": 0.5756291747093201, "25": 0.5647369623184204, "26": 0.5746620297431946, "27": 0.5626489520072937, "28": 0.5658626556396484, "29": 0.5694738030433655, "30": 0.5699401497840881, "31": 0.5656223297119141, "32": 0.5680226683616638, "33": 0.5601145625114441, "34": 0.5793935060501099, "35": 0.5647683143615723, "36": 0.5669079422950745, "37": 0.5664190649986267, "38": 0.5796403884887695, "39": 0.5892026424407959, "40": 0.5754134058952332, "41": 0.5628388524055481, "42": 0.5654163956642151, "43": 0.5726808309555054, "44": 0.5633204579353333, "45": 0.5503971576690674, "46": 0.5649715065956116, "47": 0.5684046745300293, "48": 0.5595315098762512, "49": 0.5584072470664978, "50": 0.5567883849143982, "51": 0.5623378753662109, "52": 0.5645935535430908, "53": 0.563700795173645, "54": 0.5651735663414001, "55": 0.5799756050109863, "56": 0.5693098902702332, "57": 0.5645108222961426, "58": 0.5594605803489685, "59": 0.5691711902618408, "60": 0.560192883014679, "61": 0.5691198706626892, "62": 0.5679337978363037, "63": 0.57321697473526, "64": 0.5450198650360107, "65": 0.5597209930419922, "66": 0.5754746198654175, "67": 0.5700356364250183, "68": 0.5664492249488831, "69": 0.5676940083503723, "70": 0.5591431260108948, "71": 0.5755595564842224, "72": 0.58600252866745, "73": 0.5672048926353455, "74": 0.5662835240364075, "75": 0.5627189874649048, "76": 0.5664684176445007, "77": 0.5703115463256836, "78": 0.5688596963882446, "79": 0.5691785216331482, "80": 0.5710615515708923}