{"1": 0.544628918170929, "2": 0.5612627267837524, "3": 0.48508667945861816, "4": 0.50925612449646, "5": 0.5295869708061218, "6": 0.5237253904342651, "7": 0.5943597555160522, "8": 0.5506079792976379, "9": 0.7010196447372437, "10": 0.618434727191925, "11": 0.7680891752243042, "12": 0.6389391422271729, "13": 0.7735632061958313, "14": 0.7573452591896057, "15": 0.7978920936584473, "16": 0.8011749982833862, "17": 0.7535155415534973, "18": 0.8022878766059875, "19": 0.8550561666488647, "20": 0.8401241302490234, "21": 0.8932560086250305, "22": 0.8644307255744934, "23": 0.8719167709350586, "24": 0.8517473340034485, "25": 0.8424525260925293, "26": 0.922031581401825, "27": 0.9206565022468567, "28": 0.9706870913505554, "29": 0.9363271594047546, "30": 0.9247908592224121, "31": 1.014711618423462, "32": 0.9230443835258484, "33": 0.9831571578979492, "34": 1.0107405185699463, "35": 1.0195996761322021, "36": 1.0294307470321655, "37": 1.0457146167755127, "38": 1.0021024942398071, "39": 1.0899815559387207, "40": 0.9457209706306458, "41": 1.0425021648406982, "42": 0.997763454914093, "43": 1.0538219213485718, "44": 1.0308927297592163, "45": 1.1035321950912476, "46": 1.0481126308441162, "47": 1.0808236598968506, "48": 1.1100126504898071, "49": 1.2062304019927979, "50": 1.0822112560272217, "51": 1.1404696702957153, "52": 1.1510258913040161, "53": 1.1470476388931274, "54": 1.1485426425933838, "55": 1.1945008039474487, "56": 1.1275782585144043, "57": 1.2113630771636963, "58": 1.161513328552246, "59": 1.1796510219573975, "60": 1.141302227973938, "61": 1.1165173053741455, "62": 1.2140610218048096, "63": 1.1126331090927124, "64": 1.1373873949050903, "65": 1.2376587390899658, "66": 1.1400283575057983, "67": 1.2358204126358032, "68": 1.1513378620147705, "69": 1.146640658378601, "70": 1.1523469686508179, "71": 1.2472065687179565, "72": 1.0975382328033447, "73": 1.2284742593765259, "74": 1.1624735593795776, "75": 1.2382500171661377, "76": 1.2392470836639404, "77": 1.152320384979248, "78": 1.172869324684143, "79": 1.1547807455062866, "80": 1.298411250114441}