{"1": 0.6094638109207153, "2": 0.4924614429473877, "3": 0.4351786971092224, "4": 0.5055007338523865, "5": 0.49171119928359985, "6": 0.5413796305656433, "7": 0.6031694412231445, "8": 0.5422089695930481, "9": 0.6012900471687317, "10": 0.5455178022384644, "11": 0.6635571122169495, "12": 0.6525534987449646, "13": 0.6109790205955505, "14": 0.5920814871788025, "15": 0.6915335059165955, "16": 0.6761042475700378, "17": 0.609573245048523, "18": 0.6382978558540344, "19": 0.6689345836639404, "20": 0.7382620573043823, "21": 0.6819460988044739, "22": 0.6954759359359741, "23": 0.7293847799301147, "24": 0.7051900625228882, "25": 0.6667879223823547, "26": 0.7737746238708496, "27": 0.7352307438850403, "28": 0.743455708026886, "29": 0.7769177556037903, "30": 0.8005657196044922, "31": 0.8527746200561523, "32": 0.8106671571731567, "33": 0.7955095767974854, "34": 0.8863507509231567, "35": 0.7976118326187134, "36": 0.758675217628479, "37": 0.7403866052627563, "38": 0.8816221356391907, "39": 0.8407143354415894, "40": 0.8313288688659668, "41": 0.751845121383667, "42": 0.8682969212532043, "43": 0.8825352787971497, "44": 0.8022362589836121, "45": 0.8638602495193481, "46": 0.780698299407959, "47": 0.8966048955917358, "48": 0.9022750854492188, "49": 0.8556076884269714, "50": 0.8438392877578735, "51": 0.8970583081245422, "52": 0.8488960266113281, "53": 0.9088942408561707, "54": 0.9334526062011719, "55": 0.8558171391487122, "56": 0.9256399273872375, "57": 0.8889274597167969, "58": 0.911426842212677, "59": 0.8761547803878784, "60": 0.9110852479934692, "61": 0.8622580766677856, "62": 0.8297625780105591, "63": 0.9700073003768921, "64": 1.0699291229248047, "65": 0.9025343060493469, "66": 0.9317797422409058, "67": 0.9680219888687134, "68": 0.9378179311752319, "69": 1.029444932937622, "70": 1.0189416408538818, "71": 0.9914120435714722, "72": 0.984758198261261, "73": 0.9995496869087219, "74": 1.020697832107544, "75": 1.0493608713150024, "76": 1.0398280620574951, "77": 1.133913516998291, "78": 0.9198093414306641, "79": 1.0105183124542236, "80": 1.0627821683883667}