{"1": 0.6397578716278076, "2": 0.5478971600532532, "3": 0.5167794227600098, "4": 0.5799006223678589, "5": 0.5826956033706665, "6": 0.6533065438270569, "7": 0.7078717947006226, "8": 0.6563029885292053, "9": 0.7165566682815552, "10": 0.6706333160400391, "11": 0.7858797311782837, "12": 0.791847825050354, "13": 0.7807956337928772, "14": 0.7625380754470825, "15": 0.8408681154251099, "16": 0.8284223675727844, "17": 0.7955881357192993, "18": 0.8075100779533386, "19": 0.827709972858429, "20": 0.8935617208480835, "21": 0.8742639422416687, "22": 0.8527511358261108, "23": 0.9426368474960327, "24": 0.9273995161056519, "25": 0.9291647672653198, "26": 0.9833553433418274, "27": 0.9335705041885376, "28": 0.9241693615913391, "29": 0.9839463233947754, "30": 0.9977458119392395, "31": 0.9883174896240234, "32": 1.0310765504837036, "33": 1.0043357610702515, "34": 1.0889787673950195, "35": 0.97151118516922, "36": 1.0085458755493164, "37": 0.9494609832763672, "38": 1.0939728021621704, "39": 1.008617639541626, "40": 1.0286939144134521, "41": 0.9807935953140259, "42": 1.032059907913208, "43": 1.0572620630264282, "44": 1.0636879205703735, "45": 1.0469610691070557, "46": 1.029183268547058, "47": 1.0669610500335693, "48": 1.1183712482452393, "49": 1.0979820489883423, "50": 1.0691055059432983, "51": 1.0891246795654297, "52": 1.0988900661468506, "53": 1.0996445417404175, "54": 1.1396682262420654, "55": 1.0097484588623047, "56": 1.1686149835586548, "57": 1.0935308933258057, "58": 1.10489821434021, "59": 1.1360504627227783, "60": 1.1258639097213745, "61": 1.1182506084442139, "62": 1.1299216747283936, "63": 1.1785517930984497, "64": 1.2126319408416748, "65": 1.160853624343872, "66": 1.1634118556976318, "67": 1.2035211324691772, "68": 1.1721404790878296, "69": 1.2400672435760498, "70": 1.2507110834121704, "71": 1.2090013027191162, "72": 1.1870992183685303, "73": 1.1845786571502686, "74": 1.2340232133865356, "75": 1.2355780601501465, "76": 1.2228047847747803, "77": 1.2621275186538696, "78": 1.1513726711273193, "79": 1.2405160665512085, "80": 1.214260458946228}