{"1": 0.6713679432868958, "2": 0.7335544228553772, "3": 0.7060762047767639, "4": 0.7459657192230225, "5": 0.7495698928833008, "6": 0.759331464767456, "7": 0.7957627177238464, "8": 0.7919096350669861, "9": 0.7918470501899719, "10": 0.7789919376373291, "11": 0.7971333861351013, "12": 0.7814597487449646, "13": 0.7952277660369873, "14": 0.7912283539772034, "15": 0.8013737797737122, "16": 0.8039570450782776, "17": 0.7891642451286316, "18": 0.7953055500984192, "19": 0.7909682393074036, "20": 0.8081511855125427, "21": 0.7812768816947937, "22": 0.7944958806037903, "23": 0.8025158047676086, "24": 0.8084926009178162, "25": 0.7992263436317444, "26": 0.8113317489624023, "27": 0.7857392430305481, "28": 0.7996213436126709, "29": 0.805010974407196, "30": 0.8014917373657227, "31": 0.7936394810676575, "32": 0.7953954339027405, "33": 0.796830952167511, "34": 0.8072603344917297, "35": 0.7937487959861755, "36": 0.7961299419403076, "37": 0.7968075275421143, "38": 0.8046247959136963, "39": 0.8086783289909363, "40": 0.8010596632957458, "41": 0.7892065644264221, "42": 0.8010744452476501, "43": 0.7941831946372986, "44": 0.7958927154541016, "45": 0.7779985070228577, "46": 0.79728764295578, "47": 0.7975093722343445, "48": 0.7901824116706848, "49": 0.7886386513710022, "50": 0.7899648547172546, "51": 0.7882665991783142, "52": 0.7952439785003662, "53": 0.7927117347717285, "54": 0.7875400185585022, "55": 0.8102045655250549, "56": 0.7982410788536072, "57": 0.7968012690544128, "58": 0.7886390686035156, "59": 0.793039083480835, "60": 0.7913486361503601, "61": 0.7951657772064209, "62": 0.7973437309265137, "63": 0.7987697124481201, "64": 0.7859166264533997, "65": 0.7892882227897644, "66": 0.8003228306770325, "67": 0.7999466061592102, "68": 0.7970989346504211, "69": 0.7951407432556152, "70": 0.7852203845977783, "71": 0.8010494112968445, "72": 0.8095306754112244, "73": 0.7921541333198547, "74": 0.7972257733345032, "75": 0.8004184365272522, "76": 0.7909939885139465, "77": 0.7950634956359863, "78": 0.790818989276886, "79": 0.7950325012207031, "80": 0.7911086082458496}