{"1": 0.5191516876220703, "2": 0.511861264705658, "3": 0.5154761075973511, "4": 0.4713236689567566, "5": 0.49931949377059937, "6": 0.48581743240356445, "7": 0.4793132245540619, "8": 0.47397279739379883, "9": 0.5273666381835938, "10": 0.5229204297065735, "11": 0.5745505094528198, "12": 0.5940405130386353, "13": 0.5540884733200073, "14": 0.5888141393661499, "15": 0.6418548226356506, "16": 0.6145349144935608, "17": 0.5930371880531311, "18": 0.6561363339424133, "19": 0.6670652627944946, "20": 0.6838524341583252, "21": 0.7230087518692017, "22": 0.7118046879768372, "23": 0.7764541506767273, "24": 0.6653858423233032, "25": 0.7441110610961914, "26": 0.8563148379325867, "27": 0.7570550441741943, "28": 0.8067499995231628, "29": 0.8889478445053101, "30": 0.8607003092765808, "31": 0.8641512989997864, "32": 0.8721170425415039, "33": 0.9133533239364624, "34": 0.9080289602279663, "35": 0.8885335922241211, "36": 0.8358422517776489, "37": 0.8710624575614929, "38": 0.9411441683769226, "39": 0.7744301557540894, "40": 0.8297557830810547, "41": 0.8324772119522095, "42": 0.8626386523246765, "43": 0.8867895007133484, "44": 0.9171371459960938, "45": 0.9604181051254272, "46": 0.8861095309257507, "47": 0.9634525179862976, "48": 0.939085841178894, "49": 0.9245174527168274, "50": 0.9903311729431152, "51": 0.975200355052948, "52": 1.017656683921814, "53": 1.0594842433929443, "54": 1.04775071144104, "55": 0.9296455383300781, "56": 1.0528178215026855, "57": 1.0542360544204712, "58": 1.2739951610565186, "59": 0.9514766931533813, "60": 0.866967499256134, "61": 1.0108668804168701, "62": 1.007336139678955, "63": 1.0367196798324585, "64": 1.0746136903762817, "65": 1.0495549440383911, "66": 1.1287251710891724, "67": 1.0852110385894775, "68": 1.0831120014190674, "69": 1.1444084644317627, "70": 1.0778740644454956, "71": 1.1675875186920166, "72": 1.1340086460113525, "73": 1.1196229457855225, "74": 1.1344889402389526, "75": 1.1220310926437378, "76": 1.1150084733963013, "77": 1.1147419214248657, "78": 1.1093876361846924, "79": 1.1301177740097046, "80": 1.146715521812439}