{"1": 0.5408551692962646, "2": 0.5464931726455688, "3": 0.4733630120754242, "4": 0.49935469031333923, "5": 0.516746997833252, "6": 0.5111992359161377, "7": 0.5848016142845154, "8": 0.5407514572143555, "9": 0.6810868382453918, "10": 0.601835310459137, "11": 0.7472492456436157, "12": 0.6140291690826416, "13": 0.7646457552909851, "14": 0.7483545541763306, "15": 0.7926806211471558, "16": 0.793881893157959, "17": 0.7458489537239075, "18": 0.8010627627372742, "19": 0.8502062559127808, "20": 0.8262001276016235, "21": 0.8823059797286987, "22": 0.8455516695976257, "23": 0.8480361104011536, "24": 0.8354136347770691, "25": 0.8359335660934448, "26": 0.9214246869087219, "27": 0.9029048681259155, "28": 0.9637223482131958, "29": 0.9181130528450012, "30": 0.9089702367782593, "31": 0.9969056844711304, "32": 0.9091253280639648, "33": 0.9734613299369812, "34": 1.0193231105804443, "35": 1.0281131267547607, "36": 1.0167920589447021, "37": 1.0520118474960327, "38": 1.0086256265640259, "39": 1.0949079990386963, "40": 0.9349284172058105, "41": 1.0251065492630005, "42": 0.9952735900878906, "43": 1.0324842929840088, "44": 1.0455992221832275, "45": 1.0969022512435913, "46": 1.028322458267212, "47": 1.0678770542144775, "48": 1.0696017742156982, "49": 1.1773738861083984, "50": 1.0419858694076538, "51": 1.1140923500061035, "52": 1.1332318782806396, "53": 1.1278648376464844, "54": 1.1315817832946777, "55": 1.1763153076171875, "56": 1.1151586771011353, "57": 1.1888889074325562, "58": 1.150805115699768, "59": 1.1592204570770264, "60": 1.130814790725708, "61": 1.086439609527588, "62": 1.2199825048446655, "63": 1.085853099822998, "64": 1.124930739402771, "65": 1.240110158920288, "66": 1.1348276138305664, "67": 1.2272651195526123, "68": 1.13651442527771, "69": 1.1453745365142822, "70": 1.1259642839431763, "71": 1.2315852642059326, "72": 1.0870615243911743, "73": 1.2114874124526978, "74": 1.1354920864105225, "75": 1.224852204322815, "76": 1.2217516899108887, "77": 1.1656125783920288, "78": 1.1254581212997437, "79": 1.1473846435546875, "80": 1.260927677154541}