{"1": 0.5886598825454712, "2": 0.6073938608169556, "3": 0.5881041288375854, "4": 0.6215660572052002, "5": 0.6291002631187439, "6": 0.6186915040016174, "7": 0.6417632102966309, "8": 0.6446065306663513, "9": 0.6291013360023499, "10": 0.6486715078353882, "11": 0.6456356644630432, "12": 0.6422907710075378, "13": 0.6554071307182312, "14": 0.6530211567878723, "15": 0.6668344140052795, "16": 0.6683883666992188, "17": 0.6431596875190735, "18": 0.6575347781181335, "19": 0.6598353385925293, "20": 0.6586155891418457, "21": 0.6549023389816284, "22": 0.652125358581543, "23": 0.6725471615791321, "24": 0.6758579611778259, "25": 0.6604717969894409, "26": 0.6778819561004639, "27": 0.6520382761955261, "28": 0.6612241268157959, "29": 0.6665402054786682, "30": 0.6660332679748535, "31": 0.6671655774116516, "32": 0.6628879904747009, "33": 0.6595274806022644, "34": 0.6892240047454834, "35": 0.6573252081871033, "36": 0.6653919816017151, "37": 0.6617425680160522, "38": 0.6763237118721008, "39": 0.6813397407531738, "40": 0.6736235022544861, "41": 0.6596904397010803, "42": 0.6634456515312195, "43": 0.6706272959709167, "44": 0.6533763408660889, "45": 0.6556389927864075, "46": 0.6717873215675354, "47": 0.6628718972206116, "48": 0.6630290150642395, "49": 0.6594145894050598, "50": 0.6592403650283813, "51": 0.662144124507904, "52": 0.6673467755317688, "53": 0.6719357371330261, "54": 0.6628174781799316, "55": 0.684086263179779, "56": 0.6775950789451599, "57": 0.6625949740409851, "58": 0.6594300270080566, "59": 0.6694623827934265, "60": 0.6587116718292236, "61": 0.6719493269920349, "62": 0.6644503474235535, "63": 0.6777918338775635, "64": 0.6491560935974121, "65": 0.6627157330513, "66": 0.66916823387146, "67": 0.6692982316017151, "68": 0.666715145111084, "69": 0.6716386675834656, "70": 0.6626344323158264, "71": 0.6781191825866699, "72": 0.6864447593688965, "73": 0.6566174030303955, "74": 0.6647530794143677, "75": 0.6653742790222168, "76": 0.6613414883613586, "77": 0.6654767990112305, "78": 0.6647334098815918, "79": 0.6636959910392761, "80": 0.6673147082328796}