{"1": 0.5584379434585571, "2": 0.5108007192611694, "3": 0.5367546677589417, "4": 0.4834809899330139, "5": 0.5151456594467163, "6": 0.5166047811508179, "7": 0.4350365698337555, "8": 0.4607114791870117, "9": 0.484365850687027, "10": 0.53410404920578, "11": 0.4974789619445801, "12": 0.5683549642562866, "13": 0.5717612504959106, "14": 0.5896588563919067, "15": 0.5704227089881897, "16": 0.5540202260017395, "17": 0.6767517924308777, "18": 0.6338200569152832, "19": 0.6137694716453552, "20": 0.6480759382247925, "21": 0.6325669288635254, "22": 0.6735622882843018, "23": 0.6652477979660034, "24": 0.6637654304504395, "25": 0.7031558752059937, "26": 0.6893473863601685, "27": 0.75213223695755, "28": 0.7059947848320007, "29": 0.7351832985877991, "30": 0.7562171816825867, "31": 0.8162223100662231, "32": 0.739835262298584, "33": 0.8414627313613892, "34": 0.8075470924377441, "35": 0.7728209495544434, "36": 0.7853482365608215, "37": 0.8339940905570984, "38": 0.8001602292060852, "39": 0.7432286739349365, "40": 0.8496267199516296, "41": 0.8445649147033691, "42": 0.7887206077575684, "43": 0.6867960095405579, "44": 0.6827364563941956, "45": 0.8504952192306519, "46": 0.6859661340713501, "47": 0.694377601146698, "48": 0.7703979015350342, "49": 0.7795490026473999, "50": 0.8046633005142212, "51": 0.8069314956665039, "52": 0.8166345357894897, "53": 0.8508198857307434, "54": 0.8291939496994019, "55": 0.7702411413192749, "56": 0.8467276692390442, "57": 0.8102248311042786, "58": 0.8685377836227417, "59": 0.8582922220230103, "60": 0.8877137303352356, "61": 0.9069917798042297, "62": 0.8618232011795044, "63": 0.8507720828056335, "64": 1.0026140213012695, "65": 0.9209786653518677, "66": 0.8419426083564758, "67": 0.8893791437149048, "68": 0.9070523381233215, "69": 0.9675105810165405, "70": 0.9826927185058594, "71": 0.9361881017684937, "72": 0.8871184587478638, "73": 0.9205682873725891, "74": 0.8815240859985352, "75": 0.9570590853691101, "76": 0.9121137857437134, "77": 0.9123531579971313, "78": 0.9450820088386536, "79": 0.953829288482666, "80": 0.9752196073532104}