{"1": 0.6278334856033325, "2": 0.5115283727645874, "3": 0.4707636833190918, "4": 0.5298558473587036, "5": 0.5222490429878235, "6": 0.5880368947982788, "7": 0.6301005482673645, "8": 0.583518385887146, "9": 0.6303329467773438, "10": 0.5760518312454224, "11": 0.6839620471000671, "12": 0.6783300638198853, "13": 0.6480529308319092, "14": 0.6371427774429321, "15": 0.7326703071594238, "16": 0.7143734097480774, "17": 0.6599171161651611, "18": 0.6749594211578369, "19": 0.6988407373428345, "20": 0.7762746810913086, "21": 0.7262531518936157, "22": 0.7251530289649963, "23": 0.7822750210762024, "24": 0.7626490592956543, "25": 0.7261415123939514, "26": 0.8243612051010132, "27": 0.7684673070907593, "28": 0.7756584882736206, "29": 0.8293453454971313, "30": 0.845779538154602, "31": 0.8674958944320679, "32": 0.8536615371704102, "33": 0.8604854345321655, "34": 0.9312334060668945, "35": 0.8468829393386841, "36": 0.8169615864753723, "37": 0.8016816973686218, "38": 0.9276175498962402, "39": 0.891168475151062, "40": 0.8805069923400879, "41": 0.8201388120651245, "42": 0.9109638929367065, "43": 0.9150514602661133, "44": 0.8773283958435059, "45": 0.914089024066925, "46": 0.8572471737861633, "47": 0.9432477951049805, "48": 0.9709871411323547, "49": 0.9233735203742981, "50": 0.9075511693954468, "51": 0.9500218629837036, "52": 0.9211813807487488, "53": 0.942251980304718, "54": 0.9754842519760132, "55": 0.8940708041191101, "56": 0.963793933391571, "57": 0.9428757429122925, "58": 0.9499456286430359, "59": 0.9758952260017395, "60": 0.9789152145385742, "61": 0.9583418965339661, "62": 0.9327394366264343, "63": 1.0395569801330566, "64": 1.1070436239242554, "65": 0.9732702374458313, "66": 0.9997188448905945, "67": 1.0347572565078735, "68": 1.0004161596298218, "69": 1.0805517435073853, "70": 1.074264407157898, "71": 1.0448224544525146, "72": 1.0453178882598877, "73": 1.0579817295074463, "74": 1.080472707748413, "75": 1.1067116260528564, "76": 1.108923077583313, "77": 1.1572169065475464, "78": 0.9953166246414185, "79": 1.0899330377578735, "80": 1.109061360359192}