{"1": 0.6726357340812683, "2": 0.6702896952629089, "3": 0.7328842282295227, "4": 0.7236378788948059, "5": 0.729397714138031, "6": 0.7663447856903076, "7": 0.736866295337677, "8": 0.7557168006896973, "9": 0.7266936302185059, "10": 0.7639508247375488, "11": 0.7167404294013977, "12": 0.7590076327323914, "13": 0.7369605898857117, "14": 0.767707884311676, "15": 0.74241042137146, "16": 0.7294133305549622, "17": 0.7437931895256042, "18": 0.7534807324409485, "19": 0.7295058369636536, "20": 0.7610710263252258, "21": 0.72649747133255, "22": 0.7342689037322998, "23": 0.7540225982666016, "24": 0.7555913925170898, "25": 0.7319667935371399, "26": 0.7555317878723145, "27": 0.7435517311096191, "28": 0.7528483271598816, "29": 0.7528005242347717, "30": 0.7525694370269775, "31": 0.7412827610969543, "32": 0.7339510321617126, "33": 0.734776496887207, "34": 0.7454467415809631, "35": 0.7232771515846252, "36": 0.7291388511657715, "37": 0.7405028343200684, "38": 0.7554250359535217, "39": 0.729793131351471, "40": 0.7567808032035828, "41": 0.7497099041938782, "42": 0.7441208362579346, "43": 0.7367028594017029, "44": 0.7487316131591797, "45": 0.73581862449646, "46": 0.7502134442329407, "47": 0.7420709729194641, "48": 0.732130229473114, "49": 0.7279152274131775, "50": 0.7563806176185608, "51": 0.7421726584434509, "52": 0.7362184524536133, "53": 0.7443973422050476, "54": 0.7447883486747742, "55": 0.7347273826599121, "56": 0.7498084902763367, "57": 0.7278897166252136, "58": 0.7498504519462585, "59": 0.727084219455719, "60": 0.7631325125694275, "61": 0.7350139617919922, "62": 0.7520456910133362, "63": 0.754327118396759, "64": 0.7541068196296692, "65": 0.7276091575622559, "66": 0.737419068813324, "67": 0.7133612632751465, "68": 0.7610570788383484, "69": 0.7294094562530518, "70": 0.7299880981445312, "71": 0.7298398017883301, "72": 0.7358980178833008, "73": 0.73650723695755, "74": 0.7328424453735352, "75": 0.7489487528800964, "76": 0.749932587146759, "77": 0.7346880435943604, "78": 0.726532518863678, "79": 0.7379125952720642, "80": 0.715576171875}