{"1": 0.6197553277015686, "2": 0.6487246155738831, "3": 0.6280445456504822, "4": 0.6604798436164856, "5": 0.6665528416633606, "6": 0.6633527874946594, "7": 0.6878306865692139, "8": 0.6899151802062988, "9": 0.6753490567207336, "10": 0.6877927780151367, "11": 0.6927147507667542, "12": 0.6828017234802246, "13": 0.6999947428703308, "14": 0.6966555714607239, "15": 0.7086753845214844, "16": 0.7134213447570801, "17": 0.6878554821014404, "18": 0.7035391926765442, "19": 0.7066984176635742, "20": 0.7114121317863464, "21": 0.6950631141662598, "22": 0.7034557461738586, "23": 0.7153215408325195, "24": 0.7245499491691589, "25": 0.7065320014953613, "26": 0.7220286726951599, "27": 0.6963079571723938, "28": 0.7012161612510681, "29": 0.7112846374511719, "30": 0.7105490565299988, "31": 0.7118320465087891, "32": 0.7031075358390808, "33": 0.7082948684692383, "34": 0.7301232218742371, "35": 0.703978955745697, "36": 0.7083724141120911, "37": 0.708009660243988, "38": 0.7244871258735657, "39": 0.7281265258789062, "40": 0.7222414612770081, "41": 0.7029792666435242, "42": 0.7079944014549255, "43": 0.7128624320030212, "44": 0.6979894042015076, "45": 0.6988294124603271, "46": 0.7132036089897156, "47": 0.7089824676513672, "48": 0.7059102058410645, "49": 0.7010015845298767, "50": 0.701784610748291, "51": 0.7054827809333801, "52": 0.7093782424926758, "53": 0.7138932347297668, "54": 0.7035706639289856, "55": 0.727757453918457, "56": 0.7190103530883789, "57": 0.7019338607788086, "58": 0.7027196288108826, "59": 0.7098898887634277, "60": 0.7005015015602112, "61": 0.7144821286201477, "62": 0.7074000835418701, "63": 0.7165300250053406, "64": 0.6941258311271667, "65": 0.7017464637756348, "66": 0.7166704535484314, "67": 0.7111303210258484, "68": 0.709571123123169, "69": 0.7121651768684387, "70": 0.7028173804283142, "71": 0.7198768258094788, "72": 0.7285981178283691, "73": 0.7016639709472656, "74": 0.7075333595275879, "75": 0.7090635299682617, "76": 0.7041842341423035, "77": 0.7071995735168457, "78": 0.7074861526489258, "79": 0.7060964107513428, "80": 0.7106606364250183}