{"1": 0.6304993629455566, "2": 0.7066736221313477, "3": 0.6921923160552979, "4": 0.6862061619758606, "5": 0.6893003582954407, "6": 0.6872355341911316, "7": 0.6872231960296631, "8": 0.6943454742431641, "9": 0.6747035980224609, "10": 0.6909903883934021, "11": 0.6833564639091492, "12": 0.6840994954109192, "13": 0.6629533171653748, "14": 0.6828284859657288, "15": 0.6603488326072693, "16": 0.69598788022995, "17": 0.6845895648002625, "18": 0.6708945631980896, "19": 0.6737601161003113, "20": 0.6785809397697449, "21": 0.6782171726226807, "22": 0.6769861578941345, "23": 0.6712239384651184, "24": 0.6660647988319397, "25": 0.649380624294281, "26": 0.653313398361206, "27": 0.6705040335655212, "28": 0.6657606959342957, "29": 0.6495736241340637, "30": 0.6637386679649353, "31": 0.6809700131416321, "32": 0.668559730052948, "33": 0.6630030870437622, "34": 0.6396648287773132, "35": 0.6741273999214172, "36": 0.6714900135993958, "37": 0.6619781851768494, "38": 0.6418435573577881, "39": 0.67299485206604, "40": 0.6512517333030701, "41": 0.6584852933883667, "42": 0.6774506568908691, "43": 0.6495257616043091, "44": 0.6632304787635803, "45": 0.6804879307746887, "46": 0.666661262512207, "47": 0.6742941737174988, "48": 0.6429407596588135, "49": 0.6455995440483093, "50": 0.6576675772666931, "51": 0.6669774651527405, "52": 0.6508738398551941, "53": 0.6668257117271423, "54": 0.6363367438316345, "55": 0.6814823150634766, "56": 0.6437674164772034, "57": 0.64573734998703, "58": 0.6774042248725891, "59": 0.6385759711265564, "60": 0.6639940142631531, "61": 0.6606672406196594, "62": 0.6418498158454895, "63": 0.6360010504722595, "64": 0.6512814164161682, "65": 0.6453478336334229, "66": 0.6553788781166077, "67": 0.6509321928024292, "68": 0.6492500305175781, "69": 0.6387733817100525, "70": 0.6665716171264648, "71": 0.6517756581306458, "72": 0.6744788289070129, "73": 0.6659738421440125, "74": 0.6782896518707275, "75": 0.6491315364837646, "76": 0.6678150296211243, "77": 0.6557291150093079, "78": 0.6758131384849548, "79": 0.6627925634384155, "80": 0.6750198006629944}