{"1": 0.6417881846427917, "2": 0.7372300624847412, "3": 0.7322368621826172, "4": 0.7405548691749573, "5": 0.7422137260437012, "6": 0.7379068732261658, "7": 0.7422046661376953, "8": 0.7584694027900696, "9": 0.7344105243682861, "10": 0.7688100934028625, "11": 0.7522399425506592, "12": 0.7586796879768372, "13": 0.7521193027496338, "14": 0.7623115181922913, "15": 0.7372317910194397, "16": 0.7750864624977112, "17": 0.7731040120124817, "18": 0.7589852809906006, "19": 0.7642746567726135, "20": 0.7571341395378113, "21": 0.7667443752288818, "22": 0.7618751525878906, "23": 0.7564341425895691, "24": 0.7635107040405273, "25": 0.7515180706977844, "26": 0.7416103482246399, "27": 0.7651824355125427, "28": 0.753345251083374, "29": 0.7421777844429016, "30": 0.7442098259925842, "31": 0.759047269821167, "32": 0.755526065826416, "33": 0.7522105574607849, "34": 0.7224912643432617, "35": 0.7594897150993347, "36": 0.7589175701141357, "37": 0.750060498714447, "38": 0.7265620231628418, "39": 0.7446239590644836, "40": 0.7415955662727356, "41": 0.7447037100791931, "42": 0.7586989402770996, "43": 0.7361209392547607, "44": 0.7544345259666443, "45": 0.7568004727363586, "46": 0.7520875930786133, "47": 0.7465023398399353, "48": 0.7281656265258789, "49": 0.7311450839042664, "50": 0.7418906092643738, "51": 0.7446373105049133, "52": 0.7397739291191101, "53": 0.7481970191001892, "54": 0.728967010974884, "55": 0.7573661208152771, "56": 0.7323987483978271, "57": 0.732735812664032, "58": 0.7552040219306946, "59": 0.7307767271995544, "60": 0.7398125529289246, "61": 0.7457073330879211, "62": 0.7375205159187317, "63": 0.7239782214164734, "64": 0.720201313495636, "65": 0.7324687838554382, "66": 0.7383971810340881, "67": 0.733791172504425, "68": 0.7391400337219238, "69": 0.7225978374481201, "70": 0.7481600642204285, "71": 0.7270262837409973, "72": 0.7462224960327148, "73": 0.7393506169319153, "74": 0.7514820098876953, "75": 0.72430020570755, "76": 0.7362169623374939, "77": 0.7265417575836182, "78": 0.7557876706123352, "79": 0.7442740797996521, "80": 0.7469163537025452}