{"1": 0.7052337527275085, "2": 0.7138550877571106, "3": 0.7175957560539246, "4": 0.7508600354194641, "5": 0.7510738968849182, "6": 0.7623991966247559, "7": 0.7677673697471619, "8": 0.7848933339118958, "9": 0.7817716598510742, "10": 0.7841036915779114, "11": 0.783635139465332, "12": 0.7895451188087463, "13": 0.7895156741142273, "14": 0.7875190377235413, "15": 0.7873689532279968, "16": 0.7901336550712585, "17": 0.7947553992271423, "18": 0.7841294407844543, "19": 0.7887907028198242, "20": 0.7800471782684326, "21": 0.7747964859008789, "22": 0.7852907776832581, "23": 0.7726292610168457, "24": 0.7815981507301331, "25": 0.7779449820518494, "26": 0.7650346755981445, "27": 0.783721923828125, "28": 0.7741129994392395, "29": 0.7452215552330017, "30": 0.7749626040458679, "31": 0.7797645926475525, "32": 0.7690178751945496, "33": 0.7732955813407898, "34": 0.7798375487327576, "35": 0.7646467089653015, "36": 0.7767336964607239, "37": 0.7677788138389587, "38": 0.7578563690185547, "39": 0.7644185423851013, "40": 0.7695443034172058, "41": 0.7845125198364258, "42": 0.7692354321479797, "43": 0.7788650393486023, "44": 0.7711638808250427, "45": 0.7619247436523438, "46": 0.7773363590240479, "47": 0.7655408978462219, "48": 0.769232451915741, "49": 0.7687361836433411, "50": 0.7612645626068115, "51": 0.7656541466712952, "52": 0.7619921565055847, "53": 0.7580378651618958, "54": 0.7735565304756165, "55": 0.7739760279655457, "56": 0.7582552433013916, "57": 0.7682322859764099, "58": 0.7386634349822998, "59": 0.7452650666236877, "60": 0.761414110660553, "61": 0.7606751322746277, "62": 0.7530002593994141, "63": 0.7655735611915588, "64": 0.7534297108650208, "65": 0.7647393345832825, "66": 0.7500388622283936, "67": 0.762986958026886, "68": 0.7590234875679016, "69": 0.7411975860595703, "70": 0.7607407569885254, "71": 0.7477570176124573, "72": 0.756598174571991, "73": 0.7544694542884827, "74": 0.757486879825592, "75": 0.7614045143127441, "76": 0.7608375549316406, "77": 0.755119800567627, "78": 0.759099006652832, "79": 0.7655844688415527, "80": 0.7590935826301575}