{"1": 0.542321503162384, "2": 0.5351641774177551, "3": 0.6061403155326843, "4": 0.5856629014015198, "5": 0.5923380255699158, "6": 0.6074141263961792, "7": 0.5882449150085449, "8": 0.6108068823814392, "9": 0.57394939661026, "10": 0.6156194806098938, "11": 0.5667590498924255, "12": 0.6187981963157654, "13": 0.5899763703346252, "14": 0.6103801131248474, "15": 0.594879150390625, "16": 0.5887520909309387, "17": 0.6140811443328857, "18": 0.603009045124054, "19": 0.5844033360481262, "20": 0.6067532896995544, "21": 0.5858197808265686, "22": 0.593264102935791, "23": 0.6123867034912109, "24": 0.614274799823761, "25": 0.5945318341255188, "26": 0.6083385944366455, "27": 0.6077798008918762, "28": 0.5990169644355774, "29": 0.6072443127632141, "30": 0.6025945544242859, "31": 0.5981519222259521, "32": 0.6021625399589539, "33": 0.6015276908874512, "34": 0.6020813584327698, "35": 0.5946846604347229, "36": 0.5881118774414062, "37": 0.5981905460357666, "38": 0.6097536683082581, "39": 0.592283308506012, "40": 0.6157681941986084, "41": 0.6079598069190979, "42": 0.6000353693962097, "43": 0.5978870987892151, "44": 0.6084362864494324, "45": 0.5918470025062561, "46": 0.6048189997673035, "47": 0.6009369492530823, "48": 0.5918378829956055, "49": 0.5782555937767029, "50": 0.6184727549552917, "51": 0.5991910099983215, "52": 0.597048819065094, "53": 0.6043539047241211, "54": 0.6029724478721619, "55": 0.592766523361206, "56": 0.6105208396911621, "57": 0.5808753371238708, "58": 0.604030966758728, "59": 0.5933671593666077, "60": 0.6194261908531189, "61": 0.6048657894134521, "62": 0.5999281406402588, "63": 0.6082703471183777, "64": 0.6115674376487732, "65": 0.5851122140884399, "66": 0.6027733683586121, "67": 0.579515278339386, "68": 0.6125503182411194, "69": 0.5966919660568237, "70": 0.5934849381446838, "71": 0.5926843881607056, "72": 0.6056675314903259, "73": 0.5925707817077637, "74": 0.5988315343856812, "75": 0.6099308133125305, "76": 0.6019248366355896, "77": 0.5972521901130676, "78": 0.6078043580055237, "79": 0.594842791557312, "80": 0.5824836492538452}