{"1": 0.6974099278450012, "2": 0.7086813449859619, "3": 0.7129248976707458, "4": 0.7442374229431152, "5": 0.746421754360199, "6": 0.755242109298706, "7": 0.7658867835998535, "8": 0.7842292785644531, "9": 0.7761321663856506, "10": 0.7812402844429016, "11": 0.7743808627128601, "12": 0.7834426760673523, "13": 0.778107225894928, "14": 0.7834404110908508, "15": 0.776654064655304, "16": 0.7847840785980225, "17": 0.7848959565162659, "18": 0.7720873951911926, "19": 0.7803874015808105, "20": 0.7691081166267395, "21": 0.7671436667442322, "22": 0.7785108685493469, "23": 0.7630684971809387, "24": 0.7686465382575989, "25": 0.7705622315406799, "26": 0.757495105266571, "27": 0.7798605561256409, "28": 0.7664833068847656, "29": 0.7387065291404724, "30": 0.7755123972892761, "31": 0.771531879901886, "32": 0.7595198750495911, "33": 0.76778644323349, "34": 0.7715694308280945, "35": 0.7550182938575745, "36": 0.7697256207466125, "37": 0.7568385004997253, "38": 0.7516164183616638, "39": 0.7650354504585266, "40": 0.7556934356689453, "41": 0.7773730754852295, "42": 0.7633287906646729, "43": 0.7709353566169739, "44": 0.761282205581665, "45": 0.7524678707122803, "46": 0.7694006562232971, "47": 0.7587569355964661, "48": 0.7632126808166504, "49": 0.7587705254554749, "50": 0.7512661814689636, "51": 0.7580813765525818, "52": 0.755405604839325, "53": 0.7528989911079407, "54": 0.7633602023124695, "55": 0.7675172686576843, "56": 0.7531701922416687, "57": 0.7613861560821533, "58": 0.728671133518219, "59": 0.7343425154685974, "60": 0.7549424767494202, "61": 0.7528141140937805, "62": 0.7464845180511475, "63": 0.76082843542099, "64": 0.7466223835945129, "65": 0.7600846886634827, "66": 0.7415949702262878, "67": 0.7517927289009094, "68": 0.7534700036048889, "69": 0.7313442826271057, "70": 0.7542209625244141, "71": 0.7397559285163879, "72": 0.7494915127754211, "73": 0.7503712177276611, "74": 0.754736602306366, "75": 0.7543509602546692, "76": 0.7569748759269714, "77": 0.7450215220451355, "78": 0.7555127143859863, "79": 0.7601930499076843, "80": 0.7539825439453125}