{"1": 0.668886661529541, "2": 0.6636983156204224, "3": 0.7259543538093567, "4": 0.7179314494132996, "5": 0.7237939238548279, "6": 0.7631950378417969, "7": 0.7341057658195496, "8": 0.7501606941223145, "9": 0.7239789366722107, "10": 0.7596695423126221, "11": 0.7148765921592712, "12": 0.7540683150291443, "13": 0.735640823841095, "14": 0.7660844326019287, "15": 0.7415099143981934, "16": 0.7243840098381042, "17": 0.7398505210876465, "18": 0.7491536140441895, "19": 0.7275903224945068, "20": 0.759575605392456, "21": 0.7208547592163086, "22": 0.7311527132987976, "23": 0.7500430941581726, "24": 0.751575231552124, "25": 0.7278986573219299, "26": 0.7504327893257141, "27": 0.7385974526405334, "28": 0.7452996373176575, "29": 0.7487131953239441, "30": 0.7475874423980713, "31": 0.7353563904762268, "32": 0.7262004017829895, "33": 0.7281081080436707, "34": 0.745093047618866, "35": 0.7208235859870911, "36": 0.7249166369438171, "37": 0.7372615933418274, "38": 0.7539918422698975, "39": 0.7250457406044006, "40": 0.7554300427436829, "41": 0.7441924214363098, "42": 0.7419832348823547, "43": 0.7336682677268982, "44": 0.7420079112052917, "45": 0.7314822673797607, "46": 0.7444373965263367, "47": 0.7411766052246094, "48": 0.7238762378692627, "49": 0.724074125289917, "50": 0.7506586909294128, "51": 0.7381063103675842, "52": 0.7329496741294861, "53": 0.7412083745002747, "54": 0.7397160530090332, "55": 0.7318825721740723, "56": 0.744443416595459, "57": 0.724168062210083, "58": 0.7481293082237244, "59": 0.7231977581977844, "60": 0.7611607909202576, "61": 0.7323395609855652, "62": 0.7503302693367004, "63": 0.748624861240387, "64": 0.7489830851554871, "65": 0.7237412929534912, "66": 0.7343024611473083, "67": 0.7088016867637634, "68": 0.756890594959259, "69": 0.7282876968383789, "70": 0.7259661555290222, "71": 0.7264301776885986, "72": 0.7340765595436096, "73": 0.7352051138877869, "74": 0.7327587008476257, "75": 0.7454712986946106, "76": 0.7475911974906921, "77": 0.7314369678497314, "78": 0.7209030985832214, "79": 0.7331245541572571, "80": 0.709260880947113}