{"1": 0.6811569333076477, "2": 0.7205904126167297, "3": 0.7493839263916016, "4": 0.6882153749465942, "5": 0.7408847808837891, "6": 0.7581710815429688, "7": 0.6867051720619202, "8": 0.729035496711731, "9": 0.7608407139778137, "10": 0.7869182825088501, "11": 0.7629241943359375, "12": 0.8307855725288391, "13": 0.8547471165657043, "14": 0.8900368809700012, "15": 0.8232055902481079, "16": 0.850956916809082, "17": 0.9842984080314636, "18": 0.9585312604904175, "19": 0.905003547668457, "20": 0.9451077580451965, "21": 0.8882209658622742, "22": 0.9935052990913391, "23": 0.9626554250717163, "24": 0.997592568397522, "25": 1.0228478908538818, "26": 1.0288408994674683, "27": 1.0536167621612549, "28": 1.0266788005828857, "29": 1.0470163822174072, "30": 1.096571922302246, "31": 1.1195814609527588, "32": 1.0841388702392578, "33": 1.196094036102295, "34": 1.0968905687332153, "35": 1.125923752784729, "36": 1.1040337085723877, "37": 1.2029809951782227, "38": 1.1465375423431396, "39": 1.0932916402816772, "40": 1.1855593919754028, "41": 1.1538985967636108, "42": 1.1083791255950928, "43": 0.9552102088928223, "44": 1.0325548648834229, "45": 1.1373769044876099, "46": 1.0147850513458252, "47": 1.058671474456787, "48": 1.1406596899032593, "49": 1.1517928838729858, "50": 1.1971100568771362, "51": 1.19676673412323, "52": 1.221086859703064, "53": 1.2516052722930908, "54": 1.2003902196884155, "55": 1.1433743238449097, "56": 1.1873184442520142, "57": 1.1762478351593018, "58": 1.2324278354644775, "59": 1.2096469402313232, "60": 1.2815918922424316, "61": 1.2508270740509033, "62": 1.2426005601882935, "63": 1.2075313329696655, "64": 1.4261577129364014, "65": 1.2641385793685913, "66": 1.2555997371673584, "67": 1.2850301265716553, "68": 1.3018802404403687, "69": 1.3360563516616821, "70": 1.3312559127807617, "71": 1.3068772554397583, "72": 1.2595999240875244, "73": 1.2890952825546265, "74": 1.19749915599823, "75": 1.354123592376709, "76": 1.267253041267395, "77": 1.268838882446289, "78": 1.2965492010116577, "79": 1.3081058263778687, "80": 1.3252947330474854}