{"1": 0.5754883289337158, "2": 0.5728335976600647, "3": 0.5622226595878601, "4": 0.6074126362800598, "5": 0.5971462726593018, "6": 0.6203941702842712, "7": 0.6332961916923523, "8": 0.646314799785614, "9": 0.6288582682609558, "10": 0.6358180642127991, "11": 0.6338916420936584, "12": 0.6343695521354675, "13": 0.6503223776817322, "14": 0.6419642567634583, "15": 0.6356130242347717, "16": 0.6391212940216064, "17": 0.6576891541481018, "18": 0.6331894397735596, "19": 0.6463266015052795, "20": 0.6387028098106384, "21": 0.6230969429016113, "22": 0.6354301571846008, "23": 0.620918333530426, "24": 0.650148332118988, "25": 0.6355273723602295, "26": 0.6077477931976318, "27": 0.6351667642593384, "28": 0.6199350357055664, "29": 0.5969366431236267, "30": 0.6214393973350525, "31": 0.6160392165184021, "32": 0.618931233882904, "33": 0.6131113171577454, "34": 0.6185102462768555, "35": 0.6162975430488586, "36": 0.6342187523841858, "37": 0.6254054307937622, "38": 0.6062822341918945, "39": 0.6348860859870911, "40": 0.6236761212348938, "41": 0.6302619576454163, "42": 0.628917932510376, "43": 0.63133704662323, "44": 0.6239954233169556, "45": 0.6147152185440063, "46": 0.6358909606933594, "47": 0.6103706955909729, "48": 0.6287501454353333, "49": 0.6240101456642151, "50": 0.6183675527572632, "51": 0.6195868253707886, "52": 0.6129112839698792, "53": 0.6048324108123779, "54": 0.6117520332336426, "55": 0.6316869854927063, "56": 0.6083325147628784, "57": 0.6130462884902954, "58": 0.5780032277107239, "59": 0.6069368720054626, "60": 0.6211047768592834, "61": 0.6068374514579773, "62": 0.6038498282432556, "63": 0.6132894158363342, "64": 0.6025137305259705, "65": 0.6137693524360657, "66": 0.5980170965194702, "67": 0.6117390990257263, "68": 0.6084687113761902, "69": 0.5957276225090027, "70": 0.61101895570755, "71": 0.5989794731140137, "72": 0.6063625812530518, "73": 0.6083130836486816, "74": 0.6068102717399597, "75": 0.6092105507850647, "76": 0.6153662800788879, "77": 0.6076743602752686, "78": 0.6107923984527588, "79": 0.6150941252708435, "80": 0.61521315574646}