{"1": 0.5404389500617981, "2": 0.5296565890312195, "3": 0.6017318367958069, "4": 0.5856520533561707, "5": 0.5870595574378967, "6": 0.5998912453651428, "7": 0.5883429646492004, "8": 0.6079037189483643, "9": 0.5690102577209473, "10": 0.6159772276878357, "11": 0.5639593005180359, "12": 0.6172990202903748, "13": 0.5867493152618408, "14": 0.6086922287940979, "15": 0.5925965905189514, "16": 0.5881217122077942, "17": 0.6041027903556824, "18": 0.6069054007530212, "19": 0.5814653038978577, "20": 0.6034101843833923, "21": 0.580508291721344, "22": 0.5896220803260803, "23": 0.6040298938751221, "24": 0.60733562707901, "25": 0.5936961770057678, "26": 0.6057621836662292, "27": 0.5987141132354736, "28": 0.5990269184112549, "29": 0.601898193359375, "30": 0.6010401248931885, "31": 0.5918013453483582, "32": 0.5966792702674866, "33": 0.5932081341743469, "34": 0.5989334583282471, "35": 0.5833163857460022, "36": 0.5830100178718567, "37": 0.5926032066345215, "38": 0.606804370880127, "39": 0.5840291976928711, "40": 0.6128804683685303, "41": 0.6010481715202332, "42": 0.5929856300354004, "43": 0.5936585068702698, "44": 0.6026747822761536, "45": 0.590700626373291, "46": 0.5996163487434387, "47": 0.6029241681098938, "48": 0.587708055973053, "49": 0.5729281306266785, "50": 0.6101271510124207, "51": 0.5925931334495544, "52": 0.5894050002098083, "53": 0.5988859534263611, "54": 0.5983628630638123, "55": 0.5888974666595459, "56": 0.6034595966339111, "57": 0.5749343633651733, "58": 0.6010026335716248, "59": 0.5839691162109375, "60": 0.6173401474952698, "61": 0.5956746935844421, "62": 0.5975547432899475, "63": 0.6032528877258301, "64": 0.608018159866333, "65": 0.5814364552497864, "66": 0.599002480506897, "67": 0.5747689604759216, "68": 0.6060662269592285, "69": 0.5913427472114563, "70": 0.5877901911735535, "71": 0.5858628153800964, "72": 0.598072350025177, "73": 0.5876781940460205, "74": 0.592600405216217, "75": 0.6004161834716797, "76": 0.599463164806366, "77": 0.5918369889259338, "78": 0.5905553698539734, "79": 0.5926955938339233, "80": 0.5719252228736877}