{"1": 0.5184376239776611, "2": 0.5635905265808105, "3": 0.537227213382721, "4": 0.5860142707824707, "5": 0.578985333442688, "6": 0.5885058045387268, "7": 0.6480207443237305, "8": 0.6446270942687988, "9": 0.6403245329856873, "10": 0.6194700598716736, "11": 0.6576105952262878, "12": 0.6245177388191223, "13": 0.6362388730049133, "14": 0.6399841904640198, "15": 0.6501386761665344, "16": 0.6595525741577148, "17": 0.6335414052009583, "18": 0.6437912583351135, "19": 0.6435704827308655, "20": 0.6533815264701843, "21": 0.6320111155509949, "22": 0.6438607573509216, "23": 0.6528347134590149, "24": 0.6549624800682068, "25": 0.6481006741523743, "26": 0.6593655943870544, "27": 0.6440644860267639, "28": 0.6564016938209534, "29": 0.655838668346405, "30": 0.6541741490364075, "31": 0.6396363377571106, "32": 0.6538352370262146, "33": 0.6398875117301941, "34": 0.6492873430252075, "35": 0.6492995619773865, "36": 0.6464785933494568, "37": 0.6436949372291565, "38": 0.6525568962097168, "39": 0.6672351956367493, "40": 0.6462147831916809, "41": 0.6380508542060852, "42": 0.6472930908203125, "43": 0.6463951468467712, "44": 0.6544046998023987, "45": 0.6167473196983337, "46": 0.6405203342437744, "47": 0.6509513854980469, "48": 0.6355968117713928, "49": 0.6382641196250916, "50": 0.6369121670722961, "51": 0.6386353969573975, "52": 0.6440610289573669, "53": 0.6363993883132935, "54": 0.6424857974052429, "55": 0.6595723032951355, "56": 0.6434261798858643, "57": 0.6538322567939758, "58": 0.6375355124473572, "59": 0.6457783579826355, "60": 0.6428122520446777, "61": 0.6430913805961609, "62": 0.6527743935585022, "63": 0.6501962542533875, "64": 0.6238718628883362, "65": 0.6379606127738953, "66": 0.6543035507202148, "67": 0.6517855525016785, "68": 0.6479301452636719, "69": 0.6474213004112244, "70": 0.634051501750946, "71": 0.6538479328155518, "72": 0.6662134528160095, "73": 0.651340663433075, "74": 0.6462328433990479, "75": 0.6471708416938782, "76": 0.6456105709075928, "77": 0.6523355841636658, "78": 0.6464418768882751, "79": 0.6520861387252808, "80": 0.6453967690467834}