{"1": 0.4526635408401489, "2": 0.464972585439682, "3": 0.4495455026626587, "4": 0.4834001064300537, "5": 0.48096632957458496, "6": 0.47893810272216797, "7": 0.5119702816009521, "8": 0.5138556361198425, "9": 0.5012350082397461, "10": 0.5088866353034973, "11": 0.5224409699440002, "12": 0.5101624131202698, "13": 0.5175443291664124, "14": 0.5189084410667419, "15": 0.533008873462677, "16": 0.5364213585853577, "17": 0.5088818669319153, "18": 0.5211158990859985, "19": 0.5267110466957092, "20": 0.5193448066711426, "21": 0.5277552604675293, "22": 0.5176607966423035, "23": 0.53586745262146, "24": 0.5342193245887756, "25": 0.5273173451423645, "26": 0.5389346480369568, "27": 0.5259356498718262, "28": 0.532315731048584, "29": 0.53289395570755, "30": 0.5333961844444275, "31": 0.5289677381515503, "32": 0.5355837941169739, "33": 0.5203319191932678, "34": 0.5464178919792175, "35": 0.527675449848175, "36": 0.5325347781181335, "37": 0.5284457802772522, "38": 0.5374950766563416, "39": 0.5472415685653687, "40": 0.5334591269493103, "41": 0.5273992419242859, "42": 0.530265748500824, "43": 0.5373963713645935, "44": 0.5248388648033142, "45": 0.5142092108726501, "46": 0.5307786464691162, "47": 0.5287722945213318, "48": 0.5240350365638733, "49": 0.524552047252655, "50": 0.5221013426780701, "51": 0.5263010859489441, "52": 0.5292925238609314, "53": 0.5284695625305176, "54": 0.530841052532196, "55": 0.5403702259063721, "56": 0.5341722369194031, "57": 0.5307998657226562, "58": 0.5239868760108948, "59": 0.5338043570518494, "60": 0.5248202085494995, "61": 0.5325746536254883, "62": 0.5314441323280334, "63": 0.5397892594337463, "64": 0.508411169052124, "65": 0.5271958708763123, "66": 0.5334072113037109, "67": 0.534464418888092, "68": 0.5300906300544739, "69": 0.532946765422821, "70": 0.5260676741600037, "71": 0.5391055345535278, "72": 0.5472388863563538, "73": 0.5268535614013672, "74": 0.5313999056816101, "75": 0.525972306728363, "76": 0.5299661159515381, "77": 0.5334094166755676, "78": 0.5312530398368835, "79": 0.5327367782592773, "80": 0.5332507491111755}