{"1": 0.7100436091423035, "2": 0.7218906283378601, "3": 0.7230167984962463, "4": 0.756117582321167, "5": 0.756525993347168, "6": 0.7704338431358337, "7": 0.7758910655975342, "8": 0.7897489070892334, "9": 0.7860631942749023, "10": 0.7881984710693359, "11": 0.7849516272544861, "12": 0.7974863052368164, "13": 0.797694206237793, "14": 0.794869601726532, "15": 0.7937291264533997, "16": 0.7946688532829285, "17": 0.8010432124137878, "18": 0.7895675301551819, "19": 0.7944581508636475, "20": 0.7878993153572083, "21": 0.7821571230888367, "22": 0.7867698669433594, "23": 0.7776298522949219, "24": 0.7882702946662903, "25": 0.7817186713218689, "26": 0.7691062092781067, "27": 0.7919546961784363, "28": 0.7801969647407532, "29": 0.7525315284729004, "30": 0.7832890152931213, "31": 0.7886533737182617, "32": 0.778311550617218, "33": 0.7818219065666199, "34": 0.784325897693634, "35": 0.7724196314811707, "36": 0.7853754162788391, "37": 0.7778646349906921, "38": 0.7650980949401855, "39": 0.7769310474395752, "40": 0.7742422223091125, "41": 0.7925652861595154, "42": 0.7811319828033447, "43": 0.7868973612785339, "44": 0.7802486419677734, "45": 0.7712542414665222, "46": 0.7848372459411621, "47": 0.774081289768219, "48": 0.7768490314483643, "49": 0.7751924991607666, "50": 0.7697108387947083, "51": 0.7726843357086182, "52": 0.766442596912384, "53": 0.7621092200279236, "54": 0.7745950222015381, "55": 0.7834623456001282, "56": 0.7644683718681335, "57": 0.7730181217193604, "58": 0.7443106770515442, "59": 0.7540018558502197, "60": 0.7672059535980225, "61": 0.7648272514343262, "62": 0.763646125793457, "63": 0.7713117599487305, "64": 0.7592546939849854, "65": 0.7711372971534729, "66": 0.7557897567749023, "67": 0.7687103748321533, "68": 0.7658076882362366, "69": 0.7484002113342285, "70": 0.76717209815979, "71": 0.7568168044090271, "72": 0.7633463740348816, "73": 0.7612444758415222, "74": 0.764183521270752, "75": 0.7668878436088562, "76": 0.7655506730079651, "77": 0.7610839009284973, "78": 0.765692412853241, "79": 0.7699041366577148, "80": 0.7687270045280457}