{"1": 0.49673473834991455, "2": 0.5959746837615967, "3": 0.6438990831375122, "4": 0.6035176515579224, "5": 0.6160516738891602, "6": 0.6030502915382385, "7": 0.6055894494056702, "8": 0.634819507598877, "9": 0.5986714363098145, "10": 0.6488117575645447, "11": 0.6132224202156067, "12": 0.6285861730575562, "13": 0.6356320977210999, "14": 0.6487453579902649, "15": 0.612680196762085, "16": 0.6508725881576538, "17": 0.663149356842041, "18": 0.6484313011169434, "19": 0.6497050523757935, "20": 0.6354801058769226, "21": 0.6502647995948792, "22": 0.6511624455451965, "23": 0.6439220309257507, "24": 0.6428648233413696, "25": 0.6514953970909119, "26": 0.6328515410423279, "27": 0.6496438384056091, "28": 0.6500003933906555, "29": 0.6337061524391174, "30": 0.6384034752845764, "31": 0.6370803713798523, "32": 0.6461991667747498, "33": 0.6468539834022522, "34": 0.6110629439353943, "35": 0.6522834897041321, "36": 0.656416654586792, "37": 0.6532865166664124, "38": 0.6108450293540955, "39": 0.6229128241539001, "40": 0.6247491836547852, "41": 0.6452591419219971, "42": 0.6341113448143005, "43": 0.6223738789558411, "44": 0.6485523581504822, "45": 0.638235867023468, "46": 0.650688111782074, "47": 0.6326808929443359, "48": 0.6181820034980774, "49": 0.6262302994728088, "50": 0.6364668011665344, "51": 0.6345183849334717, "52": 0.6362476348876953, "53": 0.6347530484199524, "54": 0.6214311718940735, "55": 0.6451445817947388, "56": 0.6205751299858093, "57": 0.6247190833091736, "58": 0.6353471875190735, "59": 0.6279096007347107, "60": 0.6267571449279785, "61": 0.6455993056297302, "62": 0.6477852463722229, "63": 0.6093833446502686, "64": 0.5962018370628357, "65": 0.6317362785339355, "66": 0.631930947303772, "67": 0.6248200535774231, "68": 0.6317926049232483, "69": 0.6126243472099304, "70": 0.6304306983947754, "71": 0.6194023489952087, "72": 0.6313607096672058, "73": 0.6270008087158203, "74": 0.6328331828117371, "75": 0.6157882213592529, "76": 0.617254376411438, "77": 0.6030741333961487, "78": 0.6527013778686523, "79": 0.6352686882019043, "80": 0.6279624700546265}