{"1": 0.6741454005241394, "2": 0.6758942604064941, "3": 0.7356149554252625, "4": 0.723973274230957, "5": 0.7359113693237305, "6": 0.7714645862579346, "7": 0.7349863052368164, "8": 0.7581326365470886, "9": 0.7309865951538086, "10": 0.7609650492668152, "11": 0.7202685475349426, "12": 0.761237621307373, "13": 0.7395591735839844, "14": 0.7700977325439453, "15": 0.7452232241630554, "16": 0.730732262134552, "17": 0.7547473311424255, "18": 0.7476897835731506, "19": 0.7328391075134277, "20": 0.7647259831428528, "21": 0.7319202423095703, "22": 0.7389206290245056, "23": 0.7617714405059814, "24": 0.7629750370979309, "25": 0.733527660369873, "26": 0.7585697174072266, "27": 0.7533950209617615, "28": 0.7537495493888855, "29": 0.7579638361930847, "30": 0.7549129128456116, "31": 0.7478567957878113, "32": 0.7402607798576355, "33": 0.7427107691764832, "34": 0.7488855719566345, "35": 0.7366489768028259, "36": 0.734088122844696, "37": 0.7455528378486633, "38": 0.7577044367790222, "39": 0.7374987006187439, "40": 0.7600550651550293, "41": 0.7556928992271423, "42": 0.7504188418388367, "43": 0.7407047748565674, "44": 0.7544549107551575, "45": 0.7363136410713196, "46": 0.7546443939208984, "47": 0.7391891479492188, "48": 0.7333440780639648, "49": 0.732412576675415, "50": 0.7636566162109375, "51": 0.7484784126281738, "52": 0.7440104484558105, "53": 0.7497976422309875, "54": 0.7495629191398621, "55": 0.7395789623260498, "56": 0.7577431797981262, "57": 0.7345960736274719, "58": 0.7531113624572754, "59": 0.7383847236633301, "60": 0.7647433280944824, "61": 0.7445284724235535, "62": 0.7550161480903625, "63": 0.7589969635009766, "64": 0.7588273882865906, "65": 0.732308566570282, "66": 0.7434942722320557, "67": 0.7181432247161865, "68": 0.7692729830741882, "69": 0.7349283695220947, "70": 0.7355528473854065, "71": 0.7373258471488953, "72": 0.7444124221801758, "73": 0.742102324962616, "74": 0.7380189299583435, "75": 0.7610309720039368, "76": 0.75172358751297, "77": 0.7424573302268982, "78": 0.7447800636291504, "79": 0.740462064743042, "80": 0.7282102108001709}