{"1": 0.5703328251838684, "2": 0.5653443336486816, "3": 0.5574514269828796, "4": 0.6020566821098328, "5": 0.5905796885490417, "6": 0.6120901703834534, "7": 0.623424232006073, "8": 0.6405911445617676, "9": 0.624208390712738, "10": 0.6308993697166443, "11": 0.6313539147377014, "12": 0.6240575313568115, "13": 0.6410916447639465, "14": 0.6328099370002747, "15": 0.6280820965766907, "16": 0.6333531737327576, "17": 0.6484918594360352, "18": 0.6274997591972351, "19": 0.636812150478363, "20": 0.6286408305168152, "21": 0.6125609278678894, "22": 0.6322460174560547, "23": 0.6137029528617859, "24": 0.6433148980140686, "25": 0.6305757164955139, "26": 0.6043615937232971, "27": 0.6265184283256531, "28": 0.6141457557678223, "29": 0.5886125564575195, "30": 0.6117566227912903, "31": 0.6071016788482666, "32": 0.6074175238609314, "33": 0.6037003993988037, "34": 0.6117739677429199, "35": 0.6073410511016846, "36": 0.6246840953826904, "37": 0.6157544255256653, "38": 0.5984241962432861, "39": 0.6205288767814636, "40": 0.6170408129692078, "41": 0.6203714609146118, "42": 0.6146857142448425, "43": 0.6205615401268005, "44": 0.6128875613212585, "45": 0.6029127240180969, "46": 0.626055896282196, "47": 0.5993975400924683, "48": 0.6187573075294495, "49": 0.6148179769515991, "50": 0.6064706444740295, "51": 0.6107887625694275, "52": 0.605863630771637, "53": 0.5997540950775146, "54": 0.6077785491943359, "55": 0.6212062239646912, "56": 0.6004362106323242, "57": 0.605410635471344, "58": 0.5703596472740173, "59": 0.597622811794281, "60": 0.6143528819084167, "61": 0.6008293032646179, "62": 0.5908238291740417, "63": 0.6041550040245056, "64": 0.594066858291626, "65": 0.6038297414779663, "66": 0.5900132060050964, "67": 0.6037812829017639, "68": 0.5988907217979431, "69": 0.5857649445533752, "70": 0.6018822193145752, "71": 0.5873107314109802, "72": 0.5974536538124084, "73": 0.5991156101226807, "74": 0.5971247553825378, "75": 0.6017067432403564, "76": 0.6081315875053406, "77": 0.6009912490844727, "78": 0.6016964316368103, "79": 0.6088044047355652, "80": 0.6036936640739441}