{"1": 0.487214058637619, "2": 0.58319091796875, "3": 0.6106157898902893, "4": 0.5888585448265076, "5": 0.5931693315505981, "6": 0.5786883234977722, "7": 0.5811939239501953, "8": 0.6072439551353455, "9": 0.5784671306610107, "10": 0.6297474503517151, "11": 0.5961993336677551, "12": 0.6074835658073425, "13": 0.6132561564445496, "14": 0.6250183582305908, "15": 0.5940582752227783, "16": 0.6261000037193298, "17": 0.632829487323761, "18": 0.6234571933746338, "19": 0.6235709190368652, "20": 0.608072817325592, "21": 0.6252676248550415, "22": 0.6298505663871765, "23": 0.6145105361938477, "24": 0.6170470714569092, "25": 0.6176019906997681, "26": 0.6025241017341614, "27": 0.6255025267601013, "28": 0.617771565914154, "29": 0.6083605289459229, "30": 0.6052337288856506, "31": 0.6142569184303284, "32": 0.6169601082801819, "33": 0.6145671010017395, "34": 0.584702730178833, "35": 0.6192116737365723, "36": 0.6255061030387878, "37": 0.620093047618866, "38": 0.5858055353164673, "39": 0.5987936854362488, "40": 0.6004416346549988, "41": 0.6152613759040833, "42": 0.6100230813026428, "43": 0.6000972390174866, "44": 0.6158693432807922, "45": 0.6100031733512878, "46": 0.6203002333641052, "47": 0.6036857962608337, "48": 0.5881924629211426, "49": 0.5986132621765137, "50": 0.6059226393699646, "51": 0.6057878136634827, "52": 0.6065590381622314, "53": 0.6066699028015137, "54": 0.5937864780426025, "55": 0.6206138730049133, "56": 0.5918245911598206, "57": 0.6007032990455627, "58": 0.6079002022743225, "59": 0.5892891883850098, "60": 0.5963446497917175, "61": 0.6105815768241882, "62": 0.6053794026374817, "63": 0.574824869632721, "64": 0.5639548301696777, "65": 0.5960156321525574, "66": 0.5946250557899475, "67": 0.5900068283081055, "68": 0.5988446474075317, "69": 0.5817458033561707, "70": 0.5983031392097473, "71": 0.5873838067054749, "72": 0.5996267795562744, "73": 0.5972568988800049, "74": 0.6040392518043518, "75": 0.5843525528907776, "76": 0.5882724523544312, "77": 0.5803739428520203, "78": 0.619839608669281, "79": 0.6011597514152527, "80": 0.5993334650993347}