{"1": 0.6089838147163391, "2": 0.6036447882652283, "3": 0.6067946553230286, "4": 0.6187589764595032, "5": 0.641333818435669, "6": 0.6467270851135254, "7": 0.6374997496604919, "8": 0.6070879101753235, "9": 0.635120689868927, "10": 0.6592069268226624, "11": 0.582423746585846, "12": 0.6435423493385315, "13": 0.6296062469482422, "14": 0.6555087566375732, "15": 0.6538408398628235, "16": 0.6719734072685242, "17": 0.6300509572029114, "18": 0.604543149471283, "19": 0.6499465107917786, "20": 0.6786052584648132, "21": 0.6472406983375549, "22": 0.6506091952323914, "23": 0.6423153281211853, "24": 0.6419777274131775, "25": 0.660605251789093, "26": 0.6278925538063049, "27": 0.6583455801010132, "28": 0.6395482420921326, "29": 0.6592376828193665, "30": 0.6461005210876465, "31": 0.6360828876495361, "32": 0.5970579981803894, "33": 0.6669919490814209, "34": 0.6541028022766113, "35": 0.6308987140655518, "36": 0.6447895169258118, "37": 0.675214946269989, "38": 0.6696411967277527, "39": 0.6861932277679443, "40": 0.6684034466743469, "41": 0.6494070887565613, "42": 0.6766801476478577, "43": 0.6490587592124939, "44": 0.6548237800598145, "45": 0.6109796166419983, "46": 0.6783909201622009, "47": 0.6469473242759705, "48": 0.689174473285675, "49": 0.6849403381347656, "50": 0.6369693875312805, "51": 0.6668381690979004, "52": 0.6901913285255432, "53": 0.6689955592155457, "54": 0.6641743779182434, "55": 0.6416577100753784, "56": 0.639683187007904, "57": 0.6712629199028015, "58": 0.6466072797775269, "59": 0.6473870873451233, "60": 0.5895928740501404, "61": 0.642463743686676, "62": 0.6710694432258606, "63": 0.6735299229621887, "64": 0.6708898544311523, "65": 0.6369227766990662, "66": 0.6750105023384094, "67": 0.6358852386474609, "68": 0.684917151927948, "69": 0.6551961302757263, "70": 0.6713778972625732, "71": 0.6721343994140625, "72": 0.6245493292808533, "73": 0.6551588177680969, "74": 0.6404904723167419, "75": 0.6598359942436218, "76": 0.6557458639144897, "77": 0.683908998966217, "78": 0.6567032933235168, "79": 0.6385884284973145, "80": 0.6255325078964233}