{"1": 0.7167676091194153, "2": 0.7526576519012451, "3": 0.7623536586761475, "4": 0.7758321762084961, "5": 0.7657580375671387, "6": 0.7743766903877258, "7": 0.7715609073638916, "8": 0.7721471786499023, "9": 0.7762277722358704, "10": 0.7968657612800598, "11": 0.7451218962669373, "12": 0.7946584224700928, "13": 0.7502696514129639, "14": 0.8011786341667175, "15": 0.7836160063743591, "16": 0.7969157099723816, "17": 0.7769410014152527, "18": 0.7729759812355042, "19": 0.7811290621757507, "20": 0.8143305778503418, "21": 0.7922690510749817, "22": 0.7956450581550598, "23": 0.7941737174987793, "24": 0.7976791262626648, "25": 0.799680233001709, "26": 0.7912821173667908, "27": 0.8064656257629395, "28": 0.7873871922492981, "29": 0.7947899699211121, "30": 0.8020909428596497, "31": 0.7839310765266418, "32": 0.7619211077690125, "33": 0.8111395239830017, "34": 0.8088274598121643, "35": 0.7856199741363525, "36": 0.7970495223999023, "37": 0.8016374707221985, "38": 0.8069971203804016, "39": 0.8196878433227539, "40": 0.8017670512199402, "41": 0.8015823364257812, "42": 0.8105211853981018, "43": 0.7941275238990784, "44": 0.795854389667511, "45": 0.7798631191253662, "46": 0.8026865124702454, "47": 0.8077859282493591, "48": 0.8110978007316589, "49": 0.7982451319694519, "50": 0.78574138879776, "51": 0.8064715266227722, "52": 0.8054132461547852, "53": 0.8185556530952454, "54": 0.8044548034667969, "55": 0.7944352626800537, "56": 0.782221794128418, "57": 0.8163278102874756, "58": 0.7951796650886536, "59": 0.7901750206947327, "60": 0.7511136531829834, "61": 0.7980775237083435, "62": 0.80712890625, "63": 0.8059792518615723, "64": 0.8086717128753662, "65": 0.7922267317771912, "66": 0.8108252882957458, "67": 0.78203946352005, "68": 0.8036738038063049, "69": 0.7948444485664368, "70": 0.7948952317237854, "71": 0.7961611747741699, "72": 0.7787666320800781, "73": 0.7929843068122864, "74": 0.7894954681396484, "75": 0.7985990643501282, "76": 0.7978799939155579, "77": 0.807590663433075, "78": 0.7954196929931641, "79": 0.7854447364807129, "80": 0.7786300182342529}