{"1": 0.6349877715110779, "2": 0.7374737858772278, "3": 0.7577373385429382, "4": 0.7554195523262024, "5": 0.7916460037231445, "6": 0.7872989773750305, "7": 0.7748289704322815, "8": 0.7781026363372803, "9": 0.787660539150238, "10": 0.7863603234291077, "11": 0.7915282249450684, "12": 0.8112313151359558, "13": 0.7953808307647705, "14": 0.8049604296684265, "15": 0.8028163909912109, "16": 0.8095253109931946, "17": 0.8087312579154968, "18": 0.8178011775016785, "19": 0.7796173095703125, "20": 0.8034569621086121, "21": 0.8153372406959534, "22": 0.7968787550926208, "23": 0.8059098720550537, "24": 0.7748799324035645, "25": 0.8128088116645813, "26": 0.8146519660949707, "27": 0.8103241324424744, "28": 0.8219146728515625, "29": 0.8119300007820129, "30": 0.7962222695350647, "31": 0.820263147354126, "32": 0.8264560103416443, "33": 0.8172701001167297, "34": 0.8230698108673096, "35": 0.8046841025352478, "36": 0.8048366904258728, "37": 0.8012781143188477, "38": 0.8285277485847473, "39": 0.8034970760345459, "40": 0.8183453679084778, "41": 0.802345335483551, "42": 0.8321366310119629, "43": 0.8187003135681152, "44": 0.8282713890075684, "45": 0.8112238049507141, "46": 0.8167600035667419, "47": 0.8226704597473145, "48": 0.8194709420204163, "49": 0.8297743201255798, "50": 0.8033989071846008, "51": 0.8251500129699707, "52": 0.8221757411956787, "53": 0.8179262280464172, "54": 0.8334383964538574, "55": 0.8294926285743713, "56": 0.8303914666175842, "57": 0.8211587071418762, "58": 0.817188024520874, "59": 0.8174152374267578, "60": 0.830722987651825, "61": 0.8142117857933044, "62": 0.8003950715065002, "63": 0.8025256991386414, "64": 0.8174758553504944, "65": 0.8031294941902161, "66": 0.8324543833732605, "67": 0.8077981472015381, "68": 0.8189743161201477, "69": 0.8180521130561829, "70": 0.8192713260650635, "71": 0.8219146728515625, "72": 0.8265008926391602, "73": 0.8315258622169495, "74": 0.8220903277397156, "75": 0.8095395565032959, "76": 0.7940037250518799, "77": 0.81541508436203, "78": 0.8346264958381653, "79": 0.8016117215156555, "80": 0.8336493372917175}