{"1": 0.43469175696372986, "2": 0.5124409794807434, "3": 0.4084659218788147, "4": 0.4751721918582916, "5": 0.47086629271507263, "6": 0.3933301568031311, "7": 0.4213281571865082, "8": 0.3871937394142151, "9": 0.42107638716697693, "10": 0.3814152777194977, "11": 0.4012357294559479, "12": 0.41309553384780884, "13": 0.3899476230144501, "14": 0.4048151969909668, "15": 0.39734354615211487, "16": 0.4153478145599365, "17": 0.4287276864051819, "18": 0.43257540464401245, "19": 0.40426820516586304, "20": 0.45698752999305725, "21": 0.43207377195358276, "22": 0.4088524878025055, "23": 0.4127694070339203, "24": 0.42021530866622925, "25": 0.37249213457107544, "26": 0.4173850119113922, "27": 0.40730875730514526, "28": 0.43242567777633667, "29": 0.4472726285457611, "30": 0.4602109491825104, "31": 0.40524154901504517, "32": 0.4121822714805603, "33": 0.3841225206851959, "34": 0.4577571749687195, "35": 0.3931709825992584, "36": 0.414680540561676, "37": 0.389563649892807, "38": 0.42661023139953613, "39": 0.4318995475769043, "40": 0.4083588123321533, "41": 0.443980872631073, "42": 0.41233840584754944, "43": 0.4577680230140686, "44": 0.5193966627120972, "45": 0.4733985960483551, "46": 0.43299564719200134, "47": 0.4210372567176819, "48": 0.4689353406429291, "49": 0.5116754770278931, "50": 0.41005739569664, "51": 0.4502113461494446, "52": 0.43812376260757446, "53": 0.43735790252685547, "54": 0.47028684616088867, "55": 0.454660028219223, "56": 0.44800060987472534, "57": 0.4880216717720032, "58": 0.4840378761291504, "59": 0.45183855295181274, "60": 0.5216788053512573, "61": 0.4512254595756531, "62": 0.45397859811782837, "63": 0.4783205986022949, "64": 0.4685556888580322, "65": 0.4480403959751129, "66": 0.47835808992385864, "67": 0.5034593343734741, "68": 0.4636082649230957, "69": 0.48350319266319275, "70": 0.5086570382118225, "71": 0.4761699140071869, "72": 0.4936424791812897, "73": 0.4585995078086853, "74": 0.5023592710494995, "75": 0.5024821758270264, "76": 0.4984695315361023, "77": 0.48200780153274536, "78": 0.4919585585594177, "79": 0.5159257650375366, "80": 0.5235320925712585}