{"1": 0.634990394115448, "2": 0.445892333984375, "3": 0.41240376234054565, "4": 0.38881006836891174, "5": 0.3735910654067993, "6": 0.36414653062820435, "7": 0.3393000364303589, "8": 0.38172775506973267, "9": 0.4152357578277588, "10": 0.3887937366962433, "11": 0.36923733353614807, "12": 0.3316923677921295, "13": 0.3386059105396271, "14": 0.30909305810928345, "15": 0.3843887746334076, "16": 0.3620613217353821, "17": 0.3688153326511383, "18": 0.3219738006591797, "19": 0.40461260080337524, "20": 0.35620084404945374, "21": 0.34056511521339417, "22": 0.3280252516269684, "23": 0.34859076142311096, "24": 0.4034675061702728, "25": 0.32050952315330505, "26": 0.35917672514915466, "27": 0.36923596262931824, "28": 0.3288603723049164, "29": 0.3461371064186096, "30": 0.30359378457069397, "31": 0.31208863854408264, "32": 0.3145584464073181, "33": 0.33106300234794617, "34": 0.3111029863357544, "35": 0.41842788457870483, "36": 0.4009459912776947, "37": 0.37685278058052063, "38": 0.3041776418685913, "39": 0.35476064682006836, "40": 0.3366994559764862, "41": 0.3726051449775696, "42": 0.3342008590698242, "43": 0.33761879801750183, "44": 0.32541435956954956, "45": 0.3763720989227295, "46": 0.35934481024742126, "47": 0.34034469723701477, "48": 0.3141668736934662, "49": 0.3215857148170471, "50": 0.39086294174194336, "51": 0.309511661529541, "52": 0.3070871829986572, "53": 0.31449073553085327, "54": 0.3091684579849243, "55": 0.2899091839790344, "56": 0.3334570825099945, "57": 0.3449726104736328, "58": 0.35733622312545776, "59": 0.3449522852897644, "60": 0.3257109224796295, "61": 0.3526061773300171, "62": 0.38266614079475403, "63": 0.388505756855011, "64": 0.31728595495224, "65": 0.41986870765686035, "66": 0.3198389410972595, "67": 0.37859874963760376, "68": 0.3670639395713806, "69": 0.3693317472934723, "70": 0.3319440186023712, "71": 0.3139464855194092, "72": 0.3061702251434326, "73": 0.32467120885849, "74": 0.36681944131851196, "75": 0.3548068404197693, "76": 0.42803850769996643, "77": 0.36430245637893677, "78": 0.3109475374221802, "79": 0.40014562010765076, "80": 0.31339722871780396}