{"1": 0.5330641865730286, "2": 0.6194946765899658, "3": 0.6454086303710938, "4": 0.6593096852302551, "5": 0.6785451769828796, "6": 0.6799084544181824, "7": 0.6885144114494324, "8": 0.6535458564758301, "9": 0.6332623362541199, "10": 0.6465570330619812, "11": 0.659977376461029, "12": 0.7006093859672546, "13": 0.6885496973991394, "14": 0.7118681073188782, "15": 0.6597755551338196, "16": 0.6824985146522522, "17": 0.6663519740104675, "18": 0.7040037512779236, "19": 0.6214814186096191, "20": 0.657263457775116, "21": 0.6844291687011719, "22": 0.6948872208595276, "23": 0.6716836094856262, "24": 0.626034140586853, "25": 0.6959130764007568, "26": 0.6663517951965332, "27": 0.6630354523658752, "28": 0.6926984786987305, "29": 0.675352156162262, "30": 0.7045626044273376, "31": 0.7032522559165955, "32": 0.7020594477653503, "33": 0.6897246241569519, "34": 0.7029867768287659, "35": 0.639167308807373, "36": 0.6389803886413574, "37": 0.6440390348434448, "38": 0.7071995735168457, "39": 0.6724610328674316, "40": 0.6772015690803528, "41": 0.6570253968238831, "42": 0.6873783469200134, "43": 0.6844355463981628, "44": 0.6933896541595459, "45": 0.6534476280212402, "46": 0.6629440188407898, "47": 0.686309278011322, "48": 0.7026847004890442, "49": 0.7035525441169739, "50": 0.6534683108329773, "51": 0.7203620076179504, "52": 0.7111601829528809, "53": 0.6912367939949036, "54": 0.7091102004051208, "55": 0.7184891104698181, "56": 0.6819203495979309, "57": 0.6769358515739441, "58": 0.6651210188865662, "59": 0.6875905990600586, "60": 0.691852867603302, "61": 0.6709034442901611, "62": 0.6459370255470276, "63": 0.6455274224281311, "64": 0.7019917964935303, "65": 0.6370416283607483, "66": 0.7032304406166077, "67": 0.668022632598877, "68": 0.681803286075592, "69": 0.6705289483070374, "70": 0.691478967666626, "71": 0.7029569745063782, "72": 0.7181804776191711, "73": 0.7030324339866638, "74": 0.6801655888557434, "75": 0.6875131726264954, "76": 0.6290757656097412, "77": 0.6756865978240967, "78": 0.7129799723625183, "79": 0.649679958820343, "80": 0.7146176695823669}