{"1": 0.6193932890892029, "2": 0.549482524394989, "3": 0.6410652995109558, "4": 0.6033597588539124, "5": 0.5750942230224609, "6": 0.6574938297271729, "7": 0.6284207701683044, "8": 0.6691198348999023, "9": 0.643191933631897, "10": 0.6707140803337097, "11": 0.6527107357978821, "12": 0.6405913233757019, "13": 0.6691985130310059, "14": 0.6576529145240784, "15": 0.6715784668922424, "16": 0.6645264625549316, "17": 0.6544593572616577, "18": 0.6517311930656433, "19": 0.6628305315971375, "20": 0.6231279969215393, "21": 0.6422908902168274, "22": 0.6625733375549316, "23": 0.6601281762123108, "24": 0.6629654765129089, "25": 0.6841158866882324, "26": 0.662217378616333, "27": 0.6806825995445251, "28": 0.6516771912574768, "29": 0.6645273566246033, "30": 0.6399922370910645, "31": 0.6736009120941162, "32": 0.6762827038764954, "33": 0.6849207282066345, "34": 0.6476455330848694, "35": 0.6832641959190369, "36": 0.6818604469299316, "37": 0.6871382594108582, "38": 0.6759512424468994, "39": 0.6589305996894836, "40": 0.6753472685813904, "41": 0.6646628379821777, "42": 0.6837150454521179, "43": 0.6663272380828857, "44": 0.6418008208274841, "45": 0.6607068181037903, "46": 0.6734105944633484, "47": 0.6751382350921631, "48": 0.6579757332801819, "49": 0.6590074300765991, "50": 0.6952658295631409, "51": 0.6765561103820801, "52": 0.6684916019439697, "53": 0.6818947196006775, "54": 0.6750364899635315, "55": 0.6697899699211121, "56": 0.672681987285614, "57": 0.656390368938446, "58": 0.6512745022773743, "59": 0.677947998046875, "60": 0.6570683121681213, "61": 0.6749269366264343, "62": 0.6818601489067078, "63": 0.6619524359703064, "64": 0.668149471282959, "65": 0.6835921406745911, "66": 0.6821162700653076, "67": 0.6478100419044495, "68": 0.6792759299278259, "69": 0.6770263314247131, "70": 0.6787001490592957, "71": 0.6794905662536621, "72": 0.662379801273346, "73": 0.6819748282432556, "74": 0.6665492653846741, "75": 0.6553696393966675, "76": 0.6671373844146729, "77": 0.6602031588554382, "78": 0.6720935702323914, "79": 0.6689850687980652, "80": 0.6524032950401306}