{"1": 0.7933282852172852, "2": 0.5161667466163635, "3": 0.5101503133773804, "4": 0.4611108899116516, "5": 0.5177953839302063, "6": 0.4654194414615631, "7": 0.48904627561569214, "8": 0.5246142148971558, "9": 0.38412588834762573, "10": 0.4206777513027191, "11": 0.37024229764938354, "12": 0.45134249329566956, "13": 0.39122486114501953, "14": 0.41508397459983826, "15": 0.3871433436870575, "16": 0.38555535674095154, "17": 0.34634098410606384, "18": 0.5099756717681885, "19": 0.38159340620040894, "20": 0.37594082951545715, "21": 0.4075394570827484, "22": 0.4022897779941559, "23": 0.3370186686515808, "24": 0.35418403148651123, "25": 0.344834566116333, "26": 0.407693088054657, "27": 0.35125067830085754, "28": 0.38482666015625, "29": 0.3530520498752594, "30": 0.4116024076938629, "31": 0.34062808752059937, "32": 0.35156258940696716, "33": 0.4268394410610199, "34": 0.39824190735816956, "35": 0.33535292744636536, "36": 0.33348292112350464, "37": 0.36103326082229614, "38": 0.3943404257297516, "39": 0.3815724551677704, "40": 0.37883737683296204, "41": 0.5229820013046265, "42": 0.34695500135421753, "43": 0.4166867733001709, "44": 0.3553345799446106, "45": 0.3824551999568939, "46": 0.35094326734542847, "47": 0.368573933839798, "48": 0.44361066818237305, "49": 0.3565193712711334, "50": 0.39359527826309204, "51": 0.370400607585907, "52": 0.38461819291114807, "53": 0.3820435106754303, "54": 0.3806892931461334, "55": 0.3812659978866577, "56": 0.3919948637485504, "57": 0.3616389036178589, "58": 0.3528803884983063, "59": 0.36338892579078674, "60": 0.35384517908096313, "61": 0.34842947125434875, "62": 0.4059637486934662, "63": 0.4062882959842682, "64": 0.3902131915092468, "65": 0.3711872696876526, "66": 0.37551888823509216, "67": 0.34864363074302673, "68": 0.35085663199424744, "69": 0.364732563495636, "70": 0.42459672689437866, "71": 0.32431745529174805, "72": 0.3852890431880951, "73": 0.3514356315135956, "74": 0.4381493926048279, "75": 0.373212069272995, "76": 0.4270551800727844, "77": 0.3429552912712097, "78": 0.33747273683547974, "79": 0.3392433226108551, "80": 0.36773890256881714}