{"1": 0.6032720804214478, "2": 0.4108642637729645, "3": 0.3767140507698059, "4": 0.3546368479728699, "5": 0.3310026526451111, "6": 0.332510769367218, "7": 0.30885082483291626, "8": 0.35310715436935425, "9": 0.39776045083999634, "10": 0.3598865866661072, "11": 0.34393513202667236, "12": 0.30275169014930725, "13": 0.31400802731513977, "14": 0.28393787145614624, "15": 0.36541834473609924, "16": 0.3362996578216553, "17": 0.35520216822624207, "18": 0.3014795184135437, "19": 0.3941173553466797, "20": 0.3476099967956543, "21": 0.31769052147865295, "22": 0.30858033895492554, "23": 0.339059054851532, "24": 0.39351627230644226, "25": 0.304588258266449, "26": 0.3442217707633972, "27": 0.3550598919391632, "28": 0.3097527325153351, "29": 0.3285985291004181, "30": 0.2799972891807556, "31": 0.3011654317378998, "32": 0.3037044107913971, "33": 0.31696102023124695, "34": 0.2974329888820648, "35": 0.41823893785476685, "36": 0.38752272725105286, "37": 0.36888232827186584, "38": 0.2974894642829895, "39": 0.3388509452342987, "40": 0.3262406289577484, "41": 0.3594653606414795, "42": 0.3230671286582947, "43": 0.32889723777770996, "44": 0.31865066289901733, "45": 0.37403035163879395, "46": 0.34958478808403015, "47": 0.32779648900032043, "48": 0.29838842153549194, "49": 0.30969369411468506, "50": 0.37861502170562744, "51": 0.2812144160270691, "52": 0.2939990162849426, "53": 0.3115057051181793, "54": 0.2991587817668915, "55": 0.2777971625328064, "56": 0.32594603300094604, "57": 0.33720147609710693, "58": 0.35126304626464844, "59": 0.31826305389404297, "60": 0.3263389468193054, "61": 0.3427506983280182, "62": 0.3676593005657196, "63": 0.3830323815345764, "64": 0.2960999608039856, "65": 0.42446866631507874, "66": 0.3062933683395386, "67": 0.35779643058776855, "68": 0.35476231575012207, "69": 0.3487333655357361, "70": 0.32047295570373535, "71": 0.2991926968097687, "72": 0.2917601764202118, "73": 0.31947365403175354, "74": 0.3504236340522766, "75": 0.33592459559440613, "76": 0.42802420258522034, "77": 0.35905808210372925, "78": 0.30018898844718933, "79": 0.3892742693424225, "80": 0.30562418699264526}