{"1": 0.5505775213241577, "2": 0.6733993887901306, "3": 0.6993191242218018, "4": 0.7500997185707092, "5": 0.7313792109489441, "6": 0.7627113461494446, "7": 0.7561857104301453, "8": 0.7193581461906433, "9": 0.7851294875144958, "10": 0.772601306438446, "11": 0.7996012568473816, "12": 0.7462084889411926, "13": 0.7964088320732117, "14": 0.7776361107826233, "15": 0.7868978381156921, "16": 0.7962388396263123, "17": 0.7922323346138, "18": 0.7437403798103333, "19": 0.802271842956543, "20": 0.815994918346405, "21": 0.7940149307250977, "22": 0.7965025901794434, "23": 0.810758113861084, "24": 0.8108770847320557, "25": 0.7912473082542419, "26": 0.7968621253967285, "27": 0.8127440810203552, "28": 0.8121423721313477, "29": 0.8169129490852356, "30": 0.8053021430969238, "31": 0.8246234059333801, "32": 0.8186681270599365, "33": 0.78460693359375, "34": 0.8054289221763611, "35": 0.8245229125022888, "36": 0.8249897956848145, "37": 0.8141154646873474, "38": 0.8034005165100098, "39": 0.80447918176651, "40": 0.8143956065177917, "41": 0.7440462112426758, "42": 0.8221397995948792, "43": 0.7931513786315918, "44": 0.8010414242744446, "45": 0.8121859431266785, "46": 0.8252129554748535, "47": 0.7994912266731262, "48": 0.8003143668174744, "49": 0.8210939764976501, "50": 0.8025900721549988, "51": 0.819474458694458, "52": 0.8316131234169006, "53": 0.8141828179359436, "54": 0.8160371780395508, "55": 0.8136522173881531, "56": 0.8158556818962097, "57": 0.8218626379966736, "58": 0.8260815143585205, "59": 0.8243934512138367, "60": 0.8222255110740662, "61": 0.8184711337089539, "62": 0.7946398258209229, "63": 0.8058371543884277, "64": 0.8047836422920227, "65": 0.8126247525215149, "66": 0.8157644271850586, "67": 0.8159564137458801, "68": 0.8253864645957947, "69": 0.8222137093544006, "70": 0.8026418089866638, "71": 0.8320775032043457, "72": 0.8115146160125732, "73": 0.8164113163948059, "74": 0.7991807460784912, "75": 0.7994001507759094, "76": 0.8056891560554504, "77": 0.8122809529304504, "78": 0.8182161450386047, "79": 0.8235853314399719, "80": 0.818281888961792}