{"1": 0.7316063046455383, "2": 0.7003092765808105, "3": 0.7644949555397034, "4": 0.7648663520812988, "5": 0.7244856357574463, "6": 0.7905797362327576, "7": 0.7780607342720032, "8": 0.8009011149406433, "9": 0.801140546798706, "10": 0.7950723171234131, "11": 0.7989837527275085, "12": 0.7961654663085938, "13": 0.8133342862129211, "14": 0.8057934641838074, "15": 0.8195436000823975, "16": 0.8188050389289856, "17": 0.8175508379936218, "18": 0.8153082728385925, "19": 0.8158669471740723, "20": 0.8030038475990295, "21": 0.8097226023674011, "22": 0.8181799054145813, "23": 0.8174993395805359, "24": 0.8100575804710388, "25": 0.8131716251373291, "26": 0.8234965205192566, "27": 0.8312204480171204, "28": 0.8173272609710693, "29": 0.8353407382965088, "30": 0.8185939192771912, "31": 0.8143780827522278, "32": 0.8285796642303467, "33": 0.8130219578742981, "34": 0.8189651370048523, "35": 0.8267259001731873, "36": 0.8339100480079651, "37": 0.8291074633598328, "38": 0.8324182033538818, "39": 0.8195226788520813, "40": 0.8224397301673889, "41": 0.8268654942512512, "42": 0.8346573710441589, "43": 0.8373487591743469, "44": 0.8280331492424011, "45": 0.8316314816474915, "46": 0.822335958480835, "47": 0.8256309032440186, "48": 0.8303711414337158, "49": 0.8441720604896545, "50": 0.838665783405304, "51": 0.8403000831604004, "52": 0.829168975353241, "53": 0.8376209139823914, "54": 0.8466716408729553, "55": 0.8338231444358826, "56": 0.8348681926727295, "57": 0.8370640873908997, "58": 0.8223211169242859, "59": 0.8389460444450378, "60": 0.8463266491889954, "61": 0.8375630378723145, "62": 0.850460946559906, "63": 0.8276671767234802, "64": 0.8342458605766296, "65": 0.8388354182243347, "66": 0.8535287976264954, "67": 0.8273187279701233, "68": 0.8377580642700195, "69": 0.8508670926094055, "70": 0.8577151894569397, "71": 0.8438426852226257, "72": 0.8356955647468567, "73": 0.8430773615837097, "74": 0.8428035378456116, "75": 0.8167142868041992, "76": 0.8382490277290344, "77": 0.826941192150116, "78": 0.8452596068382263, "79": 0.843920886516571, "80": 0.8320620059967041}