{"1": 0.626796305179596, "2": 0.622267484664917, "3": 0.6279937624931335, "4": 0.6428136229515076, "5": 0.6608409285545349, "6": 0.6729783415794373, "7": 0.65736985206604, "8": 0.6277084946632385, "9": 0.6561750769615173, "10": 0.6836914420127869, "11": 0.6026751399040222, "12": 0.667228639125824, "13": 0.6575040817260742, "14": 0.6774506568908691, "15": 0.6860661506652832, "16": 0.6929181218147278, "17": 0.659865140914917, "18": 0.6308378577232361, "19": 0.6801071166992188, "20": 0.7031628489494324, "21": 0.6727089881896973, "22": 0.6810998916625977, "23": 0.6699909567832947, "24": 0.6703389286994934, "25": 0.6920745968818665, "26": 0.6530364155769348, "27": 0.6827499270439148, "28": 0.6687410473823547, "29": 0.6878789067268372, "30": 0.6699645519256592, "31": 0.6640317440032959, "32": 0.6218284964561462, "33": 0.6952059864997864, "34": 0.6789624691009521, "35": 0.6555976867675781, "36": 0.6721041798591614, "37": 0.7032504677772522, "38": 0.6971800923347473, "39": 0.7104372382164001, "40": 0.6937934756278992, "41": 0.6791474223136902, "42": 0.7055603861808777, "43": 0.6749499440193176, "44": 0.6836681962013245, "45": 0.6372830271720886, "46": 0.7054346203804016, "47": 0.6737842559814453, "48": 0.7170036435127258, "49": 0.713453471660614, "50": 0.6630989909172058, "51": 0.692493736743927, "52": 0.717250645160675, "53": 0.6934774518013, "54": 0.6900337338447571, "55": 0.6677513122558594, "56": 0.6731324791908264, "57": 0.6978440284729004, "58": 0.6762323975563049, "59": 0.6725819706916809, "60": 0.6165075302124023, "61": 0.6650030612945557, "62": 0.6947224736213684, "63": 0.7046360373497009, "64": 0.7002086639404297, "65": 0.6655732989311218, "66": 0.7064751982688904, "67": 0.6627649664878845, "68": 0.7152614593505859, "69": 0.6801969408988953, "70": 0.7061252593994141, "71": 0.7034446597099304, "72": 0.650627613067627, "73": 0.6889105439186096, "74": 0.6687694191932678, "75": 0.6872122883796692, "76": 0.6843884587287903, "77": 0.7165517807006836, "78": 0.6814908981323242, "79": 0.6666834950447083, "80": 0.6523491740226746}