{"1": 0.7341761589050293, "2": 0.6953566074371338, "3": 0.7549912333488464, "4": 0.7617211937904358, "5": 0.7155470252037048, "6": 0.7808311581611633, "7": 0.7650581002235413, "8": 0.7794709205627441, "9": 0.7848929762840271, "10": 0.7704892158508301, "11": 0.7796321511268616, "12": 0.7724063992500305, "13": 0.7792292237281799, "14": 0.7777271866798401, "15": 0.7751123309135437, "16": 0.7644249796867371, "17": 0.7693822979927063, "18": 0.769784688949585, "19": 0.7739963531494141, "20": 0.7766515612602234, "21": 0.7704312801361084, "22": 0.7779254913330078, "23": 0.7738461494445801, "24": 0.7500593066215515, "25": 0.753579318523407, "26": 0.7744590640068054, "27": 0.7508342862129211, "28": 0.7622770667076111, "29": 0.7446310520172119, "30": 0.7718462944030762, "31": 0.7580501437187195, "32": 0.748201310634613, "33": 0.7460704445838928, "34": 0.7616234421730042, "35": 0.7515512108802795, "36": 0.7415996193885803, "37": 0.7419185042381287, "38": 0.751067578792572, "39": 0.766655683517456, "40": 0.7655655741691589, "41": 0.7663426995277405, "42": 0.7556748390197754, "43": 0.744103729724884, "44": 0.7654682993888855, "45": 0.7647320628166199, "46": 0.736883819103241, "47": 0.7480006217956543, "48": 0.7632966637611389, "49": 0.7475998997688293, "50": 0.7344379425048828, "51": 0.7421968579292297, "52": 0.7521136403083801, "53": 0.7471356391906738, "54": 0.7439244389533997, "55": 0.7530117034912109, "56": 0.7535596489906311, "57": 0.7491865158081055, "58": 0.7454219460487366, "59": 0.7368769645690918, "60": 0.7389238476753235, "61": 0.7413311004638672, "62": 0.7586591243743896, "63": 0.7520858645439148, "64": 0.7395219206809998, "65": 0.7295404076576233, "66": 0.7403874397277832, "67": 0.7148101925849915, "68": 0.7378937602043152, "69": 0.7359140515327454, "70": 0.7232873439788818, "71": 0.7307476997375488, "72": 0.7345227599143982, "73": 0.7423214912414551, "74": 0.7481305003166199, "75": 0.7340797781944275, "76": 0.7338077425956726, "77": 0.7309418320655823, "78": 0.6930152773857117, "79": 0.7349247336387634, "80": 0.7364611625671387}