{"1": 0.7741740942001343, "2": 0.5171250700950623, "3": 0.5089028477668762, "4": 0.4667801260948181, "5": 0.5131569504737854, "6": 0.4640869200229645, "7": 0.48990899324417114, "8": 0.5016454458236694, "9": 0.38263314962387085, "10": 0.4080912172794342, "11": 0.3762430250644684, "12": 0.42281848192214966, "13": 0.380064994096756, "14": 0.3934566378593445, "15": 0.3729460537433624, "16": 0.3722500205039978, "17": 0.3308785557746887, "18": 0.47186079621315, "19": 0.37003737688064575, "20": 0.37596869468688965, "21": 0.3877263367176056, "22": 0.37944772839546204, "23": 0.3261657953262329, "24": 0.3447132408618927, "25": 0.3248608708381653, "26": 0.384176105260849, "27": 0.3348607122898102, "28": 0.3729092478752136, "29": 0.33674678206443787, "30": 0.3915337920188904, "31": 0.330902099609375, "32": 0.3328685760498047, "33": 0.3986102044582367, "34": 0.3695252537727356, "35": 0.3230038285255432, "36": 0.32029610872268677, "37": 0.342195987701416, "38": 0.37614163756370544, "39": 0.35854166746139526, "40": 0.3499736785888672, "41": 0.4759141504764557, "42": 0.33081895112991333, "43": 0.3827449381351471, "44": 0.3325640559196472, "45": 0.3627628684043884, "46": 0.33671772480010986, "47": 0.34470951557159424, "48": 0.4155512750148773, "49": 0.3419804275035858, "50": 0.36110612750053406, "51": 0.34402915835380554, "52": 0.3592057526111603, "53": 0.3571602404117584, "54": 0.3543550968170166, "55": 0.36165136098861694, "56": 0.3649572730064392, "57": 0.33936095237731934, "58": 0.32494640350341797, "59": 0.33296695351600647, "60": 0.3343462347984314, "61": 0.31914108991622925, "62": 0.36629748344421387, "63": 0.3756757378578186, "64": 0.3647611141204834, "65": 0.35046786069869995, "66": 0.36078739166259766, "67": 0.3183642625808716, "68": 0.33148321509361267, "69": 0.3380553126335144, "70": 0.4006173014640808, "71": 0.3012154996395111, "72": 0.35549789667129517, "73": 0.33261460065841675, "74": 0.39924606680870056, "75": 0.34634965658187866, "76": 0.4002215266227722, "77": 0.32048100233078003, "78": 0.3142474889755249, "79": 0.3172627091407776, "80": 0.35037922859191895}