{"1": 0.6458661556243896, "2": 0.7548508644104004, "3": 0.7759115099906921, "4": 0.7744913101196289, "5": 0.8076632618904114, "6": 0.8020843863487244, "7": 0.791856586933136, "8": 0.792639970779419, "9": 0.7955277562141418, "10": 0.7996794581413269, "11": 0.8025583624839783, "12": 0.8238570094108582, "13": 0.8108925223350525, "14": 0.8185268044471741, "15": 0.8119248747825623, "16": 0.8193796277046204, "17": 0.815197765827179, "18": 0.8267881870269775, "19": 0.7859921455383301, "20": 0.808227002620697, "21": 0.8240366578102112, "22": 0.8084867000579834, "23": 0.8118219971656799, "24": 0.7829039096832275, "25": 0.8217280507087708, "26": 0.8219190239906311, "27": 0.8160902857780457, "28": 0.8311205506324768, "29": 0.8197386860847473, "30": 0.8104029297828674, "31": 0.8265412449836731, "32": 0.8331043124198914, "33": 0.8248691558837891, "34": 0.8315960764884949, "35": 0.8080248832702637, "36": 0.8109280467033386, "37": 0.806182861328125, "38": 0.834874153137207, "39": 0.8137702941894531, "40": 0.8235082626342773, "41": 0.8101797103881836, "42": 0.837546169757843, "43": 0.8257715106010437, "44": 0.8333444595336914, "45": 0.8143553733825684, "46": 0.8218488693237305, "47": 0.8300814628601074, "48": 0.8316406607627869, "49": 0.8383280634880066, "50": 0.8117863535881042, "51": 0.8405749797821045, "52": 0.8334219455718994, "53": 0.8217551112174988, "54": 0.8403976559638977, "55": 0.8402805924415588, "56": 0.8341235518455505, "57": 0.8262338638305664, "58": 0.8227949142456055, "59": 0.8314881920814514, "60": 0.8328648209571838, "61": 0.8195664286613464, "62": 0.806267261505127, "63": 0.8082208633422852, "64": 0.8312296867370605, "65": 0.8076959252357483, "66": 0.8415878415107727, "67": 0.8208615779876709, "68": 0.829383373260498, "69": 0.8286617398262024, "70": 0.830132782459259, "71": 0.8335502743721008, "72": 0.8388471007347107, "73": 0.8392295837402344, "74": 0.8319187760353088, "75": 0.8242318034172058, "76": 0.7994162440299988, "77": 0.8256126046180725, "78": 0.8437251448631287, "79": 0.81005859375, "80": 0.8452522158622742}