{"1": 0.44166892766952515, "2": 0.5208312273025513, "3": 0.4062848687171936, "4": 0.4730193018913269, "5": 0.4728769361972809, "6": 0.3843786120414734, "7": 0.4093405604362488, "8": 0.36697477102279663, "9": 0.4049876630306244, "10": 0.3604450821876526, "11": 0.3800036311149597, "12": 0.3900034427642822, "13": 0.35994845628738403, "14": 0.3807958662509918, "15": 0.35847043991088867, "16": 0.3635335862636566, "17": 0.3819745182991028, "18": 0.38979583978652954, "19": 0.3674480617046356, "20": 0.4291403293609619, "21": 0.3951036036014557, "22": 0.3759932518005371, "23": 0.37278062105178833, "24": 0.3715074956417084, "25": 0.3267791271209717, "26": 0.3708643317222595, "27": 0.3399495780467987, "28": 0.3790300488471985, "29": 0.36298343539237976, "30": 0.4033036231994629, "31": 0.3572238087654114, "32": 0.3421856760978699, "33": 0.3287211060523987, "34": 0.3935811519622803, "35": 0.3299059569835663, "36": 0.33417338132858276, "37": 0.3201620876789093, "38": 0.3452034890651703, "39": 0.37143635749816895, "40": 0.3537435531616211, "41": 0.37564617395401, "42": 0.333763986825943, "43": 0.3638381361961365, "44": 0.4269655644893646, "45": 0.39367708563804626, "46": 0.35261207818984985, "47": 0.3463113605976105, "48": 0.38749662041664124, "49": 0.39330488443374634, "50": 0.31635597348213196, "51": 0.34844785928726196, "52": 0.35598522424697876, "53": 0.3435066044330597, "54": 0.35948479175567627, "55": 0.36183610558509827, "56": 0.35756146907806396, "57": 0.38443514704704285, "58": 0.39613646268844604, "59": 0.34459540247917175, "60": 0.39048340916633606, "61": 0.35319340229034424, "62": 0.34972065687179565, "63": 0.3908829092979431, "64": 0.36765557527542114, "65": 0.3398038446903229, "66": 0.35176756978034973, "67": 0.3893774151802063, "68": 0.35364198684692383, "69": 0.3598965108394623, "70": 0.3619590401649475, "71": 0.35379093885421753, "72": 0.3807517886161804, "73": 0.34753844141960144, "74": 0.38404521346092224, "75": 0.4067614674568176, "76": 0.3845422863960266, "77": 0.3809801936149597, "78": 0.3526424169540405, "79": 0.38412734866142273, "80": 0.41017061471939087}