{"1": 0.43454647064208984, "2": 0.5625808835029602, "3": 0.5726118087768555, "4": 0.6126908659934998, "5": 0.5557039380073547, "6": 0.5965991020202637, "7": 0.5672562718391418, "8": 0.5470979809761047, "9": 0.6469907760620117, "10": 0.6293714642524719, "11": 0.6587632298469543, "12": 0.6062267422676086, "13": 0.6416190266609192, "14": 0.628389298915863, "15": 0.6404233574867249, "16": 0.6435971856117249, "17": 0.6610057950019836, "18": 0.5594882965087891, "19": 0.644140899181366, "20": 0.6587607860565186, "21": 0.6331383585929871, "22": 0.6322221159934998, "23": 0.6760130524635315, "24": 0.6637309193611145, "25": 0.6608167886734009, "26": 0.6263251304626465, "27": 0.6713683605194092, "28": 0.647016704082489, "29": 0.6648542284965515, "30": 0.6212422251701355, "31": 0.6808496117591858, "32": 0.6708168387413025, "33": 0.6041036248207092, "34": 0.6336447596549988, "35": 0.6821445822715759, "36": 0.6814637184143066, "37": 0.6587114334106445, "38": 0.6302236318588257, "39": 0.6405767798423767, "40": 0.647455632686615, "41": 0.5599047541618347, "42": 0.6741349697113037, "43": 0.6180891394615173, "44": 0.6596086621284485, "45": 0.6449805498123169, "46": 0.6701303124427795, "47": 0.6489242911338806, "48": 0.6082801222801208, "49": 0.6624499559402466, "50": 0.6377303600311279, "51": 0.6583752632141113, "52": 0.6543488502502441, "53": 0.6474428176879883, "54": 0.6497884392738342, "55": 0.6479854583740234, "56": 0.646781861782074, "57": 0.6653938293457031, "58": 0.673591136932373, "59": 0.6633480191230774, "60": 0.6664301753044128, "61": 0.6720376014709473, "62": 0.6286802291870117, "63": 0.6275507211685181, "64": 0.6375600695610046, "65": 0.6534700989723206, "66": 0.6568657755851746, "67": 0.6679521203041077, "68": 0.6720776557922363, "69": 0.6628629565238953, "70": 0.628588080406189, "71": 0.6913471817970276, "72": 0.6481577754020691, "73": 0.6677911877632141, "74": 0.6190332770347595, "75": 0.6485211849212646, "76": 0.6281769275665283, "77": 0.6751305460929871, "78": 0.6817436218261719, "79": 0.6797909736633301, "80": 0.6625006794929504}