{"1": 0.4367996156215668, "2": 0.5644702315330505, "3": 0.5757357478141785, "4": 0.6136487126350403, "5": 0.5610255599021912, "6": 0.601536214351654, "7": 0.5720899701118469, "8": 0.5578663945198059, "9": 0.6526809334754944, "10": 0.6371650695800781, "11": 0.6615731120109558, "12": 0.6160354018211365, "13": 0.6503349542617798, "14": 0.6398207545280457, "15": 0.6491987109184265, "16": 0.651721715927124, "17": 0.6717319488525391, "18": 0.5726854801177979, "19": 0.6514827609062195, "20": 0.6613990664482117, "21": 0.643212080001831, "22": 0.6420173645019531, "23": 0.6821373105049133, "24": 0.6689212322235107, "25": 0.6711481213569641, "26": 0.6353822946548462, "27": 0.6783937811851501, "28": 0.6515079140663147, "29": 0.6715044379234314, "30": 0.6289597153663635, "31": 0.6839107871055603, "32": 0.6768379211425781, "33": 0.6144340634346008, "34": 0.6424617767333984, "35": 0.6857132911682129, "36": 0.6842088103294373, "37": 0.6613414883613586, "38": 0.6354885101318359, "39": 0.6450365781784058, "40": 0.6531473994255066, "41": 0.5710181593894958, "42": 0.6764863133430481, "43": 0.6260095238685608, "44": 0.6647104620933533, "45": 0.6483772397041321, "46": 0.6703322529792786, "47": 0.6533098816871643, "48": 0.6151224970817566, "49": 0.6626033782958984, "50": 0.6449794173240662, "51": 0.6617364883422852, "52": 0.659713089466095, "53": 0.6518309712409973, "54": 0.6529595255851746, "55": 0.6502120494842529, "56": 0.6514657735824585, "57": 0.6681479811668396, "58": 0.6777449250221252, "59": 0.6666586399078369, "60": 0.6672237515449524, "61": 0.6745836734771729, "62": 0.6345254778862, "63": 0.6318738460540771, "64": 0.6387750506401062, "65": 0.6538658142089844, "66": 0.6574094891548157, "67": 0.670176088809967, "68": 0.6719256043434143, "69": 0.667168378829956, "70": 0.6318541169166565, "71": 0.6960365772247314, "72": 0.6507207751274109, "73": 0.6692600250244141, "74": 0.6236270070075989, "75": 0.6507782340049744, "76": 0.6311138272285461, "77": 0.6768506169319153, "78": 0.6839738488197327, "79": 0.6793798804283142, "80": 0.6610717177391052}