{"1": 0.624836266040802, "2": 0.5504318475723267, "3": 0.6451404690742493, "4": 0.6055335402488708, "5": 0.573997437953949, "6": 0.6615005135536194, "7": 0.6318190097808838, "8": 0.6795193552970886, "9": 0.6522392630577087, "10": 0.6802459359169006, "11": 0.6613675951957703, "12": 0.6480562090873718, "13": 0.6856855750083923, "14": 0.6705506443977356, "15": 0.6935470700263977, "16": 0.6987850666046143, "17": 0.6812400817871094, "18": 0.676873505115509, "19": 0.6816255450248718, "20": 0.6371135711669922, "21": 0.6575626730918884, "22": 0.6755204796791077, "23": 0.6809824109077454, "24": 0.6794307827949524, "25": 0.7092239260673523, "26": 0.6851634383201599, "27": 0.715755045413971, "28": 0.6712692379951477, "29": 0.7059639096260071, "30": 0.6604720950126648, "31": 0.6857662796974182, "32": 0.709730327129364, "33": 0.7069289684295654, "34": 0.6677202582359314, "35": 0.7099683284759521, "36": 0.7217502593994141, "37": 0.7241385579109192, "38": 0.7090175747871399, "39": 0.6778674721717834, "40": 0.6974614262580872, "41": 0.692535400390625, "42": 0.7173264026641846, "43": 0.7114698886871338, "44": 0.6668824553489685, "45": 0.6919918060302734, "46": 0.696540892124176, "47": 0.6970993876457214, "48": 0.6855781078338623, "49": 0.7085021138191223, "50": 0.7391808032989502, "51": 0.7201406955718994, "52": 0.6909279227256775, "53": 0.7234576344490051, "54": 0.7177918553352356, "55": 0.6958535313606262, "56": 0.7004475593566895, "57": 0.6864401698112488, "58": 0.6772162914276123, "59": 0.7201745510101318, "60": 0.7019587159156799, "61": 0.7053813338279724, "62": 0.7195774912834167, "63": 0.6816385388374329, "64": 0.694567859172821, "65": 0.7217753529548645, "66": 0.7308539748191833, "67": 0.6810052990913391, "68": 0.7121703028678894, "69": 0.7259604334831238, "70": 0.7400408387184143, "71": 0.7223603129386902, "72": 0.6922699809074402, "73": 0.713228166103363, "74": 0.7010282874107361, "75": 0.6733881831169128, "76": 0.7060863375663757, "77": 0.6873119473457336, "78": 0.7322807312011719, "79": 0.7127940654754639, "80": 0.686894416809082}