{"1": 0.7297999858856201, "2": 0.6994110941886902, "3": 0.761777400970459, "4": 0.7652749419212341, "5": 0.7244062423706055, "6": 0.7886502146720886, "7": 0.7757059931755066, "8": 0.7936415672302246, "9": 0.795720636844635, "10": 0.7877442240715027, "11": 0.7928264737129211, "12": 0.7900436520576477, "13": 0.8005619049072266, "14": 0.7962868809700012, "15": 0.8025637269020081, "16": 0.7953175902366638, "17": 0.7980234026908875, "18": 0.7971024513244629, "19": 0.8005936145782471, "20": 0.7931351661682129, "21": 0.796637237071991, "22": 0.8056600689888, "23": 0.8012033104896545, "24": 0.7911553382873535, "25": 0.7923212051391602, "26": 0.805091381072998, "27": 0.8015771508216858, "28": 0.798849880695343, "29": 0.8018221855163574, "30": 0.8022982478141785, "31": 0.7983048558235168, "32": 0.8001599311828613, "33": 0.7922044396400452, "34": 0.800812304019928, "35": 0.8023746013641357, "36": 0.801194965839386, "37": 0.7988454699516296, "38": 0.8040509223937988, "39": 0.8025408387184143, "40": 0.8035709261894226, "41": 0.805334746837616, "42": 0.8069635033607483, "43": 0.8022966384887695, "44": 0.8072478175163269, "45": 0.8078204989433289, "46": 0.7967031598091125, "47": 0.8022172451019287, "48": 0.8074014186859131, "49": 0.8070194721221924, "50": 0.8030014634132385, "51": 0.8061489462852478, "52": 0.8062951564788818, "53": 0.8059164881706238, "54": 0.8106549382209778, "55": 0.809393584728241, "56": 0.8098506927490234, "57": 0.8088180422782898, "58": 0.7983970642089844, "59": 0.8051761984825134, "60": 0.8099502921104431, "61": 0.8077818751335144, "62": 0.8198713660240173, "63": 0.8065556883811951, "64": 0.8064048290252686, "65": 0.8040021061897278, "66": 0.8139745593070984, "67": 0.7918208241462708, "68": 0.8066428303718567, "69": 0.8108041882514954, "70": 0.8099675178527832, "71": 0.8071578145027161, "72": 0.8042981028556824, "73": 0.8124650120735168, "74": 0.8117556571960449, "75": 0.7941868305206299, "76": 0.8026661276817322, "77": 0.7980871796607971, "78": 0.7945013642311096, "79": 0.8072559237480164, "80": 0.8003485798835754}