{"1": 0.6228381991386414, "2": 0.5464946031570435, "3": 0.6343067288398743, "4": 0.5991299152374268, "5": 0.5689978003501892, "6": 0.6481770277023315, "7": 0.618327260017395, "8": 0.6535348296165466, "9": 0.6309942603111267, "10": 0.6529603600502014, "11": 0.6387293338775635, "12": 0.6245880722999573, "13": 0.6473038792610168, "14": 0.6386523842811584, "15": 0.6438843607902527, "16": 0.6308302283287048, "17": 0.6246122717857361, "18": 0.6228145360946655, "19": 0.636726975440979, "20": 0.6066588759422302, "21": 0.618314266204834, "22": 0.6378426551818848, "23": 0.6327731013298035, "24": 0.627842128276825, "25": 0.6445024609565735, "26": 0.6316055655479431, "27": 0.6302961111068726, "28": 0.6194787621498108, "29": 0.6087610125541687, "30": 0.6105470657348633, "31": 0.6380423903465271, "32": 0.6257569193840027, "33": 0.6397146582603455, "34": 0.6128790974617004, "35": 0.6339753270149231, "36": 0.6232598423957825, "37": 0.6293027997016907, "38": 0.6250321865081787, "39": 0.6247267723083496, "40": 0.6367784142494202, "41": 0.6246926784515381, "42": 0.6325110793113708, "43": 0.6091902256011963, "44": 0.6022371649742126, "45": 0.6170483231544495, "46": 0.6195324063301086, "47": 0.6257456541061401, "48": 0.6152251362800598, "49": 0.5992255210876465, "50": 0.6254526972770691, "51": 0.6135843396186829, "52": 0.6197559833526611, "53": 0.6223450303077698, "54": 0.6111512780189514, "55": 0.6185126304626465, "56": 0.620306134223938, "57": 0.6037337779998779, "58": 0.6030566096305847, "59": 0.6113376021385193, "60": 0.5895885825157166, "61": 0.6153635382652283, "62": 0.6228866577148438, "63": 0.6147342324256897, "64": 0.6097896099090576, "65": 0.6126388907432556, "66": 0.6107897758483887, "67": 0.5848150849342346, "68": 0.6147916913032532, "69": 0.6066329479217529, "70": 0.5951291918754578, "71": 0.6074371933937073, "72": 0.6024680733680725, "73": 0.6163739562034607, "74": 0.6081645488739014, "75": 0.6052281856536865, "76": 0.6033570766448975, "77": 0.6027406454086304, "78": 0.5775160789489746, "79": 0.6005513668060303, "80": 0.5949912667274475}