{"1": 0.4191623330116272, "2": 0.44110798835754395, "3": 0.4288322925567627, "4": 0.4118369221687317, "5": 0.37965741753578186, "6": 0.3599812984466553, "7": 0.3762509822845459, "8": 0.41202908754348755, "9": 0.37512606382369995, "10": 0.3379051089286804, "11": 0.43203920125961304, "12": 0.3634152412414551, "13": 0.37142276763916016, "14": 0.3542982339859009, "15": 0.3334830701351166, "16": 0.323297917842865, "17": 0.36691373586654663, "18": 0.39046531915664673, "19": 0.332952082157135, "20": 0.3135368824005127, "21": 0.3490631878376007, "22": 0.33430102467536926, "23": 0.34287866950035095, "24": 0.34472209215164185, "25": 0.31856781244277954, "26": 0.3732457160949707, "27": 0.32997551560401917, "28": 0.348280668258667, "29": 0.3248290419578552, "30": 0.3527337908744812, "31": 0.36585551500320435, "32": 0.40058884024620056, "33": 0.3127909302711487, "34": 0.3336102366447449, "35": 0.37454530596733093, "36": 0.34217533469200134, "37": 0.3037325143814087, "38": 0.31252995133399963, "39": 0.3012803792953491, "40": 0.3129899203777313, "41": 0.339760959148407, "42": 0.305725634098053, "43": 0.3404957354068756, "44": 0.33565640449523926, "45": 0.4095395505428314, "46": 0.30585911870002747, "47": 0.3424117863178253, "48": 0.29075121879577637, "49": 0.29007458686828613, "50": 0.3699261248111725, "51": 0.3216730058193207, "52": 0.28831878304481506, "53": 0.31954556703567505, "54": 0.31856727600097656, "55": 0.3475629389286041, "56": 0.34453096985816956, "57": 0.3309246003627777, "58": 0.3502747118473053, "59": 0.3655831217765808, "60": 0.41057172417640686, "61": 0.37545233964920044, "62": 0.3307191729545593, "63": 0.312837690114975, "64": 0.3109426200389862, "65": 0.3590812683105469, "66": 0.3069784343242645, "67": 0.3538631498813629, "68": 0.29137060046195984, "69": 0.3484104573726654, "70": 0.3112379014492035, "71": 0.30986523628234863, "72": 0.37196478247642517, "73": 0.32820650935173035, "74": 0.37267547845840454, "75": 0.3451019823551178, "76": 0.32908183336257935, "77": 0.29707521200180054, "78": 0.3352010250091553, "79": 0.3576248586177826, "80": 0.37824565172195435}