{"1": 0.6035793423652649, "2": 0.5939779877662659, "3": 0.5940365195274353, "4": 0.6061325073242188, "5": 0.6309775710105896, "6": 0.634293258190155, "7": 0.6270239949226379, "8": 0.5956194996833801, "9": 0.6243966221809387, "10": 0.6484422087669373, "11": 0.569068431854248, "12": 0.6319259405136108, "13": 0.614314079284668, "14": 0.6436817049980164, "15": 0.6390298008918762, "16": 0.6582172513008118, "17": 0.6149527430534363, "18": 0.5890516638755798, "19": 0.6338589191436768, "20": 0.666811466217041, "21": 0.6329603791236877, "22": 0.6342194676399231, "23": 0.6269877552986145, "24": 0.6258198022842407, "25": 0.6436131596565247, "26": 0.6119779944419861, "27": 0.6436811089515686, "28": 0.6218755841255188, "29": 0.6424497961997986, "30": 0.6320984959602356, "31": 0.6209147572517395, "32": 0.5808516144752502, "33": 0.650192141532898, "34": 0.6395147442817688, "35": 0.6143908500671387, "36": 0.6271777153015137, "37": 0.6568813323974609, "38": 0.6534278988838196, "39": 0.6754109859466553, "40": 0.6515678763389587, "41": 0.6311317086219788, "42": 0.6578481197357178, "43": 0.6309290528297424, "44": 0.6357900500297546, "45": 0.5938850045204163, "46": 0.6601815819740295, "47": 0.6297979354858398, "48": 0.672122061252594, "49": 0.6675562858581543, "50": 0.6185075640678406, "51": 0.6504880785942078, "52": 0.6734163761138916, "53": 0.6537129282951355, "54": 0.648730456829071, "55": 0.6241928935050964, "56": 0.6187919974327087, "57": 0.6560032963752747, "58": 0.6279173493385315, "59": 0.6285251975059509, "60": 0.5704123377799988, "61": 0.6249131560325623, "62": 0.655513346195221, "63": 0.6549540162086487, "64": 0.6546877026557922, "65": 0.6193587183952332, "66": 0.6566135883331299, "67": 0.616618812084198, "68": 0.669362485408783, "69": 0.6397485136985779, "70": 0.6519265174865723, "71": 0.6521809101104736, "72": 0.6050624251365662, "73": 0.6352179050445557, "74": 0.6229565143585205, "75": 0.6416367888450623, "76": 0.636091411113739, "77": 0.6661093235015869, "78": 0.6397458910942078, "79": 0.6171743869781494, "80": 0.6062004566192627}