{"1": 0.4392944872379303, "2": 0.5665093064308167, "3": 0.5800864100456238, "4": 0.6170344948768616, "5": 0.570304811000824, "6": 0.6093470454216003, "7": 0.5816944241523743, "8": 0.574032723903656, "9": 0.6631770133972168, "10": 0.6497743129730225, "11": 0.6672800183296204, "12": 0.6322756409645081, "13": 0.6624667048454285, "14": 0.6555489897727966, "15": 0.6616213321685791, "16": 0.6640610694885254, "17": 0.6874240040779114, "18": 0.5915020108222961, "19": 0.6619806289672852, "20": 0.6655477285385132, "21": 0.6581436991691589, "22": 0.6574816107749939, "23": 0.6930168271064758, "24": 0.6796414852142334, "25": 0.6884315609931946, "26": 0.6514623761177063, "27": 0.6905468106269836, "28": 0.6601466536521912, "29": 0.6853068470954895, "30": 0.6417033076286316, "31": 0.6921372413635254, "32": 0.6897373199462891, "33": 0.632073700428009, "34": 0.6595038175582886, "35": 0.6955222487449646, "36": 0.695981502532959, "37": 0.6748393177986145, "38": 0.64980149269104, "39": 0.6594783663749695, "40": 0.6697568893432617, "41": 0.5902372002601624, "42": 0.6874887347221375, "43": 0.6441667675971985, "44": 0.6806209683418274, "45": 0.6628165245056152, "46": 0.6826274394989014, "47": 0.6699697971343994, "48": 0.6314323544502258, "49": 0.6760285496711731, "50": 0.663480818271637, "51": 0.6771724820137024, "52": 0.6727509498596191, "53": 0.6665562987327576, "54": 0.6693302989006042, "55": 0.6654117703437805, "56": 0.6673997044563293, "57": 0.6825272440910339, "58": 0.6935506463050842, "59": 0.6837642788887024, "60": 0.6815239787101746, "61": 0.6917489171028137, "62": 0.657076895236969, "63": 0.648979663848877, "64": 0.6547091603279114, "65": 0.6679441928863525, "66": 0.6703300476074219, "67": 0.6896874308586121, "68": 0.6855053305625916, "69": 0.6816560626029968, "70": 0.6476265788078308, "71": 0.7145872712135315, "72": 0.6696996092796326, "73": 0.6824129223823547, "74": 0.6444315314292908, "75": 0.6702454686164856, "76": 0.6470401883125305, "77": 0.6943729519844055, "78": 0.7009093165397644, "79": 0.6962206363677979, "80": 0.6770114898681641}