{"1": 0.7825998067855835, "2": 0.5166929960250854, "3": 0.5104167461395264, "4": 0.465388685464859, "5": 0.5176853537559509, "6": 0.46775493025779724, "7": 0.4938405156135559, "8": 0.5169843435287476, "9": 0.38707223534584045, "10": 0.4183275103569031, "11": 0.37645062804222107, "12": 0.44126129150390625, "13": 0.38893061876296997, "14": 0.4072391092777252, "15": 0.3829648494720459, "16": 0.38218003511428833, "17": 0.3413395881652832, "18": 0.49452295899391174, "19": 0.3788262903690338, "20": 0.3793967664241791, "21": 0.4009435772895813, "22": 0.39476901292800903, "23": 0.3352500796318054, "24": 0.35349661111831665, "25": 0.33878377079963684, "26": 0.3998281955718994, "27": 0.3465450704097748, "28": 0.38391321897506714, "29": 0.3496442437171936, "30": 0.40667328238487244, "31": 0.340319961309433, "32": 0.34678003191947937, "33": 0.41759419441223145, "34": 0.38928091526031494, "35": 0.3338620066642761, "36": 0.33245688676834106, "37": 0.35845011472702026, "38": 0.39148229360580444, "39": 0.3768162727355957, "40": 0.3715551197528839, "41": 0.5067797899246216, "42": 0.34457558393478394, "43": 0.4074198305606842, "44": 0.3498864471912384, "45": 0.3805440068244934, "46": 0.35224851965904236, "47": 0.36314985156059265, "48": 0.4389113485813141, "49": 0.3587798476219177, "50": 0.3845609426498413, "51": 0.36688151955604553, "52": 0.38042184710502625, "53": 0.377818763256073, "54": 0.3763035833835602, "55": 0.37973472476005554, "56": 0.38722148537635803, "57": 0.35782384872436523, "58": 0.34713077545166016, "59": 0.35777798295021057, "60": 0.3538230061531067, "61": 0.3430684804916382, "62": 0.39689207077026367, "63": 0.4009386897087097, "64": 0.3893582820892334, "65": 0.36974602937698364, "66": 0.37746575474739075, "67": 0.3438597321510315, "68": 0.3505093455314636, "69": 0.35875535011291504, "70": 0.4232266843318939, "71": 0.3199751675128937, "72": 0.38261762261390686, "73": 0.34956392645835876, "74": 0.4326426088809967, "75": 0.36894938349723816, "76": 0.42609262466430664, "77": 0.3400014042854309, "78": 0.3342828154563904, "79": 0.33898869156837463, "80": 0.3714137673377991}