{"1": 0.7099434733390808, "2": 0.7409092783927917, "3": 0.7487490177154541, "4": 0.763373076915741, "5": 0.7540866732597351, "6": 0.7618639469146729, "7": 0.7591698169708252, "8": 0.7586005330085754, "9": 0.7633855938911438, "10": 0.7850775122642517, "11": 0.7283708453178406, "12": 0.7814757823944092, "13": 0.732853889465332, "14": 0.7878017425537109, "15": 0.7672209739685059, "16": 0.7820115089416504, "17": 0.7588451504707336, "18": 0.7545540928840637, "19": 0.7630173563957214, "20": 0.8014305233955383, "21": 0.7753150463104248, "22": 0.7774452567100525, "23": 0.7764472961425781, "24": 0.7793496251106262, "25": 0.7808968424797058, "26": 0.7729554772377014, "27": 0.789836585521698, "28": 0.7673749923706055, "29": 0.7755274176597595, "30": 0.7853929400444031, "31": 0.7656176686286926, "32": 0.7415514588356018, "33": 0.7927538752555847, "34": 0.7920864224433899, "35": 0.765720546245575, "36": 0.7768735289573669, "37": 0.7813704013824463, "38": 0.7885615825653076, "39": 0.80738765001297, "40": 0.7824732661247253, "41": 0.7812978625297546, "42": 0.7903614044189453, "43": 0.7729794383049011, "44": 0.7744014859199524, "45": 0.759253203868866, "46": 0.7829036116600037, "47": 0.7889447212219238, "48": 0.7926309108734131, "49": 0.7792982459068298, "50": 0.7644903063774109, "51": 0.7881808876991272, "52": 0.7870996594429016, "53": 0.8018031120300293, "54": 0.7863208651542664, "55": 0.77425217628479, "56": 0.7585835456848145, "57": 0.7998183369636536, "58": 0.7742741107940674, "59": 0.7687451243400574, "60": 0.7276120185852051, "61": 0.7778915762901306, "62": 0.7896447777748108, "63": 0.7858173847198486, "64": 0.7907928824424744, "65": 0.7725062966346741, "66": 0.7921698093414307, "67": 0.760058581829071, "68": 0.7869534492492676, "69": 0.7764405608177185, "70": 0.7740245461463928, "71": 0.7748320698738098, "72": 0.7565301060676575, "73": 0.7716959118843079, "74": 0.7695567011833191, "75": 0.7782514691352844, "76": 0.7766733765602112, "77": 0.7887772917747498, "78": 0.7760193943977356, "79": 0.7619166374206543, "80": 0.7565943598747253}