{"1": 0.4275931715965271, "2": 0.5158146619796753, "3": 0.39150896668434143, "4": 0.4597799777984619, "5": 0.4701167643070221, "6": 0.3672557473182678, "7": 0.39148062467575073, "8": 0.34200555086135864, "9": 0.3827815055847168, "10": 0.3385339379310608, "11": 0.35544541478157043, "12": 0.3669798672199249, "13": 0.3289263844490051, "14": 0.358040988445282, "15": 0.31833142042160034, "16": 0.31039828062057495, "17": 0.3370431959629059, "18": 0.35033881664276123, "19": 0.33611172437667847, "20": 0.4055190980434418, "21": 0.36649903655052185, "22": 0.3478023409843445, "23": 0.33955368399620056, "24": 0.3388589024543762, "25": 0.2910762429237366, "26": 0.33592137694358826, "27": 0.287647008895874, "28": 0.3435523509979248, "29": 0.2968927025794983, "30": 0.36178267002105713, "31": 0.3342365324497223, "32": 0.2923327684402466, "33": 0.29377514123916626, "34": 0.3579685688018799, "35": 0.29001036286354065, "36": 0.2781256437301636, "37": 0.27281931042671204, "38": 0.29240044951438904, "39": 0.33417052030563354, "40": 0.32465115189552307, "41": 0.33101505041122437, "42": 0.27845078706741333, "43": 0.28943777084350586, "44": 0.3706974387168884, "45": 0.3349454998970032, "46": 0.3130418062210083, "47": 0.3122064173221588, "48": 0.33351439237594604, "49": 0.3036905527114868, "50": 0.25983545184135437, "51": 0.2780831456184387, "52": 0.3106255531311035, "53": 0.27459028363227844, "54": 0.28609174489974976, "55": 0.3064066469669342, "56": 0.31149986386299133, "57": 0.3245117664337158, "58": 0.35204917192459106, "59": 0.2761041522026062, "60": 0.30497807264328003, "61": 0.3020879328250885, "62": 0.2791743874549866, "63": 0.3595464825630188, "64": 0.31565481424331665, "65": 0.2832642197608948, "66": 0.26764172315597534, "67": 0.32966411113739014, "68": 0.29788246750831604, "69": 0.2789241373538971, "70": 0.26178738474845886, "71": 0.28227725625038147, "72": 0.32897838950157166, "73": 0.2935498356819153, "74": 0.319813996553421, "75": 0.3749150335788727, "76": 0.32723626494407654, "77": 0.334748774766922, "78": 0.26449182629585266, "79": 0.30244535207748413, "80": 0.34537652134895325}