{"1": 0.4448653757572174, "2": 0.47780323028564453, "3": 0.47410479187965393, "4": 0.45724454522132874, "5": 0.4132258892059326, "6": 0.40474915504455566, "7": 0.41177743673324585, "8": 0.45598524808883667, "9": 0.41462698578834534, "10": 0.37871357798576355, "11": 0.47517815232276917, "12": 0.4070429801940918, "13": 0.41602426767349243, "14": 0.3930041193962097, "15": 0.3833698332309723, "16": 0.3572097420692444, "17": 0.4160848557949066, "18": 0.4414188861846924, "19": 0.37817516922950745, "20": 0.3547601103782654, "21": 0.3924245238304138, "22": 0.3847690224647522, "23": 0.38881102204322815, "24": 0.39421531558036804, "25": 0.3682337701320648, "26": 0.4172649383544922, "27": 0.37046512961387634, "28": 0.4005778729915619, "29": 0.3707452714443207, "30": 0.393685519695282, "31": 0.41258734464645386, "32": 0.449492871761322, "33": 0.3613303303718567, "34": 0.3802831470966339, "35": 0.42151904106140137, "36": 0.3903830647468567, "37": 0.3495059609413147, "38": 0.3588314652442932, "39": 0.3380950093269348, "40": 0.3554142117500305, "41": 0.393855482339859, "42": 0.35359105467796326, "43": 0.3864433765411377, "44": 0.38658925890922546, "45": 0.46163210272789, "46": 0.35519903898239136, "47": 0.39887216687202454, "48": 0.3335515260696411, "49": 0.3348461985588074, "50": 0.42520278692245483, "51": 0.36740463972091675, "52": 0.3303910791873932, "53": 0.36333900690078735, "54": 0.3637804388999939, "55": 0.3958398699760437, "56": 0.3972797095775604, "57": 0.37494778633117676, "58": 0.4026567041873932, "59": 0.417834997177124, "60": 0.4677587151527405, "61": 0.42091575264930725, "62": 0.37050530314445496, "63": 0.3620235323905945, "64": 0.3595774173736572, "65": 0.4159366488456726, "66": 0.3639388084411621, "67": 0.4058915078639984, "68": 0.33725953102111816, "69": 0.39043712615966797, "70": 0.363182008266449, "71": 0.36297041177749634, "72": 0.42375802993774414, "73": 0.387956827878952, "74": 0.42414364218711853, "75": 0.39319705963134766, "76": 0.3788360059261322, "77": 0.349234938621521, "78": 0.37817010283470154, "79": 0.4109569489955902, "80": 0.43154197931289673}