{"1": 0.6517555117607117, "2": 0.7652077078819275, "3": 0.7868513464927673, "4": 0.7854172587394714, "5": 0.816674530506134, "6": 0.808461606502533, "7": 0.8003674149513245, "8": 0.7987343668937683, "9": 0.7963456511497498, "10": 0.8035860061645508, "11": 0.8063605427742004, "12": 0.8268035054206848, "13": 0.8146526217460632, "14": 0.8217658996582031, "15": 0.8127164840698242, "16": 0.820201575756073, "17": 0.814091682434082, "18": 0.8270023465156555, "19": 0.784172534942627, "20": 0.8055670857429504, "21": 0.8238294720649719, "22": 0.8106858730316162, "23": 0.8101115226745605, "24": 0.7813951373100281, "25": 0.8210737705230713, "26": 0.819964587688446, "27": 0.8142840266227722, "28": 0.8296071887016296, "29": 0.8192274570465088, "30": 0.8138324618339539, "31": 0.8248848915100098, "32": 0.8310511708259583, "33": 0.8231921195983887, "34": 0.830861508846283, "35": 0.804477870464325, "36": 0.8087413907051086, "37": 0.8034475445747375, "38": 0.8323206901550293, "39": 0.8132143616676331, "40": 0.8209368586540222, "41": 0.8079586625099182, "42": 0.8342168927192688, "43": 0.8238945007324219, "44": 0.8303725123405457, "45": 0.8108729720115662, "46": 0.8188981413841248, "47": 0.82823246717453, "48": 0.8311687111854553, "49": 0.8359489440917969, "50": 0.8109261393547058, "51": 0.8416057229042053, "52": 0.8330448269844055, "53": 0.8192160725593567, "54": 0.8383000493049622, "55": 0.8399372100830078, "56": 0.8314806818962097, "57": 0.8236588835716248, "58": 0.8207589983940125, "59": 0.8320586085319519, "60": 0.8292266726493835, "61": 0.8182663917541504, "62": 0.8066988587379456, "63": 0.8070785403251648, "64": 0.8328142762184143, "65": 0.8056346774101257, "66": 0.8409656882286072, "67": 0.8230804800987244, "68": 0.8297659754753113, "69": 0.8289415240287781, "70": 0.8300802707672119, "71": 0.8346972465515137, "72": 0.8387916684150696, "73": 0.8382629752159119, "74": 0.831368625164032, "75": 0.8262446522712708, "76": 0.797842264175415, "77": 0.8246603608131409, "78": 0.842506468296051, "79": 0.8101676106452942, "80": 0.844506025314331}