{"1": 0.5243856310844421, "2": 0.6050281524658203, "3": 0.6288748383522034, "4": 0.6411506533622742, "5": 0.6606765389442444, "6": 0.6634595990180969, "7": 0.6697680950164795, "8": 0.6397590637207031, "9": 0.624792754650116, "10": 0.6332955956459045, "11": 0.6491973400115967, "12": 0.6851775646209717, "13": 0.6724307537078857, "14": 0.6965396404266357, "15": 0.6496325731277466, "16": 0.6697874069213867, "17": 0.6590903401374817, "18": 0.6931607723236084, "19": 0.6160485744476318, "20": 0.6529889106750488, "21": 0.6737878322601318, "22": 0.6836169362068176, "23": 0.6661528944969177, "24": 0.6202706098556519, "25": 0.6867335438728333, "26": 0.6584164500236511, "27": 0.6565868854522705, "28": 0.6819402575492859, "29": 0.6673381328582764, "30": 0.6885755062103271, "31": 0.6968507766723633, "32": 0.695436418056488, "33": 0.6817076802253723, "34": 0.6947007775306702, "35": 0.636242687702179, "36": 0.6323397159576416, "37": 0.6394801139831543, "38": 0.7027997374534607, "39": 0.6627416014671326, "40": 0.6722579002380371, "41": 0.6495776772499084, "42": 0.682208240032196, "43": 0.6777566075325012, "44": 0.6889441609382629, "45": 0.6509692072868347, "46": 0.657379150390625, "47": 0.678285539150238, "48": 0.6912515163421631, "49": 0.6945955157279968, "50": 0.6447411775588989, "51": 0.7012882828712463, "52": 0.7001566886901855, "53": 0.6879960894584656, "54": 0.7026936411857605, "55": 0.7087688446044922, "56": 0.6792469620704651, "57": 0.6726844906806946, "58": 0.6599742770195007, "59": 0.6727808117866516, "60": 0.6913514137268066, "61": 0.6668135523796082, "62": 0.6409893035888672, "63": 0.641289234161377, "64": 0.688650369644165, "65": 0.6329435706138611, "66": 0.6952937245368958, "67": 0.6560418605804443, "68": 0.6717481017112732, "69": 0.6591730713844299, "70": 0.6825211644172668, "71": 0.6936609148979187, "72": 0.7070865035057068, "73": 0.696631908416748, "74": 0.6701231002807617, "75": 0.6753975749015808, "76": 0.6248672604560852, "77": 0.6667501926422119, "78": 0.7051108479499817, "79": 0.6427629590034485, "80": 0.7059600949287415}