{"1": 0.5380384922027588, "2": 0.6284683346748352, "3": 0.6553965210914612, "4": 0.6695780158042908, "5": 0.6885603070259094, "6": 0.6866793036460876, "7": 0.6970813870429993, "8": 0.6592046618461609, "9": 0.6345129013061523, "10": 0.6499987244606018, "11": 0.6636533737182617, "12": 0.7044410705566406, "13": 0.6915948987007141, "14": 0.7151879668235779, "15": 0.660686194896698, "16": 0.6842840313911438, "17": 0.6652337908744812, "18": 0.7045771479606628, "19": 0.619438886642456, "20": 0.6547613739967346, "21": 0.6848351955413818, "22": 0.6961554884910583, "23": 0.6691505312919617, "24": 0.6240980625152588, "25": 0.6948909759521484, "26": 0.6643972396850586, "27": 0.6615732908248901, "28": 0.6906949877738953, "29": 0.6749206185340881, "30": 0.7082714438438416, "31": 0.7014813423156738, "32": 0.6995921730995178, "33": 0.6877501606941223, "34": 0.7024081349372864, "35": 0.6355445981025696, "36": 0.636719822883606, "37": 0.6413223743438721, "38": 0.704340398311615, "39": 0.6706109642982483, "40": 0.6743494868278503, "41": 0.6541016101837158, "42": 0.683012068271637, "43": 0.6819586157798767, "44": 0.6894920468330383, "45": 0.6504311561584473, "46": 0.6596851348876953, "47": 0.6837860941886902, "48": 0.7013134956359863, "49": 0.7002658247947693, "50": 0.6525918841362, "51": 0.7206928133964539, "52": 0.7105519771575928, "53": 0.6889753341674805, "54": 0.7063066959381104, "55": 0.7176092267036438, "56": 0.6791197657585144, "57": 0.6746268272399902, "58": 0.6634257435798645, "59": 0.687842071056366, "60": 0.6881515979766846, "61": 0.6701914668083191, "62": 0.647278904914856, "63": 0.6447915434837341, "64": 0.7037196159362793, "65": 0.6346974968910217, "66": 0.7022568583488464, "67": 0.6702616810798645, "68": 0.6827394366264343, "69": 0.6711193919181824, "70": 0.6913433074951172, "71": 0.7046610713005066, "72": 0.7179441452026367, "73": 0.7027304172515869, "74": 0.6797018051147461, "75": 0.689110279083252, "76": 0.6282442808151245, "77": 0.6744759678840637, "78": 0.7125962376594543, "79": 0.65043705701828, "80": 0.7121453881263733}