{"1": 0.618389368057251, "2": 0.42631396651268005, "3": 0.3910573720932007, "4": 0.368121474981308, "5": 0.3470817506313324, "6": 0.34372711181640625, "7": 0.3197842240333557, "8": 0.36218178272247314, "9": 0.40193548798561096, "10": 0.3677826225757599, "11": 0.35160520672798157, "12": 0.312155544757843, "13": 0.32021552324295044, "14": 0.2915627956390381, "15": 0.36809617280960083, "16": 0.34336787462234497, "17": 0.35603243112564087, "18": 0.3069941997528076, "19": 0.39325448870658875, "20": 0.346825510263443, "21": 0.3235769271850586, "22": 0.3124178647994995, "23": 0.33820676803588867, "24": 0.39288967847824097, "25": 0.3069654703140259, "26": 0.34500712156295776, "27": 0.3561359643936157, "28": 0.31196266412734985, "29": 0.33208009600639343, "30": 0.28599441051483154, "31": 0.3027886748313904, "32": 0.3040408194065094, "33": 0.31817206740379333, "34": 0.30037492513656616, "35": 0.41294747591018677, "36": 0.3868657350540161, "37": 0.3678204417228699, "38": 0.29863953590393066, "39": 0.3389500081539154, "40": 0.32672232389450073, "41": 0.35885730385780334, "42": 0.323557049036026, "43": 0.32753080129623413, "44": 0.31777939200401306, "45": 0.3720102310180664, "46": 0.34892335534095764, "47": 0.32713204622268677, "48": 0.30051738023757935, "49": 0.31009700894355774, "50": 0.37757638096809387, "51": 0.28462231159210205, "52": 0.2949668765068054, "53": 0.3092440962791443, "54": 0.2990330159664154, "55": 0.27953392267227173, "56": 0.32777369022369385, "57": 0.338224321603775, "58": 0.3501841425895691, "59": 0.3230443298816681, "60": 0.3243105411529541, "61": 0.3434671461582184, "62": 0.3701658546924591, "63": 0.3828696608543396, "64": 0.3003937602043152, "65": 0.41697829961776733, "66": 0.3087931275367737, "67": 0.363476425409317, "68": 0.3572419285774231, "69": 0.3523046672344208, "70": 0.32245537638664246, "71": 0.30282101035118103, "72": 0.29292988777160645, "73": 0.3195686638355255, "74": 0.3509890139102936, "75": 0.338695764541626, "76": 0.42373543977737427, "77": 0.3562154173851013, "78": 0.3015367388725281, "79": 0.39004653692245483, "80": 0.3022758960723877}