{"1": 0.5458518266677856, "2": 0.6692330241203308, "3": 0.6911402344703674, "4": 0.7445632815361023, "5": 0.7140426635742188, "6": 0.748166561126709, "7": 0.737569272518158, "8": 0.6867556571960449, "9": 0.7648577690124512, "10": 0.7483305335044861, "11": 0.7870182991027832, "12": 0.7161059379577637, "13": 0.7710719704627991, "14": 0.746171772480011, "15": 0.7602264881134033, "16": 0.7706645131111145, "17": 0.7630658745765686, "18": 0.7039147019386292, "19": 0.7799990773200989, "20": 0.8070146441459656, "21": 0.7646211981773376, "22": 0.7653523087501526, "23": 0.7908499240875244, "24": 0.7903760075569153, "25": 0.7609357833862305, "26": 0.7662596106529236, "27": 0.7911906242370605, "28": 0.7968749403953552, "29": 0.7926656603813171, "30": 0.7817893624305725, "31": 0.8109543919563293, "32": 0.796405017375946, "33": 0.7507548928260803, "34": 0.7755301594734192, "35": 0.8087761998176575, "36": 0.8058455586433411, "37": 0.7943828701972961, "38": 0.7793900370597839, "39": 0.780655562877655, "40": 0.7895346283912659, "41": 0.7041276097297668, "42": 0.8059022426605225, "43": 0.7625486254692078, "44": 0.7744134068489075, "45": 0.7905586361885071, "46": 0.8090236783027649, "47": 0.7723181247711182, "48": 0.7743043303489685, "49": 0.803459644317627, "50": 0.7708895206451416, "51": 0.7968282699584961, "52": 0.8138977885246277, "53": 0.7906129956245422, "54": 0.7916339039802551, "55": 0.7912779450416565, "56": 0.7910163402557373, "57": 0.8002811074256897, "58": 0.8039674758911133, "59": 0.8023702502250671, "60": 0.8043085932731628, "61": 0.7958076596260071, "62": 0.7589702606201172, "63": 0.7800238728523254, "64": 0.7825077176094055, "65": 0.7929208874702454, "66": 0.7993969917297363, "67": 0.7905651926994324, "68": 0.810235321521759, "69": 0.7992303967475891, "70": 0.7784917950630188, "71": 0.80629962682724, "72": 0.7870445251464844, "73": 0.7962115406990051, "74": 0.7695398330688477, "75": 0.7703707814216614, "76": 0.7834375500679016, "77": 0.7870915532112122, "78": 0.7938960194587708, "79": 0.8014432787895203, "80": 0.7999433875083923}