{"1": 0.4540984630584717, "2": 0.4937591552734375, "3": 0.4965458810329437, "4": 0.47888222336769104, "5": 0.4281619191169739, "6": 0.4247990548610687, "7": 0.42556747794151306, "8": 0.47578102350234985, "9": 0.4305214285850525, "10": 0.394183486700058, "11": 0.49803557991981506, "12": 0.42393484711647034, "13": 0.43856629729270935, "14": 0.408120334148407, "15": 0.40430623292922974, "16": 0.37219056487083435, "17": 0.43879586458206177, "18": 0.46525612473487854, "19": 0.40058961510658264, "20": 0.36933112144470215, "21": 0.41184520721435547, "22": 0.40589481592178345, "23": 0.4083763062953949, "24": 0.4166108965873718, "25": 0.3922145366668701, "26": 0.4391370713710785, "27": 0.38862842321395874, "28": 0.4282187819480896, "29": 0.39474600553512573, "30": 0.4119473397731781, "31": 0.4360620081424713, "32": 0.47582918405532837, "33": 0.38249632716178894, "34": 0.3992103934288025, "35": 0.4480965733528137, "36": 0.41575318574905396, "37": 0.3746327757835388, "38": 0.38194432854652405, "39": 0.3473661541938782, "40": 0.37894755601882935, "41": 0.419613778591156, "42": 0.380459725856781, "43": 0.4138781428337097, "44": 0.41567033529281616, "45": 0.491219699382782, "46": 0.38237708806991577, "47": 0.42404574155807495, "48": 0.35701650381088257, "49": 0.360183447599411, "50": 0.4582361578941345, "51": 0.39170002937316895, "52": 0.3527366518974304, "53": 0.3821459412574768, "54": 0.3845312297344208, "55": 0.4219924807548523, "56": 0.42886751890182495, "57": 0.3962775766849518, "58": 0.43187230825424194, "59": 0.45234981179237366, "60": 0.5040134191513062, "61": 0.44891834259033203, "62": 0.39224767684936523, "63": 0.39041224122047424, "64": 0.38318151235580444, "65": 0.44436925649642944, "66": 0.39226844906806946, "67": 0.43687528371810913, "68": 0.3593844771385193, "69": 0.414844810962677, "70": 0.3928353190422058, "71": 0.3951161503791809, "72": 0.45515942573547363, "73": 0.4223055839538574, "74": 0.4547695219516754, "75": 0.4237339496612549, "76": 0.40849027037620544, "77": 0.3782971203327179, "78": 0.4051581919193268, "79": 0.4472421109676361, "80": 0.46710410714149475}