{"1": 0.5478988289833069, "2": 0.6713539958000183, "3": 0.6946647763252258, "4": 0.7463741302490234, "5": 0.7201537489891052, "6": 0.7537922859191895, "7": 0.7439696192741394, "8": 0.6993440985679626, "9": 0.77226322889328, "10": 0.757436990737915, "11": 0.7916613221168518, "12": 0.7274341583251953, "13": 0.78154057264328, "14": 0.7590829730033875, "15": 0.7713553309440613, "16": 0.7811304926872253, "17": 0.7749684453010559, "18": 0.7198433876037598, "19": 0.7893925309181213, "20": 0.8106418251991272, "21": 0.7763381600379944, "22": 0.7775890827178955, "23": 0.7983145117759705, "24": 0.7981064319610596, "25": 0.7726232409477234, "26": 0.777547299861908, "27": 0.799174964427948, "28": 0.8028461337089539, "29": 0.8017165660858154, "30": 0.7912746071815491, "31": 0.8159410357475281, "32": 0.8045207858085632, "33": 0.7637346386909485, "34": 0.7862686514854431, "35": 0.8141811490058899, "36": 0.811618983745575, "37": 0.799504280090332, "38": 0.7870094776153564, "39": 0.788001537322998, "40": 0.7969505786895752, "41": 0.7192193865776062, "42": 0.810506284236908, "43": 0.7727696895599365, "44": 0.7826871871948242, "45": 0.7964641451835632, "46": 0.812260627746582, "47": 0.780214250087738, "48": 0.7827488780021667, "49": 0.8070254921913147, "50": 0.7813708186149597, "51": 0.8031232357025146, "52": 0.8200175166130066, "53": 0.797762930393219, "54": 0.7978644967079163, "55": 0.7963277697563171, "56": 0.7983514666557312, "57": 0.8060275912284851, "58": 0.810213565826416, "59": 0.8076592087745667, "60": 0.8078505396842957, "61": 0.8011205792427063, "62": 0.7688176035881042, "63": 0.786963164806366, "64": 0.7872782349586487, "65": 0.7968505024909973, "66": 0.8025409579277039, "67": 0.7961084246635437, "68": 0.8125765919685364, "69": 0.8064486384391785, "70": 0.7850446701049805, "71": 0.8134446740150452, "72": 0.792412281036377, "73": 0.8012811541557312, "74": 0.7770103812217712, "75": 0.7770242094993591, "76": 0.7890006899833679, "77": 0.7928901314735413, "78": 0.799856960773468, "79": 0.8055872321128845, "80": 0.802131712436676}