{"1": 0.7338991165161133, "2": 0.7737787365913391, "3": 0.7845587730407715, "4": 0.7989776730537415, "5": 0.7858330607414246, "6": 0.7987326979637146, "7": 0.7933163642883301, "8": 0.79457026720047, "9": 0.7989437580108643, "10": 0.8201243877410889, "11": 0.7703048586845398, "12": 0.8175551295280457, "13": 0.7812458872795105, "14": 0.8223769068717957, "15": 0.8141003251075745, "16": 0.8187800049781799, "17": 0.8078816533088684, "18": 0.8017134070396423, "19": 0.8122721314430237, "20": 0.8361662030220032, "21": 0.819632351398468, "22": 0.8245842456817627, "23": 0.8218880295753479, "24": 0.8257837891578674, "25": 0.8295190930366516, "26": 0.8174834251403809, "27": 0.8300359845161438, "28": 0.818005383014679, "29": 0.8244783878326416, "30": 0.8261798024177551, "31": 0.8132229447364807, "32": 0.7918815016746521, "33": 0.8377500176429749, "34": 0.8332257270812988, "35": 0.8144443035125732, "36": 0.825905978679657, "37": 0.8309569954872131, "38": 0.83453369140625, "39": 0.8396821022033691, "40": 0.829186737537384, "41": 0.8304689526557922, "42": 0.8389928936958313, "43": 0.8230235576629639, "44": 0.8271336555480957, "45": 0.8095758557319641, "46": 0.8311737179756165, "47": 0.8335598111152649, "48": 0.8381324410438538, "49": 0.8278356194496155, "50": 0.8159346580505371, "51": 0.833503246307373, "52": 0.8333821892738342, "53": 0.8424941897392273, "54": 0.8320053219795227, "55": 0.8238045573234558, "56": 0.8169837594032288, "57": 0.8407050967216492, "58": 0.8263397812843323, "59": 0.8194450736045837, "60": 0.785435140132904, "61": 0.8244836926460266, "62": 0.8339316248893738, "63": 0.8365874290466309, "64": 0.8376519680023193, "65": 0.8224436640739441, "66": 0.8396990299224854, "67": 0.8137331604957581, "68": 0.831620991230011, "69": 0.8236896991729736, "70": 0.8288554549217224, "71": 0.8297985196113586, "72": 0.8101087212562561, "73": 0.8266973495483398, "74": 0.8202605843544006, "75": 0.828453540802002, "76": 0.8276190757751465, "77": 0.8386726975440979, "78": 0.8236473202705383, "79": 0.8176921010017395, "80": 0.8106603026390076}