{"1": 0.6192817687988281, "2": 0.6894468665122986, "3": 0.719796359539032, "4": 0.7218177318572998, "5": 0.6385111212730408, "6": 0.6760483384132385, "7": 0.6545125842094421, "8": 0.6769881248474121, "9": 0.567173957824707, "10": 0.6325150728225708, "11": 0.6551298499107361, "12": 0.6445846557617188, "13": 0.7028948664665222, "14": 0.701570451259613, "15": 0.6483660340309143, "16": 0.6806872487068176, "17": 0.6481184363365173, "18": 0.6711415648460388, "19": 0.6646912097930908, "20": 0.665640652179718, "21": 0.6875979900360107, "22": 0.6512022018432617, "23": 0.6370529532432556, "24": 0.6778618693351746, "25": 0.6624662280082703, "26": 0.6265057921409607, "27": 0.6633922457695007, "28": 0.7125162482261658, "29": 0.6544578075408936, "30": 0.6715229153633118, "31": 0.6564077734947205, "32": 0.7072684168815613, "33": 0.6619102358818054, "34": 0.6746727824211121, "35": 0.6783280372619629, "36": 0.7038753032684326, "37": 0.6635056138038635, "38": 0.6520097255706787, "39": 0.6734245419502258, "40": 0.7102036476135254, "41": 0.6843512058258057, "42": 0.657909631729126, "43": 0.6997089982032776, "44": 0.688306987285614, "45": 0.7021932601928711, "46": 0.660159170627594, "47": 0.6756333708763123, "48": 0.7000208497047424, "49": 0.694798469543457, "50": 0.7042615413665771, "51": 0.6824043393135071, "52": 0.6954078674316406, "53": 0.7016136050224304, "54": 0.7134975790977478, "55": 0.696857213973999, "56": 0.7098086476325989, "57": 0.7050344347953796, "58": 0.7216514945030212, "59": 0.7125246524810791, "60": 0.6888993382453918, "61": 0.7215649485588074, "62": 0.7052378058433533, "63": 0.7305423617362976, "64": 0.6713516116142273, "65": 0.7315340042114258, "66": 0.7015719413757324, "67": 0.7116227149963379, "68": 0.7227532267570496, "69": 0.711139976978302, "70": 0.716690719127655, "71": 0.7008352279663086, "72": 0.6811230182647705, "73": 0.7062788605690002, "74": 0.6989846229553223, "75": 0.696499764919281, "76": 0.6973573565483093, "77": 0.6822819709777832, "78": 0.6714532375335693, "79": 0.6987519860267639, "80": 0.7050275206565857}