{"1": 0.5736203193664551, "2": 0.6525092720985413, "3": 0.6670764088630676, "4": 0.7096340656280518, "5": 0.7132943272590637, "6": 0.6989774703979492, "7": 0.7008450031280518, "8": 0.699826717376709, "9": 0.6944703459739685, "10": 0.6820464730262756, "11": 0.6986656188964844, "12": 0.6609981656074524, "13": 0.7020036578178406, "14": 0.6809553503990173, "15": 0.7124903798103333, "16": 0.6822283864021301, "17": 0.7245738506317139, "18": 0.7092661261558533, "19": 0.6854104399681091, "20": 0.705967128276825, "21": 0.7121483683586121, "22": 0.6598849296569824, "23": 0.6850205063819885, "24": 0.6868986487388611, "25": 0.682640552520752, "26": 0.6792845726013184, "27": 0.679905116558075, "28": 0.6712931990623474, "29": 0.6549856662750244, "30": 0.6919873356819153, "31": 0.6569538712501526, "32": 0.7149608731269836, "33": 0.685051679611206, "34": 0.6890943646430969, "35": 0.6488220691680908, "36": 0.6929159164428711, "37": 0.6700873374938965, "38": 0.682985782623291, "39": 0.6584377288818359, "40": 0.6803803443908691, "41": 0.6957521438598633, "42": 0.6791966557502747, "43": 0.7000799179077148, "44": 0.6966143250465393, "45": 0.693479061126709, "46": 0.7016108632087708, "47": 0.6874983906745911, "48": 0.7301883697509766, "49": 0.6468669772148132, "50": 0.6728211045265198, "51": 0.7085912227630615, "52": 0.692543089389801, "53": 0.6749041080474854, "54": 0.6988137364387512, "55": 0.706035315990448, "56": 0.6931708455085754, "57": 0.6965696215629578, "58": 0.712897539138794, "59": 0.6976706385612488, "60": 0.6959725022315979, "61": 0.7072477340698242, "62": 0.6964893341064453, "63": 0.7012783885002136, "64": 0.6927047371864319, "65": 0.7005105018615723, "66": 0.7294284701347351, "67": 0.6913509964942932, "68": 0.7084042429924011, "69": 0.6819474697113037, "70": 0.6891109347343445, "71": 0.706902801990509, "72": 0.6860558390617371, "73": 0.6887463927268982, "74": 0.7124131321907043, "75": 0.6980924606323242, "76": 0.7061622738838196, "77": 0.7008267045021057, "78": 0.7174234390258789, "79": 0.7100181579589844, "80": 0.7092123627662659}