{"1": 0.5180785059928894, "2": 0.5831661224365234, "3": 0.6065085530281067, "4": 0.6311760544776917, "5": 0.5217826962471008, "6": 0.5785260200500488, "7": 0.572729766368866, "8": 0.5804653167724609, "9": 0.4710128605365753, "10": 0.5481012463569641, "11": 0.5761442184448242, "12": 0.5377568602561951, "13": 0.5936517119407654, "14": 0.6095895171165466, "15": 0.5743994116783142, "16": 0.5843524932861328, "17": 0.5744895935058594, "18": 0.588778018951416, "19": 0.5802589058876038, "20": 0.5876888036727905, "21": 0.5827372074127197, "22": 0.5544614791870117, "23": 0.548053503036499, "24": 0.5757341980934143, "25": 0.5649890303611755, "26": 0.5455085635185242, "27": 0.5608789324760437, "28": 0.5987380743026733, "29": 0.555791437625885, "30": 0.579622745513916, "31": 0.5545366406440735, "32": 0.6164911389350891, "33": 0.585559606552124, "34": 0.575337827205658, "35": 0.5785519480705261, "36": 0.6212781071662903, "37": 0.5531959533691406, "38": 0.5515655875205994, "39": 0.5707364678382874, "40": 0.5995703339576721, "41": 0.5911455154418945, "42": 0.5574292540550232, "43": 0.6062774062156677, "44": 0.5833317637443542, "45": 0.6212014555931091, "46": 0.5656046271324158, "47": 0.5635849833488464, "48": 0.601722776889801, "49": 0.5820486545562744, "50": 0.615922212600708, "51": 0.5703690648078918, "52": 0.6021361351013184, "53": 0.5884698033332825, "54": 0.5967122912406921, "55": 0.6029924750328064, "56": 0.5984316468238831, "57": 0.6003518104553223, "58": 0.6138123869895935, "59": 0.5862220525741577, "60": 0.585277259349823, "61": 0.6053510308265686, "62": 0.5990715026855469, "63": 0.6072036623954773, "64": 0.5764660835266113, "65": 0.6254411339759827, "66": 0.6077475547790527, "67": 0.6125878691673279, "68": 0.6355704665184021, "69": 0.6125871539115906, "70": 0.6057147979736328, "71": 0.581847608089447, "72": 0.5672411322593689, "73": 0.6025631427764893, "74": 0.591069221496582, "75": 0.592401921749115, "76": 0.5948987007141113, "77": 0.584343671798706, "78": 0.5670552253723145, "79": 0.5860810279846191, "80": 0.5977699160575867}