{"1": 0.5714079141616821, "2": 0.5116607546806335, "3": 0.45203614234924316, "4": 0.5112192630767822, "5": 0.4674946665763855, "6": 0.46153536438941956, "7": 0.43971577286720276, "8": 0.43334975838661194, "9": 0.4452325701713562, "10": 0.4904983639717102, "11": 0.5276821255683899, "12": 0.44592803716659546, "13": 0.38690993189811707, "14": 0.4056345522403717, "15": 0.4099524915218353, "16": 0.44547829031944275, "17": 0.46199488639831543, "18": 0.39170846343040466, "19": 0.3939085602760315, "20": 0.4159589409828186, "21": 0.35193148255348206, "22": 0.41874510049819946, "23": 0.3925457298755646, "24": 0.4001671373844147, "25": 0.3923165202140808, "26": 0.34395021200180054, "27": 0.43903249502182007, "28": 0.34435737133026123, "29": 0.3511330187320709, "30": 0.41679805517196655, "31": 0.40192919969558716, "32": 0.4345223307609558, "33": 0.3450583517551422, "34": 0.35901954770088196, "35": 0.41204071044921875, "36": 0.3893042206764221, "37": 0.389861524105072, "38": 0.39884302020072937, "39": 0.38183313608169556, "40": 0.3786500096321106, "41": 0.3764585256576538, "42": 0.40575113892555237, "43": 0.34724313020706177, "44": 0.39854997396469116, "45": 0.45102953910827637, "46": 0.31770601868629456, "47": 0.36083462834358215, "48": 0.5068320631980896, "49": 0.5184587240219116, "50": 0.3529241383075714, "51": 0.4332433342933655, "52": 0.5044183731079102, "53": 0.3362313210964203, "54": 0.4740772247314453, "55": 0.38733986020088196, "56": 0.4490562081336975, "57": 0.39554962515830994, "58": 0.39038583636283875, "59": 0.44320815801620483, "60": 0.5297645926475525, "61": 0.6058567762374878, "62": 0.4933606684207916, "63": 0.5110623836517334, "64": 0.4794307351112366, "65": 0.5030452013015747, "66": 0.4963577687740326, "67": 0.5271605253219604, "68": 0.5971404910087585, "69": 0.3719601035118103, "70": 0.6917998194694519, "71": 0.6056535243988037, "72": 0.5506450533866882, "73": 0.5471817851066589, "74": 0.5735748410224915, "75": 0.584382951259613, "76": 0.6873744130134583, "77": 0.5038365125656128, "78": 0.5926240086555481, "79": 0.44730305671691895, "80": 0.7396678924560547}