{"1": 0.6303280591964722, "2": 0.7070291638374329, "3": 0.7507288455963135, "4": 0.7786088585853577, "5": 0.7061591744422913, "6": 0.770612895488739, "7": 0.7568616271018982, "8": 0.7944212555885315, "9": 0.6945815086364746, "10": 0.7655068039894104, "11": 0.8024616241455078, "12": 0.7503320574760437, "13": 0.8058187365531921, "14": 0.8179847598075867, "15": 0.7984859347343445, "16": 0.8188438415527344, "17": 0.8190776705741882, "18": 0.8007495999336243, "19": 0.8144207000732422, "20": 0.7943313717842102, "21": 0.8268797993659973, "22": 0.8034214377403259, "23": 0.7788124084472656, "24": 0.8256499171257019, "25": 0.8034737706184387, "26": 0.7947071194648743, "27": 0.7979211807250977, "28": 0.8230395317077637, "29": 0.7733075618743896, "30": 0.7944340705871582, "31": 0.7866895198822021, "32": 0.8181748390197754, "33": 0.8157362937927246, "34": 0.8158428072929382, "35": 0.7972979545593262, "36": 0.8280794620513916, "37": 0.793474018573761, "38": 0.8102965950965881, "39": 0.8081877827644348, "40": 0.8187918663024902, "41": 0.8213236927986145, "42": 0.8069024085998535, "43": 0.813133716583252, "44": 0.825265109539032, "45": 0.828057050704956, "46": 0.7987917065620422, "47": 0.7916803956031799, "48": 0.8285272717475891, "49": 0.8124300837516785, "50": 0.8284791111946106, "51": 0.7874873280525208, "52": 0.827180802822113, "53": 0.8279359936714172, "54": 0.8251439929008484, "55": 0.8150976300239563, "56": 0.821713387966156, "57": 0.820611298084259, "58": 0.829893171787262, "59": 0.8228020668029785, "60": 0.8206872940063477, "61": 0.8195569515228271, "62": 0.8271934390068054, "63": 0.8278611302375793, "64": 0.8157815933227539, "65": 0.8488948941230774, "66": 0.8420899510383606, "67": 0.8296299576759338, "68": 0.8447808623313904, "69": 0.8390081524848938, "70": 0.825378954410553, "71": 0.8148415684700012, "72": 0.7923150062561035, "73": 0.8194562792778015, "74": 0.8153024315834045, "75": 0.8285424709320068, "76": 0.8273136019706726, "77": 0.8154200911521912, "78": 0.8226884007453918, "79": 0.8200907707214355, "80": 0.8306213021278381}