{"1": 0.5088450312614441, "2": 0.5604255199432373, "3": 0.6065199375152588, "4": 0.5904625058174133, "5": 0.5920377373695374, "6": 0.603343665599823, "7": 0.622856855392456, "8": 0.6145884394645691, "9": 0.6274599432945251, "10": 0.5715340971946716, "11": 0.5585938096046448, "12": 0.5988159775733948, "13": 0.6635103225708008, "14": 0.6473798155784607, "15": 0.6510262489318848, "16": 0.6026201844215393, "17": 0.6124205589294434, "18": 0.6546778082847595, "19": 0.6429970264434814, "20": 0.6645810008049011, "21": 0.6761987805366516, "22": 0.6321550607681274, "23": 0.6415695548057556, "24": 0.65627121925354, "25": 0.6483145356178284, "26": 0.6822691559791565, "27": 0.602867841720581, "28": 0.679443895816803, "29": 0.6801919937133789, "30": 0.6164131760597229, "31": 0.6501228213310242, "32": 0.6272457242012024, "33": 0.6632471680641174, "34": 0.6603379845619202, "35": 0.6165480017662048, "36": 0.6737146973609924, "37": 0.667971670627594, "38": 0.6623716354370117, "39": 0.6730284690856934, "40": 0.6752697825431824, "41": 0.6836888194084167, "42": 0.6477267742156982, "43": 0.707087516784668, "44": 0.6780735850334167, "45": 0.6562498807907104, "46": 0.7113950252532959, "47": 0.6988585591316223, "48": 0.6212769150733948, "49": 0.6297680139541626, "50": 0.6927855610847473, "51": 0.667975664138794, "52": 0.6295174956321716, "53": 0.7164199948310852, "54": 0.6755642294883728, "55": 0.7058305740356445, "56": 0.7037162184715271, "57": 0.7051941752433777, "58": 0.6902236938476562, "59": 0.7012300491333008, "60": 0.6551570892333984, "61": 0.6440915465354919, "62": 0.685389518737793, "63": 0.6848558783531189, "64": 0.6820166707038879, "65": 0.6912304759025574, "66": 0.6942412257194519, "67": 0.6641209721565247, "68": 0.6621672511100769, "69": 0.7350271344184875, "70": 0.6308280229568481, "71": 0.6830272078514099, "72": 0.6978389620780945, "73": 0.7038856148719788, "74": 0.6750338077545166, "75": 0.6433961987495422, "76": 0.6322974562644958, "77": 0.6866365075111389, "78": 0.6927035450935364, "79": 0.7290186285972595, "80": 0.6536038517951965}