{"1": 0.5117581486701965, "2": 0.5459360480308533, "3": 0.4574027955532074, "4": 0.4252546727657318, "5": 0.4679238796234131, "6": 0.44484344124794006, "7": 0.41998180747032166, "8": 0.3914183974266052, "9": 0.44004178047180176, "10": 0.40694886445999146, "11": 0.41287127137184143, "12": 0.3844611346721649, "13": 0.4040736258029938, "14": 0.4192061424255371, "15": 0.4106660485267639, "16": 0.35145843029022217, "17": 0.3389536142349243, "18": 0.37804198265075684, "19": 0.35823243856430054, "20": 0.3630654215812683, "21": 0.3758392930030823, "22": 0.34075355529785156, "23": 0.3477254807949066, "24": 0.34569069743156433, "25": 0.3258481025695801, "26": 0.34054720401763916, "27": 0.32029998302459717, "28": 0.35344424843788147, "29": 0.3531756103038788, "30": 0.3336383104324341, "31": 0.35977035760879517, "32": 0.29893046617507935, "33": 0.41382408142089844, "34": 0.3414643406867981, "35": 0.36923378705978394, "36": 0.38904133439064026, "37": 0.37865549325942993, "38": 0.30492734909057617, "39": 0.34866204857826233, "40": 0.33950260281562805, "41": 0.3421037495136261, "42": 0.398854523897171, "43": 0.34772607684135437, "44": 0.34895357489585876, "45": 0.3884125351905823, "46": 0.49578842520713806, "47": 0.3832976818084717, "48": 0.3462892174720764, "49": 0.36807820200920105, "50": 0.45214515924453735, "51": 0.3715709447860718, "52": 0.39622762799263, "53": 0.3821411430835724, "54": 0.39345112442970276, "55": 0.3832373321056366, "56": 0.3367081582546234, "57": 0.5045832395553589, "58": 0.40540552139282227, "59": 0.41728782653808594, "60": 0.43515413999557495, "61": 0.4120330214500427, "62": 0.5308592915534973, "63": 0.5422450304031372, "64": 0.5951234698295593, "65": 0.4845810830593109, "66": 0.3839855194091797, "67": 0.5151506662368774, "68": 0.45808011293411255, "69": 0.5658313632011414, "70": 0.5242335200309753, "71": 0.6821192502975464, "72": 0.5243682861328125, "73": 0.6052506566047668, "74": 0.4529133439064026, "75": 0.5957238078117371, "76": 0.5259094834327698, "77": 0.532555103302002, "78": 0.6554386019706726, "79": 0.5546619892120361, "80": 0.6407855749130249}