{"1": 0.5619871020317078, "2": 0.5030526518821716, "3": 0.467904269695282, "4": 0.43617844581604004, "5": 0.5679224729537964, "6": 0.5145255327224731, "7": 0.5175975561141968, "8": 0.4799784719944, "9": 0.6536843180656433, "10": 0.5299665927886963, "11": 0.53253573179245, "12": 0.5523645877838135, "13": 0.4756355285644531, "14": 0.44988614320755005, "15": 0.48900946974754333, "16": 0.5053649544715881, "17": 0.5378397703170776, "18": 0.4600493907928467, "19": 0.4971385896205902, "20": 0.5052691698074341, "21": 0.5385035276412964, "22": 0.606768786907196, "23": 0.5751301050186157, "24": 0.560593843460083, "25": 0.598101019859314, "26": 0.7036417722702026, "27": 0.5924041271209717, "28": 0.5250983238220215, "29": 0.5516022443771362, "30": 0.496734619140625, "31": 0.5373172760009766, "32": 0.49259161949157715, "33": 0.5170733332633972, "34": 0.5466829538345337, "35": 0.5148177146911621, "36": 0.45167574286460876, "37": 0.5957873463630676, "38": 0.6124274730682373, "39": 0.5848530530929565, "40": 0.5063043236732483, "41": 0.537114143371582, "42": 0.7005099058151245, "43": 0.5161940455436707, "44": 0.5880851149559021, "45": 0.48516446352005005, "46": 0.6349568367004395, "47": 0.6208164691925049, "48": 0.5278806090354919, "49": 0.6172548532485962, "50": 0.5632243156433105, "51": 0.6866349577903748, "52": 0.5913403034210205, "53": 0.6414953470230103, "54": 0.6638079881668091, "55": 0.5639969706535339, "56": 0.6740379333496094, "57": 0.7091431617736816, "58": 0.5852314829826355, "59": 0.7980514168739319, "60": 0.8906193971633911, "61": 0.7193975448608398, "62": 0.7197297811508179, "63": 0.5751126408576965, "64": 0.8377587199211121, "65": 0.5932822227478027, "66": 0.7553021311759949, "67": 0.7390730977058411, "68": 0.6362854242324829, "69": 0.7805604338645935, "70": 0.8025692701339722, "71": 0.7527252435684204, "72": 0.8142952919006348, "73": 0.7689225673675537, "74": 0.7683315873146057, "75": 0.7512375116348267, "76": 0.8029643297195435, "77": 0.8673801422119141, "78": 0.9581419825553894, "79": 0.9823392033576965, "80": 0.920813262462616}