{"1": 0.41875168681144714, "2": 0.5234268307685852, "3": 0.567031979560852, "4": 0.5812028050422668, "5": 0.581538736820221, "6": 0.5698718428611755, "7": 0.5699673295021057, "8": 0.5778295993804932, "9": 0.5660161375999451, "10": 0.5714877247810364, "11": 0.5646333694458008, "12": 0.5386760830879211, "13": 0.5587389469146729, "14": 0.5675401091575623, "15": 0.59103924036026, "16": 0.5729912519454956, "17": 0.5898687243461609, "18": 0.580557107925415, "19": 0.5666783452033997, "20": 0.5760705471038818, "21": 0.5835067629814148, "22": 0.5528858304023743, "23": 0.5509722828865051, "24": 0.5695358514785767, "25": 0.5690833926200867, "26": 0.5713621973991394, "27": 0.5599188208580017, "28": 0.5532860159873962, "29": 0.5385435223579407, "30": 0.5685827732086182, "31": 0.5456644892692566, "32": 0.602720320224762, "33": 0.5694295763969421, "34": 0.5718097686767578, "35": 0.5372565388679504, "36": 0.5810179710388184, "37": 0.5590725541114807, "38": 0.5578528046607971, "39": 0.5443716645240784, "40": 0.5685636401176453, "41": 0.5790371894836426, "42": 0.5451593995094299, "43": 0.5790993571281433, "44": 0.5695071816444397, "45": 0.5839769244194031, "46": 0.5975494980812073, "47": 0.5636026263237, "48": 0.6000614762306213, "49": 0.5198861956596375, "50": 0.5525802969932556, "51": 0.574573278427124, "52": 0.5652064681053162, "53": 0.5512732863426208, "54": 0.5734574198722839, "55": 0.5680859684944153, "56": 0.5779013633728027, "57": 0.5743948817253113, "58": 0.5879761576652527, "59": 0.5741186141967773, "60": 0.5680763721466064, "61": 0.5824416279792786, "62": 0.5729880332946777, "63": 0.5838204026222229, "64": 0.5723479986190796, "65": 0.5700865387916565, "66": 0.6008802652359009, "67": 0.5723254680633545, "68": 0.5787308216094971, "69": 0.5561737418174744, "70": 0.5594327449798584, "71": 0.5676137804985046, "72": 0.572357714176178, "73": 0.5715498924255371, "74": 0.5851979851722717, "75": 0.5719634890556335, "76": 0.5814480781555176, "77": 0.572826087474823, "78": 0.5889090895652771, "79": 0.5830850005149841, "80": 0.584627628326416}