{"1": 0.5651424527168274, "2": 0.5271784663200378, "3": 0.5969420671463013, "4": 0.6195666193962097, "5": 0.5648191571235657, "6": 0.5963394045829773, "7": 0.6192748546600342, "8": 0.6381004452705383, "9": 0.5769308805465698, "10": 0.607236385345459, "11": 0.6046016216278076, "12": 0.6412327885627747, "13": 0.6154108643531799, "14": 0.6032161116600037, "15": 0.6139833927154541, "16": 0.6636583209037781, "17": 0.6782970428466797, "18": 0.6394349932670593, "19": 0.6610063910484314, "20": 0.6435997486114502, "21": 0.6246785521507263, "22": 0.6738321185112, "23": 0.6730365753173828, "24": 0.6625012755393982, "25": 0.6801548004150391, "26": 0.6537924408912659, "27": 0.6858816742897034, "28": 0.6699590086936951, "29": 0.6495845317840576, "30": 0.6859464049339294, "31": 0.6466051936149597, "32": 0.7092616558074951, "33": 0.6282969117164612, "34": 0.6711614727973938, "35": 0.6577808856964111, "36": 0.6610040068626404, "37": 0.6672247052192688, "38": 0.699450671672821, "39": 0.6679849624633789, "40": 0.6938941478729248, "41": 0.7021287083625793, "42": 0.6573169231414795, "43": 0.7040624618530273, "44": 0.6725425720214844, "45": 0.6849623322486877, "46": 0.654956042766571, "47": 0.69840008020401, "48": 0.716910183429718, "49": 0.6831981539726257, "50": 0.6839202046394348, "51": 0.6996962428092957, "52": 0.7009130120277405, "53": 0.6977210640907288, "54": 0.6742542386054993, "55": 0.705065906047821, "56": 0.7087569236755371, "57": 0.6622776985168457, "58": 0.7108024954795837, "59": 0.6870514750480652, "60": 0.6815068125724792, "61": 0.7076063752174377, "62": 0.68006831407547, "63": 0.6772189736366272, "64": 0.6645925045013428, "65": 0.6834955811500549, "66": 0.6774473786354065, "67": 0.6639513969421387, "68": 0.6917548179626465, "69": 0.6861343383789062, "70": 0.6873295903205872, "71": 0.6467072367668152, "72": 0.6774107813835144, "73": 0.6705995202064514, "74": 0.7146470546722412, "75": 0.6889147758483887, "76": 0.6856887936592102, "77": 0.7000215649604797, "78": 0.6770455837249756, "79": 0.6902164816856384, "80": 0.6976584792137146}