{"1": 0.5649366974830627, "2": 0.5294225215911865, "3": 0.6015394330024719, "4": 0.6289847493171692, "5": 0.5731597542762756, "6": 0.6070852875709534, "7": 0.6297953724861145, "8": 0.6523439288139343, "9": 0.589067816734314, "10": 0.6215985417366028, "11": 0.6185302138328552, "12": 0.6560997366905212, "13": 0.6314074993133545, "14": 0.6209526658058167, "15": 0.6271998882293701, "16": 0.6759880185127258, "17": 0.690009593963623, "18": 0.6488891243934631, "19": 0.6735734343528748, "20": 0.6556704044342041, "21": 0.6355046629905701, "22": 0.6915578842163086, "23": 0.682092010974884, "24": 0.672614336013794, "25": 0.689823567867279, "26": 0.6664654612541199, "27": 0.6953604221343994, "28": 0.6805514693260193, "29": 0.6606251001358032, "30": 0.6889657974243164, "31": 0.6562215685844421, "32": 0.7134301662445068, "33": 0.6426208019256592, "34": 0.6779589056968689, "35": 0.668012797832489, "36": 0.6702145934104919, "37": 0.6767998337745667, "38": 0.7088790535926819, "39": 0.6775410771369934, "40": 0.7007643580436707, "41": 0.7131414413452148, "42": 0.6717117428779602, "43": 0.7155672907829285, "44": 0.6780189871788025, "45": 0.6944982409477234, "46": 0.6687657833099365, "47": 0.7080974578857422, "48": 0.7247386574745178, "49": 0.6948258280754089, "50": 0.6945200562477112, "51": 0.7085770964622498, "52": 0.7041088938713074, "53": 0.7076786160469055, "54": 0.6841888427734375, "55": 0.7140874266624451, "56": 0.7143374085426331, "57": 0.6750871539115906, "58": 0.7165151238441467, "59": 0.6952888369560242, "60": 0.6907958388328552, "61": 0.7145841717720032, "62": 0.6899364590644836, "63": 0.6900175213813782, "64": 0.6742938160896301, "65": 0.6987414360046387, "66": 0.6872081756591797, "67": 0.6743552088737488, "68": 0.6988887786865234, "69": 0.692788302898407, "70": 0.6925532221794128, "71": 0.6586117148399353, "72": 0.6921777725219727, "73": 0.6759626865386963, "74": 0.7206266522407532, "75": 0.6968948245048523, "76": 0.6996009945869446, "77": 0.7081298232078552, "78": 0.6885181069374084, "79": 0.7031441330909729, "80": 0.7089743614196777}