{"1": 0.5247374176979065, "2": 0.5928089618682861, "3": 0.6220869421958923, "4": 0.6682712435722351, "5": 0.5534445643424988, "6": 0.6307184100151062, "7": 0.6288661956787109, "8": 0.6509297490119934, "9": 0.5350334048271179, "10": 0.6291214823722839, "11": 0.6686040759086609, "12": 0.5959444046020508, "13": 0.6572931408882141, "14": 0.692485511302948, "15": 0.6753998398780823, "16": 0.6740487217903137, "17": 0.6820471286773682, "18": 0.6696050763130188, "19": 0.6739354133605957, "20": 0.6760810017585754, "21": 0.6755579113960266, "22": 0.6438073515892029, "23": 0.6323685646057129, "24": 0.6717421412467957, "25": 0.6538712978363037, "26": 0.6522039175033569, "27": 0.6374269127845764, "28": 0.6730031371116638, "29": 0.6219472289085388, "30": 0.6530163288116455, "31": 0.633283793926239, "32": 0.6947385668754578, "33": 0.6787700653076172, "34": 0.6647254824638367, "35": 0.6545608639717102, "36": 0.7072620391845703, "37": 0.6332899928092957, "38": 0.6560034155845642, "39": 0.6561415195465088, "40": 0.673997700214386, "41": 0.681070864200592, "42": 0.6464852690696716, "43": 0.6748817563056946, "44": 0.6699021458625793, "45": 0.7180802822113037, "46": 0.6420522928237915, "47": 0.6261287927627563, "48": 0.6871945261955261, "49": 0.6615878939628601, "50": 0.7095885872840881, "51": 0.6225208640098572, "52": 0.6930809020996094, "53": 0.6724045872688293, "54": 0.6672501564025879, "55": 0.6845955848693848, "56": 0.6721722483634949, "57": 0.6754248738288879, "58": 0.690622091293335, "59": 0.6546779870986938, "60": 0.6651451587677002, "61": 0.6639756560325623, "62": 0.6748692393302917, "63": 0.6757754683494568, "64": 0.6579201817512512, "65": 0.7149698734283447, "66": 0.7006729245185852, "67": 0.6900331377983093, "68": 0.7198553085327148, "69": 0.6998488306999207, "70": 0.6776435375213623, "71": 0.6528565287590027, "72": 0.6288954615592957, "73": 0.6774973273277283, "74": 0.6701631546020508, "75": 0.6755520701408386, "76": 0.6810863614082336, "77": 0.6704139709472656, "78": 0.6625441908836365, "79": 0.6608743667602539, "80": 0.6808993220329285}