{"1": 0.6680396199226379, "2": 0.6771836280822754, "3": 0.7377405166625977, "4": 0.7568801045417786, "5": 0.7253304123878479, "6": 0.7447378039360046, "7": 0.7465500831604004, "8": 0.7961914539337158, "9": 0.7477518916130066, "10": 0.7765769362449646, "11": 0.7589332461357117, "12": 0.8039433360099792, "13": 0.7740017771720886, "14": 0.7621453404426575, "15": 0.7651975750923157, "16": 0.80887770652771, "17": 0.8112215995788574, "18": 0.7955477833747864, "19": 0.8011071085929871, "20": 0.8012149930000305, "21": 0.7992250323295593, "22": 0.8088788390159607, "23": 0.8094717860221863, "24": 0.8165284991264343, "25": 0.8166518807411194, "26": 0.8188830018043518, "27": 0.8220240473747253, "28": 0.8162524104118347, "29": 0.8156937956809998, "30": 0.83265620470047, "31": 0.8196234107017517, "32": 0.8357570767402649, "33": 0.7998319268226624, "34": 0.8225995898246765, "35": 0.8243825435638428, "36": 0.8240211606025696, "37": 0.8271241784095764, "38": 0.833341121673584, "39": 0.8233917355537415, "40": 0.8324678540229797, "41": 0.8500063419342041, "42": 0.8064301609992981, "43": 0.8545165657997131, "44": 0.7907479405403137, "45": 0.8420758843421936, "46": 0.8148314356803894, "47": 0.8405289053916931, "48": 0.8443978428840637, "49": 0.8342269062995911, "50": 0.8388215899467468, "51": 0.8313038349151611, "52": 0.8402673602104187, "53": 0.8377975821495056, "54": 0.8287821412086487, "55": 0.8321259021759033, "56": 0.8338568806648254, "57": 0.8288795351982117, "58": 0.8510916829109192, "59": 0.8064091801643372, "60": 0.8343610763549805, "61": 0.8419322371482849, "62": 0.8325571417808533, "63": 0.8261194229125977, "64": 0.8213092684745789, "65": 0.8323310017585754, "66": 0.8138309121131897, "67": 0.8212429881095886, "68": 0.8368649482727051, "69": 0.8361920714378357, "70": 0.8302776217460632, "71": 0.8146721720695496, "72": 0.8262248039245605, "73": 0.8338435292243958, "74": 0.8431897759437561, "75": 0.838273286819458, "76": 0.8403170704841614, "77": 0.850365936756134, "78": 0.8401069641113281, "79": 0.8441858887672424, "80": 0.8462343215942383}