{"1": 0.61407071352005, "2": 0.6595413088798523, "3": 0.7174248695373535, "4": 0.7070696949958801, "5": 0.7126656174659729, "6": 0.73996502161026, "7": 0.7395357489585876, "8": 0.7445385456085205, "9": 0.7669541239738464, "10": 0.7056560516357422, "11": 0.6784223914146423, "12": 0.7266640067100525, "13": 0.7604172825813293, "14": 0.7653278708457947, "15": 0.7784075736999512, "16": 0.7417833805084229, "17": 0.7416462898254395, "18": 0.7664341926574707, "19": 0.7766687870025635, "20": 0.7599377632141113, "21": 0.7833235859870911, "22": 0.7665888667106628, "23": 0.7700350880622864, "24": 0.778052806854248, "25": 0.78086256980896, "26": 0.8083377480506897, "27": 0.7552936673164368, "28": 0.7960279583930969, "29": 0.8064201474189758, "30": 0.771643340587616, "31": 0.7719347476959229, "32": 0.7895209193229675, "33": 0.8090642094612122, "34": 0.7894167900085449, "35": 0.7868068814277649, "36": 0.8087522983551025, "37": 0.8012816905975342, "38": 0.7893550395965576, "39": 0.7998068332672119, "40": 0.7957962155342102, "41": 0.8082124590873718, "42": 0.7928590774536133, "43": 0.8152024745941162, "44": 0.7969341278076172, "45": 0.7927439212799072, "46": 0.8109480738639832, "47": 0.8295944333076477, "48": 0.7643130421638489, "49": 0.7790923714637756, "50": 0.8094175457954407, "51": 0.7987505793571472, "52": 0.7739225029945374, "53": 0.806180477142334, "54": 0.8096467852592468, "55": 0.8153834342956543, "56": 0.8288365006446838, "57": 0.8172727227210999, "58": 0.7848207950592041, "59": 0.8200141787528992, "60": 0.7903048396110535, "61": 0.792656421661377, "62": 0.8206294178962708, "63": 0.8096156716346741, "64": 0.8129620552062988, "65": 0.8142220377922058, "66": 0.8352149128913879, "67": 0.7921807169914246, "68": 0.7952337265014648, "69": 0.8472819328308105, "70": 0.7978890538215637, "71": 0.8230070471763611, "72": 0.8280549049377441, "73": 0.8295519948005676, "74": 0.8103496432304382, "75": 0.7629105448722839, "76": 0.7732760906219482, "77": 0.8100207448005676, "78": 0.8238227963447571, "79": 0.8393728733062744, "80": 0.7918310761451721}