{"1": 0.5664467215538025, "2": 0.5036746263504028, "3": 0.4466133117675781, "4": 0.5002219080924988, "5": 0.46083927154541016, "6": 0.4551757276058197, "7": 0.42922163009643555, "8": 0.42839184403419495, "9": 0.4369218945503235, "10": 0.48149555921554565, "11": 0.5091573596000671, "12": 0.4374026656150818, "13": 0.37383878231048584, "14": 0.38983583450317383, "15": 0.39397725462913513, "16": 0.4244965612888336, "17": 0.44217294454574585, "18": 0.37266743183135986, "19": 0.37885916233062744, "20": 0.3792860507965088, "21": 0.33635976910591125, "22": 0.4116622805595398, "23": 0.3801094889640808, "24": 0.38264018297195435, "25": 0.3741316795349121, "26": 0.3354718089103699, "27": 0.42598065733909607, "28": 0.3342747092247009, "29": 0.332271009683609, "30": 0.40514469146728516, "31": 0.3908568322658539, "32": 0.4255325198173523, "33": 0.33713972568511963, "34": 0.3467763662338257, "35": 0.4049437642097473, "36": 0.377666175365448, "37": 0.37322431802749634, "38": 0.38539543747901917, "39": 0.3672429621219635, "40": 0.37092331051826477, "41": 0.3679732382297516, "42": 0.3950960040092468, "43": 0.33798202872276306, "44": 0.3826521337032318, "45": 0.444821834564209, "46": 0.3113424777984619, "47": 0.3510148227214813, "48": 0.49931859970092773, "49": 0.5200654864311218, "50": 0.34926921129226685, "51": 0.42864853143692017, "52": 0.49832066893577576, "53": 0.3272942900657654, "54": 0.46638011932373047, "55": 0.3784567713737488, "56": 0.4402696490287781, "57": 0.3955259323120117, "58": 0.3720576763153076, "59": 0.4273262917995453, "60": 0.5249223113059998, "61": 0.605306088924408, "62": 0.49079418182373047, "63": 0.5136580467224121, "64": 0.4794081151485443, "65": 0.49876317381858826, "66": 0.48460832238197327, "67": 0.5017557144165039, "68": 0.59568190574646, "69": 0.37793034315109253, "70": 0.6915224194526672, "71": 0.5914052724838257, "72": 0.5639359354972839, "73": 0.5372929573059082, "74": 0.5713928937911987, "75": 0.5855337381362915, "76": 0.6726140379905701, "77": 0.5001126527786255, "78": 0.577569842338562, "79": 0.44409170746803284, "80": 0.7259851098060608}