{"1": 0.4223118722438812, "2": 0.5365486741065979, "3": 0.5962077975273132, "4": 0.6354304552078247, "5": 0.6308501958847046, "6": 0.6228364109992981, "7": 0.6327218413352966, "8": 0.6510966420173645, "9": 0.6463145017623901, "10": 0.6510950922966003, "11": 0.6249620318412781, "12": 0.6205384135246277, "13": 0.6176266074180603, "14": 0.674623966217041, "15": 0.6428310871124268, "16": 0.6565712094306946, "17": 0.6656665205955505, "18": 0.6605677008628845, "19": 0.6594295501708984, "20": 0.6730030179023743, "21": 0.6798155903816223, "22": 0.691109836101532, "23": 0.6526560187339783, "24": 0.667104184627533, "25": 0.6906194686889648, "26": 0.7172667384147644, "27": 0.6835375428199768, "28": 0.6719124913215637, "29": 0.7087996602058411, "30": 0.6743326187133789, "31": 0.715287983417511, "32": 0.7163540720939636, "33": 0.6848437786102295, "34": 0.6737196445465088, "35": 0.6458595395088196, "36": 0.7161840796470642, "37": 0.7191798686981201, "38": 0.6639683842658997, "39": 0.7065074443817139, "40": 0.7100254893302917, "41": 0.680457592010498, "42": 0.6591290831565857, "43": 0.7082896828651428, "44": 0.6925080418586731, "45": 0.7135947346687317, "46": 0.6695869565010071, "47": 0.6734575629234314, "48": 0.7049650549888611, "49": 0.6502628922462463, "50": 0.6968768239021301, "51": 0.6877347826957703, "52": 0.6714801788330078, "53": 0.6942445635795593, "54": 0.6985845565795898, "55": 0.6434505581855774, "56": 0.6939831376075745, "57": 0.6866657733917236, "58": 0.6893793940544128, "59": 0.6847831606864929, "60": 0.6619200706481934, "61": 0.6829662919044495, "62": 0.6841142177581787, "63": 0.7006990909576416, "64": 0.6782186627388, "65": 0.6768044829368591, "66": 0.6714625358581543, "67": 0.6901402473449707, "68": 0.6923419833183289, "69": 0.6595948338508606, "70": 0.6641928553581238, "71": 0.6652866005897522, "72": 0.6988818645477295, "73": 0.6917276382446289, "74": 0.6975390315055847, "75": 0.6878169178962708, "76": 0.7032711505889893, "77": 0.6822980046272278, "78": 0.6938778758049011, "79": 0.698876678943634, "80": 0.6736786961555481}