{"1": 0.42032137513160706, "2": 0.5306606888771057, "3": 0.5846460461616516, "4": 0.6140736937522888, "5": 0.6110179424285889, "6": 0.6024674773216248, "7": 0.6103962063789368, "8": 0.625561535358429, "9": 0.6208176016807556, "10": 0.6252244114875793, "11": 0.6052137017250061, "12": 0.596282958984375, "13": 0.6015305519104004, "14": 0.6434540152549744, "15": 0.6306115388870239, "16": 0.6372191905975342, "17": 0.6449965238571167, "18": 0.6395975947380066, "19": 0.6413243412971497, "20": 0.6469306945800781, "21": 0.6508318781852722, "22": 0.6479306221008301, "23": 0.6226860284805298, "24": 0.6444170475006104, "25": 0.6563361287117004, "26": 0.6619420647621155, "27": 0.6427297592163086, "28": 0.6388097405433655, "29": 0.6494283080101013, "30": 0.6421499252319336, "31": 0.6646366715431213, "32": 0.6929225325584412, "33": 0.6517595648765564, "34": 0.6596217751502991, "35": 0.61602383852005, "36": 0.681959867477417, "37": 0.6625215411186218, "38": 0.6370830535888672, "39": 0.6545140147209167, "40": 0.6744518876075745, "41": 0.6608285307884216, "42": 0.626714289188385, "43": 0.6710460782051086, "44": 0.6594719886779785, "45": 0.6828445792198181, "46": 0.6574711203575134, "47": 0.6444424986839294, "48": 0.6819940209388733, "49": 0.6125087738037109, "50": 0.6555460095405579, "51": 0.6595343947410583, "52": 0.6475686430931091, "53": 0.6538992524147034, "54": 0.6639980673789978, "55": 0.6228070855140686, "56": 0.6633078455924988, "57": 0.6565456986427307, "58": 0.6657003164291382, "59": 0.6514503359794617, "60": 0.6395956873893738, "61": 0.6596038341522217, "62": 0.6521549820899963, "63": 0.6713177561759949, "64": 0.6435143947601318, "65": 0.6409908533096313, "66": 0.6641902327537537, "67": 0.6646158695220947, "68": 0.6697744727134705, "69": 0.6252769231796265, "70": 0.6386628746986389, "71": 0.637988269329071, "72": 0.67991042137146, "73": 0.6565116047859192, "74": 0.6673634052276611, "75": 0.6582553386688232, "76": 0.6732540726661682, "77": 0.6536054611206055, "78": 0.6717165112495422, "79": 0.6715332865715027, "80": 0.6552721261978149}