{"1": 0.6232057213783264, "2": 0.6959020495414734, "3": 0.732173502445221, "4": 0.7417179942131042, "5": 0.661460816860199, "6": 0.7080748677253723, "7": 0.6889962553977966, "8": 0.7161998152732849, "9": 0.606656551361084, "10": 0.6663833856582642, "11": 0.7013710141181946, "12": 0.6749175190925598, "13": 0.7365209460258484, "14": 0.7347912192344666, "15": 0.6906377673149109, "16": 0.7191824316978455, "17": 0.702009379863739, "18": 0.7122148871421814, "19": 0.7101092338562012, "20": 0.7007155418395996, "21": 0.7299387454986572, "22": 0.6944831013679504, "23": 0.6762143969535828, "24": 0.7200972437858582, "25": 0.6983677744865417, "26": 0.6718418002128601, "27": 0.7055948376655579, "28": 0.746138870716095, "29": 0.689532458782196, "30": 0.7085210680961609, "31": 0.6892114281654358, "32": 0.7375962138175964, "33": 0.7112395763397217, "34": 0.7167670726776123, "35": 0.7109444737434387, "36": 0.7370715141296387, "37": 0.6961449980735779, "38": 0.6894388198852539, "39": 0.7065492272377014, "40": 0.7388262152671814, "41": 0.7245580554008484, "42": 0.7027367949485779, "43": 0.7346531748771667, "44": 0.7299206256866455, "45": 0.7354353070259094, "46": 0.7066361308097839, "47": 0.7112588286399841, "48": 0.7345193028450012, "49": 0.7234641909599304, "50": 0.7324365973472595, "51": 0.7163341641426086, "52": 0.7300621867179871, "53": 0.736430823802948, "54": 0.7466943860054016, "55": 0.7276360988616943, "56": 0.7426249980926514, "57": 0.7379313111305237, "58": 0.7474682927131653, "59": 0.7463290095329285, "60": 0.7280508875846863, "61": 0.7495105862617493, "62": 0.7429779171943665, "63": 0.7534443736076355, "64": 0.7171953320503235, "65": 0.7606318593025208, "66": 0.7426339983940125, "67": 0.7502124905586243, "68": 0.762214720249176, "69": 0.7489514350891113, "70": 0.748390257358551, "71": 0.7345643043518066, "72": 0.7137019634246826, "73": 0.7393746376037598, "74": 0.728154182434082, "75": 0.7332571148872375, "76": 0.7370818257331848, "77": 0.7178923487663269, "78": 0.7167870998382568, "79": 0.739393413066864, "80": 0.7435781359672546}