{"1": 0.5416637659072876, "2": 0.4810696244239807, "3": 0.43549543619155884, "4": 0.37959954142570496, "5": 0.505420446395874, "6": 0.4286819398403168, "7": 0.42021623253822327, "8": 0.3718249201774597, "9": 0.5251353979110718, "10": 0.4087830185890198, "11": 0.36758145689964294, "12": 0.4548695683479309, "13": 0.3762720823287964, "14": 0.33679524064064026, "15": 0.3654894530773163, "16": 0.35251763463020325, "17": 0.3461117148399353, "18": 0.3414207100868225, "19": 0.35894832015037537, "20": 0.35667741298675537, "21": 0.3647054433822632, "22": 0.3729777932167053, "23": 0.40579843521118164, "24": 0.34177497029304504, "25": 0.37302833795547485, "26": 0.37298470735549927, "27": 0.40538734197616577, "28": 0.3771090507507324, "29": 0.42265504598617554, "30": 0.39125412702560425, "31": 0.39431750774383545, "32": 0.3290335536003113, "33": 0.3535931408405304, "34": 0.3689386248588562, "35": 0.3643799424171448, "36": 0.3049962520599365, "37": 0.4237156808376312, "38": 0.33365553617477417, "39": 0.3933351933956146, "40": 0.3390492796897888, "41": 0.337321937084198, "42": 0.4701552987098694, "43": 0.391649067401886, "44": 0.369984894990921, "45": 0.31910666823387146, "46": 0.4384985864162445, "47": 0.48504072427749634, "48": 0.3529312014579773, "49": 0.4354776442050934, "50": 0.35358238220214844, "51": 0.5352008938789368, "52": 0.38930007815361023, "53": 0.4293578267097473, "54": 0.4860478341579437, "55": 0.39480605721473694, "56": 0.4951299726963043, "57": 0.5364484190940857, "58": 0.3993430435657501, "59": 0.6006931066513062, "60": 0.5383198857307434, "61": 0.5563921332359314, "62": 0.4953676164150238, "63": 0.3879372477531433, "64": 0.5308609008789062, "65": 0.3686744272708893, "66": 0.46919065713882446, "67": 0.5147130489349365, "68": 0.4146641790866852, "69": 0.5147581100463867, "70": 0.6059159636497498, "71": 0.4573824405670166, "72": 0.6059136986732483, "73": 0.5575318336486816, "74": 0.5298343300819397, "75": 0.5677711963653564, "76": 0.5198332071304321, "77": 0.6185755133628845, "78": 0.6084960699081421, "79": 0.7057345509529114, "80": 0.6107402443885803}