{"1": 0.669201135635376, "2": 0.6756510138511658, "3": 0.7337506413459778, "4": 0.7480195164680481, "5": 0.7155747413635254, "6": 0.7328123450279236, "7": 0.7354713082313538, "8": 0.7828931212425232, "9": 0.7342665195465088, "10": 0.7619029879570007, "11": 0.7440463900566101, "12": 0.7916975021362305, "13": 0.7565309405326843, "14": 0.7422304749488831, "15": 0.751169741153717, "16": 0.7974634766578674, "17": 0.8017089366912842, "18": 0.7872788310050964, "19": 0.7884634137153625, "20": 0.7895911335945129, "21": 0.7881379723548889, "22": 0.7933933138847351, "23": 0.8012349605560303, "24": 0.8068687319755554, "25": 0.8076466917991638, "26": 0.8070831894874573, "27": 0.8150956034660339, "28": 0.8051828742027283, "29": 0.80332350730896, "30": 0.827619731426239, "31": 0.8106014132499695, "32": 0.8319341540336609, "33": 0.7844735980033875, "34": 0.816206157207489, "35": 0.8146873116493225, "36": 0.8166658282279968, "37": 0.8176999092102051, "38": 0.8247714638710022, "39": 0.8136591911315918, "40": 0.8255766034126282, "41": 0.8402822613716125, "42": 0.7894048690795898, "43": 0.8428073525428772, "44": 0.7876414656639099, "45": 0.8347452282905579, "46": 0.8021724224090576, "47": 0.8326995968818665, "48": 0.836285412311554, "49": 0.8230888247489929, "50": 0.8277828097343445, "51": 0.8209617137908936, "52": 0.8342995047569275, "53": 0.8299045562744141, "54": 0.8179855346679688, "55": 0.8221251368522644, "56": 0.8296446204185486, "57": 0.8163576722145081, "58": 0.8468392491340637, "59": 0.7991119027137756, "60": 0.8236983418464661, "61": 0.8357796669006348, "62": 0.8218531608581543, "63": 0.8129817843437195, "64": 0.8106175065040588, "65": 0.8181964755058289, "66": 0.8059968948364258, "67": 0.8091570734977722, "68": 0.8300495147705078, "69": 0.828988790512085, "70": 0.8252518773078918, "71": 0.8017080426216125, "72": 0.8116307258605957, "73": 0.8279606699943542, "74": 0.8369359970092773, "75": 0.8300027847290039, "76": 0.8302696347236633, "77": 0.8431191444396973, "78": 0.8320590853691101, "79": 0.831933319568634, "80": 0.8359448313713074}