{"1": 0.6677520871162415, "2": 0.6758384108543396, "3": 0.7359868884086609, "4": 0.7531421780586243, "5": 0.7210800051689148, "6": 0.7399217486381531, "7": 0.7427952885627747, "8": 0.7906643748283386, "9": 0.7416074872016907, "10": 0.7693586945533752, "11": 0.7528751492500305, "12": 0.7989246249198914, "13": 0.7659134268760681, "14": 0.7546846270561218, "15": 0.7599010467529297, "16": 0.8034445643424988, "17": 0.806816816329956, "18": 0.7925092577934265, "19": 0.7953667640686035, "20": 0.7961229681968689, "21": 0.7955700755119324, "22": 0.802252471446991, "23": 0.8052859902381897, "24": 0.8125655055046082, "25": 0.812516450881958, "26": 0.814569890499115, "27": 0.8196170926094055, "28": 0.811817467212677, "29": 0.8113625645637512, "30": 0.8318383097648621, "31": 0.8169696927070618, "32": 0.8333681225776672, "33": 0.7957984805107117, "34": 0.8196110725402832, "35": 0.8216197490692139, "36": 0.820273220539093, "37": 0.8253698348999023, "38": 0.8284394145011902, "39": 0.820493221282959, "40": 0.8296684622764587, "41": 0.847156822681427, "42": 0.800524890422821, "43": 0.8516880869865417, "44": 0.7902093529701233, "45": 0.8405017256736755, "46": 0.8113868832588196, "47": 0.8375809788703918, "48": 0.8430976271629333, "49": 0.8302550315856934, "50": 0.8372151851654053, "51": 0.8278729915618896, "52": 0.8377560973167419, "53": 0.8349081873893738, "54": 0.8265889286994934, "55": 0.8285464644432068, "56": 0.8302609920501709, "57": 0.8256836533546448, "58": 0.8489174842834473, "59": 0.801449716091156, "60": 0.8318846821784973, "61": 0.8386257290840149, "62": 0.8302618861198425, "63": 0.82260662317276, "64": 0.8179982304573059, "65": 0.8258288502693176, "66": 0.8150513768196106, "67": 0.818114697933197, "68": 0.8347600102424622, "69": 0.8334088325500488, "70": 0.8287444114685059, "71": 0.8120281100273132, "72": 0.820672333240509, "73": 0.8326425552368164, "74": 0.8421724438667297, "75": 0.8366088271141052, "76": 0.8360424041748047, "77": 0.8467223644256592, "78": 0.8370491862297058, "79": 0.8413967490196228, "80": 0.8431699872016907}