{"1": 0.6148354411125183, "2": 0.6616983413696289, "3": 0.7195428013801575, "4": 0.7096548080444336, "5": 0.7148156762123108, "6": 0.7414915561676025, "7": 0.7431839108467102, "8": 0.7467373013496399, "9": 0.7700972557067871, "10": 0.7094948887825012, "11": 0.683573305606842, "12": 0.7300308346748352, "13": 0.7647411227226257, "14": 0.7718236446380615, "15": 0.7827656865119934, "16": 0.7491610050201416, "17": 0.7490277886390686, "18": 0.7725716233253479, "19": 0.7838485836982727, "20": 0.769191563129425, "21": 0.7901121973991394, "22": 0.7679405212402344, "23": 0.7755773067474365, "24": 0.7846675515174866, "25": 0.7864283919334412, "26": 0.8113536238670349, "27": 0.7599031925201416, "28": 0.8000866770744324, "29": 0.8108131289482117, "30": 0.777101993560791, "31": 0.7766940593719482, "32": 0.7924814820289612, "33": 0.8123791217803955, "34": 0.7928099632263184, "35": 0.7904652953147888, "36": 0.8130102157592773, "37": 0.8069629073143005, "38": 0.793523371219635, "39": 0.8038197159767151, "40": 0.797508180141449, "41": 0.8140907287597656, "42": 0.7971802353858948, "43": 0.819553554058075, "44": 0.7999972701072693, "45": 0.7960734963417053, "46": 0.8147196769714355, "47": 0.8336605429649353, "48": 0.770467221736908, "49": 0.7802956104278564, "50": 0.8111481070518494, "51": 0.799143373966217, "52": 0.7776455879211426, "53": 0.8119288086891174, "54": 0.8134841322898865, "55": 0.8173800110816956, "56": 0.83463454246521, "57": 0.8186445832252502, "58": 0.7865837216377258, "59": 0.8216419219970703, "60": 0.7930622100830078, "61": 0.7959251999855042, "62": 0.8229973912239075, "63": 0.811115562915802, "64": 0.816282331943512, "65": 0.8193193078041077, "66": 0.8349968791007996, "67": 0.7997234463691711, "68": 0.7983835339546204, "69": 0.8474811911582947, "70": 0.7956109046936035, "71": 0.8253827095031738, "72": 0.82943195104599, "73": 0.8324076533317566, "74": 0.813281238079071, "75": 0.7638991475105286, "76": 0.7789056301116943, "77": 0.8140814304351807, "78": 0.824321448802948, "79": 0.842560350894928, "80": 0.7951758503913879}