{"1": 0.5145310759544373, "2": 0.5779828429222107, "3": 0.5963717103004456, "4": 0.6137462854385376, "5": 0.5059687495231628, "6": 0.5538451671600342, "7": 0.5463027358055115, "8": 0.551452100276947, "9": 0.4432213008403778, "10": 0.5240392684936523, "11": 0.5419158339500427, "12": 0.5166604518890381, "13": 0.5673819780349731, "14": 0.5829464793205261, "15": 0.5412117838859558, "16": 0.557981550693512, "17": 0.5326496958732605, "18": 0.5577407479286194, "19": 0.547356903553009, "20": 0.5612888336181641, "21": 0.5483115315437317, "22": 0.5236771106719971, "23": 0.518516480922699, "24": 0.5452103614807129, "25": 0.5398309230804443, "26": 0.5125600695610046, "27": 0.5294032692909241, "28": 0.571610152721405, "29": 0.5297288298606873, "30": 0.5499857068061829, "31": 0.5328328013420105, "32": 0.5937352180480957, "33": 0.5476394891738892, "34": 0.5425519347190857, "35": 0.5547943711280823, "36": 0.5953894257545471, "37": 0.5329492688179016, "38": 0.5269805788993835, "39": 0.5487353205680847, "40": 0.5778369307518005, "41": 0.562559187412262, "42": 0.5256413817405701, "43": 0.5809310078620911, "44": 0.5515580177307129, "45": 0.5929210782051086, "46": 0.5322811007499695, "47": 0.5384443402290344, "48": 0.5768856406211853, "49": 0.5618793368339539, "50": 0.5952216982841492, "51": 0.5466151237487793, "52": 0.5769944787025452, "53": 0.564617395401001, "54": 0.5696301460266113, "55": 0.5803310871124268, "56": 0.5756955146789551, "57": 0.5782427787780762, "58": 0.5970847606658936, "59": 0.5632257461547852, "60": 0.5599491596221924, "61": 0.5862734317779541, "62": 0.5739119648933411, "63": 0.5958433747291565, "64": 0.5451490879058838, "65": 0.6043940186500549, "66": 0.5776570439338684, "67": 0.5829627513885498, "68": 0.603410005569458, "69": 0.5851108431816101, "70": 0.5841905474662781, "71": 0.5580631494522095, "72": 0.545468807220459, "73": 0.5786363482475281, "74": 0.5725948214530945, "75": 0.5658688545227051, "76": 0.5674222111701965, "77": 0.5565975308418274, "78": 0.5358221530914307, "79": 0.5586962699890137, "80": 0.5691323280334473}