{"1": 0.5704665184020996, "2": 0.5090792179107666, "3": 0.45072871446609497, "4": 0.5090306997299194, "5": 0.4661271572113037, "6": 0.46045050024986267, "7": 0.4364748001098633, "8": 0.4328034818172455, "9": 0.4436910152435303, "10": 0.4873039126396179, "11": 0.5202375054359436, "12": 0.4431840777397156, "13": 0.38250797986984253, "14": 0.4006633162498474, "15": 0.40588387846946716, "16": 0.43862205743789673, "17": 0.4542306959629059, "18": 0.3873853087425232, "19": 0.3891993761062622, "20": 0.40347734093666077, "21": 0.34662964940071106, "22": 0.42004942893981934, "23": 0.3916090726852417, "24": 0.3958612084388733, "25": 0.38845592737197876, "26": 0.3430386781692505, "27": 0.4373648166656494, "28": 0.3432824909687042, "29": 0.3480205237865448, "30": 0.41384387016296387, "31": 0.398995578289032, "32": 0.4343493580818176, "33": 0.34507426619529724, "34": 0.3565836548805237, "35": 0.4109363555908203, "36": 0.3884316086769104, "37": 0.3858533501625061, "38": 0.3972965180873871, "39": 0.3801811933517456, "40": 0.3798925280570984, "41": 0.3747440576553345, "42": 0.4041266441345215, "43": 0.34553712606430054, "44": 0.3977757692337036, "45": 0.4549793601036072, "46": 0.31558385491371155, "47": 0.3572082817554474, "48": 0.5040205121040344, "49": 0.5262629985809326, "50": 0.35666680335998535, "51": 0.43625006079673767, "52": 0.5036202669143677, "53": 0.3321022689342499, "54": 0.47129303216934204, "55": 0.38633993268013, "56": 0.45267099142074585, "57": 0.39751988649368286, "58": 0.3914211094379425, "59": 0.4448946416378021, "60": 0.5326768159866333, "61": 0.6223322749137878, "62": 0.4985959529876709, "63": 0.520426869392395, "64": 0.48620185256004333, "65": 0.5069090127944946, "66": 0.4992395341396332, "67": 0.5187633633613586, "68": 0.6046547293663025, "69": 0.3792526423931122, "70": 0.7004147171974182, "71": 0.5983627438545227, "72": 0.5659462213516235, "73": 0.5423072576522827, "74": 0.5703834295272827, "75": 0.5868632793426514, "76": 0.6814769506454468, "77": 0.5085047483444214, "78": 0.5862009525299072, "79": 0.45112529397010803, "80": 0.7398669123649597}