{"1": 0.5762803554534912, "2": 0.6620474457740784, "3": 0.6866230368614197, "4": 0.746043860912323, "5": 0.7464959621429443, "6": 0.7385268211364746, "7": 0.7501775622367859, "8": 0.7577052116394043, "9": 0.7638007998466492, "10": 0.7477428317070007, "11": 0.7514908313751221, "12": 0.7372145652770996, "13": 0.7596012949943542, "14": 0.7669045925140381, "15": 0.7615368962287903, "16": 0.7602100968360901, "17": 0.7877330780029297, "18": 0.7812379002571106, "19": 0.7768705487251282, "20": 0.7885395884513855, "21": 0.7901964783668518, "22": 0.7614957690238953, "23": 0.775409460067749, "24": 0.7771337032318115, "25": 0.7809486389160156, "26": 0.7719619870185852, "27": 0.7785305976867676, "28": 0.7738168239593506, "29": 0.7776917815208435, "30": 0.7759512066841125, "31": 0.7848048210144043, "32": 0.8096780776977539, "33": 0.7803506851196289, "34": 0.7910321354866028, "35": 0.7427908778190613, "36": 0.7987572550773621, "37": 0.7768058776855469, "38": 0.7821455597877502, "39": 0.7770094871520996, "40": 0.7912304401397705, "41": 0.7905743718147278, "42": 0.7770648002624512, "43": 0.8021392822265625, "44": 0.7959950566291809, "45": 0.7982020974159241, "46": 0.7657055854797363, "47": 0.7807087302207947, "48": 0.8164330124855042, "49": 0.7638852596282959, "50": 0.7873949408531189, "51": 0.804024875164032, "52": 0.7870228886604309, "53": 0.7886273264884949, "54": 0.7995854020118713, "55": 0.7792083621025085, "56": 0.7905191779136658, "57": 0.7937436699867249, "58": 0.8003633618354797, "59": 0.7909092903137207, "60": 0.7820887565612793, "61": 0.7991840243339539, "62": 0.7888779640197754, "63": 0.7985377907752991, "64": 0.7790166735649109, "65": 0.7828540802001953, "66": 0.8061272501945496, "67": 0.795086145401001, "68": 0.8089532852172852, "69": 0.7699508666992188, "70": 0.7849352359771729, "71": 0.7923540472984314, "72": 0.8023616671562195, "73": 0.788719117641449, "74": 0.8028324246406555, "75": 0.797059953212738, "76": 0.8063580393791199, "77": 0.7937788963317871, "78": 0.8091044425964355, "79": 0.806911289691925, "80": 0.7910889983177185}