{"1": 0.5971652865409851, "2": 0.5533827543258667, "3": 0.5272161364555359, "4": 0.5119966268539429, "5": 0.5045929551124573, "6": 0.520844578742981, "7": 0.5251366496086121, "8": 0.5219758749008179, "9": 0.5853379964828491, "10": 0.5384531021118164, "11": 0.5308698415756226, "12": 0.5738999843597412, "13": 0.549338698387146, "14": 0.5694592595100403, "15": 0.5054892301559448, "16": 0.5538573265075684, "17": 0.5256841778755188, "18": 0.5256494283676147, "19": 0.608453631401062, "20": 0.5510339140892029, "21": 0.5574969053268433, "22": 0.6470440626144409, "23": 0.5950411558151245, "24": 0.5913118720054626, "25": 0.5567269325256348, "26": 0.6333287358283997, "27": 0.6302127242088318, "28": 0.6733959913253784, "29": 0.7528024911880493, "30": 0.5676711797714233, "31": 0.6131128072738647, "32": 0.5149435997009277, "33": 0.6077184081077576, "34": 0.5967828035354614, "35": 0.6588577628135681, "36": 0.605318009853363, "37": 0.6744803786277771, "38": 0.6751722693443298, "39": 0.8309141397476196, "40": 0.6181843280792236, "41": 0.6146684885025024, "42": 0.7005442976951599, "43": 0.5796604156494141, "44": 0.6532235741615295, "45": 0.5795875191688538, "46": 0.5745558142662048, "47": 0.6126763224601746, "48": 0.6398016810417175, "49": 0.8303700685501099, "50": 0.6972537636756897, "51": 0.6831603050231934, "52": 0.6905926465988159, "53": 0.7682667970657349, "54": 0.6915875673294067, "55": 0.6842206120491028, "56": 0.6551644802093506, "57": 0.6688896417617798, "58": 0.6692860126495361, "59": 0.7006480097770691, "60": 0.8320004343986511, "61": 0.7187357544898987, "62": 0.7167372703552246, "63": 0.6627474427223206, "64": 0.804510235786438, "65": 0.7926875948905945, "66": 0.6333884000778198, "67": 0.7778162956237793, "68": 0.7650871872901917, "69": 0.8645044565200806, "70": 0.8226110339164734, "71": 0.9156953692436218, "72": 0.7878594994544983, "73": 0.7965188026428223, "74": 0.8391507267951965, "75": 0.8593471646308899, "76": 0.952764630317688, "77": 0.9223697781562805, "78": 0.8875148892402649, "79": 0.9090628623962402, "80": 0.8753010630607605}