{"1": 0.615814745426178, "2": 0.6647102236747742, "3": 0.7238323092460632, "4": 0.7150546908378601, "5": 0.7200469970703125, "6": 0.74403977394104, "7": 0.7488463521003723, "8": 0.7500355243682861, "9": 0.7749497294425964, "10": 0.7147736549377441, "11": 0.6939444541931152, "12": 0.7346780300140381, "13": 0.7730919718742371, "14": 0.7801713943481445, "15": 0.7920293807983398, "16": 0.7607269287109375, "17": 0.7631967663764954, "18": 0.7874978184700012, "19": 0.7925499081611633, "20": 0.7866106033325195, "21": 0.7986573576927185, "22": 0.7758825421333313, "23": 0.7888246178627014, "24": 0.793749988079071, "25": 0.7978693842887878, "26": 0.8187111020088196, "27": 0.7673621773719788, "28": 0.8089424967765808, "29": 0.8208733201026917, "30": 0.783816397190094, "31": 0.7858036160469055, "32": 0.7979429364204407, "33": 0.8197245001792908, "34": 0.8040642738342285, "35": 0.7946657538414001, "36": 0.8211275935173035, "37": 0.8178982734680176, "38": 0.8020085692405701, "39": 0.8119805455207825, "40": 0.8036444783210754, "41": 0.8195052742958069, "42": 0.8004636764526367, "43": 0.824791669845581, "44": 0.8111646771430969, "45": 0.8034970164299011, "46": 0.8223934769630432, "47": 0.8344351649284363, "48": 0.7739476561546326, "49": 0.785247266292572, "50": 0.8196204304695129, "51": 0.8026030659675598, "52": 0.7811132073402405, "53": 0.8184520602226257, "54": 0.8151958584785461, "55": 0.8240516781806946, "56": 0.841580867767334, "57": 0.8233023285865784, "58": 0.8016612529754639, "59": 0.8298245072364807, "60": 0.7959561944007874, "61": 0.7988291382789612, "62": 0.823521077632904, "63": 0.8177666068077087, "64": 0.8164424300193787, "65": 0.8257157206535339, "66": 0.8398255705833435, "67": 0.8078684210777283, "68": 0.8049201369285583, "69": 0.8498110771179199, "70": 0.7982334494590759, "71": 0.826215922832489, "72": 0.8325369358062744, "73": 0.8345999121665955, "74": 0.8166463971138, "75": 0.7657177448272705, "76": 0.7856706976890564, "77": 0.820250928401947, "78": 0.8246647715568542, "79": 0.8458337783813477, "80": 0.800922691822052}