{"1": 0.5110694169998169, "2": 0.5420739650726318, "3": 0.4524877965450287, "4": 0.4182121157646179, "5": 0.46004718542099, "6": 0.4367823600769043, "7": 0.41209346055984497, "8": 0.3809271454811096, "9": 0.43031615018844604, "10": 0.3954288065433502, "11": 0.40241068601608276, "12": 0.37386342883110046, "13": 0.3935452401638031, "14": 0.4072937071323395, "15": 0.40094074606895447, "16": 0.34072569012641907, "17": 0.32873210310935974, "18": 0.36892205476760864, "19": 0.3497915267944336, "20": 0.3545762896537781, "21": 0.3671353757381439, "22": 0.32768169045448303, "23": 0.33908766508102417, "24": 0.33782240748405457, "25": 0.316920667886734, "26": 0.33191919326782227, "27": 0.3124794661998749, "28": 0.3439432978630066, "29": 0.3453340530395508, "30": 0.327420175075531, "31": 0.3529667854309082, "32": 0.2926364839076996, "33": 0.4046291708946228, "34": 0.3325100541114807, "35": 0.36187928915023804, "36": 0.3784449100494385, "37": 0.37033694982528687, "38": 0.29489409923553467, "39": 0.3416126072406769, "40": 0.33449870347976685, "41": 0.33297789096832275, "42": 0.386614054441452, "43": 0.34242960810661316, "44": 0.34074345231056213, "45": 0.37808480858802795, "46": 0.482278436422348, "47": 0.37830689549446106, "48": 0.34300053119659424, "49": 0.3602781295776367, "50": 0.44808945059776306, "51": 0.36638423800468445, "52": 0.3988010287284851, "53": 0.37404271960258484, "54": 0.3898029327392578, "55": 0.3775334358215332, "56": 0.32876500487327576, "57": 0.4893064498901367, "58": 0.39776426553726196, "59": 0.4067232012748718, "60": 0.43393510580062866, "61": 0.40603646636009216, "62": 0.5349327325820923, "63": 0.5323866605758667, "64": 0.5948936343193054, "65": 0.4695814549922943, "66": 0.3810795843601227, "67": 0.5056207180023193, "68": 0.45525774359703064, "69": 0.5672797560691833, "70": 0.5191018581390381, "71": 0.6837083697319031, "72": 0.5198145508766174, "73": 0.606512188911438, "74": 0.4577788710594177, "75": 0.5937145948410034, "76": 0.527587354183197, "77": 0.5307124853134155, "78": 0.6525720357894897, "79": 0.5529636144638062, "80": 0.6404825448989868}