{"1": 0.5096031427383423, "2": 0.5471822023391724, "3": 0.4610744118690491, "4": 0.4316950738430023, "5": 0.4772545397281647, "6": 0.45310837030410767, "7": 0.42837318778038025, "8": 0.40171098709106445, "9": 0.45031365752220154, "10": 0.41905856132507324, "11": 0.42398181557655334, "12": 0.39771848917007446, "13": 0.417863667011261, "14": 0.4341326653957367, "15": 0.42078980803489685, "16": 0.3609960079193115, "17": 0.35023894906044006, "18": 0.3880431056022644, "19": 0.36794227361679077, "20": 0.3744904100894928, "21": 0.391901433467865, "22": 0.35451436042785645, "23": 0.3578472435474396, "24": 0.35514482855796814, "25": 0.3402155041694641, "26": 0.3515700697898865, "27": 0.33083367347717285, "28": 0.3660390377044678, "29": 0.3644877076148987, "30": 0.34468981623649597, "31": 0.3706623315811157, "32": 0.3037979304790497, "33": 0.4322824478149414, "34": 0.3476310670375824, "35": 0.3800591230392456, "36": 0.4040021300315857, "37": 0.39229387044906616, "38": 0.3124126195907593, "39": 0.3620736598968506, "40": 0.35083940625190735, "41": 0.356577068567276, "42": 0.42308759689331055, "43": 0.3601870834827423, "44": 0.35805585980415344, "45": 0.40076130628585815, "46": 0.5172697305679321, "47": 0.394024133682251, "48": 0.3568578362464905, "49": 0.383727490901947, "50": 0.47468680143356323, "51": 0.3872365355491638, "52": 0.4081772267818451, "53": 0.39492589235305786, "54": 0.41173458099365234, "55": 0.39913102984428406, "56": 0.3465224504470825, "57": 0.5315315127372742, "58": 0.4201200604438782, "59": 0.42823880910873413, "60": 0.4470518231391907, "61": 0.42082589864730835, "62": 0.5535154938697815, "63": 0.5721836090087891, "64": 0.6165022850036621, "65": 0.5078821182250977, "66": 0.4025267958641052, "67": 0.534305989742279, "68": 0.4733632504940033, "69": 0.5819801092147827, "70": 0.5342816114425659, "71": 0.7107928991317749, "72": 0.5491515398025513, "73": 0.6254875063896179, "74": 0.46835142374038696, "75": 0.6226050853729248, "76": 0.5425702929496765, "77": 0.5546364784240723, "78": 0.6839858293533325, "79": 0.5810187458992004, "80": 0.6653438806533813}