{"1": 0.5080332159996033, "2": 0.5578469634056091, "3": 0.6031281352043152, "4": 0.5861899852752686, "5": 0.5881966352462769, "6": 0.6011013388633728, "7": 0.6183413863182068, "8": 0.6123380661010742, "9": 0.6229787468910217, "10": 0.5672864317893982, "11": 0.5509493350982666, "12": 0.5945629477500916, "13": 0.6559808254241943, "14": 0.6408443450927734, "15": 0.6446361541748047, "16": 0.5941472053527832, "17": 0.6013112664222717, "18": 0.6429625749588013, "19": 0.6353607773780823, "20": 0.649783194065094, "21": 0.6684642434120178, "22": 0.6261293292045593, "23": 0.6319913268089294, "24": 0.6484434008598328, "25": 0.6372588276863098, "26": 0.6764131188392639, "27": 0.5968506932258606, "28": 0.6716877818107605, "29": 0.6697995066642761, "30": 0.6118691563606262, "31": 0.642998218536377, "32": 0.6228591799736023, "33": 0.6578773260116577, "34": 0.6516268849372864, "35": 0.6130409240722656, "36": 0.6669745445251465, "37": 0.6580767035484314, "38": 0.6549167037010193, "39": 0.6658595204353333, "40": 0.6699099540710449, "41": 0.6792929768562317, "42": 0.6444379687309265, "43": 0.7013092637062073, "44": 0.6684693694114685, "45": 0.6498714089393616, "46": 0.7043600082397461, "47": 0.6969711780548096, "48": 0.6187741756439209, "49": 0.6277373433113098, "50": 0.6862740516662598, "51": 0.6646736860275269, "52": 0.6276648640632629, "53": 0.7107841372489929, "54": 0.6738340258598328, "55": 0.7008659243583679, "56": 0.69672030210495, "57": 0.7021549344062805, "58": 0.6768484711647034, "59": 0.6925169825553894, "60": 0.652629017829895, "61": 0.641663134098053, "62": 0.6850361824035645, "63": 0.6791985630989075, "64": 0.6819743514060974, "65": 0.6859791874885559, "66": 0.6875599026679993, "67": 0.6548493504524231, "68": 0.6570863723754883, "69": 0.7317562103271484, "70": 0.6287875175476074, "71": 0.680577278137207, "72": 0.6962489485740662, "73": 0.7011449933052063, "74": 0.6736001968383789, "75": 0.6427575945854187, "76": 0.6287344098091125, "77": 0.6809346079826355, "78": 0.6925449371337891, "79": 0.7252233624458313, "80": 0.6486556529998779}