{"1": 0.5077487826347351, "2": 0.5559931397438049, "3": 0.6017101407051086, "4": 0.5849288105964661, "5": 0.5868714451789856, "6": 0.6002950072288513, "7": 0.6157355904579163, "8": 0.6110459566116333, "9": 0.6211257576942444, "10": 0.5638465285301208, "11": 0.5472508072853088, "12": 0.5918891429901123, "13": 0.6527122855186462, "14": 0.6358048319816589, "15": 0.6415569186210632, "16": 0.589291512966156, "17": 0.5954856872558594, "18": 0.6395246982574463, "19": 0.6299463510513306, "20": 0.6427562832832336, "21": 0.6626136898994446, "22": 0.6267520189285278, "23": 0.6304813027381897, "24": 0.6436411738395691, "25": 0.6340181827545166, "26": 0.6746530532836914, "27": 0.5939239859580994, "28": 0.6690428853034973, "29": 0.6665730476379395, "30": 0.6077839732170105, "31": 0.6392409801483154, "32": 0.6208192706108093, "33": 0.6560896039009094, "34": 0.6496949195861816, "35": 0.6104428768157959, "36": 0.6638177037239075, "37": 0.6531161665916443, "38": 0.6518886685371399, "39": 0.6636804938316345, "40": 0.670198380947113, "41": 0.6739124655723572, "42": 0.6412951946258545, "43": 0.696942150592804, "44": 0.667402446269989, "45": 0.6473143100738525, "46": 0.7012125849723816, "47": 0.6913254261016846, "48": 0.6138096451759338, "49": 0.6283907294273376, "50": 0.6860745549201965, "51": 0.6656922698020935, "52": 0.6244692206382751, "53": 0.7047823071479797, "54": 0.6691028475761414, "55": 0.6993482708930969, "56": 0.6918372511863708, "57": 0.7022550702095032, "58": 0.6759658455848694, "59": 0.690978467464447, "60": 0.6508086323738098, "61": 0.6399375796318054, "62": 0.6829692721366882, "63": 0.6783104538917542, "64": 0.6792252063751221, "65": 0.680858314037323, "66": 0.687298595905304, "67": 0.6466206908226013, "68": 0.6545982956886292, "69": 0.7314289212226868, "70": 0.6313454508781433, "71": 0.6767365336418152, "72": 0.6954078674316406, "73": 0.6961240768432617, "74": 0.670632541179657, "75": 0.6424240469932556, "76": 0.6242184042930603, "77": 0.6778879165649414, "78": 0.6918724179267883, "79": 0.7207280993461609, "80": 0.6457245349884033}