{"1": 0.5785989165306091, "2": 0.6690366864204407, "3": 0.6980077624320984, "4": 0.7686685919761658, "5": 0.7679352760314941, "6": 0.7621521353721619, "7": 0.7770983576774597, "8": 0.788482666015625, "9": 0.7968918681144714, "10": 0.7794765830039978, "11": 0.7763192653656006, "12": 0.7712081074714661, "13": 0.7830729484558105, "14": 0.803961455821991, "15": 0.7794919610023499, "16": 0.7882192730903625, "17": 0.8134675025939941, "18": 0.8100073933601379, "19": 0.8070996403694153, "20": 0.82147616147995, "21": 0.8254831433296204, "22": 0.8085127472877502, "23": 0.8138753771781921, "24": 0.8086112141609192, "25": 0.8219935297966003, "26": 0.8240495324134827, "27": 0.8252009749412537, "28": 0.8170233368873596, "29": 0.8391035199165344, "30": 0.8124858736991882, "31": 0.8400195240974426, "32": 0.840502917766571, "33": 0.8217223286628723, "34": 0.8190293312072754, "35": 0.781458854675293, "36": 0.8379340767860413, "37": 0.832036554813385, "38": 0.8186983466148376, "39": 0.831305205821991, "40": 0.8307453989982605, "41": 0.8217608332633972, "42": 0.8185866475105286, "43": 0.8452690243721008, "44": 0.836536705493927, "45": 0.8340352177619934, "46": 0.7844031453132629, "47": 0.8167018890380859, "48": 0.8450372815132141, "49": 0.8129468560218811, "50": 0.8323633074760437, "51": 0.8393147587776184, "52": 0.8198675513267517, "53": 0.8357234597206116, "54": 0.8387197852134705, "55": 0.8113870024681091, "56": 0.8284410834312439, "57": 0.8312745094299316, "58": 0.833384096622467, "59": 0.831962525844574, "60": 0.8164413571357727, "61": 0.8329148292541504, "62": 0.8282943367958069, "63": 0.8350715637207031, "64": 0.8205683827400208, "65": 0.8242915272712708, "66": 0.8235149383544922, "67": 0.8319457173347473, "68": 0.8420553207397461, "69": 0.8129100799560547, "70": 0.8196943402290344, "71": 0.8266288638114929, "72": 0.8329381942749023, "73": 0.8327643275260925, "74": 0.8387424349784851, "75": 0.8356347680091858, "76": 0.8443987369537354, "77": 0.8305453658103943, "78": 0.840703547000885, "79": 0.8426236510276794, "80": 0.8207111954689026}