{"1": 0.5919092297554016, "2": 0.5326265096664429, "3": 0.4872189164161682, "4": 0.4513925611972809, "5": 0.44720935821533203, "6": 0.4538920819759369, "7": 0.45178335905075073, "8": 0.437091201543808, "9": 0.4596714377403259, "10": 0.44828325510025024, "11": 0.44912347197532654, "12": 0.46461766958236694, "13": 0.45286184549331665, "14": 0.42709580063819885, "15": 0.42818108201026917, "16": 0.4413478970527649, "17": 0.41669875383377075, "18": 0.4210117757320404, "19": 0.45348602533340454, "20": 0.43300190567970276, "21": 0.4209277033805847, "22": 0.4433465898036957, "23": 0.4575228691101074, "24": 0.4316309094429016, "25": 0.40851396322250366, "26": 0.4194808900356293, "27": 0.4616455137729645, "28": 0.48806291818618774, "29": 0.46125537157058716, "30": 0.4154382646083832, "31": 0.3938290476799011, "32": 0.37003061175346375, "33": 0.43916434049606323, "34": 0.4119373857975006, "35": 0.48378700017929077, "36": 0.4044726490974426, "37": 0.4166581630706787, "38": 0.449850469827652, "39": 0.49751925468444824, "40": 0.3922462463378906, "41": 0.43318262696266174, "42": 0.48231571912765503, "43": 0.400064617395401, "44": 0.4532802700996399, "45": 0.3726098835468292, "46": 0.45614093542099, "47": 0.4503540098667145, "48": 0.42188066244125366, "49": 0.5228258967399597, "50": 0.4365890622138977, "51": 0.46837061643600464, "52": 0.47658687829971313, "53": 0.457271009683609, "54": 0.46360939741134644, "55": 0.5393303632736206, "56": 0.4666554927825928, "57": 0.4719439446926117, "58": 0.47834914922714233, "59": 0.5016323924064636, "60": 0.6158422231674194, "61": 0.49807819724082947, "62": 0.5097578763961792, "63": 0.43578410148620605, "64": 0.6171386241912842, "65": 0.5683215856552124, "66": 0.4706750810146332, "67": 0.49620524048805237, "68": 0.5152143836021423, "69": 0.6706883311271667, "70": 0.5848093628883362, "71": 0.6914834976196289, "72": 0.45413121581077576, "73": 0.5435002446174622, "74": 0.551010251045227, "75": 0.5980907678604126, "76": 0.593860387802124, "77": 0.6590543389320374, "78": 0.6011396646499634, "79": 0.6049842238426208, "80": 0.6927863359451294}