{"1": 0.5861937403678894, "2": 0.5167111158370972, "3": 0.46044984459877014, "4": 0.41015082597732544, "5": 0.4072345793247223, "6": 0.4077591001987457, "7": 0.4039571285247803, "8": 0.3839138448238373, "9": 0.3897576928138733, "10": 0.39565029740333557, "11": 0.4027792811393738, "12": 0.408144474029541, "13": 0.3996593952178955, "14": 0.3566592037677765, "15": 0.39020562171936035, "16": 0.3988185226917267, "17": 0.3656640350818634, "18": 0.3710653781890869, "19": 0.38448217511177063, "20": 0.38480696082115173, "21": 0.3515835404396057, "22": 0.34944984316825867, "23": 0.3921721577644348, "24": 0.36462104320526123, "25": 0.34059059619903564, "26": 0.3020372986793518, "27": 0.35511571168899536, "28": 0.39991140365600586, "29": 0.32123851776123047, "30": 0.35732221603393555, "31": 0.3088637888431549, "32": 0.316461980342865, "33": 0.3673335909843445, "34": 0.3484804034233093, "35": 0.4000508785247803, "36": 0.3201349675655365, "37": 0.2985464632511139, "38": 0.36297497153282166, "39": 0.3406953513622284, "40": 0.3188651502132416, "41": 0.3739966154098511, "42": 0.4164220690727234, "43": 0.328284353017807, "44": 0.38060086965560913, "45": 0.3055650591850281, "46": 0.4011151194572449, "47": 0.40895384550094604, "48": 0.3398965299129486, "49": 0.43364280462265015, "50": 0.35937225818634033, "51": 0.41379255056381226, "52": 0.43257778882980347, "53": 0.37928318977355957, "54": 0.42478662729263306, "55": 0.5178483724594116, "56": 0.4299856126308441, "57": 0.4210355877876282, "58": 0.448265939950943, "59": 0.4520455002784729, "60": 0.5980057120323181, "61": 0.4713822305202484, "62": 0.4893636107444763, "63": 0.39978665113449097, "64": 0.5470375418663025, "65": 0.5055078864097595, "66": 0.4586535096168518, "67": 0.455315500497818, "68": 0.4784633219242096, "69": 0.6306232213973999, "70": 0.529863715171814, "71": 0.6593090295791626, "72": 0.406363308429718, "73": 0.508686900138855, "74": 0.4724639058113098, "75": 0.5455058217048645, "76": 0.5349658131599426, "77": 0.6243242025375366, "78": 0.5640533566474915, "79": 0.5715563893318176, "80": 0.7169135808944702}