{"1": 0.563940703868866, "2": 0.5274892449378967, "3": 0.5991920828819275, "4": 0.6245139241218567, "5": 0.5693955421447754, "6": 0.6025382876396179, "7": 0.6258656978607178, "8": 0.6460213661193848, "9": 0.5832917094230652, "10": 0.6147571206092834, "11": 0.6125054955482483, "12": 0.6502034068107605, "13": 0.6237701773643494, "14": 0.6141117215156555, "15": 0.621846079826355, "16": 0.6700046062469482, "17": 0.6845034956932068, "18": 0.6453447937965393, "19": 0.6676259636878967, "20": 0.650695264339447, "21": 0.6322973370552063, "22": 0.6830078959465027, "23": 0.6775152087211609, "24": 0.6686668395996094, "25": 0.6855767369270325, "26": 0.6620482802391052, "27": 0.6923869252204895, "28": 0.6765559315681458, "29": 0.6571383476257324, "30": 0.6892347931861877, "31": 0.6535398960113525, "32": 0.7110279202461243, "33": 0.6389498710632324, "34": 0.674687922000885, "35": 0.6651491522789001, "36": 0.6658918857574463, "37": 0.675065279006958, "38": 0.7035952210426331, "39": 0.6751484870910645, "40": 0.6984654068946838, "41": 0.7095281481742859, "42": 0.6670568585395813, "43": 0.7134928107261658, "44": 0.6761958003044128, "45": 0.6922436356544495, "46": 0.6646572947502136, "47": 0.7045533657073975, "48": 0.724585235118866, "49": 0.6912828087806702, "50": 0.6942859292030334, "51": 0.7074726223945618, "52": 0.7040026783943176, "53": 0.7045915722846985, "54": 0.682985782623291, "55": 0.7111952900886536, "56": 0.7101176381111145, "57": 0.6722307205200195, "58": 0.7145594954490662, "59": 0.6904616951942444, "60": 0.69012451171875, "61": 0.7114914059638977, "62": 0.6893495917320251, "63": 0.6874046921730042, "64": 0.6728499531745911, "65": 0.6921994686126709, "66": 0.6885340213775635, "67": 0.6724388003349304, "68": 0.697166383266449, "69": 0.6912161707878113, "70": 0.6924619674682617, "71": 0.6582300662994385, "72": 0.6877480149269104, "73": 0.6763013005256653, "74": 0.7211344838142395, "75": 0.6964426636695862, "76": 0.6951988339424133, "77": 0.7051801681518555, "78": 0.6854369044303894, "79": 0.7020618915557861, "80": 0.7067484855651855}