{"1": 0.5728459358215332, "2": 0.5148265361785889, "3": 0.48577776551246643, "4": 0.4664544463157654, "5": 0.6039944887161255, "6": 0.5612437129020691, "7": 0.5694418549537659, "8": 0.5278609991073608, "9": 0.7194024324417114, "10": 0.5830680727958679, "11": 0.6161131858825684, "12": 0.5952014923095703, "13": 0.5213540196418762, "14": 0.4984431862831116, "15": 0.540368914604187, "16": 0.5596665143966675, "17": 0.6294703483581543, "18": 0.5078073143959045, "19": 0.5524513721466064, "20": 0.5584043860435486, "21": 0.6129074096679688, "22": 0.6905922889709473, "23": 0.6372008323669434, "24": 0.6468454599380493, "25": 0.6708189249038696, "26": 0.8087055087089539, "27": 0.6612910032272339, "28": 0.5795396566390991, "29": 0.6003941297531128, "30": 0.5390247106552124, "31": 0.5761653184890747, "32": 0.5446803569793701, "33": 0.5774471163749695, "34": 0.6080964803695679, "35": 0.5630576014518738, "36": 0.49774256348609924, "37": 0.6407200694084167, "38": 0.6874099373817444, "39": 0.6206853985786438, "40": 0.5478430390357971, "41": 0.590474545955658, "42": 0.7539865374565125, "43": 0.560185432434082, "44": 0.6523591876029968, "45": 0.515173077583313, "46": 0.7009950876235962, "47": 0.6597942113876343, "48": 0.5700582265853882, "49": 0.6477144956588745, "50": 0.6099108457565308, "51": 0.7071443796157837, "52": 0.6410973072052002, "53": 0.6888036727905273, "54": 0.7068895101547241, "55": 0.5955449342727661, "56": 0.7050754427909851, "57": 0.7375575304031372, "58": 0.6348810195922852, "59": 0.8326092958450317, "60": 0.9620846509933472, "61": 0.742784321308136, "62": 0.7876677513122559, "63": 0.6218342185020447, "64": 0.8968368768692017, "65": 0.6435020565986633, "66": 0.8181271553039551, "67": 0.7881888747215271, "68": 0.6881603598594666, "69": 0.8277378082275391, "70": 0.8309709429740906, "71": 0.8174445033073425, "72": 0.86243736743927, "73": 0.8014629483222961, "74": 0.7941510081291199, "75": 0.8005671501159668, "76": 0.8800317049026489, "77": 0.9355844259262085, "78": 1.0627912282943726, "79": 1.0626004934310913, "80": 1.0109796524047852}