{"Examples": {"_type": "images/separated", "width": 220, "height": 220, "format": "png", "count": 3, "captions": ["Image", "True Mask", "Predicted Mask"]}, "_step": 89, "_runtime": 16, "_timestamp": 1613687749, "Training Loss": 0.7300432324409485, "graph_0": {"_type": "graph-file", "path": "media/graph/graph_0_summary_969ceafe.graph.json", "sha256": "969ceafe8ffb11cec1e10c744cbd61682a36f78f1b4dc85b3ecf0253c06cb05f", "size": 7510}, "Validation Loss": 0.7974567353725434, "Validation IoU": 0.45109567046165466, "Validation Accuracy": 0.605590283870697}