{"Examples": {"_type": "images/separated", "width": 448, "height": 378, "format": "png", "count": 3, "captions": ["Image", "True Mask", "Predicted Mask"]}, "_step": 89, "_runtime": 22, "_timestamp": 1613687240, "Training Loss": 0.3425997793674469, "graph_0": {"_type": "graph-file", "path": "media/graph/graph_0_summary_72e11067.graph.json", "sha256": "72e11067c57c67d0298e74716b8fdec86e6ab61bfae196190ccaefc36c82c97c", "size": 10052}, "Validation Loss": 0.4734316498041153, "Validation IoU": 0.5236225724220276, "Validation Accuracy": 0.6559544801712036}