{"1": 0.47277942299842834, "2": 0.5493373274803162, "3": 0.5727801322937012, "4": 0.5827866196632385, "5": 0.5895020365715027, "6": 0.5996196866035461, "7": 0.6173010468482971, "8": 0.5888292789459229, "9": 0.5869949460029602, "10": 0.5900339484214783, "11": 0.6070087552070618, "12": 0.6431558728218079, "13": 0.6304824948310852, "14": 0.6394020915031433, "15": 0.6328412890434265, "16": 0.6459964513778687, "17": 0.6198114156723022, "18": 0.6335613131523132, "19": 0.6479619145393372, "20": 0.6331645846366882, "21": 0.6514878273010254, "22": 0.6334092617034912, "23": 0.6481339335441589, "24": 0.6357932686805725, "25": 0.5990729331970215, "26": 0.6448731422424316, "27": 0.6595601439476013, "28": 0.6453049778938293, "29": 0.6506662964820862, "30": 0.6465117931365967, "31": 0.6448922753334045, "32": 0.637758195400238, "33": 0.6624100804328918, "34": 0.6716389060020447, "35": 0.64779132604599, "36": 0.6688721776008606, "37": 0.6779089570045471, "38": 0.6530218720436096, "39": 0.6687896847724915, "40": 0.6549363732337952, "41": 0.6661710143089294, "42": 0.6578593254089355, "43": 0.6457042098045349, "44": 0.6675165295600891, "45": 0.6221582293510437, "46": 0.6737024188041687, "47": 0.6542074084281921, "48": 0.6649850010871887, "49": 0.6648738384246826, "50": 0.6610926985740662, "51": 0.6713535189628601, "52": 0.6480562090873718, "53": 0.6530444622039795, "54": 0.637320339679718, "55": 0.653668224811554, "56": 0.663314700126648, "57": 0.6658928990364075, "58": 0.6710779070854187, "59": 0.6631001830101013, "60": 0.6774461269378662, "61": 0.6640477180480957, "62": 0.6470280289649963, "63": 0.6574299335479736, "64": 0.6665444374084473, "65": 0.6649041175842285, "66": 0.6758808493614197, "67": 0.6689181923866272, "68": 0.6601637601852417, "69": 0.6462988257408142, "70": 0.6552243828773499, "71": 0.6476831436157227, "72": 0.6686379313468933, "73": 0.6648077368736267, "74": 0.65780109167099, "75": 0.6639557480812073, "76": 0.6700777411460876, "77": 0.6507265567779541, "78": 0.653102457523346, "79": 0.6524143218994141, "80": 0.6660947203636169}