{"1": 0.6186601519584656, "2": 0.5744076371192932, "3": 0.624360978603363, "4": 0.6394383311271667, "5": 0.6434677839279175, "6": 0.6560458540916443, "7": 0.6151386499404907, "8": 0.6412624716758728, "9": 0.6312832832336426, "10": 0.676395833492279, "11": 0.6667136549949646, "12": 0.6670096516609192, "13": 0.6569328308105469, "14": 0.6230226755142212, "15": 0.6532137989997864, "16": 0.6712121367454529, "17": 0.6522702574729919, "18": 0.6668831706047058, "19": 0.6862692832946777, "20": 0.6978972554206848, "21": 0.6835188865661621, "22": 0.619183361530304, "23": 0.637814998626709, "24": 0.6501174569129944, "25": 0.6485958695411682, "26": 0.6780223250389099, "27": 0.6370723843574524, "28": 0.6712079644203186, "29": 0.6765339970588684, "30": 0.677727460861206, "31": 0.6572495102882385, "32": 0.6481819152832031, "33": 0.6906001567840576, "34": 0.6294733881950378, "35": 0.6304191946983337, "36": 0.6861670017242432, "37": 0.66715407371521, "38": 0.6571369171142578, "39": 0.6557919383049011, "40": 0.6897017359733582, "41": 0.6822320818901062, "42": 0.6780439019203186, "43": 0.6444117426872253, "44": 0.720833957195282, "45": 0.6886131167411804, "46": 0.684008777141571, "47": 0.6787031292915344, "48": 0.6596407890319824, "49": 0.677405595779419, "50": 0.6849091053009033, "51": 0.615766704082489, "52": 0.6462474465370178, "53": 0.655022382736206, "54": 0.6409732103347778, "55": 0.6703858971595764, "56": 0.6742909550666809, "57": 0.6727290153503418, "58": 0.6545961499214172, "59": 0.6767660975456238, "60": 0.6935720443725586, "61": 0.6102216839790344, "62": 0.6802833080291748, "63": 0.6920034289360046, "64": 0.656291663646698, "65": 0.6566524505615234, "66": 0.6015234589576721, "67": 0.6413418054580688, "68": 0.6465662121772766, "69": 0.6701944470405579, "70": 0.6690353751182556, "71": 0.6834800243377686, "72": 0.6877572536468506, "73": 0.6627894639968872, "74": 0.6454696655273438, "75": 0.6483309864997864, "76": 0.6879183650016785, "77": 0.6556519865989685, "78": 0.6640926003456116, "79": 0.6450950503349304, "80": 0.6500810384750366}