{"1": 0.6457341909408569, "2": 0.6982657313346863, "3": 0.7396275997161865, "4": 0.7355661988258362, "5": 0.7306776642799377, "6": 0.7210513949394226, "7": 0.7200672030448914, "8": 0.7230951189994812, "9": 0.7374016642570496, "10": 0.7400607466697693, "11": 0.7552518844604492, "12": 0.756260871887207, "13": 0.747660219669342, "14": 0.7363064885139465, "15": 0.7648409008979797, "16": 0.7422105669975281, "17": 0.7751657962799072, "18": 0.7693069577217102, "19": 0.7579359412193298, "20": 0.7708010673522949, "21": 0.7653424143791199, "22": 0.7634066939353943, "23": 0.7456132769584656, "24": 0.7582838535308838, "25": 0.7659184336662292, "26": 0.7798240780830383, "27": 0.7680633664131165, "28": 0.7523744702339172, "29": 0.7726290822029114, "30": 0.7856921553611755, "31": 0.7624704241752625, "32": 0.7545623779296875, "33": 0.7559657692909241, "34": 0.7810842394828796, "35": 0.7436034083366394, "36": 0.7717449069023132, "37": 0.7735474705696106, "38": 0.7684757709503174, "39": 0.7727458477020264, "40": 0.7743802666664124, "41": 0.7682991027832031, "42": 0.7884802222251892, "43": 0.7838794589042664, "44": 0.7726766467094421, "45": 0.7762312889099121, "46": 0.7673091292381287, "47": 0.7699412703514099, "48": 0.7674062848091125, "49": 0.7798046469688416, "50": 0.7616493105888367, "51": 0.77561354637146, "52": 0.784944474697113, "53": 0.7770845293998718, "54": 0.7755813002586365, "55": 0.7731807231903076, "56": 0.7736688256263733, "57": 0.7728217244148254, "58": 0.7614786028862, "59": 0.7702669501304626, "60": 0.7750323414802551, "61": 0.7783520817756653, "62": 0.7748914361000061, "63": 0.7660357356071472, "64": 0.7726478576660156, "65": 0.7803958058357239, "66": 0.7725946307182312, "67": 0.7711115479469299, "68": 0.7934064865112305, "69": 0.7538828253746033, "70": 0.7861785888671875, "71": 0.7771239876747131, "72": 0.7870995402336121, "73": 0.7868139743804932, "74": 0.776121199131012, "75": 0.7905742526054382, "76": 0.7798528075218201, "77": 0.7770469784736633, "78": 0.7881123423576355, "79": 0.7732610106468201, "80": 0.7720651030540466}