{"1": 0.5066996216773987, "2": 0.5613007545471191, "3": 0.5814414024353027, "4": 0.5921023488044739, "5": 0.5763053894042969, "6": 0.5750383734703064, "7": 0.5537248253822327, "8": 0.5669944882392883, "9": 0.5857484936714172, "10": 0.586651623249054, "11": 0.6080678701400757, "12": 0.606471598148346, "13": 0.5843445658683777, "14": 0.5707125067710876, "15": 0.622711718082428, "16": 0.580923855304718, "17": 0.6341155767440796, "18": 0.6188178658485413, "19": 0.6010489463806152, "20": 0.6222883462905884, "21": 0.613743007183075, "22": 0.614718496799469, "23": 0.5981513261795044, "24": 0.6024566292762756, "25": 0.6201390624046326, "26": 0.6251713633537292, "27": 0.6193646192550659, "28": 0.5995263457298279, "29": 0.6234093308448792, "30": 0.6270902156829834, "31": 0.622166097164154, "32": 0.6120986938476562, "33": 0.6216362714767456, "34": 0.6299352645874023, "35": 0.5755883455276489, "36": 0.6181747317314148, "37": 0.6107993125915527, "38": 0.6179213523864746, "39": 0.6153451204299927, "40": 0.6233229637145996, "41": 0.6190740466117859, "42": 0.645132839679718, "43": 0.625274658203125, "44": 0.6176596283912659, "45": 0.6368217468261719, "46": 0.632453978061676, "47": 0.5994368195533752, "48": 0.63237065076828, "49": 0.6207250952720642, "50": 0.6123663783073425, "51": 0.6182482242584229, "52": 0.6262903213500977, "53": 0.6279268860816956, "54": 0.6264967322349548, "55": 0.6153454780578613, "56": 0.6199710965156555, "57": 0.6283477544784546, "58": 0.6067851781845093, "59": 0.6078839898109436, "60": 0.619103729724884, "61": 0.617091178894043, "62": 0.6325429677963257, "63": 0.6139021515846252, "64": 0.6200222373008728, "65": 0.6142763495445251, "66": 0.6379581093788147, "67": 0.6132745742797852, "68": 0.6558154225349426, "69": 0.5892514586448669, "70": 0.6480448246002197, "71": 0.6244381070137024, "72": 0.639285683631897, "73": 0.6263603568077087, "74": 0.6216982007026672, "75": 0.6445156931877136, "76": 0.6164578795433044, "77": 0.6239566206932068, "78": 0.6280956268310547, "79": 0.6181416511535645, "80": 0.6244417428970337}