{"1": 0.23615315556526184, "2": 0.2501400113105774, "3": 0.25559982657432556, "4": 0.2709217965602875, "5": 0.2913423478603363, "6": 0.29478469491004944, "7": 0.2865630090236664, "8": 0.28266069293022156, "9": 0.30252528190612793, "10": 0.2917742133140564, "11": 0.3096679449081421}