{"1": 0.1834838092327118, "2": 0.19571156799793243, "3": 0.20500677824020386, "4": 0.21923285722732544, "5": 0.22969722747802734, "6": 0.23314952850341797, "7": 0.2313229888677597, "8": 0.2279299646615982, "9": 0.23780183494091034, "10": 0.23435501754283905, "11": 0.25379762053489685}