{"1": 0.6847622394561768, "2": 0.730002224445343, "3": 0.7336373329162598, "4": 0.7547699809074402, "5": 0.7727786898612976, "6": 0.7723475098609924, "7": 0.76201993227005, "8": 0.7720370292663574, "9": 0.7658082842826843, "10": 0.7591785788536072, "11": 0.771911084651947, "12": 0.7570355534553528, "13": 0.791140079498291, "14": 0.7510796189308167, "15": 0.7787454724311829, "16": 0.7593275904655457, "17": 0.7665023803710938, "18": 0.7870007157325745, "19": 0.7703788876533508, "20": 0.7937776446342468, "21": 0.7748568058013916, "22": 0.7814018130302429, "23": 0.7787830233573914, "24": 0.7659061551094055, "25": 0.7859740257263184, "26": 0.8131837844848633, "27": 0.7749123573303223, "28": 0.7801437973976135, "29": 0.7798022627830505, "30": 0.7445447444915771, "31": 0.7780590057373047, "32": 0.7547000050544739, "33": 0.8112075924873352, "34": 0.7641672492027283, "35": 0.8091719746589661, "36": 0.7831065654754639, "37": 0.780497133731842, "38": 0.7971172332763672, "39": 0.798933744430542, "40": 0.748863935470581, "41": 0.7720627188682556, "42": 0.770293653011322, "43": 0.7975395321846008, "44": 0.8071048259735107, "45": 0.8027162551879883, "46": 0.8166455626487732, "47": 0.7860252261161804, "48": 0.7977895140647888, "49": 0.7806026339530945, "50": 0.7722007632255554, "51": 0.8190855383872986, "52": 0.8126484751701355, "53": 0.7411348223686218, "54": 0.7700097560882568, "55": 0.7581441402435303, "56": 0.7555873394012451, "57": 0.789122998714447, "58": 0.7777380347251892, "59": 0.8218644261360168, "60": 0.7606430053710938, "61": 0.7659046649932861, "62": 0.8102806210517883, "63": 0.7693018913269043, "64": 0.7954509854316711, "65": 0.798234760761261, "66": 0.8104276657104492, "67": 0.8014764785766602, "68": 0.7936930656433105, "69": 0.7769982218742371, "70": 0.8318330645561218, "71": 0.8134070038795471, "72": 0.8208556175231934, "73": 0.7917075753211975, "74": 0.815388023853302, "75": 0.8084529042243958, "76": 0.6938018798828125, "77": 0.7392168641090393, "78": 0.8052212595939636, "79": 0.741104781627655, "80": 0.7487408518791199}