{"1": 0.2767781913280487, "2": 0.38173577189445496, "3": 0.2492210417985916, "4": 0.240087628364563, "5": 0.5565662980079651, "6": 0.26268869638442993, "7": 0.2589016258716583, "8": 0.38636842370033264, "9": 0.47881779074668884, "10": 0.4244001805782318, "11": 0.2752510607242584, "12": 0.27671918272972107, "13": 0.11249861866235733, "14": 0.3870496451854706, "15": 0.34081268310546875, "16": 0.2070343941450119, "17": 0.11165338009595871, "18": 0.37106847763061523, "19": 0.6069243550300598, "20": 0.4669456481933594, "21": 0.5429031848907471, "22": 0.06679269671440125, "23": 0.28079289197921753, "24": 0.3899175226688385, "25": 0.29887497425079346, "26": 0.2761309742927551, "27": 0.2792918384075165, "28": 0.06973045319318771, "29": 0.23683738708496094, "30": 0.19340042769908905, "31": 0.07033421099185944, "32": 0.32724252343177795, "33": 0.2858741581439972, "34": 0.3218255937099457, "35": 0.38350558280944824, "36": 0.3711862862110138, "37": 0.10151521116495132, "38": 0.2736968696117401, "39": 0.13882453739643097, "40": 0.5190891623497009, "41": 0.15281657874584198, "42": 0.29251015186309814, "43": 0.2717479467391968, "44": 0.36078691482543945, "45": 0.18585366010665894, "46": 0.3733969032764435, "47": 0.08376669883728027, "48": 0.1399184614419937, "49": 0.3466269075870514, "50": 0.27194032073020935, "51": 0.10885816812515259, "52": 0.11516979336738586, "53": 0.5123537182807922, "54": 0.5230090022087097, "55": 0.2409563511610031, "56": 0.5226966738700867, "57": 0.4140247404575348, "58": 0.2512739598751068, "59": 0.22888971865177155, "60": 0.1751146912574768, "61": 0.07611400634050369, "62": 0.3875163793563843, "63": 0.21244096755981445, "64": 0.5632564425468445, "65": 0.2749284505844116, "66": 0.437764436006546, "67": 0.37016570568084717, "68": 0.3842562735080719, "69": 0.3046434819698334, "70": 0.5327854752540588, "71": 0.26537024974823, "72": 0.3545900583267212, "73": 0.3413539230823517, "74": 0.3909873962402344, "75": 0.17814473807811737, "76": 0.2467447966337204, "77": 0.04380137100815773, "78": 0.3406994044780731, "79": 0.1853986531496048, "80": 0.5083362460136414}