{"1": 0.4225834608078003, "2": 0.5526386499404907, "3": 0.42390406131744385, "4": 0.41337499022483826, "5": 0.6528269648551941, "6": 0.40173158049583435, "7": 0.45450130105018616, "8": 0.5264105200767517, "9": 0.5893264412879944, "10": 0.5415261387825012, "11": 0.3914361000061035, "12": 0.37892675399780273, "13": 0.3341285288333893, "14": 0.5241168141365051, "15": 0.5164936184883118, "16": 0.38518786430358887, "17": 0.3332267701625824, "18": 0.4885500967502594, "19": 0.7145659327507019, "20": 0.6042861938476562, "21": 0.6464507579803467, "22": 0.3504398763179779, "23": 0.4084777534008026, "24": 0.5272114872932434, "25": 0.4483531713485718, "26": 0.5387330055236816, "27": 0.5350059270858765, "28": 0.351430743932724, "29": 0.4714891016483307, "30": 0.4610978364944458, "31": 0.3576045334339142, "32": 0.4435398280620575, "33": 0.5417043566703796, "34": 0.44335758686065674, "35": 0.521744430065155, "36": 0.6132790446281433, "37": 0.386664479970932, "38": 0.38781261444091797, "39": 0.3560037910938263, "40": 0.6221851706504822, "41": 0.29948845505714417, "42": 0.44149041175842285, "43": 0.38385891914367676, "44": 0.5217865109443665, "45": 0.32486405968666077, "46": 0.48075318336486816, "47": 0.37039610743522644, "48": 0.3512243330478668, "49": 0.486881822347641, "50": 0.5322046875953674, "51": 0.33333128690719604, "52": 0.3975856602191925, "53": 0.6199374794960022, "54": 0.6384640336036682, "55": 0.4954495429992676, "56": 0.6268713474273682, "57": 0.6535868048667908, "58": 0.3957096040248871, "59": 0.4889487326145172, "60": 0.3096288740634918, "61": 0.29966607689857483, "62": 0.5394614338874817, "63": 0.4168223440647125, "64": 0.6714260578155518, "65": 0.40667733550071716, "66": 0.6499190926551819, "67": 0.5747255682945251, "68": 0.5259222388267517, "69": 0.43609094619750977, "70": 0.6335250735282898, "71": 0.5218796133995056, "72": 0.4797382354736328, "73": 0.4639444053173065, "74": 0.5171028971672058, "75": 0.4525526463985443, "76": 0.4680410623550415, "77": 0.3333333432674408, "78": 0.4762703478336334, "79": 0.4600803852081299, "80": 0.6154237389564514}