{"1": 0.08534508943557739, "2": 0.0750194564461708, "3": 0.07778630405664444, "4": 0.04877485707402229, "5": 0.3751579523086548, "6": 0.20703887939453125, "7": 0.04380137100815773, "8": 0.31637102365493774, "9": 0.24923129379749298, "10": 0.21729768812656403, "11": 0.3229757249355316, "12": 0.21938784420490265, "13": 0.4074347913265228, "14": 0.2668461501598358, "15": 0.37120378017425537, "16": 0.2585579454898834, "17": 0.04611727595329285, "18": 0.2131473571062088, "19": 0.46928128600120544, "20": 0.47131478786468506, "21": 0.21644718945026398, "22": 0.31837546825408936, "23": 0.0570533312857151, "24": 0.6244407296180725, "25": 0.5299521088600159, "26": 0.09162161499261856, "27": 0.4244253635406494, "28": 0.2789043188095093, "29": 0.36096811294555664, "30": 0.6145007610321045, "31": 0.11171584576368332, "32": 0.5949779748916626, "33": 0.421761155128479, "34": 0.14513267576694489, "35": 0.5382764935493469, "36": 0.2671893239021301, "37": 0.10668975114822388, "38": 0.4693315923213959, "39": 0.3510974943637848, "40": 0.48562225699424744, "41": 0.45299431681632996, "42": 0.05487417057156563, "43": 0.5052244663238525, "44": 0.48602619767189026, "45": 0.5145668983459473, "46": 0.29939740896224976, "47": 0.2109740525484085, "48": 0.45458337664604187, "49": 0.573838472366333, "50": 0.48357367515563965, "51": 0.48255929350852966, "52": 0.4320608675479889, "53": 0.22376112639904022, "54": 0.477748841047287, "55": 0.4373416006565094, "56": 0.588097333908081, "57": 0.41594406962394714, "58": 0.19475947320461273, "59": 0.21634124219417572, "60": 0.49414387345314026, "61": 0.20789892971515656, "62": 0.485907644033432, "63": 0.46135184168815613, "64": 0.29647302627563477, "65": 0.19895212352275848, "66": 0.254226416349411, "67": 0.37123164534568787, "68": 0.4634513556957245, "69": 0.1529696136713028, "70": 0.17842192947864532, "71": 0.25565239787101746, "72": 0.536790668964386, "73": 0.3465425670146942, "74": 0.22241993248462677, "75": 0.04380137100815773, "76": 0.30074119567871094, "77": 0.4292599856853485, "78": 0.23806025087833405, "79": 0.21708405017852783, "80": 0.33517828583717346}