{"1": 0.534771740436554, "2": 0.5674914717674255, "3": 0.5579954981803894, "4": 0.5809996128082275, "5": 0.5956563353538513, "6": 0.5784756541252136, "7": 0.6119884848594666, "8": 0.5752713084220886, "9": 0.5972645878791809, "10": 0.5993922352790833, "11": 0.616853654384613, "12": 0.6367093920707703, "13": 0.6488814353942871, "14": 0.6292324066162109, "15": 0.6289663314819336, "16": 0.6420832276344299, "17": 0.6251016855239868, "18": 0.6442540287971497, "19": 0.6276473999023438, "20": 0.6315093636512756, "21": 0.6237581372261047, "22": 0.6402688026428223, "23": 0.6422666907310486, "24": 0.6516497731208801, "25": 0.6486023664474487, "26": 0.6361062526702881, "27": 0.6267791390419006, "28": 0.6439315676689148, "29": 0.5651054978370667, "30": 0.635772168636322, "31": 0.6372789740562439, "32": 0.6344671249389648, "33": 0.6064877510070801, "34": 0.6201925873756409, "35": 0.636792004108429, "36": 0.6607177257537842, "37": 0.6564500331878662, "38": 0.6097008585929871, "39": 0.6168053150177002, "40": 0.6482660174369812, "41": 0.6348705291748047, "42": 0.651263952255249, "43": 0.6264250874519348, "44": 0.654484212398529, "45": 0.6238215565681458, "46": 0.5821763277053833, "47": 0.6166737079620361, "48": 0.6259687542915344, "49": 0.6394146084785461, "50": 0.629817545413971, "51": 0.6466350555419922, "52": 0.6192135214805603, "53": 0.646710216999054, "54": 0.6501054167747498, "55": 0.6502392888069153, "56": 0.6468803882598877, "57": 0.5906630158424377, "58": 0.5593352913856506, "59": 0.5893676280975342, "60": 0.6203868985176086, "61": 0.6306559443473816, "62": 0.6356620192527771, "63": 0.6199862957000732, "64": 0.6055486798286438, "65": 0.580908477306366, "66": 0.6212144494056702, "67": 0.6384995579719543, "68": 0.6072639226913452, "69": 0.6450831294059753, "70": 0.5961446166038513, "71": 0.6549727320671082, "72": 0.656823456287384, "73": 0.6632270812988281, "74": 0.6295402646064758, "75": 0.6460256576538086, "76": 0.6410033106803894, "77": 0.6661072373390198, "78": 0.626331627368927, "79": 0.6340243220329285, "80": 0.6478751301765442}