{"1": 0.6945273876190186, "2": 0.7034608721733093, "3": 0.6959215998649597, "4": 0.7273284792900085, "5": 0.7204760909080505, "6": 0.7122698426246643, "7": 0.7223813533782959, "8": 0.7288858294487, "9": 0.7407932281494141, "10": 0.7300922274589539, "11": 0.7577366828918457, "12": 0.7583252787590027, "13": 0.7758259773254395, "14": 0.7686624526977539, "15": 0.770988941192627, "16": 0.7711272239685059, "17": 0.7782731652259827, "18": 0.76959627866745, "19": 0.7644543051719666, "20": 0.7733942866325378, "21": 0.7457582354545593, "22": 0.7778160572052002, "23": 0.7688547968864441, "24": 0.7771489024162292, "25": 0.7758002281188965, "26": 0.7681185603141785, "27": 0.7629799842834473, "28": 0.7734379768371582, "29": 0.7199325561523438, "30": 0.7582351565361023, "31": 0.771308958530426, "32": 0.7591856122016907, "33": 0.7668917179107666, "34": 0.7777436375617981, "35": 0.77687668800354, "36": 0.7766294479370117, "37": 0.788733720779419, "38": 0.7536728978157043, "39": 0.7491559982299805, "40": 0.7916161417961121, "41": 0.7688684463500977, "42": 0.7843334078788757, "43": 0.7624686360359192, "44": 0.7808584570884705, "45": 0.7826976180076599, "46": 0.7598428130149841, "47": 0.7688982486724854, "48": 0.7598444819450378, "49": 0.7851557731628418, "50": 0.789850652217865, "51": 0.7802038192749023, "52": 0.7644367814064026, "53": 0.779367983341217, "54": 0.7909910082817078, "55": 0.791525661945343, "56": 0.782492458820343, "57": 0.7535400986671448, "58": 0.7326741814613342, "59": 0.7652795910835266, "60": 0.7692633271217346, "61": 0.7591114044189453, "62": 0.7699196934700012, "63": 0.7757217288017273, "64": 0.7403622269630432, "65": 0.7497832179069519, "66": 0.7639741897583008, "67": 0.7784122824668884, "68": 0.7655952572822571, "69": 0.7811432480812073, "70": 0.7560545802116394, "71": 0.7915305495262146, "72": 0.79060298204422, "73": 0.7855193018913269, "74": 0.7828102707862854, "75": 0.7870816588401794, "76": 0.7871473431587219, "77": 0.7824015617370605, "78": 0.7768133282661438, "79": 0.780846118927002, "80": 0.7898774147033691}