{"1": 0.2592463195323944, "2": 0.35318949818611145, "3": 0.3587456941604614, "4": 0.33759987354278564, "5": 0.5909653902053833, "6": 0.3931632936000824, "7": 0.3333333432674408, "8": 0.47545233368873596, "9": 0.3939661681652069, "10": 0.35289832949638367, "11": 0.4681551456451416, "12": 0.3672143518924713, "13": 0.5829678177833557, "14": 0.4043203592300415, "15": 0.5161046385765076, "16": 0.44378697872161865, "17": 0.33552393317222595, "18": 0.33771777153015137, "19": 0.5711129307746887, "20": 0.5937185883522034, "21": 0.3426226079463959, "22": 0.5596047043800354, "23": 0.34545648097991943, "24": 0.7269607186317444, "25": 0.6398854851722717, "26": 0.3750070631504059, "27": 0.6286850571632385, "28": 0.470565527677536, "29": 0.4937220513820648, "30": 0.7461660504341125, "31": 0.3516462743282318, "32": 0.6906046867370605, "33": 0.5626407265663147, "34": 0.4177781343460083, "35": 0.6465892791748047, "36": 0.4048580229282379, "37": 0.38764631748199463, "38": 0.5844132304191589, "39": 0.5815662741661072, "40": 0.5984229445457458, "41": 0.5836203098297119, "42": 0.34342798590660095, "43": 0.7084484100341797, "44": 0.5959587097167969, "45": 0.6205466985702515, "46": 0.5499953627586365, "47": 0.48355624079704285, "48": 0.595380961894989, "49": 0.671764075756073, "50": 0.6233813762664795, "51": 0.6035318970680237, "52": 0.5681506991386414, "53": 0.4660766124725342, "54": 0.6137738823890686, "55": 0.6683064103126526, "56": 0.6884031891822815, "57": 0.536512553691864, "58": 0.316264271736145, "59": 0.39608001708984375, "60": 0.6452982425689697, "61": 0.4716568887233734, "62": 0.6535329222679138, "63": 0.5895491242408752, "64": 0.4946626126766205, "65": 0.40812668204307556, "66": 0.3790855407714844, "67": 0.5252736210823059, "68": 0.6380730271339417, "69": 0.3079650402069092, "70": 0.3071826994419098, "71": 0.42592206597328186, "72": 0.6477534770965576, "73": 0.5183780789375305, "74": 0.34837666153907776, "75": 0.3333333432674408, "76": 0.4356832206249237, "77": 0.5885912775993347, "78": 0.3911568224430084, "79": 0.3470405042171478, "80": 0.46965333819389343}