{"1": 0.6991026997566223, "2": 0.6665861010551453, "3": 0.7401959300041199, "4": 0.7633172869682312, "5": 0.7122704982757568, "6": 0.7768810391426086, "7": 0.7804602980613708, "8": 0.7907307147979736, "9": 0.8123334050178528, "10": 0.7951788306236267, "11": 0.7416554093360901, "12": 0.7950142025947571, "13": 0.8119824528694153, "14": 0.8193221092224121, "15": 0.8127670288085938, "16": 0.8206530213356018, "17": 0.7940890789031982, "18": 0.8166675567626953, "19": 0.8177774548530579, "20": 0.7929765582084656, "21": 0.809230625629425, "22": 0.8015615940093994, "23": 0.8076702952384949, "24": 0.8054249286651611, "25": 0.8433732390403748, "26": 0.8263185620307922, "27": 0.8292005658149719, "28": 0.8155267834663391, "29": 0.8279070258140564, "30": 0.8193337321281433, "31": 0.8069851994514465, "32": 0.8207785487174988, "33": 0.7991647124290466, "34": 0.8389396071434021, "35": 0.8420472145080566, "36": 0.8290932178497314, "37": 0.8205537796020508, "38": 0.835438072681427, "39": 0.8281835913658142, "40": 0.8244078159332275, "41": 0.8001496195793152, "42": 0.8390079140663147, "43": 0.8192539811134338, "44": 0.8381959795951843, "45": 0.8307119011878967, "46": 0.8333681225776672, "47": 0.8174284100532532, "48": 0.8209714889526367, "49": 0.822799026966095, "50": 0.837325394153595, "51": 0.827624499797821, "52": 0.8397539258003235, "53": 0.8316563963890076, "54": 0.8356711864471436, "55": 0.829064667224884, "56": 0.8118195533752441, "57": 0.8390510678291321, "58": 0.8378466963768005, "59": 0.8315849304199219, "60": 0.8202433586120605, "61": 0.8195972442626953, "62": 0.8112096786499023, "63": 0.8143485188484192, "64": 0.8386716842651367, "65": 0.8289921879768372, "66": 0.8177438378334045, "67": 0.8113183379173279, "68": 0.8166343569755554, "69": 0.8186634182929993, "70": 0.836260974407196, "71": 0.8522194027900696, "72": 0.8242261409759521, "73": 0.8363292813301086, "74": 0.8568218350410461, "75": 0.7860577702522278, "76": 0.8317160606384277, "77": 0.8290234208106995, "78": 0.8376572728157043, "79": 0.815955638885498, "80": 0.8201241493225098}