{"1": 0.6871395707130432, "2": 0.7663065791130066, "3": 0.7787975668907166, "4": 0.7637245655059814, "5": 0.7943069338798523, "6": 0.8060817718505859, "7": 0.7954210638999939, "8": 0.8157446384429932, "9": 0.8109636902809143, "10": 0.806682288646698, "11": 0.8194532990455627, "12": 0.8244351744651794, "13": 0.8173206448554993, "14": 0.8263208866119385, "15": 0.8265315890312195, "16": 0.7848839163780212, "17": 0.8185108304023743, "18": 0.8257310390472412, "19": 0.8245609402656555, "20": 0.809840202331543, "21": 0.8255701661109924, "22": 0.8162665367126465, "23": 0.8310509324073792, "24": 0.8254507184028625, "25": 0.8232560157775879, "26": 0.8165712952613831, "27": 0.8270315527915955, "28": 0.8189886212348938, "29": 0.828270435333252, "30": 0.8001157641410828, "31": 0.8200481534004211, "32": 0.8162753582000732, "33": 0.8211250305175781, "34": 0.8205482363700867, "35": 0.8250314593315125, "36": 0.8110432624816895, "37": 0.8046751022338867, "38": 0.8051884770393372, "39": 0.8008324503898621, "40": 0.8250688910484314, "41": 0.8170562386512756, "42": 0.8084903359413147, "43": 0.8184208273887634, "44": 0.8315339088439941, "45": 0.8058772087097168, "46": 0.8164675831794739, "47": 0.8130844235420227, "48": 0.8205891251564026, "49": 0.8217723965644836, "50": 0.8085810542106628, "51": 0.8156105875968933, "52": 0.8240966200828552, "53": 0.8240035176277161, "54": 0.8113448023796082, "55": 0.8156711459159851, "56": 0.8073081970214844, "57": 0.8196324706077576, "58": 0.819071352481842, "59": 0.8065477013587952, "60": 0.7986595630645752, "61": 0.8091155886650085, "62": 0.8020666241645813, "63": 0.8234274983406067, "64": 0.8090088963508606, "65": 0.8103940486907959, "66": 0.8180932998657227, "67": 0.8160420060157776, "68": 0.8112704157829285, "69": 0.8109321594238281, "70": 0.8039327263832092, "71": 0.816195011138916, "72": 0.8059013485908508, "73": 0.8246095180511475, "74": 0.8186509013175964, "75": 0.8046069145202637, "76": 0.8018094897270203, "77": 0.82440185546875, "78": 0.7976560592651367, "79": 0.8037981390953064, "80": 0.8051402568817139}