{"1": 0.22434575855731964, "2": 0.2334243357181549, "3": 0.28765466809272766, "4": 0.3004581332206726, "5": 0.3020365238189697, "6": 0.3032667934894562, "7": 0.34262388944625854, "8": 0.33632028102874756, "9": 0.31587114930152893, "10": 0.3640243113040924, "11": 0.3724098205566406}