{"1": 0.5259396433830261, "2": 0.5589728951454163, "3": 0.5893140435218811, "4": 0.6123242378234863, "5": 0.6269047856330872, "6": 0.6612382531166077, "7": 0.681172788143158, "8": 0.6386108994483948, "9": 0.6096568703651428, "10": 0.6445258259773254, "11": 0.6082105040550232, "12": 0.6854990124702454, "13": 0.6989985108375549, "14": 0.6314666867256165, "15": 0.6534461975097656, "16": 0.690399706363678, "17": 0.672557532787323, "18": 0.7025906443595886, "19": 0.669677734375, "20": 0.6942810416221619, "21": 0.6941320300102234, "22": 0.6677387356758118, "23": 0.6807982921600342, "24": 0.6842536926269531, "25": 0.6959430575370789, "26": 0.6539341807365417, "27": 0.7103686332702637, "28": 0.6850948333740234, "29": 0.6954178810119629, "30": 0.6818950176239014, "31": 0.6595384478569031, "32": 0.6887685656547546, "33": 0.6530911326408386, "34": 0.6793462634086609, "35": 0.6878048777580261, "36": 0.6938065886497498, "37": 0.7050010561943054, "38": 0.7060491442680359, "39": 0.675894021987915, "40": 0.7034618258476257, "41": 0.6893177032470703, "42": 0.6775479912757874, "43": 0.689821720123291, "44": 0.6896336078643799, "45": 0.6967799067497253, "46": 0.6991905570030212, "47": 0.6911748051643372, "48": 0.6819853782653809, "49": 0.703644335269928, "50": 0.6870105266571045, "51": 0.6884982585906982, "52": 0.6898743510246277, "53": 0.6802215576171875, "54": 0.6860180497169495, "55": 0.6774384379386902, "56": 0.6598113179206848, "57": 0.679034411907196, "58": 0.6717248558998108, "59": 0.6496211886405945, "60": 0.695568323135376, "61": 0.6719453930854797, "62": 0.6803240776062012, "63": 0.6618503928184509, "64": 0.6790010333061218, "65": 0.6753584742546082, "66": 0.6776896119117737, "67": 0.6780539155006409, "68": 0.6814466118812561, "69": 0.6810240149497986, "70": 0.6858169436454773, "71": 0.6740882396697998, "72": 0.6831184029579163, "73": 0.6865000128746033, "74": 0.701623260974884, "75": 0.6963663101196289, "76": 0.6568266153335571, "77": 0.6897380352020264, "78": 0.679132878780365, "79": 0.6734209656715393, "80": 0.6923184394836426}