{"1": 0.6501689553260803, "2": 0.6978601813316345, "3": 0.7218971848487854, "4": 0.7678494453430176, "5": 0.776696503162384, "6": 0.803549587726593, "7": 0.8136873841285706, "8": 0.7966631054878235, "9": 0.7801441550254822, "10": 0.794607937335968, "11": 0.7752742767333984, "12": 0.8207747936248779, "13": 0.8334353566169739, "14": 0.8007755279541016, "15": 0.816292941570282, "16": 0.8243293762207031, "17": 0.8139123916625977, "18": 0.8117826581001282, "19": 0.8237388730049133, "20": 0.8265897631645203, "21": 0.8299130797386169, "22": 0.8271366953849792, "23": 0.8139554858207703, "24": 0.8294219970703125, "25": 0.8266403079032898, "26": 0.8033807277679443, "27": 0.8425850868225098, "28": 0.8319686055183411, "29": 0.8285822868347168, "30": 0.819126307964325, "31": 0.8195669054985046, "32": 0.8276330828666687, "33": 0.8087434768676758, "34": 0.8255689740180969, "35": 0.828742265701294, "36": 0.8332344889640808, "37": 0.8315541744232178, "38": 0.8329299092292786, "39": 0.8218116164207458, "40": 0.8214661478996277, "41": 0.8283562660217285, "42": 0.8230019211769104, "43": 0.824461042881012, "44": 0.8281808495521545, "45": 0.8365888595581055, "46": 0.8360459208488464, "47": 0.8316628336906433, "48": 0.8222000002861023, "49": 0.8356592655181885, "50": 0.8279817700386047, "51": 0.8291118741035461, "52": 0.8317094445228577, "53": 0.8217021822929382, "54": 0.8226599097251892, "55": 0.8244635462760925, "56": 0.7930766940116882, "57": 0.8220673203468323, "58": 0.8179314732551575, "59": 0.8098195195198059, "60": 0.8292945027351379, "61": 0.8195629119873047, "62": 0.8242473602294922, "63": 0.8171007037162781, "64": 0.8257676959037781, "65": 0.8225346207618713, "66": 0.8210001587867737, "67": 0.8227551579475403, "68": 0.8224132657051086, "69": 0.8262128829956055, "70": 0.8266617655754089, "71": 0.8239591121673584, "72": 0.8225477337837219, "73": 0.8275182843208313, "74": 0.8312206864356995, "75": 0.8305770754814148, "76": 0.8081309795379639, "77": 0.8109806180000305, "78": 0.8225932121276855, "79": 0.8180239796638489, "80": 0.8244673609733582}