{"1": 0.6757304072380066, "2": 0.7225424647331238, "3": 0.6882634162902832, "4": 0.7662088871002197, "5": 0.7386447787284851, "6": 0.7209382057189941, "7": 0.7785026431083679, "8": 0.7752906680107117, "9": 0.7731552720069885, "10": 0.7617543339729309, "11": 0.7620890736579895, "12": 0.7897951006889343, "13": 0.7588900923728943, "14": 0.7835986018180847, "15": 0.7719343304634094, "16": 0.7986357808113098, "17": 0.814444363117218, "18": 0.8217589259147644, "19": 0.8434638977050781, "20": 0.7879928946495056, "21": 0.8052523732185364, "22": 0.8330309987068176, "23": 0.8265396952629089, "24": 0.8274645209312439, "25": 0.8065996170043945, "26": 0.8297956585884094, "27": 0.8227259516716003, "28": 0.8398013114929199, "29": 0.8207008838653564, "30": 0.8156507611274719, "31": 0.8580515384674072, "32": 0.8547223210334778, "33": 0.8386668562889099, "34": 0.8448138236999512, "35": 0.8209092020988464, "36": 0.847126305103302, "37": 0.8650476336479187, "38": 0.8423046469688416, "39": 0.8526091575622559, "40": 0.8417325615882874, "41": 0.8377097249031067, "42": 0.8554114699363708, "43": 0.852854311466217, "44": 0.8277059197425842, "45": 0.853729248046875, "46": 0.8492951989173889, "47": 0.8515761494636536, "48": 0.8535177707672119, "49": 0.8605363965034485, "50": 0.8343074917793274, "51": 0.8391923904418945, "52": 0.8630174994468689, "53": 0.8494164347648621, "54": 0.8658221364021301, "55": 0.8547189831733704, "56": 0.8288281559944153, "57": 0.8485888838768005, "58": 0.8587042689323425, "59": 0.8512621521949768, "60": 0.8422396183013916, "61": 0.8551331162452698, "62": 0.8152845501899719, "63": 0.8292472958564758, "64": 0.8540648818016052, "65": 0.8490262031555176, "66": 0.8489435315132141, "67": 0.8430902361869812, "68": 0.8619036674499512, "69": 0.842792272567749, "70": 0.8531776070594788, "71": 0.8386712074279785, "72": 0.8207895755767822, "73": 0.8633596897125244, "74": 0.8053057193756104, "75": 0.8441573977470398, "76": 0.8449382185935974, "77": 0.8301348090171814, "78": 0.8498132824897766, "79": 0.8505640625953674, "80": 0.8442344665527344}