{"1": 0.37625598907470703, "2": 0.4181424081325531, "3": 0.34990382194519043, "4": 0.3671000003814697, "5": 0.3574463427066803, "6": 0.3436589539051056, "7": 0.3348771035671234, "8": 0.33885183930397034, "9": 0.33414211869239807, "10": 0.33519017696380615, "11": 0.3369438350200653, "12": 0.3326147794723511, "13": 0.33682355284690857, "14": 0.35280731320381165, "15": 0.342482328414917, "16": 0.3476729393005371, "17": 0.3380061388015747, "18": 0.3641841411590576, "19": 0.332810640335083, "20": 0.3397463262081146, "21": 0.33662474155426025, "22": 0.3386305570602417, "23": 0.3363834321498871, "24": 0.3440225124359131, "25": 0.33878496289253235, "26": 0.3146694004535675, "27": 0.3280348777770996, "28": 0.34592965245246887, "29": 0.33677494525909424, "30": 0.33200082182884216, "31": 0.3384488523006439, "32": 0.3296169936656952, "33": 0.3373509645462036, "34": 0.33646783232688904, "35": 0.33528146147727966, "36": 0.34478315711021423, "37": 0.33312782645225525, "38": 0.33617570996284485, "39": 0.33404695987701416, "40": 0.339435338973999, "41": 0.3282047212123871, "42": 0.33188721537590027, "43": 0.3337382972240448, "44": 0.3303206264972687, "45": 0.3338298499584198, "46": 0.32974401116371155, "47": 0.3382014036178589, "48": 0.333658367395401, "49": 0.3392263650894165, "50": 0.3180822432041168, "51": 0.32499417662620544, "52": 0.33115628361701965, "53": 0.3343299627304077, "54": 0.3283322751522064, "55": 0.335645467042923, "56": 0.3353070318698883, "57": 0.33814558386802673, "58": 0.33338263630867004, "59": 0.33576634526252747, "60": 0.33246561884880066, "61": 0.33242377638816833, "62": 0.3333294093608856, "63": 0.3313344419002533, "64": 0.3338252007961273, "65": 0.3353561460971832, "66": 0.3337099552154541, "67": 0.3354446589946747, "68": 0.3292936384677887, "69": 0.31427714228630066, "70": 0.2823142111301422, "71": 0.33007529377937317, "72": 0.3210375905036926, "73": 0.32010066509246826, "74": 0.2938165068626404, "75": 0.3298685848712921, "76": 0.3084186613559723, "77": 0.3280503451824188, "78": 0.33928534388542175, "79": 0.34005293250083923, "80": 0.3380202353000641}