{"1": 0.24454455077648163, "2": 0.28490105271339417, "3": 0.2153315544128418, "4": 0.240128293633461, "5": 0.2236119657754898, "6": 0.20617447793483734, "7": 0.1982293277978897, "8": 0.20079541206359863, "9": 0.196031853556633, "10": 0.19626718759536743, "11": 0.19747786223888397, "12": 0.1962200552225113, "13": 0.19800914824008942, "14": 0.21517978608608246, "15": 0.2018849402666092, "16": 0.21223507821559906, "17": 0.1987159103155136, "18": 0.2287326604127884, "19": 0.19476081430912018, "20": 0.20162980258464813, "21": 0.19830083847045898, "22": 0.19929780066013336, "23": 0.19993115961551666, "24": 0.20967118442058563, "25": 0.20326896011829376, "26": 0.18787644803524017, "27": 0.19321422278881073, "28": 0.2092137187719345, "29": 0.1992339938879013, "30": 0.19827914237976074, "31": 0.2009173184633255, "32": 0.1966063380241394, "33": 0.20219020545482635, "34": 0.20001329481601715, "35": 0.1989176720380783, "36": 0.21232181787490845, "37": 0.19682927429676056, "38": 0.2010669708251953, "39": 0.19798065721988678, "40": 0.2026539295911789, "41": 0.1935567706823349, "42": 0.1948310285806656, "43": 0.20015549659729004, "44": 0.19581551849842072, "45": 0.19580936431884766, "46": 0.1954769641160965, "47": 0.20299750566482544, "48": 0.1973344087600708, "49": 0.20463353395462036, "50": 0.1870972365140915, "51": 0.192217156291008, "52": 0.19649314880371094, "53": 0.1955307275056839, "54": 0.19528323411941528, "55": 0.20157133042812347, "56": 0.19849668443202972, "57": 0.20215070247650146, "58": 0.1933947652578354, "59": 0.19916671514511108, "60": 0.19345860183238983, "61": 0.19366455078125, "62": 0.19459283351898193, "63": 0.19209052622318268, "64": 0.19550539553165436, "65": 0.20111767947673798, "66": 0.1978895515203476, "67": 0.20322386920452118, "68": 0.1934724897146225, "69": 0.193165123462677, "70": 0.17066717147827148, "71": 0.19415749609470367, "72": 0.1937282532453537, "73": 0.1890212893486023, "74": 0.18223392963409424, "75": 0.19595138728618622, "76": 0.18496344983577728, "77": 0.1942460983991623, "78": 0.20341269671916962, "79": 0.205361470580101, "80": 0.203641876578331}