{"1": 0.1831071823835373, "2": 0.2034541517496109, "3": 0.21523581445217133, "4": 0.22526617348194122, "5": 0.22068989276885986, "6": 0.23129139840602875, "7": 0.23757138848304749, "8": 0.2493370771408081, "9": 0.2563403844833374, "10": 0.24766133725643158}