{"1": 0.6379706263542175, "2": 0.652584969997406, "3": 0.7269815802574158, "4": 0.7540960311889648, "5": 0.6438219547271729, "6": 0.7629378437995911, "7": 0.7633438110351562, "8": 0.7355399131774902, "9": 0.7423990368843079, "10": 0.7715666890144348, "11": 0.77674800157547, "12": 0.7781317830085754, "13": 0.7356381416320801, "14": 0.7705153822898865, "15": 0.7784952521324158, "16": 0.7781319618225098, "17": 0.760782778263092, "18": 0.8062500953674316, "19": 0.7907983660697937, "20": 0.7921444773674011, "21": 0.778203010559082, "22": 0.797335147857666, "23": 0.8034229874610901, "24": 0.7923784255981445, "25": 0.8006728291511536, "26": 0.7963838577270508, "27": 0.8106071352958679, "28": 0.7782209515571594, "29": 0.778357982635498, "30": 0.7843330502510071, "31": 0.8093751072883606, "32": 0.8097589612007141, "33": 0.8027154803276062, "34": 0.8014835715293884, "35": 0.7786487936973572, "36": 0.7846662402153015, "37": 0.815143346786499, "38": 0.8012508749961853, "39": 0.807285487651825, "40": 0.8047084808349609, "41": 0.7950455546379089, "42": 0.8093197345733643, "43": 0.8059852719306946, "44": 0.8059911131858826, "45": 0.8104642033576965, "46": 0.7935227751731873, "47": 0.7474097609519958, "48": 0.805706799030304, "49": 0.7759142518043518, "50": 0.7951128482818604, "51": 0.8057294487953186, "52": 0.7949271202087402, "53": 0.7938370704650879, "54": 0.8011332154273987, "55": 0.7886812686920166, "56": 0.8011205792427063, "57": 0.7932496070861816, "58": 0.8007940649986267, "59": 0.7815560698509216, "60": 0.8019828200340271, "61": 0.8158780932426453, "62": 0.7830397486686707, "63": 0.798604428768158, "64": 0.801889181137085, "65": 0.8120606541633606, "66": 0.7932388782501221, "67": 0.8007153868675232, "68": 0.807781994342804, "69": 0.7820212841033936, "70": 0.8039624094963074, "71": 0.8095762133598328, "72": 0.7834889888763428, "73": 0.7950671315193176, "74": 0.7852861881256104, "75": 0.7875781059265137, "76": 0.7691954970359802, "77": 0.780357301235199, "78": 0.815264880657196, "79": 0.8034183382987976, "80": 0.7957208752632141}