{"1": 0.5097904205322266, "2": 0.40872395038604736, "3": 0.5871272683143616, "4": 0.6187214851379395, "5": 0.4537088871002197, "6": 0.589167594909668, "7": 0.5999748110771179, "8": 0.5195146203041077, "9": 0.6372432708740234, "10": 0.5948377251625061, "11": 0.6300303936004639, "12": 0.6447938084602356, "13": 0.5770931839942932, "14": 0.6009816527366638, "15": 0.6362003087997437, "16": 0.6593003273010254, "17": 0.6146247982978821, "18": 0.6684386134147644, "19": 0.6559485793113708, "20": 0.6366905570030212, "21": 0.6081770062446594, "22": 0.6767105460166931, "23": 0.6806187629699707, "24": 0.6175110936164856, "25": 0.6230432391166687, "26": 0.6611853241920471, "27": 0.6726433634757996, "28": 0.6367731094360352, "29": 0.6704449653625488, "30": 0.6162583231925964, "31": 0.6603779196739197, "32": 0.6738009452819824, "33": 0.6720121502876282, "34": 0.6586958765983582, "35": 0.5815104842185974, "36": 0.6796941757202148, "37": 0.6591014266014099, "38": 0.6421061158180237, "39": 0.6548314690589905, "40": 0.6563616394996643, "41": 0.6330655217170715, "42": 0.6659424304962158, "43": 0.65093594789505, "44": 0.6389674544334412, "45": 0.661690890789032, "46": 0.615177571773529, "47": 0.5552176833152771, "48": 0.6672571301460266, "49": 0.5988392233848572, "50": 0.64922034740448, "51": 0.6412407755851746, "52": 0.6409316658973694, "53": 0.6568000912666321, "54": 0.6444533467292786, "55": 0.6143088936805725, "56": 0.6404029130935669, "57": 0.6156432032585144, "58": 0.6245989799499512, "59": 0.6189398169517517, "60": 0.6425068378448486, "61": 0.6717503666877747, "62": 0.6192367672920227, "63": 0.6427657604217529, "64": 0.6675222516059875, "65": 0.6522232890129089, "66": 0.661377489566803, "67": 0.6582717299461365, "68": 0.6540477275848389, "69": 0.6294816136360168, "70": 0.6361028552055359, "71": 0.6631758213043213, "72": 0.6151911616325378, "73": 0.6307172179222107, "74": 0.6320671439170837, "75": 0.6412256360054016, "76": 0.5840281844139099, "77": 0.6016024947166443, "78": 0.6610236167907715, "79": 0.639766275882721, "80": 0.6584864258766174}