{"1": 0.5422356724739075, "2": 0.5463904738426208, "3": 0.6683934330940247, "4": 0.6746707558631897, "5": 0.589873731136322, "6": 0.6533820629119873, "7": 0.6225605607032776, "8": 0.6677437424659729, "9": 0.6628633141517639, "10": 0.5993654727935791, "11": 0.6109825968742371, "12": 0.6547383666038513, "13": 0.6820931434631348, "14": 0.6463279128074646, "15": 0.640095055103302, "16": 0.6706952452659607, "17": 0.6196301579475403, "18": 0.6569533348083496, "19": 0.6537958979606628, "20": 0.6590703129768372, "21": 0.6033520102500916, "22": 0.6554002165794373, "23": 0.6460527181625366, "24": 0.6439953446388245, "25": 0.6589294075965881, "26": 0.6917012333869934, "27": 0.6683134436607361, "28": 0.6120650172233582, "29": 0.6402780413627625, "30": 0.6238873600959778, "31": 0.6619735360145569, "32": 0.707186758518219, "33": 0.609680712223053, "34": 0.6545290350914001, "35": 0.6919370293617249, "36": 0.6707542538642883, "37": 0.6554639935493469, "38": 0.6871809363365173, "39": 0.6820726990699768, "40": 0.6501601934432983, "41": 0.6812431216239929, "42": 0.662342369556427, "43": 0.6352635025978088, "44": 0.6391845345497131, "45": 0.6459607481956482, "46": 0.6397982239723206, "47": 0.6542249321937561, "48": 0.6250736117362976, "49": 0.6867011189460754, "50": 0.6288314461708069, "51": 0.6600937843322754, "52": 0.6458802819252014, "53": 0.6457566618919373, "54": 0.6352849006652832, "55": 0.6445814967155457, "56": 0.6391603350639343, "57": 0.6194044947624207, "58": 0.6681339740753174, "59": 0.6446386575698853, "60": 0.6601980328559875, "61": 0.6590688824653625, "62": 0.6607567071914673, "63": 0.6582725048065186, "64": 0.6696629524230957, "65": 0.6409099698066711, "66": 0.663905680179596, "67": 0.6504342555999756, "68": 0.657623291015625, "69": 0.6530540585517883, "70": 0.6530299782752991, "71": 0.6714020371437073, "72": 0.6376254558563232, "73": 0.6465916037559509, "74": 0.6785385012626648, "75": 0.6277022361755371, "76": 0.6665639877319336, "77": 0.6648815870285034, "78": 0.6516894698143005, "79": 0.6535810828208923, "80": 0.6508903503417969}