{"1": 0.11299150437116623, "2": 0.4472895562648773, "3": 0.1665792167186737, "4": 0.04655009135603905, "5": 0.4414076805114746, "6": 0.46064940094947815, "7": 0.36968329548835754, "8": 0.11395999789237976, "9": 0.04380137100815773, "10": 0.36342594027519226, "11": 0.2601829469203949, "12": 0.2362217754125595, "13": 0.2567436993122101, "14": 0.5372067093849182, "15": 0.3424801528453827, "16": 0.5709208846092224, "17": 0.536729633808136, "18": 0.5383626818656921, "19": 0.3093612492084503, "20": 0.13674500584602356, "21": 0.24050550162792206, "22": 0.31324997544288635, "23": 0.5556847453117371, "24": 0.5089602470397949, "25": 0.26004913449287415, "26": 0.1772945076227188, "27": 0.4075993597507477, "28": 0.36125364899635315, "29": 0.3947465419769287, "30": 0.4344657361507416, "31": 0.37983646988868713, "32": 0.04380137100815773, "33": 0.20561884343624115, "34": 0.04380137100815773, "35": 0.43531516194343567, "36": 0.04763752594590187, "37": 0.1256578117609024, "38": 0.4703036844730377, "39": 0.3504602015018463, "40": 0.30471372604370117, "41": 0.4232732355594635, "42": 0.28174009919166565, "43": 0.3746889531612396, "44": 0.04380137100815773, "45": 0.5012856125831604, "46": 0.04380137100815773, "47": 0.27147921919822693, "48": 0.5397200584411621, "49": 0.043898969888687134, "50": 0.32874158024787903, "51": 0.33792245388031006, "52": 0.04380137100815773, "53": 0.4962322413921356, "54": 0.5176257491111755, "55": 0.5026763677597046, "56": 0.08019915223121643, "57": 0.5408047437667847, "58": 0.04380137100815773, "59": 0.376387357711792, "60": 0.5783197283744812, "61": 0.4897359311580658, "62": 0.40262749791145325, "63": 0.488477498292923, "64": 0.6179552674293518, "65": 0.45215311646461487, "66": 0.4975298345088959, "67": 0.21317410469055176, "68": 0.47315406799316406, "69": 0.40254297852516174, "70": 0.04380137100815773, "71": 0.5362592935562134, "72": 0.04380137100815773, "73": 0.4409845769405365, "74": 0.04380137100815773, "75": 0.1173366904258728, "76": 0.054733920842409134, "77": 0.3232682943344116, "78": 0.44137898087501526, "79": 0.33474576473236084, "80": 0.2254054695367813}