{"1": 0.3968038260936737, "2": 0.5758660435676575, "3": 0.44604456424713135, "4": 0.33596932888031006, "5": 0.5484738945960999, "6": 0.591132402420044, "7": 0.5085293650627136, "8": 0.3983876705169678, "9": 0.3333333432674408, "10": 0.505189836025238, "11": 0.5293110013008118, "12": 0.48167261481285095, "13": 0.49444660544395447, "14": 0.645412266254425, "15": 0.47049927711486816, "16": 0.7018694281578064, "17": 0.6316211223602295, "18": 0.6374791264533997, "19": 0.49545300006866455, "20": 0.4044699966907501, "21": 0.38677194714546204, "22": 0.5595917105674744, "23": 0.6506984233856201, "24": 0.6087061762809753, "25": 0.5081793665885925, "26": 0.39099907875061035, "27": 0.5235480666160583, "28": 0.583970844745636, "29": 0.508136510848999, "30": 0.5578615069389343, "31": 0.6136736869812012, "32": 0.3333333432674408, "33": 0.34708499908447266, "34": 0.3333333432674408, "35": 0.5484417080879211, "36": 0.3370113670825958, "37": 0.38854536414146423, "38": 0.6050816178321838, "39": 0.4692305624485016, "40": 0.42519545555114746, "41": 0.5417914390563965, "42": 0.48206183314323425, "43": 0.5409752726554871, "44": 0.3333333432674408, "45": 0.6188772320747375, "46": 0.3333333432674408, "47": 0.5317189693450928, "48": 0.6438832879066467, "49": 0.3333938419818878, "50": 0.43582674860954285, "51": 0.5784592032432556, "52": 0.3333333432674408, "53": 0.6170257925987244, "54": 0.6161721348762512, "55": 0.6738266944885254, "56": 0.362355500459671, "57": 0.6428287029266357, "58": 0.3333333432674408, "59": 0.48981773853302, "60": 0.733677327632904, "61": 0.6096765398979187, "62": 0.6048205494880676, "63": 0.6937122344970703, "64": 0.7443830966949463, "65": 0.5892351269721985, "66": 0.6194416880607605, "67": 0.4099472463130951, "68": 0.5749619603157043, "69": 0.562828004360199, "70": 0.3333333432674408, "71": 0.6593014597892761, "72": 0.3333333432674408, "73": 0.5595554709434509, "74": 0.3333333432674408, "75": 0.3991522789001465, "76": 0.34246429800987244, "77": 0.5517011284828186, "78": 0.5521077513694763, "79": 0.5111659169197083, "80": 0.4757613241672516}