{"1": 0.6936596035957336, "2": 0.7223920226097107, "3": 0.7917816638946533, "4": 0.8132992386817932, "5": 0.769787609577179, "6": 0.8074766993522644, "7": 0.7835567593574524, "8": 0.7824317812919617, "9": 0.7931235432624817, "10": 0.7572715282440186, "11": 0.7779433727264404, "12": 0.8025969862937927, "13": 0.7914112210273743, "14": 0.8001322746276855, "15": 0.7972679138183594, "16": 0.8093200325965881, "17": 0.7819139361381531, "18": 0.8054197430610657, "19": 0.7908312678337097, "20": 0.7875168919563293, "21": 0.7679718136787415, "22": 0.7643460631370544, "23": 0.7944961190223694, "24": 0.797356903553009, "25": 0.8097987174987793, "26": 0.8111464381217957, "27": 0.8121805191040039, "28": 0.7810554504394531, "29": 0.785288393497467, "30": 0.7798676490783691, "31": 0.8055868148803711, "32": 0.8241555690765381, "33": 0.7684119343757629, "34": 0.804865837097168, "35": 0.8189557194709778, "36": 0.8130760192871094, "37": 0.7947242259979248, "38": 0.8188033103942871, "39": 0.817702054977417, "40": 0.798943817615509, "41": 0.8118351101875305, "42": 0.7927160263061523, "43": 0.7851714491844177, "44": 0.787161111831665, "45": 0.7738285064697266, "46": 0.7911182045936584, "47": 0.7924179434776306, "48": 0.7781524658203125, "49": 0.8108734488487244, "50": 0.7896583676338196, "51": 0.8006055951118469, "52": 0.7929210066795349, "53": 0.785057544708252, "54": 0.7787920832633972, "55": 0.7926707863807678, "56": 0.7898749709129333, "57": 0.7633705735206604, "58": 0.7975663542747498, "59": 0.7804968953132629, "60": 0.8016188740730286, "61": 0.807027280330658, "62": 0.8024536967277527, "63": 0.7958257794380188, "64": 0.8049940466880798, "65": 0.7883138060569763, "66": 0.8051472306251526, "67": 0.7943680286407471, "68": 0.8015153408050537, "69": 0.7946236729621887, "70": 0.7982308268547058, "71": 0.7994820475578308, "72": 0.7919735908508301, "73": 0.78791743516922, "74": 0.8060533404350281, "75": 0.783896267414093, "76": 0.802729606628418, "77": 0.8080973625183105, "78": 0.7982051968574524, "79": 0.7912166118621826, "80": 0.7947137951850891}