{"1": 0.3333333432674408, "2": 0.3333333432674408, "3": 0.3333333432674408, "4": 0.3333333432674408, "5": 0.3333333432674408, "6": 0.3333333432674408, "7": 0.3333333432674408, "8": 0.33468782901763916, "9": 0.3333333432674408, "10": 0.3333333432674408, "11": 0.3333333432674408, "12": 0.3333333432674408, "13": 0.3333333432674408, "14": 0.3333333432674408, "15": 0.3333333432674408, "16": 0.3333333432674408, "17": 0.3333333432674408, "18": 0.3333333432674408, "19": 0.3333333432674408, "20": 0.3333333432674408, "21": 0.3333333432674408, "22": 0.3333333432674408, "23": 0.3333333432674408, "24": 0.3333333432674408, "25": 0.3333333432674408, "26": 0.3333333432674408, "27": 0.3333333432674408, "28": 0.3333333432674408, "29": 0.3333333432674408, "30": 0.3333333432674408, "31": 0.3333333432674408, "32": 0.3333333432674408, "33": 0.3333333432674408, "34": 0.3333333432674408, "35": 0.3333333432674408, "36": 0.3333333432674408, "37": 0.3333333432674408, "38": 0.3333333432674408, "39": 0.3333333432674408, "40": 0.3333333432674408, "41": 0.3333333432674408, "42": 0.3333333432674408, "43": 0.3333333432674408, "44": 0.3333333432674408, "45": 0.3333333432674408, "46": 0.3333333432674408, "47": 0.3333333432674408, "48": 0.3333333432674408, "49": 0.3333333432674408, "50": 0.3333333432674408, "51": 0.3333333432674408, "52": 0.3333333432674408, "53": 0.3333333432674408, "54": 0.3333333432674408, "55": 0.3333333432674408, "56": 0.3333333432674408, "57": 0.3333333432674408, "58": 0.3333333432674408, "59": 0.3333333432674408, "60": 0.3333333432674408, "61": 0.3333333432674408, "62": 0.3333333432674408, "63": 0.3333333432674408, "64": 0.3333333432674408, "65": 0.3333333432674408, "66": 0.3333333432674408, "67": 0.3333333432674408, "68": 0.3333333432674408, "69": 0.3333333432674408, "70": 0.3333333432674408, "71": 0.3333333432674408, "72": 0.3333333432674408, "73": 0.3333333432674408, "74": 0.3333333432674408, "75": 0.3333333432674408, "76": 0.3333333432674408, "77": 0.3333333432674408, "78": 0.3333333432674408, "79": 0.3333333432674408, "80": 0.3333333432674408}