{"1": 0.7999835014343262, "2": 0.8143997192382812, "3": 0.8156525492668152, "4": 0.8312627673149109, "5": 0.8123760223388672, "6": 0.8284508585929871, "7": 0.802869975566864, "8": 0.8275220990180969, "9": 0.7645553946495056, "10": 0.8306296467781067, "11": 0.8482919335365295, "12": 0.841002881526947, "13": 0.8375232815742493, "14": 0.8254535794258118, "15": 0.8341090083122253, "16": 0.8418586850166321, "17": 0.8155860900878906, "18": 0.8003902435302734, "19": 0.8316850662231445, "20": 0.8392969965934753, "21": 0.8149585127830505, "22": 0.835089921951294, "23": 0.8423588871955872, "24": 0.7852380871772766, "25": 0.832426130771637, "26": 0.8382882475852966, "27": 0.8499912619590759, "28": 0.8377119898796082, "29": 0.7997757792472839, "30": 0.8526981472969055, "31": 0.8375230431556702, "32": 0.8437965512275696, "33": 0.8045053482055664, "34": 0.8457980155944824, "35": 0.8169181942939758, "36": 0.8329218029975891, "37": 0.8322834372520447, "38": 0.8240668773651123, "39": 0.8274612426757812, "40": 0.8046119809150696, "41": 0.8349103331565857, "42": 0.8195462226867676, "43": 0.8278234004974365, "44": 0.8237097859382629, "45": 0.8146810531616211, "46": 0.8108935356140137, "47": 0.8316373825073242, "48": 0.8136932253837585, "49": 0.8214120268821716, "50": 0.8363897204399109, "51": 0.825089156627655, "52": 0.8172152638435364, "53": 0.8085562586784363, "54": 0.803946316242218, "55": 0.8249117732048035, "56": 0.8285661339759827, "57": 0.8319336771965027, "58": 0.8343870639801025, "59": 0.8380897641181946, "60": 0.8032647967338562, "61": 0.8210824131965637, "62": 0.7993465065956116, "63": 0.8322567939758301, "64": 0.8158629536628723, "65": 0.7800437808036804, "66": 0.8221710324287415, "67": 0.8073284029960632, "68": 0.8254762291908264, "69": 0.8194384574890137, "70": 0.8302819728851318, "71": 0.8370466828346252, "72": 0.829332172870636, "73": 0.8046539425849915, "74": 0.8104105591773987, "75": 0.8362147212028503, "76": 0.8300319314002991, "77": 0.8247573375701904, "78": 0.8220713138580322, "79": 0.8031971454620361, "80": 0.8313586115837097}