{"1": 0.1910373419523239, "2": 0.3568255603313446, "3": 0.42264315485954285, "4": 0.42609596252441406, "5": 0.4909566342830658, "6": 0.44296422600746155, "7": 0.4990914762020111, "8": 0.506061315536499, "9": 0.5326482057571411, "10": 0.5648057460784912, "11": 0.5591190457344055, "12": 0.5762569904327393, "13": 0.5971279144287109, "14": 0.5555509924888611, "15": 0.5972331166267395, "16": 0.594608724117279, "17": 0.5715329647064209, "18": 0.6155568957328796, "19": 0.6179344058036804, "20": 0.6216208338737488, "21": 0.6034524440765381, "22": 0.5430111289024353, "23": 0.5874366164207458, "24": 0.6066280007362366, "25": 0.6319157481193542, "26": 0.5909566283226013, "27": 0.6204257607460022, "28": 0.6324040293693542, "29": 0.6098147630691528, "30": 0.6198224425315857, "31": 0.5967677235603333, "32": 0.6214323043823242, "33": 0.6279736161231995, "34": 0.6203030943870544, "35": 0.6070438027381897, "36": 0.6080926656723022, "37": 0.6287450194358826, "38": 0.6258761882781982, "39": 0.6086596846580505, "40": 0.583326518535614, "41": 0.6267940998077393, "42": 0.6114655137062073, "43": 0.6095674633979797, "44": 0.6060155034065247, "45": 0.6276004910469055, "46": 0.6270994544029236, "47": 0.6188310980796814, "48": 0.6435824036598206, "49": 0.6139197945594788, "50": 0.6284530162811279, "51": 0.623661994934082, "52": 0.6288235783576965, "53": 0.6066429018974304, "54": 0.6472187638282776, "55": 0.6089189052581787, "56": 0.6261542439460754, "57": 0.6131177544593811, "58": 0.6291810870170593, "59": 0.6296747326850891, "60": 0.6202415227890015, "61": 0.6088190674781799, "62": 0.6128007769584656, "63": 0.6213442087173462, "64": 0.6167120337486267, "65": 0.6199257969856262, "66": 0.6304284930229187, "67": 0.6232510209083557, "68": 0.6365523934364319, "69": 0.6330971717834473, "70": 0.6211113929748535, "71": 0.60121750831604, "72": 0.6323868632316589, "73": 0.6293978095054626, "74": 0.6133592128753662, "75": 0.6227900385856628, "76": 0.6262575387954712, "77": 0.6125259399414062, "78": 0.6184669137001038, "79": 0.6282204985618591, "80": 0.6215694546699524}