{"1": 0.3406091630458832, "2": 0.4786183536052704, "3": 0.5526617169380188, "4": 0.5762107968330383, "5": 0.6335951685905457, "6": 0.5878509283065796, "7": 0.6480270028114319, "8": 0.6552975177764893, "9": 0.6913046836853027, "10": 0.7146210074424744, "11": 0.7258985042572021, "12": 0.7433710098266602, "13": 0.7622017860412598, "14": 0.7176797986030579, "15": 0.7528432011604309, "16": 0.744683027267456, "17": 0.7272258400917053, "18": 0.771426260471344, "19": 0.771468460559845, "20": 0.7682906985282898, "21": 0.7429248690605164, "22": 0.6968167424201965, "23": 0.7443890571594238, "24": 0.7624879479408264, "25": 0.7906321883201599, "26": 0.7481698989868164, "27": 0.7695437073707581, "28": 0.7781011462211609, "29": 0.7664552330970764, "30": 0.7697515487670898, "31": 0.7591312527656555, "32": 0.7791540026664734, "33": 0.7664809226989746, "34": 0.7755184173583984, "35": 0.7629024386405945, "36": 0.7628119587898254, "37": 0.7745844721794128, "38": 0.7696151733398438, "39": 0.7658891677856445, "40": 0.7426576614379883, "41": 0.7777907848358154, "42": 0.7650724053382874, "43": 0.7640475630760193, "44": 0.7584249377250671, "45": 0.7822540402412415, "46": 0.7765401005744934, "47": 0.7734506130218506, "48": 0.7956638336181641, "49": 0.7672483325004578, "50": 0.7720767855644226, "51": 0.7638168334960938, "52": 0.7827746868133545, "53": 0.7599813342094421, "54": 0.782096803188324, "55": 0.7661354541778564, "56": 0.7823264598846436, "57": 0.7630603909492493, "58": 0.7784287333488464, "59": 0.770885169506073, "60": 0.7770135998725891, "61": 0.7716789245605469, "62": 0.762641966342926, "63": 0.7650663256645203, "64": 0.7624704837799072, "65": 0.7756801247596741, "66": 0.7733306288719177, "67": 0.7816557288169861, "68": 0.7658999562263489, "69": 0.7621485590934753, "70": 0.7741539478302002, "71": 0.7696893215179443, "72": 0.7794851660728455, "73": 0.7708892822265625, "74": 0.773749589920044, "75": 0.7842116951942444, "76": 0.7765927314758301, "77": 0.772989809513092, "78": 0.7790245413780212, "79": 0.7774232029914856, "80": 0.7762417793273926}