{"1": 0.6799089908599854, "2": 0.7092294096946716, "3": 0.7271884083747864, "4": 0.738945484161377, "5": 0.7455368041992188, "6": 0.7586429715156555, "7": 0.7478826642036438, "8": 0.7631702423095703, "9": 0.74566650390625, "10": 0.7565102577209473, "11": 0.7644860744476318, "12": 0.7599837183952332, "13": 0.7613328099250793, "14": 0.7623419165611267, "15": 0.7551167011260986, "16": 0.7714533805847168, "17": 0.7678759694099426, "18": 0.746147871017456, "19": 0.7498834729194641, "20": 0.7636492252349854, "21": 0.7655696868896484, "22": 0.7643038630485535, "23": 0.7679025530815125, "24": 0.7436345219612122, "25": 0.7748124599456787, "26": 0.7680538296699524, "27": 0.7470071911811829, "28": 0.7480210661888123, "29": 0.7704877853393555, "30": 0.7290616631507874, "31": 0.736583948135376, "32": 0.7498984932899475, "33": 0.7335559725761414, "34": 0.7369359135627747, "35": 0.7435619235038757, "36": 0.761195719242096, "37": 0.759236752986908, "38": 0.7484645843505859, "39": 0.7699176669120789, "40": 0.7686309814453125, "41": 0.7693031430244446, "42": 0.7627595067024231, "43": 0.7410443425178528, "44": 0.7551974654197693, "45": 0.7709395289421082, "46": 0.7838656306266785, "47": 0.7498500943183899, "48": 0.7577646374702454, "49": 0.7794902920722961, "50": 0.7572078108787537, "51": 0.7707002758979797, "52": 0.7786754965782166, "53": 0.7497341632843018, "54": 0.748490035533905, "55": 0.7612690329551697, "56": 0.7549483180046082, "57": 0.7819475531578064, "58": 0.7912482619285583, "59": 0.7674011588096619, "60": 0.758272647857666, "61": 0.7565440535545349, "62": 0.7865006327629089, "63": 0.7906448245048523, "64": 0.778217613697052, "65": 0.7914208769798279, "66": 0.7808311581611633, "67": 0.7695338726043701, "68": 0.7337207794189453, "69": 0.7699174880981445, "70": 0.7419195175170898, "71": 0.785464346408844, "72": 0.7953948378562927, "73": 0.8029828071594238, "74": 0.7578778266906738, "75": 0.7033228278160095, "76": 0.7867965698242188, "77": 0.7877362370491028, "78": 0.7531937956809998, "79": 0.7880353927612305, "80": 0.7526738047599792}