{"1": 0.42469653487205505, "2": 0.5901160836219788, "3": 0.6168532371520996, "4": 0.5953526496887207, "5": 0.6388985514640808, "6": 0.6289851665496826, "7": 0.6255335807800293, "8": 0.5029944181442261, "9": 0.6902063488960266, "10": 0.604496955871582, "11": 0.6335467100143433, "12": 0.5091637969017029, "13": 0.6217653155326843, "14": 0.6757767796516418, "15": 0.7084721922874451, "16": 0.6309504508972168, "17": 0.6766573786735535, "18": 0.6793537139892578, "19": 0.6704287528991699, "20": 0.5859963297843933, "21": 0.6036259531974792, "22": 0.6656081080436707, "23": 0.6381056904792786, "24": 0.5796111226081848, "25": 0.619504451751709, "26": 0.6483049988746643, "27": 0.6004049181938171, "28": 0.6761634945869446, "29": 0.6114063858985901, "30": 0.67044997215271, "31": 0.6478123664855957, "32": 0.6832313537597656, "33": 0.6111231446266174, "34": 0.6552128791809082, "35": 0.5890739560127258, "36": 0.6266112923622131, "37": 0.5407598614692688, "38": 0.6543040871620178, "39": 0.5783117413520813, "40": 0.6093655228614807, "41": 0.6266700625419617, "42": 0.635080873966217, "43": 0.6781387329101562, "44": 0.623420774936676, "45": 0.6408189535140991, "46": 0.6522533893585205, "47": 0.6103237271308899, "48": 0.5992102026939392, "49": 0.6670238971710205, "50": 0.6010159850120544, "51": 0.647123396396637, "52": 0.5664324760437012, "53": 0.6311188340187073, "54": 0.5555612444877625, "55": 0.6277080178260803, "56": 0.6628273129463196, "57": 0.647340714931488, "58": 0.602872908115387, "59": 0.6806538701057434, "60": 0.57200688123703, "61": 0.6279780864715576, "62": 0.6758610606193542, "63": 0.6849718689918518, "64": 0.6225484013557434, "65": 0.6797798275947571, "66": 0.6798952221870422, "67": 0.6408239603042603, "68": 0.6245437860488892, "69": 0.6470953226089478, "70": 0.6104755401611328, "71": 0.66596919298172, "72": 0.6488825678825378, "73": 0.6519225239753723, "74": 0.6348178386688232, "75": 0.656028687953949, "76": 0.6550846099853516, "77": 0.6624813675880432, "78": 0.6676943898200989, "79": 0.6708550453186035, "80": 0.6735429763793945}