{"1": [0.5932594461555292, 0.5839809456290338, 0.7116766234050294, 0.7823621961805556], "2": [0.5805261918422598, 0.8014720106319383, 0.778881227807026, 0.8316913180881076], "3": [0.6594965960443772, 0.7577144008150466, 0.791824367758375, 0.8369199964735243], "4": [0.7081603472369192, 0.7126911542456247, 0.7947772292889561, 0.8378668891059028], "5": [0.7350477717469602, 0.7367535257770497, 0.8100817434120665, 0.8462804158528646], "6": [0.7130127106819526, 0.7528994057289278, 0.8096966188383676, 0.8486887613932291], "7": [0.7208870701491937, 0.768417471961207, 0.8160121132691521, 0.8541132609049479], "8": [0.7148859389433946, 0.7507608034015142, 0.8080559471888518, 0.852645026312934], "9": [0.7872055244288817, 0.7090185090994808, 0.8167699824646943, 0.8511700100368924], "10": [0.7423658686888649, 0.7424795904822568, 0.8138666385590877, 0.8535647922092013], "11": [0.7689982693290126, 0.7671897024328242, 0.8296406836295015, 0.8598344590928819], "12": [0.7462807108580888, 0.7321495362519893, 0.8109302422686375, 0.852461920844184], "13": [0.7397456371527275, 0.7706143820430559, 0.8230860016561062, 0.8598700629340278], "14": [0.7593302810178183, 0.7671135322643796, 0.8269397930114466, 0.8602973090277778], "15": [0.7546401044419728, 0.7445965157481018, 0.8206498113142316, 0.8603973388671875], "16": [0.7314187407116676, 0.7914777720886471, 0.826931396388198, 0.8631167941623263], "17": [0.7837977643485529, 0.7356448220190738, 0.8267418778645772, 0.8593961927625868], "18": [0.7386874486573559, 0.7760700205750528, 0.8221772275563385, 0.8602286444769965], "19": [0.7260133286257663, 0.7890624548229573, 0.8262630279130534, 0.8663397894965278], "20": [0.726882123752324, 0.8021640774948867, 0.8292274786609037, 0.865859137641059], "21": [0.7386232853092763, 0.775792890396478, 0.8264568197763086, 0.8652801513671875], "22": [0.7199355859916041, 0.8004840599039176, 0.8271090623037279, 0.8646070692274306], "23": [0.7252258608038998, 0.7716602581997205, 0.8204422412234595, 0.8639178805881076], "24": [0.7563421657480951, 0.7922948142858193, 0.8374694333855746, 0.8681386311848959], "25": [0.7417907758740875, 0.7834311723645632, 0.8303421934987196, 0.8682980007595487], "26": [0.7758882642548676, 0.7642959067692568, 0.8339738326049998, 0.8650622897677951], "27": [0.7353164921953724, 0.802262937688095, 0.8320907396347679, 0.8649605645073785], "28": [0.7606718336393465, 0.7831864528770026, 0.835653347164276, 0.8676469590928819], "29": [0.7738679904573665, 0.7442870205917476, 0.827033744278507, 0.8626081678602431], "30": [0.7095782479120476, 0.79116511586884, 0.8221658364584103, 0.8636110093858507], "31": [0.7574166191191691, 0.8006306615524917, 0.8362474224145973, 0.8668178982204862], "32": [0.7398096149104225, 0.7893892127848962, 0.8300373221647803, 0.8672993977864584], "33": [0.7294904598144466, 0.7841283243414287, 0.8278671904513051, 0.8668170505099826], "34": [0.7281273937302343, 0.813300846150408, 0.8332444453483033, 0.8677775065104166], "35": [0.7278817137534819, 0.7601133696581863, 0.8207996681652493, 0.8639941745334201], "36": [0.7525167301743724, 0.8048636939846938, 0.8381235686187946, 0.8691219753689237], "37": [0.7179023589799346, 0.7760227061470065, 0.8213481011372376, 0.8685116238064237], "38": [0.7717145732702546, 0.7842135181607096, 0.83734954412592, 0.8672392103407118], "39": [0.7461677107438675, 0.778010872625713, 0.8299393563141504, 0.8672197129991319], "40": [0.7690610184665362, 0.7824749482955197, 0.8372571149267984, 0.8693500094943576], "41": [0.7246773347205855, 0.7814550649096866, 0.825702524623653, 0.8673468695746528], "42": [0.76127161517249, 0.7894608528802876, 0.8379100772529683, 0.8675028483072916], "43": [0.7143996457533843, 0.7743163760501417, 0.8188573492512816, 0.8632253011067709], "44": [0.7014933683251314, 0.7784796969061085, 0.8141421457220641, 0.8609110514322916], "45": [0.7412258402653901, 0.7560242358592113, 0.8219285587686961, 0.861830817328559], "46": [0.6954447360466534, 0.8105045923541053, 0.8235004961756132, 0.8655132717556424], "47": [0.7789557701840911, 0.7565661845168158, 0.8309722674863684, 0.8632659912109375], "48": [0.7608745441013565, 0.7688297852211421, 0.8310345360551423, 0.8674638536241319], "49": [0.7718273919654082, 0.7719069301369708, 0.8342204822136752, 0.8668797810872396], "50": [0.7453887554005298, 0.7682951463647668, 0.8277692386223783, 0.8659006754557291], "51": [0.7721967705499436, 0.787114326201743, 0.8379441767860266, 0.8671451144748263], "52": [0.7642719263810828, 0.7821120813990422, 0.8357194143824762, 0.8680860731336806], "53": [0.7534328637364845, 0.7858446672275419, 0.8334935195086214, 0.8686837090386285], "54": [0.7762027575269345, 0.7778891281740739, 0.8378310553659746, 0.8684048122829862], "55": [0.7694127098050445, 0.7933442608005454, 0.83965913555494, 0.868088616265191], "56": [0.7839040916505483, 0.7448943123709871, 0.8298753168825501, 0.8649461534288194], "57": [0.7632865825473168, 0.7834879882691619, 0.8364090016635908, 0.8677198621961806], "58": [0.7673161094905254, 0.7752881364298937, 0.8338383515205148, 0.8696314493815104], "59": [0.7436066419392386, 0.8154980347642261, 0.8384067658413141, 0.871140374077691], "60": [0.7554265217421737, 0.7884424563518906, 0.834864464674793, 0.8662355211046007], "61": [0.747757615477367, 0.7829347788776748, 0.8314436626781798, 0.8691719902886285], "62": [0.7811830945456615, 0.7355418552412191, 0.8279126025164627, 0.8656599256727431], "63": [0.7734975602955966, 0.8022025621529612, 0.8432337339672566, 0.8699018690321181], "64": [0.746606749631221, 0.7554473909743877, 0.8258180093342032, 0.8663923475477431], "65": [0.7836631673472336, 0.7520929890706812, 0.8333450764026772, 0.8680708143446181], "66": [0.763738293928622, 0.7629130544189233, 0.8308476603995891, 0.8706690470377604], "67": [0.7274696655358336, 0.8046684918877204, 0.8325993291257578, 0.8692237006293403], "68": [0.7865943618411211, 0.7512990937480255, 0.8347452797426488, 0.8701290554470487], "69": [0.7581678979520696, 0.7801214108245718, 0.8343040167513415, 0.8678826226128472], "70": [0.7358231744145847, 0.7960704080465691, 0.8323182156977296, 0.8678190443250868], "71": [0.7684596812825351, 0.7641400247870849, 0.8331030450733767, 0.8688312106662326], "72": [0.7386672647335634, 0.8105630999247875, 0.8367247834541899, 0.8690100775824653], "73": [0.7411121666415745, 0.8017110857775445, 0.8361582153119657, 0.8693322075737847], "74": [0.7695782196031237, 0.8049325379148962, 0.8437249236361248, 0.870497809516059], "75": [0.7798152573760402, 0.7893257709539566, 0.8427069402554612, 0.8705537584092882], "76": [0.7565785890300311, 0.8113892446383097, 0.8418568552804933, 0.8705503675672743], "77": [0.7465805978877351, 0.7985237324654637, 0.8371027749357888, 0.8723941379123263], "78": [0.7704650408813557, 0.7797024142341732, 0.8382426449702847, 0.8714853922526041], "79": [0.747316025959664, 0.7880658269053572, 0.8338113979983253, 0.8693330552842882], "80": [0.7623759900788025, 0.7656544550747725, 0.8317275018702295, 0.8697823418511285]}