{"1": [0.3348327666482585, 0.4726292797427954, 0.5393852505353576, 0.672467964195738], "2": [0.38158102851321846, 0.5909765495838898, 0.6101423467093675, 0.7348437467052666], "3": [0.41024331265337294, 0.592037089299519, 0.6241020050509379, 0.7461918973984591], "4": [0.41753436928710425, 0.5795183994826641, 0.6228909569076742, 0.7478110018375226], "5": [0.43645124619528985, 0.5985347125484684, 0.6386236423792756, 0.7603588903873346], "6": [0.4353650812283199, 0.6102706748286689, 0.6427073981865666, 0.7623736022173995], "7": [0.4486542198180611, 0.6151655864173504, 0.6510719830807712, 0.7704554252073055], "8": [0.44157659373780767, 0.5991309932289642, 0.6441224074631156, 0.7701747478694642], "9": [0.4515062411715857, 0.5967212862358565, 0.647060023822759, 0.7709537141653559], "10": [0.44627094491499586, 0.6070508406854336, 0.6484190952446814, 0.7721634173533194], "11": [0.46789192759847875, 0.6297690613268754, 0.664505379153034, 0.7810812098978723], "12": [0.45005055322700344, 0.6011453258994603, 0.6487614181293284, 0.7724216190300548], "13": [0.46018683445645675, 0.6253572180314445, 0.6602994585767781, 0.7788597378602551], "14": [0.4657760778319584, 0.6253416197644235, 0.6637519728847923, 0.7818994189419797], "15": [0.46677558622457405, 0.6184181550358814, 0.6593307608916412, 0.7786620532711441], "16": [0.4649082057391301, 0.635452743922451, 0.666911669329774, 0.7843078043747789], "17": [0.4744344890986782, 0.6244073549502203, 0.6659575645901272, 0.7808221192743282], "18": [0.45959857141013405, 0.6215364382791186, 0.6601851854995445, 0.7817917039347282], "19": [0.4737429855517115, 0.6454693171270215, 0.672507528643806, 0.7865445388479304], "20": [0.4684799618788821, 0.6441467009827057, 0.6713959664659626, 0.7871077987693772], "21": [0.47357375062828583, 0.640802493160625, 0.6711247369961263, 0.7857932692398735], "22": [0.46665399708573974, 0.6439527775685143, 0.6707950987578966, 0.78527580597316], "23": [0.4704146591917137, 0.6330498725927154, 0.6669174666711952, 0.7833190421802034], "24": [0.4898808689800486, 0.6541307010865387, 0.6811517828997256, 0.788818894580791], "25": [0.4799814362719399, 0.6475316190976017, 0.675371057505658, 0.7890408344624577], "26": [0.4792300044741645, 0.6433251446162509, 0.674259255605835, 0.787224396276724], "27": [0.4703230733012373, 0.6486999365127033, 0.6725809085156371, 0.7855827269555461], "28": [0.48129070375910954, 0.649874178084576, 0.6785412360209695, 0.7906636925303864], "29": [0.4769393751558047, 0.6274599505673033, 0.667158557873662, 0.783303377229622], "30": [0.45774467048712025, 0.6343085023730337, 0.6639957326314874, 0.7825165408807646], "31": [0.47693376029213946, 0.644299195870118, 0.6742729948692836, 0.7900281066621581], "32": [0.4736698369134023, 0.642565982728567, 0.6720666684406373, 0.7886614354186877], "33": [0.4781365339932035, 0.648344025655118, 0.6735228817061328, 0.7850745697624064], "34": [0.46883051773766915, 0.6515581358896546, 0.6739156875702367, 0.7896748656926993], "35": [0.4766663763846906, 0.6414358497362441, 0.6698472078241633, 0.7810208201046172], "36": [0.4813940523062065, 0.6531067195039271, 0.679002225408323, 0.7918936660464337], "37": [0.4746640925384218, 0.6404327868332114, 0.6718511273258799, 0.7880651894623336], "38": [0.4788635444919646, 0.6449077059524749, 0.6761082690565543, 0.7911428041039505], "39": [0.4783898207848847, 0.6416570205660579, 0.6745125621816594, 0.7894326231412855], "40": [0.4847551870688264, 0.6480121571521229, 0.6784934249030615, 0.7925354630738144], "41": [0.47581159799736, 0.6478621474802461, 0.673115905200324, 0.785895590653754], "42": [0.4846807088036464, 0.6511568181937101, 0.6793572289495403, 0.7900048897853303], "43": [0.4630172569674921, 0.6314243713269365, 0.664655883640186, 0.7827314959528765], "44": [0.4483360250511557, 0.6241059538475767, 0.6581707036653868, 0.7816586323379142], "45": [0.46746083117660797, 0.6306381214034923, 0.6654361685345754, 0.7821078105094073], "46": [0.45691651995585597, 0.6421643775202025, 0.667324078141988, 0.7860559481527831], "47": [0.47514004427650497, 0.6345802669202326, 0.6709678918102304, 0.7871046318110871], "48": [0.4811246399115807, 0.6465798101523157, 0.6761799629549844, 0.7906094082191847], "49": [0.48225461399198666, 0.6432621702203448, 0.6761945093376809, 0.7910055460513173], "50": [0.47772271651404014, 0.6478627334108569, 0.6733899403365645, 0.7859482280804454], "51": [0.48193542729811834, 0.650003391002288, 0.6780346504708755, 0.7915154230278716], "52": [0.4823557941392061, 0.6509327768550616, 0.6787578714243057, 0.7919990875690158], "53": [0.4793845865153131, 0.6507883787233941, 0.6770097863111628, 0.791550864973749], "54": [0.48614614923717864, 0.6517100853170905, 0.680651092370079, 0.7929011066231006], "55": [0.48197678868616994, 0.655081653895323, 0.679169343654417, 0.7917579910670361], "56": [0.48311494323240645, 0.6282403765155344, 0.6710960265653221, 0.7885410580384042], "57": [0.4801014839154606, 0.6506956368363085, 0.6774261300579897, 0.7900557320185325], "58": [0.48708154632285156, 0.6427917668394176, 0.6778586552189103, 0.7939320708802764], "59": [0.48207457186418784, 0.6579071459207838, 0.6802724628578223, 0.7942453753829424], "60": [0.47709208604976966, 0.6462749105088038, 0.6754714840773011, 0.7892144860559235], "61": [0.47741473725586, 0.6488484033294625, 0.6765870813363686, 0.7922899744052895], "62": [0.4854752389877382, 0.6293279767961465, 0.6716959405076353, 0.787673271980601], "63": [0.48499806886371616, 0.6582220121970751, 0.6829101442955988, 0.7953994812638029], "64": [0.48369500204007687, 0.6453509772597339, 0.6744134102397942, 0.7852399122525114], "65": [0.48857372462352033, 0.6394043854005563, 0.6756599363048804, 0.7902632356075182], "66": [0.4878748052932029, 0.6387556218544026, 0.6764649820510288, 0.7935666665473922], "67": [0.47918873633606196, 0.6537209465975492, 0.6777483766424204, 0.7903123102266719], "68": [0.4943480521410035, 0.6452010816559909, 0.6797073405403496, 0.7926658367157255], "69": [0.4832968465218186, 0.6517956047779259, 0.677379346826932, 0.7886763291667902], "70": [0.47548400274572883, 0.647688205676189, 0.674450278758881, 0.7885407580891665], "71": [0.48647790306867983, 0.6449211482752156, 0.6775419375424966, 0.791019272767403], "72": [0.4802210428930459, 0.6593097117132467, 0.6801101306374763, 0.7911867124520439], "73": [0.48341494713343813, 0.6599704877912969, 0.6809354488181375, 0.7906709309035507], "74": [0.4856839883601857, 0.6610023837786709, 0.683481183665823, 0.7947471417887148], "75": [0.49090336709030186, 0.6554422651995185, 0.6837211377186457, 0.7950414640404226], "76": [0.4814932632126404, 0.6612468709024941, 0.6814048713563049, 0.7941307721076951], "77": [0.49076780953133636, 0.6598446545038092, 0.6846497341178058, 0.7952567611205622], "78": [0.48944444977570295, 0.6572628478706771, 0.6823017203842252, 0.7944742763153454], "79": [0.4831967568162482, 0.6501757935542889, 0.6789515052032998, 0.7919483260583076], "80": [0.4883941911032584, 0.6476176660622717, 0.6785231551617995, 0.7914248249538038]}