{"1": [0.2154352859273793, 0.5775085271976863, 0.5556877236830601, 0.7128349725964678], "2": [0.3514983885020716, 0.6109359440085198, 0.6194356606824861, 0.7519760850395222], "3": [0.3854444248646159, 0.6029548855601599, 0.6296296278441798, 0.757918700527545], "4": [0.3621614889475434, 0.585385080669826, 0.6082094997703296, 0.7338286120220309], "5": [0.4136184712163478, 0.656906245419036, 0.6619504115397707, 0.7831109127305945], "6": [0.44351487152209423, 0.5761285769429245, 0.6423949848010133, 0.7646600588478203], "7": [0.3961608419943827, 0.6685170354487769, 0.6611712332200778, 0.7848035343937274], "8": [0.463015283168887, 0.6749656400871762, 0.6835725257498731, 0.7935951341357484], "9": [0.456552070691298, 0.666031994995995, 0.6808786873423067, 0.7972786584673366], "10": [0.48371530149076314, 0.6790245199086563, 0.6958422255947689, 0.8072701780617528], "11": [0.47832331499181946, 0.6803453164073937, 0.693999270329337, 0.8069703474177116], "12": [0.47963403487457623, 0.6392021168904742, 0.6831377469545616, 0.8011532780525299], "13": [0.4825229030749695, 0.6560326073649225, 0.6881387466960734, 0.8002144569729714], "14": [0.47604565408420685, 0.6232449137431898, 0.6766296726774551, 0.8013807421186867], "15": [0.49281435380795496, 0.686407321490897, 0.7022920092088436, 0.8123148027029271], "16": [0.4578861586399587, 0.6807216182563632, 0.6903084997782687, 0.8067885820309901], "17": [0.4767207759902867, 0.6206581744871392, 0.6732012513842552, 0.787835625122211], "18": [0.49230339690041114, 0.6849635913746134, 0.7013980208622719, 0.8130459639449606], "19": [0.5038884315490538, 0.6673985896531274, 0.6999995742543575, 0.8078988014721908], "20": [0.5090312835011892, 0.6937609772392468, 0.7119646060139876, 0.8193351105930305], "21": [0.4863020767837002, 0.6879767060798573, 0.7038990765407952, 0.8159550342215832], "22": [0.4825961807810715, 0.6447305904265841, 0.6833942385936513, 0.8007608431929472], "23": [0.4962291571472569, 0.6794533389717601, 0.7008969651251865, 0.8087449700453639], "24": [0.4447047276601617, 0.6807323116396957, 0.686161026266436, 0.8033825262406962], "25": [0.4729536334702208, 0.6792916293696735, 0.6894906291950904, 0.8028378184667897], "26": [0.495916722219378, 0.6680803966967607, 0.6959999506433294, 0.8052263950598181], "27": [0.5061812129974959, 0.7010188341921116, 0.7135009252109307, 0.8198088737083883], "28": [0.5186713808533963, 0.6830115441038631, 0.7125539774924402, 0.8181127740428842], "29": [0.5107689754644767, 0.675985838974517, 0.7056077073805723, 0.8111203885991919], "30": [0.5037020951713966, 0.6891270842464327, 0.7105254531816705, 0.8205641671689174], "31": [0.4663248725788405, 0.6872613462879787, 0.694946744752352, 0.8050748836034003], "32": [0.5102015588204775, 0.6806801916549989, 0.7088037138279362, 0.817084205662405], "33": [0.5269459248674251, 0.6859531593618017, 0.7178483207247681, 0.8223784578177741], "34": [0.4979166271426921, 0.6961020041733113, 0.7113144854442928, 0.8224437259816548], "35": [0.5011339810398215, 0.6957695379960684, 0.7125908704878791, 0.8212214990025324], "36": [0.49030347962600695, 0.6614026158864894, 0.6944966276322904, 0.8112292499581183], "37": [0.51697483726851, 0.6759736161829301, 0.7100437333541577, 0.818954183743077], "38": [0.48440827548136167, 0.6565126179264401, 0.6934979318719962, 0.8110602308959847], "39": [0.49991737770616956, 0.6805086291542186, 0.705667667122247, 0.8213999013482891], "40": [0.497070333547842, 0.6417737860693964, 0.6887324535150008, 0.8067345789592959], "41": [0.5188418407924165, 0.6678579226076009, 0.7087508392012154, 0.8148062498773849], "42": [0.5194079422889203, 0.6906890422585412, 0.7152306398318449, 0.8199180166495924], "43": [0.490421846201958, 0.6665793664433386, 0.6980154029026698, 0.8161707879455423], "44": [0.5133261343342919, 0.6900660643347671, 0.7132677349534347, 0.8202415047619872], "45": [0.53693255002208, 0.7086892310755593, 0.7286617257773718, 0.8296470932632322], "46": [0.4937183361942866, 0.6474909807574541, 0.6931022331587191, 0.8115395914712906], "47": [0.496556227021246, 0.6715531249180606, 0.7017454856598755, 0.8123360227998645], "48": [0.507236456828163, 0.6947984175466643, 0.7131049583989018, 0.821560318757484], "49": [0.5051991081691894, 0.6751023359573379, 0.7071613262947971, 0.8165191850161412], "50": [0.529084932785494, 0.6802145643463161, 0.716762850783457, 0.8235142786292378], "51": [0.5189031352733398, 0.6770665188615018, 0.7132140941107039, 0.8176702438477835], "52": [0.5230843130000131, 0.6518706275295055, 0.705894295140667, 0.8238661500974341], "53": [0.5141296899531336, 0.6527619215874322, 0.7029654682467442, 0.8087161134743579], "54": [0.5382129571487692, 0.7031152741023035, 0.7274526528513858, 0.8274716260320705], "55": [0.5227408802046404, 0.7067981255959185, 0.7229748568120488, 0.8268599036675182], "56": [0.5137421935101852, 0.6778003509683039, 0.7114515884378421, 0.8251117032281228], "57": [0.504741349374748, 0.6529518841920228, 0.7002714161950974, 0.8167408756942464], "58": [0.5083401415788144, 0.6461136602983284, 0.6981840405968873, 0.8153702620183025], "59": [0.5260716870694341, 0.6987672197896306, 0.7219591159378735, 0.8265367514436999], "60": [0.5102391107371101, 0.6833122397175087, 0.7117892092436441, 0.821648019829871], "61": [0.5370243716631812, 0.7053981189925321, 0.7279047224985747, 0.829401339936086], "62": [0.533433596222162, 0.6980548620980084, 0.723891827401152, 0.8246705901438127], "63": [0.5290712380206551, 0.681477877460729, 0.7182802713371754, 0.8265007183106223], "64": [0.5242236062843776, 0.6883100847955974, 0.7183523689834437, 0.8288515033401294], "65": [0.49541509026708663, 0.6858040062280385, 0.7076678546307806, 0.8198507085255557], "66": [0.521081134079932, 0.6772253839612683, 0.7130035744655188, 0.8190092553242484], "67": [0.48541802040860493, 0.6693666601684866, 0.6983372909296998, 0.8107015490123035], "68": [0.5197940271915911, 0.6917624987388628, 0.718009251146153, 0.823960171791077], "69": [0.5191381332523348, 0.6630838020092888, 0.707962895519876, 0.8188085186998718], "70": [0.5196125026109635, 0.6873053946476437, 0.7158694250799488, 0.8202306709736562], "71": [0.5160944836285288, 0.6816772653209628, 0.7127920705934234, 0.819884265503765], "72": [0.51631080569909, 0.7003910867928693, 0.7201227663665809, 0.8261306213996875], "73": [0.5122672501514604, 0.6716888461979519, 0.707601218129029, 0.8150763124089861], "74": [0.5353280792415296, 0.6950526601520703, 0.7235530928424118, 0.8257687837157549], "75": [0.5293930439802436, 0.6853305526890031, 0.7177286154297717, 0.8210467983207868], "76": [0.5221850397144783, 0.6822684355668451, 0.712999403733618, 0.8217013864517463], "77": [0.5102607477271855, 0.679727906422928, 0.709155508616097, 0.8154723456246151], "78": [0.5287176207845898, 0.6778094085742106, 0.7153519622674955, 0.8251215874666474], "79": [0.5066948518229257, 0.6471682560523129, 0.6970316636766004, 0.8183986726947127], "80": [0.5155426518873442, 0.6974465040738721, 0.7140301755930101, 0.8184963079586604]}