{"1": [0.29738693886767437, 0.86352097585483, 0.7048313713051425, 0.8082656860351562], "2": [0.5281507210247209, 0.7668148525774912, 0.7576711413436923, 0.8370649549696181], "3": [0.6243990401778187, 0.7429982957247314, 0.7774501445855801, 0.8381008572048612], "4": [0.5662137034380151, 0.6894009388663193, 0.7469959049993427, 0.8252139621310763], "5": [0.5988294983155364, 0.8405521604345546, 0.8045125532682864, 0.8610458374023438], "6": [0.7751282958867441, 0.6445973677567097, 0.7994328690417242, 0.8436364067925347], "7": [0.5746835186261954, 0.8846846263565509, 0.8100998287594943, 0.863205803765191], "8": [0.6882785706209626, 0.8278035142006179, 0.831316120565375, 0.869187249077691], "9": [0.7221659257182753, 0.8250690233290805, 0.8398163753099703, 0.8705113728841146], "10": [0.7770793361336031, 0.828049798091373, 0.8539329377965864, 0.8747812906901041], "11": [0.7357095344158926, 0.821123518402588, 0.8437023200688412, 0.8777592976888021], "12": [0.805834028973819, 0.7476745495241697, 0.8405590523292746, 0.8686489529079862], "13": [0.7817832979267855, 0.7714206255515188, 0.8440002390360486, 0.8705240885416666], "14": [0.8122296085667257, 0.738203246714031, 0.8382125014605951, 0.8680911593967013], "15": [0.7614473370894769, 0.8187246824436093, 0.8536397012798412, 0.8814960055881076], "16": [0.6694141289154891, 0.8765803286852963, 0.8396673812699617, 0.878005133734809], "17": [0.801353681287621, 0.6999732568560414, 0.8285485610141333, 0.8608220418294271], "18": [0.757606103106236, 0.8087884307935831, 0.8499809449044718, 0.8827599419487847], "19": [0.8007509009429321, 0.7678432395420243, 0.8497637704078643, 0.8763919406467013], "20": [0.7944014614160324, 0.8217812443884225, 0.8634473507701043, 0.8849622938368056], "21": [0.7264947422092781, 0.8497476339905803, 0.8512186251188213, 0.8833491007486979], "22": [0.7863104748491451, 0.7362872117974353, 0.835933072534352, 0.8716956244574653], "23": [0.7677030696436073, 0.8077456375982527, 0.8522973924382788, 0.8783891465928819], "24": [0.6290106818215089, 0.8891365858952175, 0.8319547186497646, 0.8769412570529513], "25": [0.7086663018041633, 0.8035032936728591, 0.8340635801200351, 0.8776431613498263], "26": [0.771519868421281, 0.7698664915788144, 0.8433730608108859, 0.8767327202690972], "27": [0.7573600730404763, 0.8585790830403655, 0.8634094654079423, 0.8867373996310763], "28": [0.8133086608005909, 0.799121929430817, 0.8626385207045343, 0.8829523722330729], "29": [0.7920240613725542, 0.7783028435960876, 0.8523577413727733, 0.8797319200303819], "30": [0.752842464703969, 0.8348218248255473, 0.8554272240338099, 0.8868679470486112], "31": [0.6562003601984981, 0.8685206606377359, 0.8374867440247226, 0.8794258965386285], "32": [0.8100575667217291, 0.7946459357154225, 0.860182609230573, 0.8822597927517362], "33": [0.84685290927506, 0.7909035883860502, 0.8694877251754378, 0.8847020467122396], "34": [0.7568075782443642, 0.8682000531002881, 0.8637293639913987, 0.8876834445529513], "35": [0.7329226168050564, 0.8677664186874, 0.8580033532860613, 0.8870154486762153], "36": [0.7222434656235696, 0.7949715754382005, 0.834845854720024, 0.8817367553710938], "37": [0.8475629485870234, 0.7892426603240763, 0.8673600596665715, 0.881514655219184], "38": [0.7315919344825287, 0.804625067124815, 0.8380566718450948, 0.8787731594509549], "39": [0.7501840343593713, 0.8261700468683655, 0.8528063305801105, 0.8890643649631076], "40": [0.8084840236600471, 0.7285292867398805, 0.8404185666533878, 0.8757052951388888], "41": [0.846215333320195, 0.7653041533581737, 0.8618212498500795, 0.8790164523654513], "42": [0.775926728426311, 0.8150991187844512, 0.8585412193918273, 0.8872587415907118], "43": [0.7270361823462079, 0.8088466092534858, 0.8403252193615633, 0.8858083089192709], "44": [0.7838969133589181, 0.813385958571611, 0.8586108649239641, 0.8867823282877604], "45": [0.8003096247953627, 0.8385836292312956, 0.872153295610859, 0.8934945000542535], "46": [0.7868663819814757, 0.7890154643576645, 0.8469604960083861, 0.8778805202907987], "47": [0.7587774213727425, 0.7963040012440288, 0.8452730093484325, 0.8804617987738715], "48": [0.7567316446032012, 0.8597808165452755, 0.861565563885667, 0.8875172932942709], "49": [0.7692438018357737, 0.8240830681414844, 0.8559574424384635, 0.8831982082790799], "50": [0.821835985432962, 0.7850343940896397, 0.8627979043185229, 0.8877063327365451], "51": [0.8263256120188299, 0.7911118355448368, 0.8629806237961123, 0.8814061482747396], "52": [0.847914671091295, 0.7454950438269853, 0.8571398694788258, 0.8870357937282987], "53": [0.8386560124340842, 0.7477591416428249, 0.854588839554716, 0.8748804728190104], "54": [0.7943827327925057, 0.8261737473441645, 0.8674199223552317, 0.891707526312934], "55": [0.7349083290802082, 0.8698661790816093, 0.8606072726706269, 0.8925916883680556], "56": [0.780080989726696, 0.8092752583696992, 0.8554149369018985, 0.8888888888888888], "57": [0.7846313865300818, 0.7794743082423543, 0.846091557358768, 0.88201904296875], "58": [0.8091990966348055, 0.7508294021931091, 0.846538474903102, 0.8813273111979166], "59": [0.7781322707289239, 0.8568078337224181, 0.8683349369421965, 0.8909166124131944], "60": [0.7815942755942271, 0.8171003245608782, 0.8595380817514149, 0.8867518107096354], "61": [0.8119725399133911, 0.819736107530245, 0.8707324596465623, 0.8927264743381076], "62": [0.8036516241104628, 0.8197003823211829, 0.8670634695422995, 0.8890940348307291], "63": [0.8194132846390585, 0.7878740032742529, 0.862430838656448, 0.8890804714626737], "64": [0.7945796094196429, 0.8112514274132758, 0.8617121978586169, 0.8922653198242188], "65": [0.7415930418610122, 0.8439350802851975, 0.8511261852049906, 0.8843782212999132], "66": [0.8110791195122334, 0.7876150207768889, 0.8579270394362085, 0.8836271497938368], "67": [0.7557407553777106, 0.8141923383018421, 0.8451026454355917, 0.8769929673936632], "68": [0.8003907658266, 0.8203574116958915, 0.8653252223582315, 0.8882039388020834], "69": [0.8144147810705498, 0.7748704242977483, 0.854741522875097, 0.8829888237847222], "70": [0.7918053638011098, 0.8286228268215953, 0.8642153680458341, 0.8852216932508681], "71": [0.7962542545730947, 0.8032135382222104, 0.8584354608660612, 0.8848436143663194], "72": [0.7537979959793855, 0.8583808746537578, 0.8616914602169415, 0.8902740478515625], "73": [0.8089348634962247, 0.7886094942816948, 0.8572891889618529, 0.880997551812066], "74": [0.8187511278724672, 0.8042491160952171, 0.8672533825800955, 0.8896764119466146], "75": [0.8159343360093161, 0.7830433296562842, 0.8599335502687091, 0.8858295016818576], "76": [0.7904853588521036, 0.7991841985360563, 0.8566213126131925, 0.8876953125], "77": [0.8005224543734204, 0.8232743606969218, 0.8641167305415711, 0.8817104763454862], "78": [0.7999598801148327, 0.7974313603223911, 0.8587615622917573, 0.8894483778211806], "79": [0.8302432553579305, 0.7649445210327794, 0.8531997857319775, 0.8826887342664931], "80": [0.7535773988934169, 0.8367872270954284, 0.8579823248641155, 0.8881429036458334]}