{"1": [0.6408939885219012, 0.6749657998826829, 0.7489172668204436, 0.7969529893663194], "2": [0.41803782496932207, 0.9020697449930666, 0.7608660781629284, 0.8340403238932291], "3": [0.5971766853048119, 0.8314417733911499, 0.7996331175209193, 0.8481292724609375], "4": [0.5591737198916883, 0.8541878312424945, 0.7973973888389062, 0.8503070407443576], "5": [0.6453987059272529, 0.8393481107599353, 0.8187125014629539, 0.8597242567274306], "6": [0.4991476297972281, 0.8954770544757702, 0.7920111352076931, 0.8564385308159722], "7": [0.7018550373988887, 0.7842823194528441, 0.8223587762061135, 0.863922119140625], "8": [0.7688287514089074, 0.6974365553305767, 0.8142835021160191, 0.8595292833116319], "9": [0.6823656316698739, 0.8535469389745698, 0.8322872988570711, 0.8671798706054688], "10": [0.7270838121776294, 0.7907689284484984, 0.8302123946256607, 0.8698984781901041], "11": [0.7743826670019653, 0.7611815446330361, 0.8351176740982107, 0.8689261542426215], "12": [0.6874847491491882, 0.8315840061937718, 0.8327120051283157, 0.8744379679361979], "13": [0.737407827116832, 0.736334112175152, 0.8193968208764992, 0.8678868611653646], "14": [0.7667668832889695, 0.7108962721831084, 0.8191814557373737, 0.8673841688368056], "15": [0.8569254252894429, 0.6229915428072201, 0.8143280953550321, 0.8536588880750868], "16": [0.7888995475539152, 0.7132971101270964, 0.8254646582672078, 0.8702028062608507], "17": [0.8083274790693011, 0.699869431849389, 0.826080468891567, 0.8687362670898438], "18": [0.8345268660745113, 0.5991179217026421, 0.8040993147211254, 0.8559273613823785], "19": [0.6921938211974717, 0.8059790405288874, 0.8265822507886283, 0.8778059217664931], "20": [0.7844601053665643, 0.755334517181802, 0.8333574074578735, 0.8720431857638888], "21": [0.7961022979719944, 0.7135797817074753, 0.8286596050782612, 0.8711776733398438], "22": [0.7555304638932051, 0.7840384467227928, 0.8387445284233461, 0.877732170952691], "23": [0.7802561856198942, 0.7169757273127767, 0.8261868831496169, 0.8750932481553819], "24": [0.6888473688601643, 0.8213792789882102, 0.8291741470790472, 0.880049811469184], "25": [0.7551959078326156, 0.7925807940419105, 0.8398848396176751, 0.8799370659722222], "26": [0.7889027862326659, 0.7215186596330516, 0.8299410101007727, 0.8753238254123263], "27": [0.8035454857633566, 0.6867712202118642, 0.821849250655543, 0.8725713094075521], "28": [0.79134116591599, 0.7383287677501289, 0.8350784071525104, 0.8770217895507812], "29": [0.8020863956954662, 0.6766998869776623, 0.8202874875077255, 0.8710047403971354], "30": [0.8290960422648241, 0.719525554082041, 0.8402788345292742, 0.8730994330512153], "31": [0.7113467591924219, 0.841882099213585, 0.8411193807534671, 0.8819681803385416], "32": [0.8192002864981376, 0.5633022773526655, 0.7892777591509978, 0.8544523451063368], "33": [0.7900663534171863, 0.7590032771163292, 0.8414894218647117, 0.8793648613823785], "34": [0.7790233925167309, 0.7264160525110596, 0.8295387620300902, 0.877547370062934], "35": [0.6982905201013074, 0.8604793389083784, 0.8420598139771722, 0.8816986083984375], "36": [0.6960734503394904, 0.8357271487522331, 0.8359921606419005, 0.8841552734375], "37": [0.74123624351688, 0.8282156383301885, 0.8471034828877824, 0.8835779825846354], "38": [0.7325132644110312, 0.8192936184233142, 0.8423664155049627, 0.8842942979600694], "39": [0.7295341284112499, 0.8158503346532848, 0.8414309891121706, 0.8856981065538194], "40": [0.7960271973935314, 0.7550493656271534, 0.8418977633431249, 0.881607903374566], "41": [0.790866527762959, 0.7129437479032164, 0.8286845031701522, 0.8774346245659722], "42": [0.7839607620989155, 0.7448694949649585, 0.8350938837112499, 0.8767632378472222], "43": [0.7038817674996326, 0.8550402131030309, 0.838622403186765, 0.880171881781684], "44": [0.830471695242009, 0.7308209788846339, 0.8407149907472327, 0.8775948418511285], "45": [0.8261765419043804, 0.7043990497573526, 0.8333371196258847, 0.8771743774414062], "46": [0.6896337365697277, 0.8388529948393033, 0.8344103921709297, 0.8846952650282118], "47": [0.818469526629294, 0.6996295721998242, 0.831269783987447, 0.8776448567708334], "48": [0.7165548497351394, 0.8472833556243274, 0.8456500924645372, 0.8857048882378472], "49": [0.6626026186763122, 0.8660505887435705, 0.8345267399485662, 0.8831075032552084], "50": [0.7738430560226892, 0.7685780719163657, 0.8408517486205511, 0.882277594672309], "51": [0.7683007013822631, 0.7806411008737799, 0.8421499562505633, 0.8853624131944444], "52": [0.7469409859868293, 0.8057845951934529, 0.842085826983499, 0.8847537570529513], "53": [0.6660420122386375, 0.8552428083567984, 0.8321723099703927, 0.8841722276475694], "54": [0.7774180667400654, 0.7849205339921971, 0.8450977708260908, 0.8842298719618056], "55": [0.6924753530147882, 0.8534316380061256, 0.8406119776082044, 0.8866636488172743], "56": [0.7699070762277007, 0.8316547196488632, 0.8515919612548848, 0.8780364990234375], "57": [0.6938609163195169, 0.8688463386093376, 0.8441742967581108, 0.8852886623806424], "58": [0.6989085539798809, 0.8314601442115986, 0.836183140412058, 0.8853827582465278], "59": [0.7965912930338412, 0.7540247162833511, 0.8410883189936932, 0.8837619357638888], "60": [0.7475344156947763, 0.7989286706752958, 0.8382721259086116, 0.8852352566189237], "61": [0.8792032841677658, 0.6151485373322377, 0.8206251224436922, 0.8613128662109375], "62": [0.8401990728112124, 0.6883077699394453, 0.8352288780893459, 0.8718990749782987], "63": [0.8283926773451905, 0.6602860041906032, 0.8227323349422414, 0.8698026869032118], "64": [0.7921079239446072, 0.7354610206335254, 0.8353476698246889, 0.8817460801866319], "65": [0.648192953337699, 0.8737215211802266, 0.8328188611558706, 0.8857209947374132], "66": [0.720559172197236, 0.8163062698354789, 0.8381942301133702, 0.8879224989149306], "67": [0.6794945516410088, 0.866612833263363, 0.8352794202152606, 0.8811094495985243], "68": [0.7986580127283407, 0.8091564948413587, 0.8534964001426212, 0.8813383314344618], "69": [0.7431395123516575, 0.8044944296579357, 0.8380063315946154, 0.8857947455512153], "70": [0.8181228451223311, 0.7158141225996115, 0.8359020396525725, 0.8792402479383681], "71": [0.7668061788346675, 0.7907939000023871, 0.8412017565696657, 0.8852166069878472], "72": [0.8119195388877973, 0.7069061566806522, 0.8326171195188095, 0.8768200344509549], "73": [0.8176207128395324, 0.7353525858377551, 0.8390405700865349, 0.8805372450086806], "74": [0.6125448846087749, 0.8771601242151761, 0.8231536077676782, 0.883772956000434], "75": [0.7204167484112094, 0.8418737214101083, 0.842393133729925, 0.8873316446940104], "76": [0.7361632129078355, 0.8108136913655103, 0.8413322638771347, 0.8890177408854166], "77": [0.8500396559944375, 0.6779588679746822, 0.8343155221719873, 0.8729027642144097], "78": [0.8022326432493129, 0.7516193817583013, 0.8420920325095296, 0.882049560546875], "79": [0.7236657273350777, 0.8504453908579012, 0.8465836889493507, 0.8874393039279513], "80": [0.7665475177585657, 0.793343822043389, 0.8431492823511957, 0.8885201348198785]}