{"1": [0.3488160641503301, 0.5196371413090384, 0.5805737892409978, 0.7154997275780965], "2": [0.2935093701140169, 0.6222554710945425, 0.6009424334012857, 0.7432005292989445], "3": [0.37063488312907666, 0.628176123449055, 0.6326880849737864, 0.765469318326488], "4": [0.3687735221371224, 0.6459715917873599, 0.6359880673026876, 0.7633740394388878], "5": [0.40484677645847744, 0.648011658238517, 0.6556757404963812, 0.7827609422348447], "6": [0.3592971350537365, 0.6541913721755668, 0.6403746110147934, 0.7703289579306626], "7": [0.43942898236181654, 0.6417926176890149, 0.6662155231324527, 0.7884125208979923], "8": [0.44139304283757314, 0.585384594870126, 0.6493382244442834, 0.7864107499457376], "9": [0.4249352355378377, 0.6615081414440904, 0.670582042444574, 0.7958694725119227], "10": [0.4485167533719234, 0.6403313866081272, 0.6719685179862801, 0.7990361080877286], "11": [0.46197610666416433, 0.6389907863278281, 0.6766304986731597, 0.7999931231483663], "12": [0.45267660718047203, 0.6698725527527671, 0.6830009125618847, 0.8021158198831856], "13": [0.46282263512998584, 0.6243870084718625, 0.6704214653749194, 0.7948383284372588], "14": [0.45913341562809007, 0.6005889775871692, 0.6625386853484395, 0.7963305794024825], "15": [0.4635272762091358, 0.5495162138473031, 0.6484137797913854, 0.7856615951344238], "16": [0.4690804772289898, 0.6049599116536404, 0.669309180425175, 0.8024045346481379], "17": [0.47068919274018123, 0.5958425671217423, 0.6669679710196887, 0.8018947598060336], "18": [0.4635005486451186, 0.5320070242685808, 0.6429572967923072, 0.7858921608696003], "19": [0.46050311551361384, 0.6513872819958355, 0.6811847340729851, 0.8071302648225699], "20": [0.46423728430019384, 0.6176405572583703, 0.671833750145848, 0.8064167481868085], "21": [0.4789850461891969, 0.6105281330603889, 0.6749825228329582, 0.8037793786767629], "22": [0.479766713266197, 0.6533697317269447, 0.6897630029614306, 0.8103906600249436], "23": [0.48428043348711464, 0.6174930346217955, 0.6788369995264434, 0.8073214198335692], "24": [0.4604926565433754, 0.6522656345423251, 0.6829009111829896, 0.8111753797845568], "25": [0.479444580918382, 0.6545300633094628, 0.6903713441246422, 0.814103202735926], "26": [0.4852193065232603, 0.6202686790485344, 0.6803897877776945, 0.8081015833127503], "27": [0.4762904098964024, 0.5885916985706622, 0.6671395134124344, 0.8060439320585915], "28": [0.48998311521310706, 0.6308999299208451, 0.6863756967881453, 0.8113281751830287], "29": [0.48454262177271396, 0.594429332960944, 0.6712512842383966, 0.8026643137595784], "30": [0.489695116001938, 0.6321362926049613, 0.6866001955852217, 0.8080935685746176], "31": [0.47134061372354547, 0.6757794978515841, 0.6946316253278967, 0.8150164038497207], "32": [0.46264804180096486, 0.5131702899586383, 0.6358318549157465, 0.7820062862074469], "33": [0.4885825270374653, 0.6498893704311507, 0.6918405941512565, 0.8136843323022981], "34": [0.4924463564505548, 0.6316727479919245, 0.6859384613654503, 0.8096346759804809], "35": [0.4634812500310334, 0.6798577168181342, 0.6937241894600727, 0.8149746787222519], "36": [0.4776403219336672, 0.6701990823522969, 0.6952920473976828, 0.8168857823742051], "37": [0.4838110893585382, 0.6787684266782683, 0.7003953731028313, 0.8180906745919525], "38": [0.4826320294291845, 0.6741199369861816, 0.6986370618251208, 0.8183509433273655], "39": [0.49736883542968224, 0.6824266203001047, 0.7058928583185109, 0.8194459527982554], "40": [0.4930201576596321, 0.6468340219316973, 0.6923647621749399, 0.8168300445006039], "41": [0.49143231092880296, 0.6227403824343324, 0.6832165697955974, 0.8102686729065256], "42": [0.4906402325370126, 0.637844585231379, 0.688942126308547, 0.8104181686490279], "43": [0.4671199794118937, 0.6677600513603872, 0.690170337209222, 0.8140586602435609], "44": [0.49185491470384773, 0.6303140698838178, 0.686356608368063, 0.8146608907982743], "45": [0.49184466182215947, 0.6124669913902505, 0.6813185707836033, 0.8133161589187099], "46": [0.4700770585394151, 0.6632103889567141, 0.6907173855038234, 0.8172683228519324], "47": [0.4958846932703413, 0.6154487801840312, 0.6836116084913534, 0.8127497759174964], "48": [0.4943877392493304, 0.6902960874741724, 0.707575439688096, 0.8195480970880947], "49": [0.46858014130406067, 0.6802212148963653, 0.6954924703545892, 0.8145293893155432], "50": [0.5029171372601327, 0.6583227494643453, 0.6994734775016316, 0.8163171312400377], "51": [0.5043121947789178, 0.6617619817336952, 0.7015718028118517, 0.8204349500034893], "52": [0.49186826107828147, 0.6639490575839991, 0.6982834066189803, 0.8196908687688138], "53": [0.46880095370763725, 0.6706540307933111, 0.6930796544692036, 0.8165070539239357], "54": [0.5040289716693108, 0.6635147632999214, 0.702421049375703, 0.8200244857578699], "55": [0.48359212010831043, 0.6860884488215477, 0.7032844210475293, 0.8201383566638817], "56": [0.4867335013854826, 0.6803354611420394, 0.7000608347690981, 0.8132116876209438], "57": [0.48584913930874674, 0.6917079032033574, 0.7055355933466126, 0.819046610331341], "58": [0.47645425855799545, 0.6704245413468124, 0.6950966974496997, 0.8178894602418264], "59": [0.5039965105703175, 0.6495237099944329, 0.6977825105983163, 0.8201254603920619], "60": [0.49134795214091653, 0.6536301936224815, 0.6949475768849622, 0.8206152874504422], "61": [0.4858814396792799, 0.5620506910802017, 0.6623558800669554, 0.7952189739114277], "62": [0.5007870322076302, 0.6240956450125923, 0.688141285639204, 0.8061342515072406], "63": [0.49615044012616427, 0.5957060593223255, 0.6764193684565136, 0.8025139307106957], "64": [0.49761502504039407, 0.6357816848846772, 0.6904566440028448, 0.8162799966440225], "65": [0.4692645382112991, 0.6857473156112616, 0.6979677690636377, 0.8172994794271355], "66": [0.4897525366779637, 0.6681176215289822, 0.6991350121819049, 0.8218820541849255], "67": [0.4628886786132213, 0.6722745970383546, 0.6908050156254936, 0.81462312120702], "68": [0.4961237869927074, 0.6729332823137478, 0.701004042218577, 0.8181239784050628], "69": [0.4963965623191316, 0.660074751148632, 0.69889604538399, 0.8217071469534362], "70": [0.5062667378426602, 0.6331357260732392, 0.6932221985951464, 0.8150344587567234], "71": [0.4975500593614541, 0.65771944460006, 0.698307964611156, 0.821620702449832], "72": [0.5035155565723268, 0.6241856371519512, 0.6887888638492697, 0.8109841007848022], "73": [0.4928113927396582, 0.6256502861223328, 0.685757125367195, 0.8172581570814446], "74": [0.4562595842190066, 0.6766554599858681, 0.6901339283641672, 0.8128517251798026], "75": [0.49488248895804365, 0.6774342210545388, 0.7038394163563793, 0.8226158606713239], "76": [0.5039378975187867, 0.6768657982314891, 0.7066573957842838, 0.8239381530255326], "77": [0.5019409678267804, 0.61230583837812, 0.6842978780673445, 0.8077798169244658], "78": [0.5101709817057574, 0.6502929515701914, 0.7001363792960458, 0.8182912531933157], "79": [0.4965767497667368, 0.686757200151465, 0.7077372860928549, 0.8233090559955577], "80": [0.5041056302110035, 0.6651980459446966, 0.7032073312688454, 0.8252012665454984]}