{"1": [0.37069574412497625, 0.5757372274813485, 0.6136564517793953, 0.7482592593455328], "2": [0.40205124400305964, 0.6290431042642537, 0.6470825577530429, 0.7741692761205603], "3": [0.42263787209037496, 0.6397863614844619, 0.6595449077434978, 0.7849797340755866], "4": [0.4241246707609599, 0.637352127798677, 0.6525805598315068, 0.7727335477868592], "5": [0.45860283817362146, 0.6177549039918369, 0.6674063573439633, 0.7911663492180323], "6": [0.449143668191856, 0.6675913649147425, 0.6815246857320968, 0.8012085074408556], "7": [0.41360907580931094, 0.6716766975205815, 0.6705110228120648, 0.7906556027729033], "8": [0.43490316827711817, 0.6767268654762972, 0.6811233074139103, 0.8000663746828598], "9": [0.4259506261776137, 0.6754747683629169, 0.6780065606717115, 0.7992544167433877], "10": [0.45990628294612745, 0.6859338700563675, 0.691682845868558, 0.8072207630997891], "11": [0.4579331011485882, 0.6885527417491677, 0.6933721330413548, 0.8092296445399962], "12": [0.4963863534838574, 0.6598109804576718, 0.6977474641554094, 0.8147674946057681], "13": [0.49481062729237985, 0.6891419374923535, 0.7073168776586668, 0.8195868568511606], "14": [0.4790363547725598, 0.6005668246488974, 0.670864300326708, 0.7963237148502963], "15": [0.5058507583682755, 0.6784076855428244, 0.7083427103956788, 0.823291665091919], "16": [0.46293838228643314, 0.6883612995992517, 0.6959588847262493, 0.8140307986045685], "17": [0.49999768855325566, 0.6883474245268812, 0.7083400173352572, 0.822357584092285], "18": [0.47946647070085363, 0.6947827509118906, 0.7045535889825467, 0.8195895816879119], "19": [0.5029302535710629, 0.677283858792127, 0.7049843656448954, 0.8208151962850306], "20": [0.500754726974865, 0.6965245492346127, 0.7108505902457787, 0.8237083041337802], "21": [0.5002729642367724, 0.7034112335527261, 0.7153232600906484, 0.8275794271771828], "22": [0.5023210967767324, 0.7071472740714113, 0.7162314939975192, 0.8263836283917319], "23": [0.5006890609031787, 0.7099316858574041, 0.7172989246310266, 0.8266891114585234], "24": [0.5143199623629972, 0.6514365892569363, 0.702447347188058, 0.824997290731185], "25": [0.5215053577635794, 0.7129314732236045, 0.7241444975650274, 0.8301112832221396], "26": [0.5234197025181728, 0.7041508566808491, 0.7223009751883667, 0.8312597230600307], "27": [0.52643796129923, 0.6968297686522975, 0.7221323369972381, 0.832409420674762], "28": [0.521493279648214, 0.7104165229670542, 0.7250318559885576, 0.8328443062572141], "29": [0.5283719984939506, 0.6927335914063528, 0.7215533133648281, 0.8327923247370728], "30": [0.528360251999508, 0.7180987025323007, 0.7302879023454991, 0.8369585472567567], "31": [0.5313645946218442, 0.7021823672966925, 0.725433408418411, 0.836428494916498], "32": [0.5332357883249617, 0.701015977392067, 0.7261066419995424, 0.8368911471404469], "33": [0.5391886399687108, 0.7147726267610668, 0.7326214540316401, 0.8379776084105569], "34": [0.5333595361703696, 0.689296367728494, 0.7221590861565216, 0.8315203855631262], "35": [0.5410808100748375, 0.7175809479686815, 0.7346266610265162, 0.8415110981513725], "36": [0.49925650510308495, 0.7169152408327122, 0.7204810824793235, 0.8300219427883487], "37": [0.5454257773893192, 0.7162876640559535, 0.7350750366137855, 0.8395799037936665], "38": [0.5180005344513511, 0.725366632248259, 0.7265344139520474, 0.8330075931053806], "39": [0.5275477109077721, 0.7287325185560782, 0.7337292546376858, 0.839966161723617], "40": [0.4786579825335343, 0.7097592425374784, 0.7111690769305568, 0.8241956793534695], "41": [0.49694250600468615, 0.7148838799464372, 0.7188690072554652, 0.8300616434180169], "42": [0.5484987663970862, 0.718470187546267, 0.7374439315093567, 0.844903917398351], "43": [0.5320430367767314, 0.66737442288046, 0.7149433245555344, 0.829083326778093], "44": [0.5312878024216761, 0.7284919865312512, 0.7348155857508867, 0.8408881808920198], "45": [0.4968395461347872, 0.7162797218189706, 0.7197746545648808, 0.8300754021420683], "46": [0.547169326065392, 0.7270022198795268, 0.7397556735528127, 0.845410041471959], "47": [0.5359850222709328, 0.7265526766264974, 0.73622803672644, 0.8421282594755015], "48": [0.5350781249714198, 0.7313719384459094, 0.7366492713774057, 0.8414352863223233], "49": [0.5501755241842594, 0.7369331908270829, 0.7440630763741513, 0.8482889812618983], "50": [0.4989692416784993, 0.7226790262377222, 0.722067030967709, 0.830089036122883], "51": [0.5264917395279423, 0.7318709551547525, 0.7339158796174758, 0.8389437078196121], "52": [0.552769974449401, 0.7244204359626977, 0.740267690864004, 0.8461491680289295], "53": [0.5345680611397273, 0.730922667773872, 0.7370226956686309, 0.8425159160707474], "54": [0.5536688231951996, 0.7135708317943166, 0.7371182385213471, 0.8452129697903626], "55": [0.5453711596200175, 0.7402969950078206, 0.7442044361415624, 0.8463383577426146], "56": [0.5076888050799121, 0.7147675498840117, 0.7229241182696754, 0.8347711614999732], "57": [0.5362754177910272, 0.7353022920324094, 0.7396019468324952, 0.844998029882561], "58": [0.5609106057732962, 0.7197331751122633, 0.7424051383267165, 0.8480863525416883], "59": [0.5576541667681174, 0.7126837005968728, 0.73808061043738, 0.8496504688280937], "60": [0.504891588305719, 0.7278574703192139, 0.7252720601151681, 0.8320040893644554], "61": [0.5429683394703424, 0.7368068710928434, 0.7421923964037128, 0.8455216793229684], "62": [0.5452142792523309, 0.7314224593025085, 0.737108391401173, 0.8381230588625779], "63": [0.5698745589932892, 0.7411206643718093, 0.7529269411149531, 0.853720977661714], "64": [0.5664145674449409, 0.7457681401478624, 0.7519721566336421, 0.8497253063981938], "65": [0.5689732754151661, 0.7293742512198572, 0.748218909847314, 0.8507501812187988], "66": [0.5303510307864252, 0.7257980892540421, 0.7339326382059501, 0.8420601016647398], "67": [0.5481568690321338, 0.7397847864121594, 0.7449350996883731, 0.845877665571649], "68": [0.44385023857193245, 0.7069568306810782, 0.6988795508423638, 0.8173554338817983], "69": [0.5643971280461739, 0.7408522279447379, 0.7499950028949446, 0.8510386714893616], "70": [0.5640293810716843, 0.7187376128912958, 0.7434287986413962, 0.8455627585240023], "71": [0.5536529907541857, 0.7437588558186381, 0.7481297688714291, 0.850444436918648], "72": [0.5758586148736472, 0.7516787091506393, 0.7577882657563796, 0.8569531354769364], "73": [0.5695352901670269, 0.7185758623044038, 0.7446485202427832, 0.8489921758105734], "74": [0.5183717815953295, 0.7245051519739858, 0.7299296594797254, 0.8375719805288804], "75": [0.5631782128329286, 0.7001463347904379, 0.7367106926621312, 0.8518946811849403], "76": [0.559986408170689, 0.7433924390751826, 0.750050452971553, 0.8513023170173615], "77": [0.571535572968806, 0.7258133712243038, 0.7462385132678189, 0.8462107311324814], "78": [0.5789664909711324, 0.7467224931843186, 0.7576046310973718, 0.8568518308438516], "79": [0.5387558968140026, 0.7351788499946411, 0.7402998496377136, 0.8440542257560768], "80": [0.5740186337596606, 0.7404310737648083, 0.7523395435708629, 0.8514781407672137]}