{"1": [0.6753216990070603, 0.7507761063060946, 0.7926619919566018, 0.8278232150607638], "2": [0.6680835406064205, 0.831863629456737, 0.8197526107050194, 0.8503528171115451], "3": [0.6956275044127753, 0.8221611723699903, 0.8272801227780869, 0.8593809339735243], "4": [0.6604108851673177, 0.7668952205582594, 0.8059383916789716, 0.8563656277126737], "5": [0.8205909353164019, 0.7326451168731237, 0.8365943958022338, 0.8592961629231771], "6": [0.6787662555609443, 0.8438893632418473, 0.8331586747161943, 0.8734181722005209], "7": [0.5485276865813051, 0.9068146034772401, 0.8117394413922187, 0.868483649359809], "8": [0.613814386343006, 0.8892784682965007, 0.8268957926713908, 0.8737301296657987], "9": [0.5966703008936995, 0.8916910998077676, 0.8214384254923452, 0.873154534233941], "10": [0.6564064372006646, 0.8696105933612984, 0.8357913490881761, 0.8797064887152778], "11": [0.6330574966803499, 0.8902622835713598, 0.834093860655378, 0.8809221055772569], "12": [0.808123946247497, 0.7679889168549994, 0.8494825710379494, 0.8798116048177084], "13": [0.7358025945515164, 0.8395236318151802, 0.8501966206323934, 0.8854912651909722], "14": [0.8065629360762697, 0.669735185601025, 0.8201057084032746, 0.866668701171875], "15": [0.784294482057293, 0.799343713840606, 0.8525300378790467, 0.8867340087890625], "16": [0.6791352142541421, 0.9012098723817764, 0.8459336761650306, 0.8809712727864584], "17": [0.7261363455076152, 0.8176789230242671, 0.8423172586967295, 0.8892449273003472], "18": [0.6643911266520863, 0.8823199784634019, 0.8413003563985579, 0.887709723578559], "19": [0.7980068980416551, 0.803979850276941, 0.8522188583696795, 0.883499993218316], "20": [0.7258012415447971, 0.8380003647587576, 0.8489666160162109, 0.8908911810980903], "21": [0.7110303890070429, 0.8753050684315737, 0.852422322712374, 0.8916753133138021], "22": [0.6959418992340092, 0.8615083164370098, 0.8469866430388896, 0.8927493625217013], "23": [0.6789755181625667, 0.8865570770470713, 0.8480760289570244, 0.892608642578125], "24": [0.8348613200627931, 0.7563002130309628, 0.8519560231493073, 0.8864491780598959], "25": [0.7249018278701306, 0.846069164125743, 0.8519373990466049, 0.8956052992078993], "26": [0.7411636952051509, 0.828104441440149, 0.8510411124180783, 0.8958214653862847], "27": [0.7868960205849181, 0.8159242830043609, 0.8598225495846911, 0.8942413330078125], "28": [0.739675497699213, 0.8517354222155366, 0.8567791613467597, 0.8958519829644097], "29": [0.8073313211340439, 0.7904118639174984, 0.8590074612115222, 0.8947041829427084], "30": [0.7442955423713037, 0.8614756109951724, 0.8615252196204787, 0.8990843031141493], "31": [0.807418942163558, 0.824686882427112, 0.8650786552463687, 0.8962164984809028], "32": [0.7897540997491763, 0.8168553986174133, 0.8608004870004903, 0.8980458577473959], "33": [0.7769094872963151, 0.8353255720960576, 0.8635116665713525, 0.8991504245334201], "34": [0.8604443402780753, 0.7738697367875719, 0.8680993525697792, 0.8919381035698785], "35": [0.7941835268466881, 0.8311716402788146, 0.8676785692770961, 0.9018512301974826], "36": [0.6387425325510084, 0.9180841132390977, 0.8442210476517373, 0.8956027560763888], "37": [0.7811277234953415, 0.8267164987814176, 0.8625444204030175, 0.9006966484917535], "38": [0.6725176030178659, 0.8744261098490029, 0.8454013516484586, 0.9001439412434896], "39": [0.7052782015077578, 0.8928774608541338, 0.8568915763923772, 0.9016520182291666], "40": [0.5947662015038048, 0.9351150930199932, 0.8342994089430636, 0.8917304144965278], "41": [0.6406788027190569, 0.9216370236913846, 0.8447013348139917, 0.8955281575520834], "42": [0.7846367998093718, 0.8426689671383467, 0.8668463172901629, 0.9042655097113715], "43": [0.8574916696353125, 0.7321988987452313, 0.8544266240334762, 0.890669928656684], "44": [0.7178881783180642, 0.880211393281374, 0.8596412511658406, 0.9031278822157118], "45": [0.63552111605028, 0.9311999843651956, 0.8457890560977867, 0.8951924641927084], "46": [0.7410789766485151, 0.8639736858163164, 0.8615452051536931, 0.9060677422417535], "47": [0.7297500148639521, 0.8836302781697218, 0.8632406695087049, 0.9031999376085069], "48": [0.699195928918017, 0.8877072843558272, 0.8569113245606474, 0.9045511881510416], "49": [0.7239555815821999, 0.8787432312097869, 0.8603513769771245, 0.9089618259006076], "50": [0.6060845931025929, 0.9288465748659721, 0.8390266069242169, 0.8974032931857638], "51": [0.6674787251304121, 0.903828471111091, 0.8517930100264275, 0.9033092922634549], "52": [0.7815849338857532, 0.8314683397352118, 0.865732542513582, 0.9068891737196181], "53": [0.7066533114804903, 0.9075680147895326, 0.86101208394331, 0.903733147515191], "54": [0.8131420611698, 0.7926406784478475, 0.8632569631635879, 0.9055591159396701], "55": [0.7019899987346642, 0.9002528681873081, 0.8609863743699541, 0.9075046115451388], "56": [0.6417784186450001, 0.9201992564253236, 0.8446318413333899, 0.8990232679578993], "57": [0.6818923444689314, 0.912697662610677, 0.8572884550847437, 0.9066874186197916], "58": [0.8104319617254181, 0.8092166769294119, 0.8661727239172913, 0.9068628946940104], "59": [0.7784585315356533, 0.8058532447695805, 0.8561201131745886, 0.9095077514648438], "60": [0.609199055207104, 0.9212257435391926, 0.838803205975796, 0.8996709187825521], "61": [0.6987935372801742, 0.9217072252400763, 0.8635860176278177, 0.9063652886284722], "62": [0.7272533487071317, 0.8483845572277652, 0.8554748516729099, 0.9034712049696181], "63": [0.7905557330051014, 0.8631536570466813, 0.8756958190926931, 0.9112489488389757], "64": [0.7407968423006623, 0.8781317241321004, 0.8680707867323723, 0.9103902180989584], "65": [0.8050407127121336, 0.8208448196538598, 0.8695028897134541, 0.9096043904622396], "66": [0.6624554817338542, 0.8963611157941154, 0.8471639992602912, 0.9053887261284722], "67": [0.6861181317952898, 0.9262902881218025, 0.8608433074342671, 0.9066704644097222], "68": [0.5087449441645147, 0.9516935424011457, 0.8133668918911292, 0.8885099622938368], "69": [0.7701858424815727, 0.8519348049280114, 0.8686398746224508, 0.910599602593316], "70": [0.8400105240854823, 0.7967108531087044, 0.8713336150345206, 0.904510498046875], "71": [0.7044355301397305, 0.9167683738358712, 0.8636075762260941, 0.9098798963758681], "72": [0.7418070982170567, 0.8828315111820426, 0.8684299318400074, 0.9156875610351562], "73": [0.8289420810681987, 0.7840204178782264, 0.865358160993931, 0.9085769653320312], "74": [0.6332782104591944, 0.9432886176577296, 0.849087109236089, 0.9013332790798612], "75": [0.8319686193720915, 0.7810372081410109, 0.8636417910642096, 0.9097069634331597], "76": [0.7238501789490321, 0.8913028603368744, 0.8656184247675308, 0.9113574557834201], "77": [0.8113739456829366, 0.8006267617799401, 0.8660561040408034, 0.9076207478841146], "78": [0.8075056036826236, 0.8613412149733576, 0.8793800508873291, 0.913346184624566], "79": [0.6666530648586436, 0.9336241407287007, 0.8567191701095889, 0.9056354098849826], "80": [0.7850678389676583, 0.8358945798086143, 0.8690774782823631, 0.9113786485460069]}