{"1": [0.15909410794660062, 0.5959917600745249, 0.5245316530189811, 0.6722132298575675], "2": [0.23130322133601486, 0.6102932844611445, 0.5726770301691267, 0.7225312879077146], "3": [0.3163581141962217, 0.6251009799442494, 0.6151631653469408, 0.7562596890201679], "4": [0.3458907571995304, 0.6275180348244551, 0.6287876752116259, 0.7658592128930727], "5": [0.3605487423726797, 0.635029910932533, 0.630615113469308, 0.7593695641785277], "6": [0.3376709669051564, 0.6198148623524561, 0.6092917620411185, 0.7383022914115814], "7": [0.4198449803762073, 0.6475124964333755, 0.6578501404738399, 0.7769189063174594], "8": [0.40000102991237535, 0.646539185687553, 0.6511290388700894, 0.7730943475887526], "9": [0.4454546177364139, 0.6529900044794219, 0.6724632042063056, 0.7911805696636286], "10": [0.4393147670001008, 0.6187779412876747, 0.6494939471014071, 0.7602109211938454], "11": [0.4808182391976006, 0.677954365322006, 0.6944812647996197, 0.8060169026424986], "12": [0.43455213579936086, 0.6342628214707254, 0.6560551553422039, 0.7762448518639059], "13": [0.47051914417436885, 0.5908744147740214, 0.6587469740449134, 0.7837200062673327], "14": [0.47787232977378286, 0.6384839782111686, 0.6777503769642154, 0.7921523584564709], "15": [0.48270851339297655, 0.6714747951733167, 0.6946506442549527, 0.8066245262470537], "16": [0.49802587986719193, 0.6643934476290392, 0.6978037348731614, 0.8112586881972824], "17": [0.4807248187543232, 0.6816346454336593, 0.6975412882012246, 0.8114129126978488], "18": [0.5134021253420152, 0.701726084709488, 0.7138159757526997, 0.8160517627727537], "19": [0.4978198077574584, 0.6401628491940539, 0.6878845791192896, 0.8078319727348565], "20": [0.44437288157176724, 0.6581666578926723, 0.6742924869060493, 0.7947534854989875], "21": [0.4909251000917568, 0.637712560425929, 0.6842626466107588, 0.7959169421650624], "22": [0.4837659651187311, 0.6667573949223183, 0.69206417538456, 0.8063676460535166], "23": [0.5108297343970166, 0.6891346207269583, 0.7096425782895822, 0.8142331239510106], "24": [0.5013164377523546, 0.6885856321047149, 0.7079560736317682, 0.81889895734424], "25": [0.5072671923954771, 0.6772952857595078, 0.704861352227089, 0.812488875870438], "26": [0.5048493147421635, 0.7039577106547636, 0.7153898539098843, 0.822454650777416], "27": [0.5106816367208651, 0.6663558038439948, 0.7030996406445189, 0.8135780728496541], "28": [0.5152975130091013, 0.6989444056523761, 0.7158073807421329, 0.8219034771529118], "29": [0.4940722568538759, 0.6104933129916965, 0.6795645679978892, 0.801660421849056], "30": [0.5113298300212508, 0.6447604826646004, 0.696036115192777, 0.8092306204801883], "31": [0.5332927930495256, 0.6935464679618222, 0.7217870511972477, 0.8279492044413631], "32": [0.5269733879366828, 0.7074021350455446, 0.7239143544505527, 0.8284848915957799], "33": [0.5185223622220725, 0.7082833797372268, 0.7226129810634755, 0.829635317218322], "34": [0.47426121336531063, 0.5502993569666754, 0.6525110104132307, 0.7736213858097352], "35": [0.5302684267306779, 0.7080659724418841, 0.7255997726268282, 0.8293622850839227], "36": [0.529383780205046, 0.7021630231408804, 0.7222166973661245, 0.8266852358464584], "37": [0.4989348671884725, 0.6200835628143356, 0.6857397540402644, 0.81128514128379], "38": [0.5111505958917893, 0.6682498652655132, 0.7060685147936481, 0.8180658711537091], "39": [0.5170296732887439, 0.6870968264224151, 0.7131120842591527, 0.8254041020566887], "40": [0.5294928260289775, 0.7053324699109254, 0.7243512335693214, 0.8283922201632758], "41": [0.5015422412035827, 0.6593198288993256, 0.700341817175757, 0.8139849459759821], "42": [0.5057024937476036, 0.6790476137316372, 0.7050037028957139, 0.8117553835940317], "43": [0.5206129220190101, 0.6705942177420989, 0.7110615817772047, 0.82475497935603], "44": [0.4846033620617578, 0.5997301605272044, 0.6729309002706082, 0.7984489203437666], "45": [0.4998467541024114, 0.6812141260961604, 0.704729171766691, 0.812033292477408], "46": [0.48627019137590555, 0.6505661351250129, 0.6907825820900187, 0.8037807399902989], "47": [0.5156206908446064, 0.6745266381896123, 0.7108336907580132, 0.8201129168526112], "48": [0.5096390009936892, 0.6899077468755126, 0.7119500043390338, 0.8191277299964704], "49": [0.4984542717990369, 0.6374144102952292, 0.6922617712584614, 0.817430864722859], "50": [0.48869061614512543, 0.6829056027693433, 0.7007485364987787, 0.8109544894218569], "51": [0.5134710561699396, 0.6754875722644762, 0.7093049481561491, 0.8183688779652366], "52": [0.49819803803379753, 0.6694787900109634, 0.702835052100052, 0.8155514695388659], "53": [0.5091381111991081, 0.6788767783396827, 0.7091092968191877, 0.8171719525851702], "54": [0.5100751325544679, 0.6717911055178827, 0.707155797841938, 0.8193533695169206], "55": [0.4911391421807629, 0.643996797291911, 0.688159921003347, 0.8060434706630808], "56": [0.5093721978122291, 0.6532987307578115, 0.7009230233897915, 0.8194278379653575], "57": [0.5071659483649065, 0.6469703016402362, 0.6976372775701268, 0.814605815213593], "58": [0.5131098241097969, 0.6964532466328259, 0.7172058031064222, 0.8232042241909175], "59": [0.4932699167905112, 0.6675649344559923, 0.7000698544985228, 0.8126090624570023], "60": [0.5076850132302286, 0.6993888984619309, 0.7155252339724052, 0.8237285216976656], "61": [0.4987291680260926, 0.6547813572936299, 0.6975367201231912, 0.8152169411396633], "62": [0.5030560065534426, 0.6777313319623111, 0.7073245345145366, 0.8155683533407672], "63": [0.49606003539219456, 0.6426833962047809, 0.6932357073266271, 0.8158981185552094], "64": [0.5037394396953785, 0.6623503016089517, 0.70231110924802, 0.8193084301215842], "65": [0.5139655324952678, 0.6796369206080675, 0.7110644135512835, 0.8195314513405862], "66": [0.5236680729245317, 0.7021392599308482, 0.7224680304765937, 0.8283952866896661], "67": [0.51414707346691, 0.699072117757942, 0.7182280226107048, 0.8241175735151686], "68": [0.49186076870170914, 0.6582473730984126, 0.6963403810981951, 0.812008344872125], "69": [0.5087077099129926, 0.6727213361969305, 0.7075490490762835, 0.8176942891233681], "70": [0.5105444591219732, 0.6670697213429266, 0.7071328815259372, 0.819218675348818], "71": [0.49928332357303246, 0.6594323363146743, 0.7007930176013581, 0.813187524128612], "72": [0.5077850018452468, 0.6628631934372723, 0.7043038891724198, 0.8221064165242319], "73": [0.5093799766374134, 0.6790402513501532, 0.7101837994659834, 0.8180191657695528], "74": [0.50487443640418, 0.6735102417272933, 0.706537320926342, 0.8178135767379958], "75": [0.5023431508003419, 0.6619840168004579, 0.7004099952605282, 0.8192284505518196], "76": [0.49586678408304913, 0.644592063134543, 0.6926546228175939, 0.808811407335861], "77": [0.4957135299119215, 0.6391973196238332, 0.6919943840003424, 0.8113030688674476], "78": [0.511256759562905, 0.6804284137069342, 0.7111349526982019, 0.8196673548660727], "79": [0.5145986162334408, 0.6749152112099397, 0.7098770319215837, 0.8190250890903492], "80": [0.5093754611013771, 0.6766297628196879, 0.7094511868231284, 0.8200547528147845]}