{"1": [0.1999720240364387, 0.8056494374272396, 0.6642777594966316, 0.7915996975368924], "2": [0.31093233546589266, 0.8578583293580924, 0.7136391121429314, 0.8201700846354166], "3": [0.44615461667245837, 0.834952670829678, 0.7525353051655244, 0.8414993286132812], "4": [0.5039943478777753, 0.8274213854867748, 0.7690098406170337, 0.8473519219292535], "5": [0.5022360986137786, 0.8019531918909418, 0.7638275519501683, 0.8474968804253472], "6": [0.44928671366936807, 0.7826758341846249, 0.7411287762220086, 0.8361833360460069], "7": [0.5916964263766078, 0.8000845992748065, 0.7924899621803659, 0.8590274386935763], "8": [0.5613338039685289, 0.8201255707938615, 0.7878501523563874, 0.855545891655816], "9": [0.6811597939919096, 0.8049732994504989, 0.8210120019122429, 0.8670366075303819], "10": [0.7026093058840903, 0.7026488462485143, 0.7981692734111566, 0.8460218641493056], "11": [0.7712870919536241, 0.8161652749384912, 0.8519615691013634, 0.8753696017795138], "12": [0.7036378902595128, 0.7305500018487698, 0.8076411085796533, 0.857696533203125], "13": [0.8151496407766654, 0.6461191198746747, 0.8159185511784721, 0.8587536282009549], "14": [0.7916919119117138, 0.7200189507205785, 0.8324493638501833, 0.8661677042643229], "15": [0.7249331855112647, 0.832810175902244, 0.8459278672427455, 0.8778711954752604], "16": [0.7932520266763766, 0.7778434042887218, 0.8497272261724735, 0.8788604736328125], "17": [0.7531927341494985, 0.8420985310462413, 0.8551366556128054, 0.8798556857638888], "18": [0.7407488368462467, 0.8492556128720673, 0.8577993805660162, 0.8864313761393229], "19": [0.7917897624463025, 0.7335519709100827, 0.8370345087170157, 0.8779398600260416], "20": [0.6587723751704531, 0.8260509877104528, 0.8243926766940609, 0.8721983167860243], "21": [0.804769495021756, 0.7022114924577844, 0.8312195397695935, 0.8675816853841146], "22": [0.7587415373857315, 0.7736536947335763, 0.8399618537084219, 0.8781780666775174], "23": [0.7936791169810901, 0.814545392426976, 0.8620630976288703, 0.8821902804904513], "24": [0.7409584998669771, 0.8448670232714264, 0.8554723945653864, 0.8871943155924479], "25": [0.7956134586869055, 0.7879982937386574, 0.8556701239075941, 0.8806093004014757], "26": [0.7272160364049548, 0.8680447482784971, 0.8577805113178272, 0.889205084906684], "27": [0.8249497616243107, 0.7544297172173293, 0.8545955599408501, 0.8799268934461806], "28": [0.7942524702987488, 0.8101801156915328, 0.8605494350950073, 0.8877961900499132], "29": [0.8508374418105176, 0.6655841496256028, 0.832953295968505, 0.8690931532118056], "30": [0.8322215534594979, 0.7053055974653416, 0.8413189398902162, 0.877213372124566], "31": [0.8501403226142901, 0.7779988239959682, 0.8680638538993795, 0.8896772596571181], "32": [0.789899751976477, 0.8296214987523248, 0.8671271136682493, 0.8929002549913194], "33": [0.7821105711481613, 0.8556408850345814, 0.8686625691636958, 0.8921788533528646], "34": [0.8600972499069237, 0.581482519574602, 0.8089509157701511, 0.846756829155816], "35": [0.7700809774275886, 0.8214079710546829, 0.8583526088931638, 0.8936453925238715], "36": [0.7805290694080829, 0.8211562256615705, 0.8623022773341994, 0.8920364379882812], "37": [0.8234861246279149, 0.7100754448223715, 0.8371136896676532, 0.8757137722439237], "38": [0.8339791921103306, 0.7744522454609915, 0.8590485894588693, 0.8810984293619791], "39": [0.7940205242773049, 0.8083890210893788, 0.860525494598689, 0.8902308146158854], "40": [0.8085651051226226, 0.8145037623839626, 0.8679236435748723, 0.8917499118381076], "41": [0.8203278788650206, 0.7639025104080092, 0.8539667180266676, 0.8788587782118056], "42": [0.7695005619605272, 0.7778881830426044, 0.8454503757453695, 0.8813222249348959], "43": [0.8065021372252152, 0.7765323170967267, 0.854338277688572, 0.8883794148763021], "44": [0.8083381220796481, 0.6609978292175184, 0.8176303925117627, 0.8664457533094618], "45": [0.7472612045858807, 0.817338497703003, 0.8495871728320058, 0.8812527126736112], "46": [0.7654791732803486, 0.7580963118174241, 0.8360627758487545, 0.8733300103081597], "47": [0.8109921148828638, 0.7740339550419091, 0.8549605613523489, 0.8840467664930556], "48": [0.7682342077825003, 0.8181866449054683, 0.8563200372248603, 0.8862779405381944], "49": [0.7983087234395037, 0.7421941885754213, 0.8403757997690826, 0.8827506171332465], "50": [0.7286618585075842, 0.8096338297584864, 0.8417744545896936, 0.8819512261284722], "51": [0.8125444787382619, 0.7720379034809949, 0.8554351925660648, 0.8832982381184896], "52": [0.7950982948824061, 0.7942582556311049, 0.8551405508608126, 0.8810382419162326], "53": [0.7797237945980815, 0.7990016894483917, 0.8534274924973437, 0.883345709906684], "54": [0.8077911506367946, 0.7887592388022256, 0.858117040475034, 0.8840060763888888], "55": [0.7561131885251829, 0.7411693475610611, 0.8287851098702527, 0.8770938449435763], "56": [0.7988053423744663, 0.7613668934050299, 0.8469163702028779, 0.8846757676866319], "57": [0.7955229294709852, 0.7509112719373329, 0.8427440584513997, 0.8805372450086806], "58": [0.7609078598451997, 0.8382226292733412, 0.858500944592271, 0.8887320624457465], "59": [0.7288076779074867, 0.8053288618731168, 0.8386252963564448, 0.8805872599283854], "60": [0.7640343428478874, 0.8411291697665639, 0.8609469575621849, 0.8895085652669271], "61": [0.7727570277956892, 0.7701058262023137, 0.8420076263148208, 0.8823937310112847], "62": [0.7720672950518784, 0.8078821523614332, 0.8521792197691297, 0.8810679117838541], "63": [0.7798595110890415, 0.7686571124781265, 0.8421446174978637, 0.8819919162326388], "64": [0.775640912404955, 0.7840979329738871, 0.8474106226775016, 0.8860465155707465], "65": [0.8033462056237124, 0.7827037591657562, 0.8558978947104261, 0.885223388671875], "66": [0.7853626777267155, 0.8274657048702846, 0.8630026028307838, 0.8917973836263021], "67": [0.7707070390462609, 0.8419750533523209, 0.8619084126874849, 0.8884362114800347], "68": [0.7606448668252419, 0.7870469955917099, 0.842732527758005, 0.8799989488389757], "69": [0.7982205475548314, 0.7992102175096621, 0.8572612358962787, 0.8823954264322916], "70": [0.8215213243358477, 0.7812199031101882, 0.8582036279059304, 0.8823301527235243], "71": [0.774938746120666, 0.7910745808523956, 0.8472565717949005, 0.8780670166015625], "72": [0.7574523047974207, 0.8103842194699786, 0.848153457148053, 0.886946784125434], "73": [0.7834658904771614, 0.8035695507897306, 0.8550645257000695, 0.883408440483941], "74": [0.8024866395883661, 0.7941743395875603, 0.8558127351326542, 0.8821487426757812], "75": [0.7404585264049713, 0.7859142795573152, 0.8367909868000142, 0.8870629204644097], "76": [0.7918747276289562, 0.7496656330809325, 0.8415532378285585, 0.8760104709201388], "77": [0.79418699787358, 0.7509895441792116, 0.8404782216212041, 0.8761478000217013], "78": [0.7692026141887475, 0.8332574626293613, 0.8580190966338492, 0.8843477037217882], "79": [0.7931462120005968, 0.7914244254791285, 0.8557021421812352, 0.8844146728515625], "80": [0.7779428888293067, 0.8178248762184737, 0.8566129879674915, 0.8847707112630209]}