{"1": [0.09707503137857455, 0.597809280576527, 0.5075352592968126, 0.6693620355868924], "2": [0.280083932889051, 0.608475880978477, 0.5858598012503244, 0.7205834549412931], "3": [0.2181137910224289, 0.6054428418353132, 0.5605948576548925, 0.7062253995285668], "4": [0.27458807734498086, 0.5398837507116543, 0.5552854375319618, 0.6935081027282062], "5": [0.2670383359334391, 0.6260628258874391, 0.5899985033197124, 0.7287645814817592], "6": [0.34930153679649006, 0.6241452235144569, 0.6247189975313655, 0.7552123617333407], "7": [0.3542707269165553, 0.6348057807515758, 0.6304802664934162, 0.7590362828582932], "8": [0.34212489123661977, 0.6349448204002494, 0.6270172127686955, 0.7602963676526949], "9": [0.4044251639101152, 0.6595477561334143, 0.6602734280035468, 0.78054895457931], "10": [0.3996840756413609, 0.6060632920054535, 0.6381387628704198, 0.7639131663758709], "11": [0.43659551869124713, 0.6205898346066365, 0.6580616299914185, 0.7795430761851372], "12": [0.4056719304848061, 0.5589180408583728, 0.6199915087562808, 0.7490668365179949], "13": [0.4173633141219515, 0.6297916953396058, 0.6525772080251393, 0.7766245464971214], "14": [0.4574603075530185, 0.6333129136049438, 0.6716493985901386, 0.7947022261105542], "15": [0.4454554344078068, 0.6546237844739857, 0.6745783526320586, 0.7921461560158637], "16": [0.42896211667232403, 0.6530218843745752, 0.668085621854586, 0.7913871174483046], "17": [0.44539167553453946, 0.6642120123083011, 0.6792502685812939, 0.8008684379347524], "18": [0.4195529600751966, 0.6617558522857182, 0.6686012539554079, 0.7900508461002502], "19": [0.459052228333403, 0.6659362449118016, 0.6837674929465045, 0.799615039424791], "20": [0.4273402174618039, 0.6606682087606306, 0.6721150270694063, 0.7940839478208963], "21": [0.4548606170380807, 0.6284704611353235, 0.6648893211833795, 0.7812389447930931], "22": [0.48919678665324967, 0.6917476341595168, 0.7047092907817691, 0.8136103652215932], "23": [0.4831281241322831, 0.6498755940959995, 0.6871135638397475, 0.8018045117369902], "24": [0.5015773770033429, 0.6745139118896329, 0.699960077728061, 0.8105189164261655], "25": [0.45643346664730977, 0.6762184327809649, 0.6782339172478026, 0.7876137722563732], "26": [0.48052845373955155, 0.6417530086273051, 0.681096300638611, 0.7994367214477511], "27": [0.47151249427263053, 0.6351591372278286, 0.6757022464489881, 0.800623059512966], "28": [0.5090880388726577, 0.6604426529367043, 0.7021797918027785, 0.815515079185235], "29": [0.48904930212469155, 0.692175156420781, 0.7044682295193301, 0.8138233753360153], "30": [0.5130925430154663, 0.6669316448892701, 0.7057415865832296, 0.8183961159829924], "31": [0.5216390254168499, 0.6751713755984147, 0.7114071424226498, 0.8164723962059347], "32": [0.5075694901327005, 0.6513500080625115, 0.6980864702735421, 0.8098357536278415], "33": [0.5209880258498888, 0.7048029180021295, 0.72121980730611, 0.8259128387084853], "34": [0.5181970942613088, 0.689367217726225, 0.7150744898444112, 0.8241020349349802], "35": [0.49696928180917, 0.6945259412479399, 0.708733543691092, 0.8169033897857019], "36": [0.5125003430328813, 0.6394578339645257, 0.6962607197674151, 0.8162509298868543], "37": [0.5005044121558831, 0.6936929956736912, 0.7084008496314275, 0.8161980990790009], "38": [0.5226153357710989, 0.6918163740876019, 0.7150634864233434, 0.8171241703166223], "39": [0.5200179088722998, 0.6983308663518666, 0.7167438397575472, 0.8213016763434903], "40": [0.5260591765289108, 0.6676270204720995, 0.7088613679728912, 0.8199867518547772], "41": [0.5272210259898052, 0.6914321320048408, 0.7192108314263409, 0.8235781025081522], "42": [0.5351013835366526, 0.7030564120408739, 0.7259977300015854, 0.8292863856762652], "43": [0.5110568468689248, 0.6963145940075749, 0.7149781045136863, 0.8218373408589495], "44": [0.5129998073034358, 0.7017955655965248, 0.7139192410481981, 0.8181439785023881], "45": [0.5273243242343338, 0.686622973646049, 0.7167362779664755, 0.821673438657363], "46": [0.5311062139117259, 0.6996818225923166, 0.7208838922955196, 0.824030397794719], "47": [0.5305205903345449, 0.6914121948926093, 0.7205629969770262, 0.8258998703103868], "48": [0.5409669781600915, 0.7092535266264532, 0.7304475332686042, 0.8310263200505144], "49": [0.5251878522145927, 0.6986127579467039, 0.7214204604116532, 0.8250259916571099], "50": [0.5351629430921141, 0.6921902567325628, 0.7230640413753036, 0.8249824710461376], "51": [0.528403682594742, 0.6754560049963902, 0.7152019789624812, 0.8251123474740658], "52": [0.5197755853941959, 0.6970423195112306, 0.7181409132617687, 0.8277173021034171], "53": [0.5415433882596833, 0.7073500882424942, 0.7290071967140375, 0.8291275214116554], "54": [0.5178609977828331, 0.6692896917021195, 0.709456405449145, 0.8193069074218953], "55": [0.5448354561487742, 0.7082210256946293, 0.7308501699010532, 0.8284834516121358], "56": [0.5395960389358012, 0.6738517211617588, 0.7174414982816609, 0.8263711389932431], "57": [0.537839826506605, 0.6975040183763926, 0.7256319282014572, 0.8298554594207067], "58": [0.5104044021677676, 0.6989690286115701, 0.715541524028431, 0.8213421480693378], "59": [0.5292975183386623, 0.6615036099108816, 0.7101156057495416, 0.8225763781007867], "60": [0.521953744654938, 0.688367691808936, 0.7171862689215831, 0.8296678809564515], "61": [0.5452231573874862, 0.7109310645144455, 0.7326121706383206, 0.8310260961440779], "62": [0.5145467105548515, 0.7171343156236721, 0.7189591174862555, 0.8191221938339855], "63": [0.5383191885118886, 0.7013314560158443, 0.7268228331030738, 0.8263972474193124], "64": [0.5342655901522513, 0.6893207836873525, 0.721773509936073, 0.8268949605247964], "65": [0.5338833516607899, 0.6784371610062175, 0.7178660466126203, 0.830186094274112], "66": [0.5101116360484198, 0.6322046520086684, 0.6933346260185359, 0.8042559624028657], "67": [0.5089867644474274, 0.6847631321801754, 0.7097066317497633, 0.8177999954923778], "68": [0.5094405231802744, 0.7048885331448632, 0.7167002229444295, 0.8195852965883125], "69": [0.515636514469689, 0.6797691255874946, 0.7120651537924751, 0.8223464192658194], "70": [0.5177353683928101, 0.6526388103697522, 0.7026690063237443, 0.8062517074576118], "71": [0.5201025015320326, 0.692427988246536, 0.7163111643459958, 0.8188818161977816], "72": [0.5283425773002316, 0.7080270543945996, 0.7242766429514503, 0.8291605165390553], "73": [0.5384255545376048, 0.7120513772263488, 0.7291519331312935, 0.8288056179542098], "74": [0.5243268703139116, 0.6794593875400223, 0.7144654572034602, 0.8233343982931869], "75": [0.5133773234495214, 0.702830972543242, 0.7190384356987558, 0.8270263407395493], "76": [0.528949706264453, 0.6923344882694594, 0.7200861902085316, 0.8234824149698072], "77": [0.5202817190531529, 0.6743790241153408, 0.7094532129855805, 0.8131601131779967], "78": [0.523739421619747, 0.6804473482853892, 0.7154832043826654, 0.8302961490259739], "79": [0.5344154119100825, 0.6774385742885618, 0.7170249560764266, 0.8251923280117288], "80": [0.542694411942291, 0.7074738103737973, 0.7307509525721977, 0.8339831759541059]}