{"1": [0.10951631515250754, 0.8631889235224182, 0.6513648530159801, 0.7894566853841146], "2": [0.39241194365052434, 0.8436685361348962, 0.7329427077067775, 0.8250596788194444], "3": [0.4982504342118206, 0.7561040219424741, 0.7432191610214116, 0.8321007622612847], "4": [0.4140328545662931, 0.7963464093501992, 0.7319810743580658, 0.8286192152235243], "5": [0.5047962254924946, 0.8213599768103742, 0.7688740029783946, 0.8500807020399306], "6": [0.6282716100370822, 0.6371828854481268, 0.7512321087046003, 0.8234473334418403], "7": [0.6890287614843614, 0.7794862875411784, 0.8127134229132192, 0.8592376708984375], "8": [0.7534470117989586, 0.7162215742421999, 0.8068050067896787, 0.8455429077148438], "9": [0.7470963089054752, 0.727101248494079, 0.817205191881412, 0.8602634006076388], "10": [0.7195658497683497, 0.643556372544607, 0.7828696250464909, 0.8339055379231771], "11": [0.6734308834878876, 0.8785934575078727, 0.832340326259842, 0.8594301011827257], "12": [0.6113345168630481, 0.8714765971611687, 0.8195626483487719, 0.8690524631076388], "13": [0.665295340030217, 0.831881002186937, 0.8203986027123608, 0.8663050333658854], "14": [0.7639920040845565, 0.7394251733617445, 0.8290165081974933, 0.8635754055447049], "15": [0.7395704822937483, 0.8283821628951378, 0.8468273852513409, 0.8767174614800347], "16": [0.7435578418680142, 0.7455282523775406, 0.823471670692959, 0.8641357421875], "17": [0.7088945612720915, 0.8517691386171342, 0.8436915695763216, 0.8773837619357638], "18": [0.6898281595488714, 0.8382201970767121, 0.834251984962027, 0.8734317355685763], "19": [0.7138020494471546, 0.8068365032890953, 0.8329481113858574, 0.8776372273763021], "20": [0.7181878010185574, 0.8631416600172698, 0.8389146671955457, 0.8635601467556424], "21": [0.797148290083072, 0.7358649057390955, 0.8374587254260273, 0.8728807237413194], "22": [0.7217776576184549, 0.8245003677055777, 0.8418202749748301, 0.8807186550564237], "23": [0.713140395385072, 0.7863444991720053, 0.829179570777726, 0.8767140706380209], "24": [0.7489783908131273, 0.8406444198879639, 0.854111839865104, 0.8835745917426215], "25": [0.7853228404806947, 0.7437984670126607, 0.8379034820912392, 0.8740514119466146], "26": [0.7700630303942297, 0.7680695444882727, 0.8411673176440504, 0.876267327202691], "27": [0.6630589465248738, 0.8917209943735233, 0.8437479894292642, 0.881301032172309], "28": [0.7328615089088168, 0.8645881656506391, 0.857236088653463, 0.8855879041883681], "29": [0.8112601818785579, 0.7183037375810777, 0.8369761870864953, 0.8713277180989584], "30": [0.825710305349001, 0.7168071831699119, 0.8412971941058645, 0.872847663031684], "31": [0.7843388685439497, 0.8275980324988933, 0.859593215568525, 0.880401611328125], "32": [0.8246854583404205, 0.7540533608202349, 0.851761199915884, 0.8840874565972222], "33": [0.7009617049764557, 0.8790229092421719, 0.8511226256018953, 0.8826836480034722], "34": [0.7510049682857115, 0.8433343675516949, 0.858713877117515, 0.8896077473958334], "35": [0.785133310329196, 0.7890990358460871, 0.8525642634675943, 0.8849614461263021], "36": [0.7926368725291882, 0.7798141850528297, 0.8503532227409057, 0.8845698038736979], "37": [0.8446841421183074, 0.7854837529338297, 0.8620447368755895, 0.8765021430121528], "38": [0.8175387650875281, 0.7586754797666397, 0.852465839051902, 0.8810060289171007], "39": [0.8294134257683673, 0.7905137149485083, 0.8640220878306731, 0.8853853013780382], "40": [0.7561776589976017, 0.8663928513045481, 0.8648832729287509, 0.8909734090169271], "41": [0.6925106583854334, 0.8626195730085288, 0.8460701053395606, 0.8885557386610243], "42": [0.8165338842568991, 0.7377063342563933, 0.8463604235896729, 0.8762105305989584], "43": [0.8156575935919842, 0.7960824166386494, 0.8627608203737096, 0.8902299669053819], "44": [0.8114990599801499, 0.7339863749436012, 0.8426359837060761, 0.8708724975585938], "45": [0.7685517997486532, 0.849433782037751, 0.863831474086399, 0.89239501953125], "46": [0.7820555179784972, 0.8091482992296176, 0.8556077993550688, 0.8825285169813368], "47": [0.7966693211149766, 0.8160853227953723, 0.8593902453594522, 0.8881344265407987], "48": [0.8405354423323875, 0.7339919241279554, 0.8509081991745547, 0.8757832845052084], "49": [0.7334321831691638, 0.818276041135271, 0.8455568562917126, 0.8857786390516493], "50": [0.7999758538751728, 0.8211675802339693, 0.8651867967307507, 0.8893669976128472], "51": [0.7831239656483128, 0.7928386097119805, 0.8515599833196897, 0.8844884236653646], "52": [0.792725692711657, 0.8220714173615936, 0.8623394284567012, 0.8906470404730903], "53": [0.8087484880211141, 0.8154053786936748, 0.8671907606999986, 0.8938827514648438], "54": [0.7210347152747659, 0.8056006581024463, 0.8366463271442414, 0.8834126790364584], "55": [0.8135959016697146, 0.7785304150102551, 0.8541074796345409, 0.8803693983289931], "56": [0.8172474799232122, 0.7442016156542779, 0.8484765087027268, 0.8801133897569444], "57": [0.7870408847314069, 0.8401297476795655, 0.8660999157555785, 0.8908784654405382], "58": [0.78693646133139, 0.806017520510708, 0.8561296846011721, 0.8879869249131944], "59": [0.7557000354978093, 0.8539402231315022, 0.8641321525585828, 0.8953187730577257], "60": [0.7856649316281376, 0.7690609103423547, 0.8453978735127615, 0.8818308512369791], "61": [0.8211427095920875, 0.7410347235737312, 0.846815849214478, 0.8823216756184896], "62": [0.8301306454979072, 0.7696700811315862, 0.857063030906637, 0.8798022800021701], "63": [0.7519436306820666, 0.8059838422768155, 0.8449009395544945, 0.8884531656901041], "64": [0.7518594407536567, 0.7853624154549861, 0.8389623662226083, 0.8800099690755209], "65": [0.7761223847146598, 0.8149755917751548, 0.8564355860263296, 0.8920457628038194], "66": [0.7725196704519032, 0.8336139770180506, 0.8611490716275443, 0.8947253757052951], "67": [0.7786276272694431, 0.8263013875719458, 0.8586142893402829, 0.891799079047309], "68": [0.7778858616334386, 0.7831981370983343, 0.8438676875106721, 0.8812204996744791], "69": [0.7397713868656822, 0.8423805523159681, 0.8542582808125063, 0.8914930555555556], "70": [0.7892656284997872, 0.7729286999150703, 0.8480856852403085, 0.885390387641059], "71": [0.7696265721643488, 0.8148618362213154, 0.854789778298027, 0.8934911092122396], "72": [0.8073962099888568, 0.7870503381298902, 0.8555401222279541, 0.8863440619574653], "73": [0.75990607643716, 0.8440854365978676, 0.8627224303458256, 0.8936377631293403], "74": [0.8182354967804115, 0.7758660772059204, 0.8573959361488674, 0.8839102851019965], "75": [0.8085753390205699, 0.7728818637169055, 0.8529705137575733, 0.885941399468316], "76": [0.7870389128907072, 0.8033407704749568, 0.8554534709228229, 0.88482666015625], "77": [0.7941649939347024, 0.7915386828362495, 0.8550626638137453, 0.8872155083550347], "78": [0.7930137408977778, 0.8142577438739268, 0.8596058034729588, 0.8865712483723959], "79": [0.7958378856019749, 0.8059176506236242, 0.8571474656111495, 0.8845325046115451], "80": [0.8040464147561281, 0.7964689137099553, 0.8586205153618083, 0.8901663886176215]}