{"1": [0.12716539904930793, 0.5945860233796121, 0.5244320450233794, 0.6890946989466299], "2": [0.22590068789543927, 0.6142503341789671, 0.5595552915013955, 0.6969702319993425], "3": [0.29877844017653127, 0.6411786432574786, 0.6063648027772931, 0.7395449120132367], "4": [0.30945248253453483, 0.6460337454562772, 0.6158834312064801, 0.7503696803835161], "5": [0.3308767424051464, 0.6426920743484374, 0.6202850468133774, 0.748782221896083], "6": [0.3355397467289935, 0.6521918645324357, 0.6289239039540694, 0.7603168865125367], "7": [0.37352702875781135, 0.6044468829917402, 0.6282206395409078, 0.7681164862071129], "8": [0.4174385564125781, 0.6201247753510853, 0.6499406239302933, 0.7736431413925974], "9": [0.39908416375865247, 0.6527290462092582, 0.6530365004214443, 0.7776054142560267], "10": [0.4472030703912801, 0.5715289810649203, 0.6448961642953895, 0.7782754905356545], "11": [0.43761342091333066, 0.6454248973511717, 0.6672494678039844, 0.7932157346915046], "12": [0.4543594176051175, 0.632855825226191, 0.6692259900164096, 0.7957634089275305], "13": [0.46540235105256206, 0.6212396717556532, 0.6697137557216998, 0.7890097558751634], "14": [0.4345718193060392, 0.6485496873929477, 0.6643734010496076, 0.7839195716940123], "15": [0.48438792524232593, 0.6807718197653183, 0.6964375042699973, 0.8078040093755035], "16": [0.4587307418357433, 0.621940763674592, 0.6687909512269786, 0.7984150953704687], "17": [0.4874827114226548, 0.683023950780455, 0.6986867331254932, 0.8107867117164402], "18": [0.4526496619179686, 0.6536817938887967, 0.6715359188365357, 0.7869869607856913], "19": [0.43483715344507834, 0.6763080955009753, 0.6749441306107488, 0.7926979290816192], "20": [0.4709740346501215, 0.6130659178007752, 0.6713300164481851, 0.8010871725756181], "21": [0.45558983803705017, 0.5596338810696262, 0.6461898709852174, 0.7784155607307341], "22": [0.47465829877562093, 0.6708427752336017, 0.6902243279138829, 0.8066782476849319], "23": [0.48643088296725384, 0.6558161256546855, 0.6929370254574816, 0.8157630941336002], "24": [0.49325348843153255, 0.6718089521377688, 0.6959730173680623, 0.8047488191335475], "25": [0.505774425704162, 0.6399070010089346, 0.6926409333018125, 0.81288342264567], "26": [0.4969456838812627, 0.6964751914324092, 0.7077512755939454, 0.8163798653060643], "27": [0.49033537089385987, 0.6698610825229395, 0.6974201277156955, 0.8129053872332953], "28": [0.5006318304128982, 0.6882855929625099, 0.7073964298230875, 0.8163313170146181], "29": [0.4933549193296398, 0.6876546238645482, 0.7025837435075147, 0.8138436359736283], "30": [0.5090366101575268, 0.6771220309258197, 0.706679403896271, 0.8152989041556362], "31": [0.4943336230840161, 0.6990395728253176, 0.7102291949690809, 0.8192514193624866], "32": [0.48289801847318664, 0.6524466430671053, 0.6874069365047393, 0.8086156223196507], "33": [0.5045435739252446, 0.7005591521039353, 0.7139857102256337, 0.821949464190332], "34": [0.5166190268399198, 0.6843829682997782, 0.7097335880552516, 0.8146116535380877], "35": [0.485342038236561, 0.637407026113872, 0.6860211247090866, 0.803572245215208], "36": [0.4988086589735442, 0.6816775464578473, 0.7050280596118895, 0.8175925710751296], "37": [0.4965075992450479, 0.629204305937137, 0.6851331802367505, 0.7990216085850198], "38": [0.468695552847589, 0.6576361859708805, 0.6860194772187438, 0.8093675053125582], "39": [0.51334227480515, 0.6639120364701513, 0.7044361752774617, 0.813668351236203], "40": [0.5107906091422213, 0.6929682919516239, 0.7120173890031395, 0.817919674267235], "41": [0.5180952637945365, 0.7109381671997692, 0.7221010816102935, 0.8275680265618229], "42": [0.5132700491129069, 0.7032482055281518, 0.7179137356077397, 0.8234432239340095], "43": [0.49877493880249474, 0.6380082004319813, 0.6917083853292497, 0.8132426529735804], "44": [0.4870246531551943, 0.6854502374514497, 0.7038333753558006, 0.8185337080171147], "45": [0.48409761188483263, 0.6596055530241202, 0.6933130884157119, 0.8137157022917414], "46": [0.4626128538366275, 0.5444482187615306, 0.6480216189163743, 0.7862197778552099], "47": [0.5041208806530583, 0.6721255439226043, 0.7037685009936214, 0.8192595896894359], "48": [0.5077446128816889, 0.6730512978564243, 0.7066307103984085, 0.815781039518644], "49": [0.5070178977464606, 0.6629066196631058, 0.701665461956724, 0.814352464450804], "50": [0.5105382729656917, 0.7062801851611883, 0.7188033339228492, 0.8254345465975104], "51": [0.4714112155868549, 0.6494160363893217, 0.6856874269115528, 0.8059387788151511], "52": [0.46984049650187737, 0.6157985742185152, 0.674727567125353, 0.7999857629223176], "53": [0.4890846016291146, 0.6495560047916982, 0.6908899206843983, 0.8035186084652817], "54": [0.5047689253051032, 0.6796673245853955, 0.7079275030443131, 0.8188821037115458], "55": [0.49451595519068414, 0.6625609915132978, 0.699005757291477, 0.817460863251085], "56": [0.5211463144550486, 0.6819807531750922, 0.714174216767566, 0.8241762374908599], "57": [0.5151147424867302, 0.6859651298009594, 0.7133617250249541, 0.818049445215416], "58": [0.5250313384555904, 0.6713621270795396, 0.71200340736929, 0.8262805307353667], "59": [0.50125877125138, 0.645064014682273, 0.6954171533290419, 0.817302514531499], "60": [0.4800280005236635, 0.6685130480488343, 0.6960094291392614, 0.8117317885678913], "61": [0.5026877694609793, 0.6875797618165432, 0.7073540326233786, 0.813559371999465], "62": [0.4980728630040537, 0.6914144186212434, 0.7074066125852195, 0.8195138991532196], "63": [0.5023253340660798, 0.675984495695972, 0.7037916079909778, 0.8163019112787171], "64": [0.5149390739338394, 0.6826542006813126, 0.7116941185105787, 0.8210890902330975], "65": [0.5170787859033724, 0.6777831930808806, 0.7112799593200472, 0.8182250713432697], "66": [0.5099206748145959, 0.6796722099828895, 0.7085175862095165, 0.8195200225373729], "67": [0.5003656157197027, 0.6337785792925636, 0.6913266195798544, 0.8151168283204411], "68": [0.5196528964691394, 0.6892003508790688, 0.7150691953714945, 0.8209186522177587], "69": [0.5006776169399366, 0.6769917867224934, 0.7040280760148928, 0.814839906495722], "70": [0.4907345386484573, 0.6922780923116211, 0.7069721433407525, 0.8177291003750145], "71": [0.5164101086129559, 0.6653101617911953, 0.7072644738808246, 0.8213418570170008], "72": [0.47754956418361943, 0.5689829564884319, 0.659452257517953, 0.7866528604913514], "73": [0.5044958445583275, 0.6181504383653039, 0.6848520924936037, 0.8019818410732205], "74": [0.5149856158451686, 0.6592419424386301, 0.7031518598492429, 0.8168313619631182], "75": [0.5135272290330227, 0.6667593208083673, 0.7065957868334493, 0.8187329804631132], "76": [0.5065619153406041, 0.6475829896960162, 0.6975162648125771, 0.8149992238253124], "77": [0.5117637827000544, 0.6655503024956638, 0.7033494612084287, 0.8132429351846692], "78": [0.5031268948453992, 0.655571351096947, 0.6986957866267098, 0.8141857880142032], "79": [0.5117364286300379, 0.6326916629885655, 0.6949133011166228, 0.8147352353961307], "80": [0.510961656688525, 0.6641729887787595, 0.7035783821921486, 0.8196022226686419]}