{"1": [0.14794776691674708, 0.6040397501515417, 0.5178008695627545, 0.660924642137346], "2": [0.2703204148615249, 0.6083023711043015, 0.5851415591912991, 0.7300240077826706], "3": [0.304469682459816, 0.6113380919589365, 0.595246519506146, 0.7297615133859857], "4": [0.3307899157642115, 0.6109688877197331, 0.6038193255683594, 0.7318994005792043], "5": [0.4245926239295432, 0.6187775887020517, 0.6498814426015191, 0.771485219600383], "6": [0.3833625794378615, 0.6411675224038955, 0.6386806970521732, 0.7605603341397615], "7": [0.39081976990478595, 0.6593262438211357, 0.6562383417120965, 0.7810199396213271], "8": [0.44734713690986866, 0.6540743589191529, 0.6735742914291507, 0.7901886855137299], "9": [0.44718071714953406, 0.6656893315375096, 0.6778780559839629, 0.7932363279181505], "10": [0.44727323292090654, 0.6738724102688421, 0.6803965753577984, 0.7939280940375008], "11": [0.46533250992590514, 0.6456765295768204, 0.6762319443414825, 0.7927054548074964], "12": [0.46217813851560163, 0.6590800919342618, 0.680649967704135, 0.7981970082022146], "13": [0.4719046189850627, 0.6588438293749986, 0.6851465044513113, 0.8018480296966265], "14": [0.4262228809972249, 0.6757761983611679, 0.6750560136966086, 0.7937887306156642], "15": [0.484359631712241, 0.6835334858667302, 0.6970472306694013, 0.8068985352871036], "16": [0.46208164431539195, 0.6753265024012218, 0.6848530524588489, 0.796937425890281], "17": [0.4624561070453259, 0.6363991628748331, 0.6716489039367664, 0.7936458289178466], "18": [0.47736870667289144, 0.6273112606415168, 0.6789560098739247, 0.8055559629025146], "19": [0.48611894406089157, 0.6315152171718436, 0.6830550052828553, 0.8049709310058559], "20": [0.4892332473604208, 0.6627368011915311, 0.6926238185352537, 0.806880771052157], "21": [0.48298686291550813, 0.688505649302579, 0.7006854765721193, 0.8117848985815322], "22": [0.496054766676161, 0.6479313516421805, 0.69122550698557, 0.8068059809935337], "23": [0.48799988285720863, 0.6163997161069253, 0.6772296170056122, 0.7972256876054251], "24": [0.47420161964125657, 0.6802657309922682, 0.6964674128256335, 0.8087860474966608], "25": [0.4904822966783972, 0.649682793557115, 0.6869538133923083, 0.7999414376604231], "26": [0.482189346138418, 0.6353642692583062, 0.6825245616215813, 0.8043983881187526], "27": [0.4689986545909168, 0.6787605420145701, 0.694087128153797, 0.8117426083597034], "28": [0.4667951423324965, 0.6705684546201578, 0.6873520856772433, 0.8067685623769234], "29": [0.5024616060958561, 0.692401113331531, 0.7102334491765739, 0.8183947320874211], "30": [0.5205471302015406, 0.6899211228311721, 0.7145607140157969, 0.8198165033223741], "31": [0.5118393818275899, 0.6520298713029024, 0.6982685160850741, 0.8086868023734427], "32": [0.5151896376349597, 0.6949236305202099, 0.7146807157726117, 0.8240293727274014], "33": [0.5106834250750635, 0.6437945343573768, 0.6977203165608824, 0.8154049693430919], "34": [0.5235281875727992, 0.6695952249728467, 0.7097563580718653, 0.8170451647298826], "35": [0.5319876691566454, 0.7028032605682284, 0.7232350593508188, 0.8269339340872466], "36": [0.5294611153167621, 0.7049610151366935, 0.723388108644084, 0.8312308727359013], "37": [0.5308962394128025, 0.7047741054026895, 0.7240700024776168, 0.8299897835557966], "38": [0.48921625986426587, 0.573153125675137, 0.6668028870534898, 0.7912918477800566], "39": [0.5129615247646893, 0.7110053589905643, 0.7199176813840169, 0.8273214975834354], "40": [0.5213477244326066, 0.7028327858163799, 0.7206964374216853, 0.8307630290285708], "41": [0.5214392645756797, 0.6682211574581813, 0.7090434073205739, 0.8123943851523653], "42": [0.5203133660953707, 0.7025561106289782, 0.720004734583722, 0.8295538204186785], "43": [0.5380394059256838, 0.7184795440442899, 0.7328913642199457, 0.835601946182479], "44": [0.5320561146233894, 0.7235787085622387, 0.7318099540070642, 0.8350151129378413], "45": [0.5390180421904219, 0.7248176001702938, 0.7351065480687784, 0.836886432820012], "46": [0.5155150567069472, 0.6817021807397856, 0.7103807670748263, 0.8188547936047162], "47": [0.5327416094490667, 0.7006955509555851, 0.7243722661092447, 0.8276502954225542], "48": [0.5072365822976873, 0.6333430031876769, 0.6919783044259272, 0.8062310395634283], "49": [0.5140650087790861, 0.6660693253556287, 0.7060737823172424, 0.8165053338961084], "50": [0.5365236163383307, 0.70215312211932, 0.7259487357495416, 0.8273245326468224], "51": [0.527916012500617, 0.674911458057817, 0.7133178900389255, 0.8148411774616309], "52": [0.5173004557086995, 0.7144301659918654, 0.7245865737755519, 0.8308448662776934], "53": [0.5428009129983878, 0.6964340023813764, 0.7263475687357307, 0.8262440193486467], "54": [0.535655397797041, 0.678896479486743, 0.7185004660790226, 0.8205678541210303], "55": [0.5209784249775324, 0.6859789639423995, 0.7160672486609783, 0.8254745623412365], "56": [0.5162310289941214, 0.7027007543976767, 0.7192761731818031, 0.8253162539068482], "57": [0.5199322628044802, 0.6771491134455483, 0.7128713987805856, 0.8205445981676424], "58": [0.5303974855893719, 0.6738779376299439, 0.7155856494314968, 0.8220377078903716], "59": [0.5199375461670025, 0.6772331423355356, 0.7134065859837859, 0.820430927551694], "60": [0.544140642527897, 0.721190301836414, 0.7357499716085375, 0.8370915633076186], "61": [0.5310147428071972, 0.6983797046790561, 0.7230924983113834, 0.8288697441865571], "62": [0.5173987401843001, 0.6507375300966196, 0.7017307089721327, 0.8130602769986619], "63": [0.5280778348984708, 0.7137561025767202, 0.7276567839147732, 0.8320003138914438], "64": [0.5140007604734296, 0.6845674741443125, 0.7116311441702633, 0.8230332589863765], "65": [0.5105666524024333, 0.6745113976654756, 0.7080890935355305, 0.8222754375434839], "66": [0.5249335413217359, 0.6925334671929083, 0.720225497420892, 0.8268186809755114], "67": [0.5208469370931097, 0.6889345104905926, 0.7178518413693538, 0.8285521381973193], "68": [0.5030744487519234, 0.6599486113438615, 0.7019500599330748, 0.8187791110918403], "69": [0.5332493027194782, 0.6941498611948335, 0.723285538601379, 0.829157282052337], "70": [0.5200023406821254, 0.6951485712162754, 0.7192440897356482, 0.827959063112452], "71": [0.49091970754643, 0.6866805211645198, 0.7052373261816859, 0.8193266214770095], "72": [0.4900351586121413, 0.6897166450785781, 0.7037771065818804, 0.8146443559141983], "73": [0.5030711289012877, 0.629164117057699, 0.6909351353105346, 0.8111278980458931], "74": [0.5224672144781329, 0.6710986836296111, 0.7118637555165168, 0.8241650742649077], "75": [0.5279005558111299, 0.695269951910942, 0.7214422932592668, 0.8251268201990547], "76": [0.5264799025044187, 0.6780462772662739, 0.7154255102908346, 0.8240924277574763], "77": [0.5336693743205936, 0.698580951388315, 0.7252138087214076, 0.8287091068095109], "78": [0.5284761658692495, 0.6946140225362991, 0.7214547831526382, 0.826954456479662], "79": [0.5324491700895049, 0.7077332329550133, 0.7266144252866718, 0.8290340914128269], "80": [0.5070287037697335, 0.6484952412264212, 0.6996185684296155, 0.8181362723818939]}