{"1": [0.15958529621434167, 0.9028370792619089, 0.6759825775091666, 0.7990069919162326], "2": [0.3246025793658513, 0.7795757546278412, 0.6952526562061687, 0.8042229546440972], "3": [0.4545278006372026, 0.8200011001046855, 0.7463089271958092, 0.8284581502278646], "4": [0.48188185279613005, 0.8575953444178628, 0.762511734479943, 0.833329094780816], "5": [0.5192617857904338, 0.8069193063023058, 0.7633721826449721, 0.8336749606662326], "6": [0.5451888915643023, 0.8350847375400541, 0.7758853841231402, 0.8396046956380209], "7": [0.6088605891468652, 0.7485736962999706, 0.774916468336867, 0.8471832275390625], "8": [0.6993510348974012, 0.7320783861403906, 0.8010083550450324, 0.8491227891710069], "9": [0.646326769522395, 0.8211428011251697, 0.8085520303776463, 0.8540301852756076], "10": [0.7989697235886176, 0.6430164877446415, 0.8061259123656324, 0.852950202094184], "11": [0.671038209032654, 0.7890632835129954, 0.8125001642224227, 0.8687125311957465], "12": [0.7227554169387778, 0.7540476897466651, 0.8193109626026023, 0.8695051405164931], "13": [0.8012056310239567, 0.7086189467034922, 0.827060964961581, 0.8593504163953993], "14": [0.673985163702694, 0.7755335155567448, 0.8110389703485645, 0.8618621826171875], "15": [0.7302030694298357, 0.8454162620972033, 0.8487102948397989, 0.8793919881184896], "16": [0.7296672558775184, 0.7598638991504003, 0.8230680600100304, 0.8714141845703125], "17": [0.7602960141008477, 0.8196327068177711, 0.8507837003470053, 0.8800048828125], "18": [0.6960210630602878, 0.7737315260143929, 0.8196057296883261, 0.8662541707356771], "19": [0.6224393752648285, 0.8501078504843347, 0.8186442333106035, 0.8722568088107638], "20": [0.794924385711393, 0.7198706848260953, 0.8284518565599138, 0.868133544921875], "21": [0.7827929921444429, 0.6174671263910126, 0.7948557251977018, 0.8516998291015625], "22": [0.7297208148145368, 0.8108350359539678, 0.8413031917225355, 0.8786095513237847], "23": [0.7736762973652682, 0.8020539687368318, 0.8477153456147746, 0.8810458713107638], "24": [0.7526943195088194, 0.782692737483022, 0.8408019006665832, 0.876495361328125], "25": [0.8194799258839269, 0.7172462491313195, 0.8392123364153643, 0.8787477281358507], "26": [0.7511869895557735, 0.8397875962494645, 0.8559087660393764, 0.8847783406575521], "27": [0.7428818861474462, 0.8135378590346233, 0.8449263300693437, 0.881697760687934], "28": [0.7386783577662934, 0.845316606661735, 0.8533933577569468, 0.8842281765407987], "29": [0.7351005505543065, 0.8247918756149126, 0.8480529712108308, 0.885056389702691], "30": [0.7831999212152668, 0.7834962195383869, 0.8499158061942658, 0.8826005723741319], "31": [0.7308302711597723, 0.8730685212201976, 0.8589404553077569, 0.8860838148328993], "32": [0.7314746799290869, 0.7756294357282417, 0.8316864620873479, 0.8803905910915799], "33": [0.7369496346198632, 0.8628581558450663, 0.8589844604070613, 0.8892559475368924], "34": [0.8009865060829626, 0.786498172996547, 0.8567179866787769, 0.8829879760742188], "35": [0.7980704976470793, 0.7429422217361141, 0.8396571932874252, 0.8709801567925347], "36": [0.7635401853292096, 0.8154582397187483, 0.851979743991872, 0.8853217230902778], "37": [0.8256851095262073, 0.6993048303866747, 0.8363508871139623, 0.8695042928059896], "38": [0.6837029119338381, 0.8227283043156617, 0.8297687862326232, 0.8815443250868056], "39": [0.8148244082491994, 0.7539377309293184, 0.8499019240050312, 0.8797276814778646], "40": [0.7466250132105433, 0.8287104484756932, 0.8525074656930621, 0.886673821343316], "41": [0.7411169272309452, 0.8699107998306891, 0.8624029124484516, 0.8937954372829862], "42": [0.7568580951877861, 0.8591641146214135, 0.8621890543699983, 0.8894899156358507], "43": [0.8059165920798681, 0.7468179212281094, 0.8433484420253212, 0.8796980116102431], "44": [0.7306240176263833, 0.8534853425679333, 0.851880873095713, 0.8853225708007812], "45": [0.7409656822304901, 0.8065055761281572, 0.8396375750554723, 0.8811993069118924], "46": [0.8321621821080161, 0.6218450311132316, 0.8100427894517324, 0.8558544582790799], "47": [0.7979032384859768, 0.7912440789388089, 0.8547819238874155, 0.8852606879340278], "48": [0.789453897368285, 0.7949507583907797, 0.8537274331917669, 0.8819385104709201], "49": [0.8027878503281158, 0.7642507076119844, 0.8483945196771886, 0.8813069661458334], "50": [0.7320617416887674, 0.8781612135645677, 0.860403516319397, 0.8911794026692709], "51": [0.7482295294346476, 0.7924090723576197, 0.8353118358697335, 0.8729451497395834], "52": [0.8067120665609406, 0.7232564033383779, 0.8329439387488624, 0.8678063286675347], "53": [0.7829771766255367, 0.7564622345677892, 0.8397179470328027, 0.8732842339409722], "54": [0.7864114227633333, 0.8180285270191272, 0.8575937695153885, 0.8844697740342882], "55": [0.7683044157252621, 0.8075067592996633, 0.8511010174433644, 0.8845494588216146], "56": [0.7952552853174268, 0.7928988369537455, 0.8559374412012354, 0.8892364501953125], "57": [0.8203961807799505, 0.8075888368591003, 0.8637754228862047, 0.8822394476996528], "58": [0.7934636858238129, 0.7922968763452966, 0.8534738398023524, 0.8911336263020834], "59": [0.7864867225353329, 0.7742900652897712, 0.8430457894210596, 0.8829769558376737], "60": [0.7134718856686831, 0.8097906336090707, 0.8345604021073308, 0.8811764187282987], "61": [0.7625214855375176, 0.8181082766494053, 0.850864367740734, 0.882157219780816], "62": [0.7307669288566072, 0.8352127213235256, 0.8484650325692591, 0.8882369995117188], "63": [0.7401952143494747, 0.8095576021462062, 0.8437668731963557, 0.8860143025716146], "64": [0.7702682252521067, 0.8022662964326938, 0.8513963572711574, 0.8881717258029513], "65": [0.7908991147493125, 0.7894852947580365, 0.852431306881802, 0.8850589328342013], "66": [0.7616219284612914, 0.8114741723703252, 0.8507482898865991, 0.887282477484809], "67": [0.7865827989991232, 0.7558993613177876, 0.8389046452835087, 0.8820105658637153], "68": [0.8200949103391456, 0.8096195791708485, 0.8653143016696343, 0.8854336208767362], "69": [0.7609678710552709, 0.7987587931616809, 0.8476090751249803, 0.8842120700412326], "70": [0.7203798677275894, 0.872485746023205, 0.8521055425491816, 0.8845977783203125], "71": [0.8078392788417694, 0.7867051321042756, 0.85565228641835, 0.8861143324110243], "72": [0.8368122785121787, 0.6447562448802524, 0.8195278715715466, 0.8578381008572049], "73": [0.8178075247560519, 0.7008925744234902, 0.8343161833811467, 0.8715744018554688], "74": [0.800937583256754, 0.7678792156236064, 0.8499304429746701, 0.8839051988389757], "75": [0.8072298267086417, 0.7841692407639098, 0.8558951770030302, 0.8847690158420138], "76": [0.7753787382242241, 0.7694543838822071, 0.8416159389180625, 0.8824878268771701], "77": [0.7900808709128448, 0.7699565302274282, 0.8480183873181042, 0.8820665147569444], "78": [0.8020419984081517, 0.7893292865260596, 0.8528957913927147, 0.8803609212239584], "79": [0.8487002493220059, 0.7220830320538012, 0.8487421182740048, 0.879180908203125], "80": [0.7826357609485335, 0.7864225942650738, 0.8485466526134675, 0.8861177232530382]}