{"1": [0.19635406375773715, 0.7915721217527087, 0.6580304801768251, 0.7842881944444444], "2": [0.384165500596555, 0.8472210310622637, 0.7306344645734492, 0.8235821194118924], "3": [0.43325667349537395, 0.7845057153553585, 0.7336629359173292, 0.8258132934570312], "4": [0.5015702375083899, 0.7583835628161277, 0.7489619218900987, 0.8279012044270834], "5": [0.6736945457169824, 0.7581104190449892, 0.8030967180231787, 0.8521474202473959], "6": [0.5758211774121125, 0.7846658917257074, 0.7812995820111279, 0.8460939195421007], "7": [0.5835204814211632, 0.8454785588334234, 0.7995340531331354, 0.857863532172309], "8": [0.7201526406486841, 0.7768233738568733, 0.8238292131994016, 0.8634134928385416], "9": [0.7375446314391508, 0.8126117904928221, 0.835223646060385, 0.8638170030381944], "10": [0.6909017061787242, 0.8408551196847951, 0.8347918509207176, 0.8680157131618924], "11": [0.7637672437062405, 0.7691857345935603, 0.8357969969907361, 0.8657421535915799], "12": [0.7260314291567646, 0.7825898853170573, 0.8297698936723619, 0.8712777031792535], "13": [0.7477502542924364, 0.7847718520224953, 0.8372452932535004, 0.8727357652452257], "14": [0.622704563335624, 0.8650588082951653, 0.8203108713539419, 0.8695271809895834], "15": [0.7522488956845006, 0.8070559442371459, 0.8466276262812455, 0.8780610826280382], "16": [0.6986592865868675, 0.817265822978643, 0.8340871285085716, 0.8730901082356771], "17": [0.735672074586335, 0.7245677472557196, 0.8154698218122348, 0.867919921875], "18": [0.7909580570504151, 0.7569840311882243, 0.8383635976373419, 0.8723424275716146], "19": [0.8097358825245617, 0.7274923609809197, 0.8352841291377713, 0.8716278076171875], "20": [0.7749447034356962, 0.7718213807711636, 0.8401307849758709, 0.8765165540907118], "21": [0.7252747800336165, 0.8478725344391862, 0.8510544381290361, 0.8822072347005209], "22": [0.8194212787192684, 0.7384229330225046, 0.8441302108804138, 0.8741446601019965], "23": [0.8313808310538442, 0.6831847458626873, 0.8317099104540477, 0.8659142388237847], "24": [0.7020922754993403, 0.8569938960978053, 0.843579949016902, 0.8777728610568576], "25": [0.8044509888866412, 0.7284638386974511, 0.8389914935555773, 0.8708699544270834], "26": [0.7835999488925965, 0.7372575423031945, 0.8338449335475896, 0.873917473687066], "27": [0.6946547555944821, 0.8456453355059751, 0.8379042858747049, 0.8814044528537326], "28": [0.6985707529061538, 0.8148726208329414, 0.8327812934557003, 0.8794530232747396], "29": [0.7715627574055489, 0.8312239837661117, 0.8586567774156593, 0.8844070434570312], "30": [0.8147318286636325, 0.7853824390650753, 0.8607321988017611, 0.8857065836588541], "31": [0.8475676243549173, 0.72029411875025, 0.8494435356759201, 0.8755484686957465], "32": [0.7852194978057491, 0.8174992076404313, 0.8596823164781173, 0.8894721137152778], "33": [0.8437124894265657, 0.7279296009618241, 0.8496448711075174, 0.8793343438042535], "34": [0.846770415722652, 0.7469604388713008, 0.8580276952804645, 0.8812086317274306], "35": [0.8261225713097354, 0.8132916082949047, 0.8675068362837328, 0.8892729017469618], "36": [0.8146274996902629, 0.8117481157406317, 0.8689968644780297, 0.8947940402560763], "37": [0.8274606139540767, 0.8124500015493831, 0.8703553532474585, 0.8912997775607638], "38": [0.8836725581718725, 0.6212458832163642, 0.827828781544373, 0.859482659233941], "39": [0.742012935173118, 0.8564007683432333, 0.8579411564576315, 0.8934334648980035], "40": [0.7833811250627059, 0.8347281618673923, 0.8639674449549809, 0.8935411241319444], "41": [0.8443532379204927, 0.7547115730024336, 0.8580686357052426, 0.876708984375], "42": [0.7792235552455284, 0.8321280680298972, 0.8626871058326742, 0.8941980997721354], "43": [0.8052676358657281, 0.8429520313535563, 0.8738199132274264, 0.8969082302517362], "44": [0.7853232004182091, 0.8676671390635432, 0.8749181339669098, 0.8972930908203125], "45": [0.7855885973173855, 0.8573930400685206, 0.8723981278925125, 0.8980475531684028], "46": [0.8055681991288834, 0.7845612043340754, 0.857340760652865, 0.8848851521809896], "47": [0.8383133865153533, 0.8018768713365207, 0.8711764352738771, 0.8890864054361979], "48": [0.8549089429138842, 0.6948528633795934, 0.8441535468708297, 0.8741438123914931], "49": [0.814563103640815, 0.7611408271434195, 0.8520287043553192, 0.8815366956922743], "50": [0.8512860386863407, 0.801983995901318, 0.8737322906439453, 0.8889168633355035], "51": [0.858068137269464, 0.7463630372618629, 0.8586898608694175, 0.8777058919270834], "52": [0.7238623516028844, 0.8917152751584766, 0.8624766593039598, 0.895782470703125], "53": [0.8436365270871002, 0.7864157213787228, 0.8699536211522325, 0.8892415364583334], "54": [0.8580265116185143, 0.7619643302372278, 0.8651491020090394, 0.8839908175998263], "55": [0.8123081431874023, 0.7908649061049333, 0.8602790048698961, 0.8880911933051215], "56": [0.7576382631262603, 0.8308097941366492, 0.856125998975122, 0.8904859754774306], "57": [0.8155474587628522, 0.7784425612671318, 0.8576749006994085, 0.8846638997395834], "58": [0.8683789007862357, 0.7527635251817252, 0.8645267395191506, 0.8838755289713541], "59": [0.8245194150019811, 0.7821510153441209, 0.8606040974442594, 0.884124755859375], "60": [0.7914048313388512, 0.8665290343816378, 0.8751777724169014, 0.8983773125542535], "61": [0.822606941304216, 0.8055495784358346, 0.8684119845248073, 0.8909861246744791], "62": [0.8215118155603781, 0.7338352381640326, 0.8461509996220202, 0.8784993489583334], "63": [0.7758707143021132, 0.8480534471804397, 0.8668421831685228, 0.8952153523763021], "64": [0.7582263383345992, 0.797435121622194, 0.8468244256114752, 0.8888108995225694], "65": [0.8187617711265421, 0.7853793123882606, 0.8584944481392356, 0.8860677083333334], "66": [0.7913310557856614, 0.8194561821413056, 0.8612736153081192, 0.8888414171006944], "67": [0.8167721721593192, 0.8093295864061303, 0.8658427538543942, 0.8897018432617188], "68": [0.820625295509652, 0.7720438116978027, 0.8552221097146016, 0.8821351793077257], "69": [0.8091180267646711, 0.8066110508262412, 0.8646726727801526, 0.8918914794921875], "70": [0.7877084906435448, 0.8253070072061608, 0.8622420456408386, 0.8912811279296875], "71": [0.7223108991586907, 0.8484570466007818, 0.8472929196656418, 0.8852267795138888], "72": [0.7208719618317427, 0.8246443996535764, 0.8438310946002558, 0.8853649563259549], "73": [0.8398297244181099, 0.7256112286988882, 0.8454578454087033, 0.8752644856770834], "74": [0.8356700028721777, 0.7786317323498961, 0.862074247763316, 0.8864958021375868], "75": [0.7947962886753279, 0.8120428332796509, 0.8617458000071206, 0.8895026312934028], "76": [0.8296906165808667, 0.7779656598107584, 0.8604724210505357, 0.88726806640625], "77": [0.8241916444328884, 0.8146891653887168, 0.8699009410601083, 0.8905631171332465], "78": [0.8109130585241184, 0.8132853150416366, 0.8653368417405501, 0.8899341159396701], "79": [0.7977828355603532, 0.8225070292826953, 0.8668608752310853, 0.8934283786349826], "80": [0.8237333657843305, 0.7507373905730231, 0.8487864751079061, 0.8816519843207465]}