{"1": [0.09476457246778243, 0.5963501907161072, 0.5024688910618315, 0.6639476845398276], "2": [0.2716240075816408, 0.6039500825765152, 0.5867914555240242, 0.734206080704461], "3": [0.33046631102878177, 0.587720703327627, 0.6038670543568091, 0.7427233982445531], "4": [0.2950662609107169, 0.6108339087638798, 0.5942131455386149, 0.7324806797022075], "5": [0.3592128398679656, 0.6391484390595193, 0.6355542560098394, 0.7659544127502446], "6": [0.3750246549295159, 0.5540477372764376, 0.6035159469352755, 0.7316331091733852], "7": [0.4370632996610441, 0.6403795795172117, 0.6653239323735286, 0.7842331953518179], "8": [0.44535500072358564, 0.6157898508161883, 0.6571217831635976, 0.7711096110794459], "9": [0.4548593189632885, 0.6253527253634993, 0.6655849713149211, 0.7844819802982712], "10": [0.41183124855560116, 0.5784282554010668, 0.6280268546440932, 0.7489874526915561], "11": [0.41261963770880344, 0.6760576750508294, 0.6654889770484158, 0.7851748510259404], "12": [0.42967741809659865, 0.6788909999909779, 0.6770210783264993, 0.7928690988984629], "13": [0.4383490368130143, 0.6616750138036002, 0.6711095819142239, 0.7900649650193228], "14": [0.4687211555779136, 0.6472067349368374, 0.6770886674981816, 0.7887316007476608], "15": [0.47326663844196565, 0.6803266933973355, 0.693162955474008, 0.8062186202819535], "16": [0.4588214918712973, 0.6396572008757274, 0.6720248393845336, 0.7888755874067015], "17": [0.46782572692438773, 0.6809778462120266, 0.691739934270396, 0.8058636655816359], "18": [0.4528500681260441, 0.6607101550960803, 0.6817881260664895, 0.8012659949006907], "19": [0.4728646123785343, 0.6646783840487243, 0.6894613515761385, 0.8073467635130888], "20": [0.4486160136656565, 0.6846658422769042, 0.6811863522052701, 0.793069614093404], "21": [0.4807992072706469, 0.6379335187118439, 0.6823570887443854, 0.8039422382159335], "22": [0.47912360535632587, 0.6739290931521709, 0.6949027764895658, 0.8100327651876207], "23": [0.48273806063940833, 0.6630572757538759, 0.6889477754608624, 0.8027883775073256], "24": [0.5016299730280056, 0.6915083062445941, 0.7081871535170543, 0.8160421051763392], "25": [0.49095599254200106, 0.6527428201659818, 0.6902582460373208, 0.8037141498589467], "26": [0.5025570744289062, 0.671984301304176, 0.696312559983544, 0.8022331331464326], "27": [0.47201777888275553, 0.6920128899600965, 0.7000242361897522, 0.811083218225294], "28": [0.500921562546704, 0.6942678092892741, 0.7100431760354121, 0.8179634411201968], "29": [0.4948091031670002, 0.6393648660191732, 0.6881775876289726, 0.8028452383423909], "30": [0.5051346778958291, 0.6454672347733315, 0.6941579325480454, 0.8050655393878985], "31": [0.49410323456723454, 0.6887303333030093, 0.7048098549599532, 0.8144509408994938], "32": [0.5177401242771643, 0.6672930507305647, 0.7069631585241375, 0.8194303849952742], "33": [0.4923328934721881, 0.6895074926024531, 0.7049579982098879, 0.8131653542027196], "34": [0.5194058211676037, 0.704232659211858, 0.7188280207309893, 0.8224519081568565], "35": [0.5057588490881356, 0.6791166187832918, 0.7060673640887207, 0.8176545417534772], "36": [0.5093716497890668, 0.673701942408616, 0.706010157251052, 0.8192341163940848], "37": [0.5109784727922779, 0.6727788144428657, 0.7056077606074235, 0.8128758387004499], "38": [0.5158145716252512, 0.6706225059644663, 0.7074401685042679, 0.8155614326040737], "39": [0.5202747476075338, 0.6821577301499734, 0.7134888053966958, 0.8220843821876108], "40": [0.5206827947346921, 0.7063893281344256, 0.7222947274472695, 0.8268601026988046], "41": [0.4971030073571209, 0.7007068764417537, 0.7103300370813715, 0.81884558642028], "42": [0.5083197663909048, 0.6562831253292685, 0.698921729970226, 0.808662721138373], "43": [0.5205839921979786, 0.6852288196801588, 0.715184018897683, 0.8267826470964347], "44": [0.5039247319730369, 0.6541698403202564, 0.6969914747261732, 0.8029220778385847], "45": [0.52350827164752, 0.7055935551212551, 0.7229020920671935, 0.8282647589954997], "46": [0.5149407715817571, 0.6870595206411605, 0.712246547368108, 0.8159612764498854], "47": [0.5128910850967652, 0.6801704605060619, 0.7105345256060913, 0.8248438761962453], "48": [0.5118517747996442, 0.6554381828544452, 0.7019095623799749, 0.8104622186327444], "49": [0.489605355597908, 0.6796993838618687, 0.7016639218237151, 0.8165541000624859], "50": [0.526845545083195, 0.6994722599128471, 0.7207883143118368, 0.8245790304764166], "51": [0.5144927482198435, 0.6823800725394652, 0.7123696303931105, 0.8194831325075782], "52": [0.5172010105005317, 0.6943077254857503, 0.7176963298985831, 0.8276639767388448], "53": [0.5366192343809767, 0.7056175359526096, 0.727904944624556, 0.8314259182292975], "54": [0.4848668032922584, 0.6677309366101434, 0.6947628232204224, 0.8123588610181047], "55": [0.4978944895087781, 0.6662558377116143, 0.7004263902562692, 0.8153616555824721], "56": [0.5156436176584772, 0.656417492062719, 0.7030712701432519, 0.8140697942738171], "57": [0.5161651517047862, 0.7003614472731315, 0.7186905928337176, 0.8273355450456799], "58": [0.5113021481444342, 0.6788310903834982, 0.710421202847347, 0.823514931627882], "59": [0.5291911798443082, 0.7189405733705855, 0.7280257191316798, 0.8293406790586308], "60": [0.5043737406753974, 0.6626672539555031, 0.7001868518058849, 0.814323368422479], "61": [0.5093233628807582, 0.6435453943911483, 0.6979092972783094, 0.8181578967190306], "62": [0.5114092861074548, 0.6699888553611002, 0.7066509685479393, 0.8152806981973332], "63": [0.49884137848233007, 0.6641296454438717, 0.7019282632204144, 0.8233669046489329], "64": [0.497673445494955, 0.6567206936133229, 0.698183664379592, 0.8139270600294172], "65": [0.5137088679468161, 0.6868442510436967, 0.7125623985135092, 0.8265644304673092], "66": [0.5224821925371116, 0.6936914976950069, 0.7197447512024806, 0.8313928357806923], "67": [0.5162330240692026, 0.6865392021667245, 0.7149539622850143, 0.8289559606085698], "68": [0.49944064522950266, 0.6441007123989372, 0.6954644987165033, 0.8159610537015405], "69": [0.5082653290595983, 0.6984196597796045, 0.7157910902764119, 0.8252834513395143], "70": [0.507084294781091, 0.658437862204051, 0.7017636241478782, 0.8190597262063029], "71": [0.5239802994958441, 0.6853342087384653, 0.7169764301485122, 0.8294571247141019], "72": [0.5167121708328666, 0.6597190932011262, 0.7060499913326622, 0.8228678702514646], "73": [0.5234718193105392, 0.7056629740618995, 0.7216167498499196, 0.8266335225915377], "74": [0.5196302806922758, 0.6768222863990333, 0.712266724551228, 0.819458987968131], "75": [0.5143417298228126, 0.6599083661229946, 0.7050665877230268, 0.8217471005573131], "76": [0.5065331351425808, 0.6723443136159859, 0.7068232903573684, 0.8195445589540927], "77": [0.5152548758099769, 0.6748524628215284, 0.7102359275250391, 0.8221587896495128], "78": [0.5117911102022877, 0.679896148959984, 0.7109645828616149, 0.8218905975153352], "79": [0.5057956427073836, 0.669500369708161, 0.7055864401941813, 0.819955997245928], "80": [0.523984052574335, 0.6735876602117972, 0.7133098030140625, 0.8274213096390126]}