{"1": [0.11589330663079529, 0.8694087386387858, 0.6547321956919463, 0.7907706366644965], "2": [0.43656033325738947, 0.7748086186946593, 0.7282395774187357, 0.8149363199869791], "3": [0.3021655999335897, 0.8021072111974091, 0.6955638146473594, 0.8110970391167535], "4": [0.4536654674464379, 0.6620318739524378, 0.6996374690118318, 0.7960027058919271], "5": [0.3669282807765684, 0.8188540614723315, 0.7242156030068748, 0.8267245822482638], "6": [0.5263196945877162, 0.7971294403503084, 0.7675583624439881, 0.8408440483940972], "7": [0.515781924274646, 0.8210287144361773, 0.7706099590367786, 0.8443883260091146], "8": [0.47792711259941795, 0.8361842597776592, 0.7643762757190734, 0.8461888631184896], "9": [0.6096575990311739, 0.8545467027549447, 0.8085452703595835, 0.856886969672309], "10": [0.6567270894626207, 0.7226361466159934, 0.7867883260374228, 0.8448384602864584], "11": [0.7635571863224156, 0.7576095924657094, 0.8247263402082337, 0.8519685533311632], "12": [0.7111547680578296, 0.6288865949953192, 0.7748909053825598, 0.8339428371853299], "13": [0.6642290768697691, 0.7710358611477999, 0.8044782904202997, 0.8565470377604166], "14": [0.7720502240602984, 0.755036058102989, 0.8318699836052844, 0.8653030395507812], "15": [0.7008687702717321, 0.8013806132713815, 0.825848901389462, 0.8658337063259549], "16": [0.653323856161068, 0.8134807750560279, 0.8151561237326533, 0.8667882283528646], "17": [0.6831194272049356, 0.8410324297510352, 0.8313252956061103, 0.8723153008355035], "18": [0.5997874154302371, 0.8542010847515589, 0.8119913331082876, 0.867446051703559], "19": [0.6907772844624702, 0.8153013192007494, 0.827435150941494, 0.8715828789605035], "20": [0.6343189220852052, 0.8483055734783168, 0.8203388480394853, 0.8689566718207465], "21": [0.7271444508193103, 0.7234952455286588, 0.813468669719047, 0.8600785997178819], "22": [0.7196301592394914, 0.8628298775339344, 0.8503592819705037, 0.8812891642252604], "23": [0.7903398245050819, 0.7527848395986927, 0.8395129047455948, 0.8714506361219618], "24": [0.7713285980601189, 0.7923415443321071, 0.8465455075856366, 0.8806872897677951], "25": [0.6513513386978563, 0.8064265894707697, 0.8172836002786591, 0.8701646592881944], "26": [0.7748861059553396, 0.7333391174723015, 0.8322564909232176, 0.8734546237521701], "27": [0.7388084265635237, 0.7336668262892156, 0.8204160540136173, 0.8747490776909722], "28": [0.8532011917620753, 0.740553571675755, 0.8540596427605441, 0.8789494832356771], "29": [0.7105291389882187, 0.8597763623836606, 0.8493438217984015, 0.8833719889322916], "30": [0.8271425559330049, 0.7763074427430411, 0.8566211466312259, 0.8817231920030382], "31": [0.8264303988778259, 0.7635052282585982, 0.8549701242407576, 0.8808771769205729], "32": [0.8434267194132476, 0.726073871019116, 0.8489701672791465, 0.8751814100477431], "33": [0.7604594363201849, 0.8554443164431896, 0.8629328914937465, 0.8907157050238715], "34": [0.7720653799234037, 0.8232083212229013, 0.8583875620981193, 0.8893814086914062], "35": [0.7054877898644193, 0.8483947942123319, 0.8446722150073671, 0.8851996527777778], "36": [0.8454940958595686, 0.7085642797303675, 0.8443741298216688, 0.88140869140625], "37": [0.7385706971489578, 0.8242529833257024, 0.849023298929223, 0.8847122192382812], "38": [0.7834195375633698, 0.79018927006395, 0.8533406416061889, 0.884659661187066], "39": [0.760715399155741, 0.826804361662968, 0.856989514947658, 0.8889083862304688], "40": [0.8145378718184413, 0.757856680286309, 0.8519456422685239, 0.886063469780816], "41": [0.7963773403815875, 0.8240002824206406, 0.8639286519354776, 0.8872850206163194], "42": [0.839220098429638, 0.8089106632810172, 0.8723710009074362, 0.8901129828559028], "43": [0.7415966772724699, 0.8502809750963678, 0.856532152111067, 0.8887981838650174], "44": [0.7494106653537289, 0.8310260635456821, 0.8550843979152561, 0.8879691229926215], "45": [0.8013833060982273, 0.7836313037729327, 0.8558867794005643, 0.887847900390625], "46": [0.7939226149857515, 0.8020094457382847, 0.8606113465828958, 0.8907190958658854], "47": [0.8081623496952725, 0.8094992941995401, 0.8638774088131832, 0.8900036282009549], "48": [0.7988837165011603, 0.827781659268841, 0.8679024978689687, 0.894073486328125], "49": [0.7550798868521393, 0.8412103342106394, 0.8589415637392182, 0.8907385932074653], "50": [0.8082737234810934, 0.8007762299514297, 0.8626658826586419, 0.8882361518012153], "51": [0.8096439350157135, 0.7824452552291001, 0.8560142559745257, 0.8880589803059896], "52": [0.7891428693015481, 0.8317636025317008, 0.8622595636629008, 0.8905826144748263], "53": [0.8129268888327349, 0.8328440635749884, 0.871618292766787, 0.8922119140625], "54": [0.8312584954436988, 0.7758861938458546, 0.8594518293962276, 0.8833202785915799], "55": [0.8298029794392107, 0.8189838037500187, 0.8717841984989056, 0.8899298773871528], "56": [0.8136262000556217, 0.7663620593013188, 0.8537895717527109, 0.8902172512478299], "57": [0.8397603632009464, 0.7942778223952746, 0.8689012654866283, 0.8920050726996528], "58": [0.7419472453711621, 0.8544297538172041, 0.8588708328126012, 0.8889711168077257], "59": [0.8178372792636877, 0.7643141990935869, 0.852654595546663, 0.8863940768771701], "60": [0.7516254996405879, 0.8280960737937667, 0.8535956201370629, 0.8948499891493056], "61": [0.7871068334207905, 0.8209606472982136, 0.8624631079652327, 0.8940887451171875], "62": [0.6915351239768072, 0.8681586666155475, 0.8498107072887402, 0.8913116455078125], "63": [0.7988973909054531, 0.8140553454970972, 0.8641190873447059, 0.8897950914171007], "64": [0.8208751626040677, 0.7836607909295704, 0.8614632391772705, 0.8899425930447049], "65": [0.8061627231421998, 0.785410925634641, 0.8569261613983625, 0.8928951687282987], "66": [0.8956136040898275, 0.7021134056523785, 0.8517239803404569, 0.8678334554036459], "67": [0.7408569878072951, 0.7970958802180612, 0.8409291666019107, 0.8860651652018229], "68": [0.7134168592011556, 0.8565721102650621, 0.8515877752007268, 0.8894560072157118], "69": [0.7994199886300799, 0.7859294362479075, 0.8542124933474614, 0.8865017361111112], "70": [0.8313050425465258, 0.7233710407600383, 0.8452617193712137, 0.8736724853515625], "71": [0.7597191382996606, 0.8138184545709971, 0.8520227708835306, 0.8851360744900174], "72": [0.756312405897531, 0.8269755746415329, 0.8555808388128558, 0.8944422403971354], "73": [0.7742618079729982, 0.8191495359410835, 0.8590706205907428, 0.8942074245876737], "74": [0.8159160368380755, 0.7778886210837271, 0.8577973122245577, 0.8869908650716146], "75": [0.7076959581489471, 0.8750552582386094, 0.8535631877827847, 0.8936538696289062], "76": [0.7709432034396427, 0.8162128873915789, 0.8563428125806749, 0.8886947631835938], "77": [0.7680400084026021, 0.7723285096764282, 0.84218086394467, 0.8809577094184028], "78": [0.7570718948564349, 0.8195943840741935, 0.8513096093325819, 0.8940480550130209], "79": [0.8006303571976955, 0.7714482346884093, 0.851510708282535, 0.8892432318793403], "80": [0.8056335496333397, 0.821517220303031, 0.8669952839837182, 0.8958791097005209]}