{"unet": 6.355746030807495, "dsc_unet": 3.5867621898651123, "lbc_unet": 6.920642614364624, "dsc_lbc_unet": 2.770132064819336, "small_unet": 4.374107360839844, "small_dsc_unet": 3.1638078689575195, "small_lbc_unet": 4.743697166442871, "small_dsc_lbc_unet": 2.430824041366577, "deeplab_mobile_net": 1.4916834831237793, "lraspp_mobile_net": 0.7779722213745117, "skinny_small_dsc_lbc_unet": 1.4468607902526855}