{"unet": 0.9765543937683105, "dsc_unet": 0.4703185558319092, "lbc_unet": 0.4544191360473633, "dsc_lbc_unet": 0.46681690216064453, "small_unet": 0.44407057762145996, "small_dsc_unet": 0.45073580741882324, "small_lbc_unet": 0.44968533515930176, "small_dsc_lbc_unet": 0.4296300411224365, "deeplab_mobile_net": 0.4595799446105957, "lraspp_mobile_net": 0.4781985282897949, "skinny_small_dsc_lbc_unet": 0.6375081539154053}