{"unet": 0.4743177890777588, "dsc_unet": 0.48138999938964844, "lbc_unet": 0.46581315994262695, "dsc_lbc_unet": 0.46779704093933105, "skinny_small_dsc_lbc_unet": 0.443389892578125, "skinny_small_unet": 0.4443094730377197, "skinny_small_dsc_unet": 0.4705080986022949, "skinny_small_lbc_unet": 0.4541921615600586, "deeplab_mobile_net": 0.4803924560546875, "lraspp_mobile_net": 0.47025346755981445}