{"unet": 6.311500787734985, "dsc_unet": 3.557436466217041, "lbc_unet": 7.180553674697876, "dsc_lbc_unet": 2.84816312789917, "small_unet": 4.137382984161377, "small_dsc_unet": 2.991029977798462, "small_lbc_unet": 4.688718318939209, "small_dsc_lbc_unet": 2.3214707374572754, "deeplab_mobile_net": 1.1585712432861328, "lraspp_mobile_net": 0.7899765968322754, "skinny_small_dsc_lbc_unet": 1.376267671585083}