{"unet": 7.875788927078247, "dsc_unet": 4.304158926010132, "lbc_unet": 8.413671493530273, "skinny_small_dsc_lbc_unet": 1.6270174980163574, "skinny_small_unet": 1.1709396839141846, "skinny_small_dsc_unet": 1.1484389305114746, "skinny_small_lbc_unet": 2.2519350051879883, "deeplab_mobile_net": 1.230614185333252, "lraspp_mobile_net": 0.7206857204437256, "dsc_lbc_unet": 3.2953085899353027}