{"unet": 0.4491889476776123, "dsc_unet": 0.4556281566619873, "lbc_unet": 0.47630739212036133, "dsc_lbc_unet": 0.6513097286224365, "skinny_small_dsc_lbc_unet": 0.4444403648376465, "skinny_small_unet": 0.44834399223327637, "skinny_small_dsc_unet": 0.4472622871398926, "skinny_small_lbc_unet": 0.49456238746643066, "deeplab_mobile_net": 0.4779975414276123, "lraspp_mobile_net": 0.47273945808410645}