{"unet": 7.9420166015625, "dsc_unet": 4.465232610702515, "lbc_unet": 8.57492470741272, "skinny_small_dsc_lbc_unet": 1.492427110671997, "skinny_small_unet": 2.113354444503784, "skinny_small_dsc_unet": 1.751394271850586, "skinny_small_lbc_unet": 2.2446277141571045, "deeplab_mobile_net": 1.2153825759887695, "lraspp_mobile_net": 0.8121025562286377, "dsc_lbc_unet": 3.371088981628418}