{"unet": 0.5199398994445801, "dsc_unet": 0.44905710220336914, "lbc_unet": 0.45880651473999023, "dsc_lbc_unet": 0.4731788635253906, "small_unet": 0.45653343200683594, "small_dsc_unet": 0.4356660842895508, "small_lbc_unet": 0.4552638530731201, "small_dsc_lbc_unet": 0.4461522102355957, "deeplab_mobile_net": 0.48494935035705566, "lraspp_mobile_net": 0.5028252601623535, "skinny_small_dsc_lbc_unet": 0.4373345375061035}