{"unet": 6.649922609329224, "dsc_unet": 3.543304681777954, "lbc_unet": 7.31333589553833, "dsc_lbc_unet": 2.8164355754852295, "small_unet": 3.9250051975250244, "small_dsc_unet": 3.0094263553619385, "small_lbc_unet": 4.534337282180786, "small_dsc_lbc_unet": 2.3909084796905518, "deeplab_mobile_net": 1.2319374084472656, "lraspp_mobile_net": 0.8264188766479492, "skinny_small_dsc_lbc_unet": 1.4430816173553467}