{"unet": 0.5045967102050781, "dsc_unet": 0.4550032615661621, "lbc_unet": 0.47928309440612793, "dsc_lbc_unet": 0.45972275733947754, "small_unet": 0.4407312870025635, "small_dsc_unet": 0.4366765022277832, "small_lbc_unet": 0.4617581367492676, "small_dsc_lbc_unet": 0.4351062774658203, "deeplab_mobile_net": 0.5102663040161133, "lraspp_mobile_net": 0.46713781356811523, "skinny_small_dsc_lbc_unet": 0.43619823455810547}