{"unet": 0.4548778533935547, "dsc_unet": 0.4536862373352051, "lbc_unet": 0.44974279403686523, "dsc_lbc_unet": 0.46806812286376953, "skinny_small_dsc_lbc_unet": 0.4447805881500244, "skinny_small_unet": 0.4478597640991211, "skinny_small_dsc_unet": 0.4446990489959717, "skinny_small_lbc_unet": 0.4437747001647949, "deeplab_mobile_net": 0.4794156551361084, "lraspp_mobile_net": 0.4719054698944092}