{"unet": 6.693368196487427, "dsc_unet": 3.9604318141937256, "lbc_unet": 8.190390348434448, "skinny_small_dsc_lbc_unet": 1.4873502254486084, "skinny_small_unet": 1.2352075576782227, "skinny_small_dsc_unet": 1.2127845287322998, "skinny_small_lbc_unet": 2.0284371376037598, "deeplab_mobile_net": 1.067539930343628, "lraspp_mobile_net": 0.8094582557678223, "dsc_lbc_unet": 3.0787384510040283}