{"unet": 0.49582600593566895, "dsc_unet": 0.461078405380249, "lbc_unet": 0.4578104019165039, "dsc_lbc_unet": 0.4468662738800049, "skinny_small_dsc_lbc_unet": 0.44895219802856445, "skinny_small_unet": 0.47594618797302246, "skinny_small_dsc_unet": 0.45366382598876953, "skinny_small_lbc_unet": 0.44288015365600586, "deeplab_mobile_net": 0.4701066017150879, "lraspp_mobile_net": 0.5091562271118164}