{"unet": 0.4572570323944092, "dsc_unet": 0.4559764862060547, "lbc_unet": 0.44557762145996094, "dsc_lbc_unet": 0.4501688480377197, "skinny_small_dsc_lbc_unet": 0.4385838508605957, "skinny_small_unet": 0.4523303508758545, "skinny_small_dsc_unet": 0.4418942928314209, "skinny_small_lbc_unet": 0.4728858470916748, "deeplab_mobile_net": 0.49654436111450195, "lraspp_mobile_net": 0.46885132789611816}