{"unet": 6.179148197174072, "dsc_unet": 3.701195001602173, "lbc_unet": 7.213464021682739, "dsc_lbc_unet": 2.8116822242736816, "small_unet": 4.096823692321777, "small_dsc_unet": 3.0117290019989014, "small_lbc_unet": 4.537617206573486, "small_dsc_lbc_unet": 2.4324145317077637, "deeplab_mobile_net": 1.2162845134735107, "lraspp_mobile_net": 0.7300679683685303, "skinny_small_dsc_lbc_unet": 1.3503034114837646}