{"unet": 0.46220993995666504, "dsc_unet": 0.4864184856414795, "lbc_unet": 0.4577958583831787, "dsc_lbc_unet": 0.44861769676208496, "skinny_small_dsc_lbc_unet": 0.4536325931549072, "skinny_small_unet": 0.45624566078186035, "skinny_small_dsc_unet": 0.43978142738342285, "skinny_small_lbc_unet": 0.45108485221862793, "deeplab_mobile_net": 0.4772317409515381, "lraspp_mobile_net": 0.48755359649658203}