{"unet": 7.810652256011963, "dsc_unet": 4.487435579299927, "lbc_unet": 8.863526821136475, "skinny_small_dsc_lbc_unet": 1.55735182762146, "skinny_small_unet": 2.145686626434326, "skinny_small_dsc_unet": 1.8362581729888916, "skinny_small_lbc_unet": 2.0636465549468994, "deeplab_mobile_net": 1.3512136936187744, "lraspp_mobile_net": 0.8596916198730469, "dsc_lbc_unet": 3.3646225929260254}