{"unet": 0.4570305347442627, "dsc_unet": 0.4446868896484375, "lbc_unet": 0.45269179344177246, "dsc_lbc_unet": 0.44765472412109375, "small_unet": 0.4465758800506592, "small_dsc_unet": 0.4631474018096924, "small_lbc_unet": 0.4538424015045166, "small_dsc_lbc_unet": 0.4363443851470947, "deeplab_mobile_net": 0.4887676239013672, "lraspp_mobile_net": 0.46904683113098145, "skinny_small_dsc_lbc_unet": 0.43526124954223633}