{"unet": 7.6740710735321045, "dsc_unet": 4.3554368019104, "lbc_unet": 8.302822828292847, "skinny_small_dsc_lbc_unet": 1.5573348999023438, "skinny_small_unet": 1.192917823791504, "skinny_small_dsc_unet": 1.1110999584197998, "skinny_small_lbc_unet": 2.382474899291992, "deeplab_mobile_net": 1.2641375064849854, "lraspp_mobile_net": 0.8481566905975342, "dsc_lbc_unet": 3.3545615673065186}