{"unet": 0.498518705368042, "dsc_unet": 0.4607398509979248, "lbc_unet": 0.478302001953125, "dsc_lbc_unet": 0.46038317680358887, "small_unet": 0.4566974639892578, "small_dsc_unet": 0.4756333827972412, "small_lbc_unet": 0.4325246810913086, "small_dsc_lbc_unet": 0.45446348190307617, "deeplab_mobile_net": 0.48447561264038086, "lraspp_mobile_net": 0.4649393558502197, "skinny_small_dsc_lbc_unet": 0.4392697811126709}