{"unet": 0.4607203006744385, "dsc_unet": 0.4918808937072754, "lbc_unet": 0.4558870792388916, "dsc_lbc_unet": 0.4596583843231201, "skinny_small_dsc_lbc_unet": 0.4423234462738037, "skinny_small_unet": 0.4829978942871094, "skinny_small_dsc_unet": 0.47740674018859863, "skinny_small_lbc_unet": 0.4307267665863037, "deeplab_mobile_net": 0.46551990509033203, "lraspp_mobile_net": 0.4691016674041748}