{"unet": 0.4775505065917969, "dsc_unet": 0.45299625396728516, "lbc_unet": 0.45079684257507324, "dsc_lbc_unet": 0.46768879890441895, "skinny_small_dsc_lbc_unet": 0.4617645740509033, "skinny_small_unet": 0.43786144256591797, "skinny_small_dsc_unet": 0.45859503746032715, "skinny_small_lbc_unet": 0.47925758361816406, "deeplab_mobile_net": 0.4821782112121582, "lraspp_mobile_net": 0.474332332611084}