{"unet": 6.953943490982056, "dsc_unet": 4.1077375411987305, "lbc_unet": 7.2749364376068115, "skinny_small_dsc_lbc_unet": 1.5206687450408936, "skinny_small_unet": 1.8692853450775146, "skinny_small_dsc_unet": 1.6247479915618896, "skinny_small_lbc_unet": 1.8785521984100342, "deeplab_mobile_net": 1.1181182861328125, "lraspp_mobile_net": 0.7463457584381104, "dsc_lbc_unet": 3.2507786750793457}