{"unet": 0.4604957103729248, "dsc_unet": 0.4846947193145752, "lbc_unet": 0.4515402317047119, "dsc_lbc_unet": 0.4554905891418457, "small_unet": 0.46256494522094727, "small_dsc_unet": 0.44598817825317383, "small_lbc_unet": 0.4486227035522461, "small_dsc_lbc_unet": 0.44162487983703613, "deeplab_mobile_net": 0.4770998954772949, "lraspp_mobile_net": 0.4672982692718506, "skinny_small_dsc_lbc_unet": 0.45635986328125}