{"unet": 0.49109458923339844, "dsc_unet": 0.4680662155151367, "lbc_unet": 0.4658529758453369, "dsc_lbc_unet": 0.44963717460632324, "skinny_small_dsc_lbc_unet": 0.47123193740844727, "skinny_small_unet": 0.4816093444824219, "skinny_small_dsc_unet": 0.5040268898010254, "skinny_small_lbc_unet": 0.4543783664703369, "deeplab_mobile_net": 0.48497581481933594, "lraspp_mobile_net": 0.491910457611084}