{"unet": 7.592999219894409, "dsc_unet": 4.438213109970093, "lbc_unet": 9.058280944824219, "skinny_small_dsc_lbc_unet": 1.5447273254394531, "skinny_small_unet": 2.175616979598999, "skinny_small_dsc_unet": 1.7851133346557617, "skinny_small_lbc_unet": 2.376612424850464, "deeplab_mobile_net": 1.398925542831421, "lraspp_mobile_net": 0.8429751396179199, "dsc_lbc_unet": 3.356849431991577}