{"unet": 0.5029945373535156, "dsc_unet": 0.45985960960388184, "lbc_unet": 0.4591951370239258, "dsc_lbc_unet": 0.47088193893432617, "small_unet": 0.4433419704437256, "small_dsc_unet": 0.4414212703704834, "small_lbc_unet": 0.44780516624450684, "small_dsc_lbc_unet": 0.45299577713012695, "deeplab_mobile_net": 0.4978213310241699, "lraspp_mobile_net": 0.47046661376953125, "skinny_small_dsc_lbc_unet": 0.4551703929901123}