{"unet": 0.4469473361968994, "dsc_unet": 0.45633411407470703, "lbc_unet": 0.457226037979126, "dsc_lbc_unet": 0.4471104145050049, "skinny_small_dsc_lbc_unet": 0.4418308734893799, "skinny_small_unet": 0.44740986824035645, "skinny_small_dsc_unet": 0.43256115913391113, "skinny_small_lbc_unet": 0.44084858894348145, "deeplab_mobile_net": 0.47736215591430664, "lraspp_mobile_net": 0.4652979373931885}