{"unet": 6.383017539978027, "dsc_unet": 3.6110191345214844, "lbc_unet": 7.255011558532715, "dsc_lbc_unet": 2.7942698001861572, "small_unet": 3.8243887424468994, "small_dsc_unet": 3.1056501865386963, "small_lbc_unet": 4.5920116901397705, "small_dsc_lbc_unet": 2.4496824741363525, "deeplab_mobile_net": 1.0901312828063965, "lraspp_mobile_net": 0.7606446743011475, "skinny_small_dsc_lbc_unet": 1.3417253494262695}