{"unet": 6.43547511100769, "dsc_unet": 3.726278781890869, "lbc_unet": 7.035968780517578, "dsc_lbc_unet": 2.851423501968384, "small_unet": 4.115644931793213, "small_dsc_unet": 2.9842755794525146, "small_lbc_unet": 4.547267913818359, "small_dsc_lbc_unet": 2.483407974243164, "deeplab_mobile_net": 1.1726789474487305, "lraspp_mobile_net": 0.7783570289611816, "skinny_small_dsc_lbc_unet": 1.315443515777588}