{"unet": 7.916828393936157, "dsc_unet": 4.4250030517578125, "lbc_unet": 8.517308235168457, "skinny_small_dsc_lbc_unet": 1.5343189239501953, "skinny_small_unet": 1.202951431274414, "skinny_small_dsc_unet": 1.206028699874878, "skinny_small_lbc_unet": 2.1942434310913086, "deeplab_mobile_net": 1.4467298984527588, "lraspp_mobile_net": 0.8078229427337646, "dsc_lbc_unet": 3.3957836627960205}