{"unet": 6.612428426742554, "dsc_unet": 3.6998043060302734, "lbc_unet": 7.130474090576172, "dsc_lbc_unet": 2.920259952545166, "small_unet": 4.370317220687866, "small_dsc_unet": 3.0501508712768555, "small_lbc_unet": 4.928498268127441, "small_dsc_lbc_unet": 2.387744903564453, "deeplab_mobile_net": 1.0293090343475342, "lraspp_mobile_net": 0.8239645957946777, "skinny_small_dsc_lbc_unet": 1.3874022960662842}