{"unet": 0.4847874641418457, "dsc_unet": 0.45159244537353516, "lbc_unet": 0.48691511154174805, "dsc_lbc_unet": 0.4816548824310303, "small_unet": 0.44631266593933105, "small_dsc_unet": 0.44490766525268555, "small_lbc_unet": 0.43380308151245117, "small_dsc_lbc_unet": 0.4621317386627197, "deeplab_mobile_net": 0.4856438636779785, "lraspp_mobile_net": 0.4657022953033447, "skinny_small_dsc_lbc_unet": 0.44886159896850586}