{"unet": 6.17303729057312, "dsc_unet": 3.539238929748535, "lbc_unet": 6.984355926513672, "dsc_lbc_unet": 2.7939021587371826, "small_unet": 4.152176380157471, "small_dsc_unet": 3.102747917175293, "small_lbc_unet": 4.6542887687683105, "small_dsc_lbc_unet": 2.4097325801849365, "deeplab_mobile_net": 1.1785383224487305, "lraspp_mobile_net": 0.8492612838745117, "skinny_small_dsc_lbc_unet": 1.5185716152191162}