{"unet": 0.48862338066101074, "dsc_unet": 0.45064663887023926, "lbc_unet": 0.45201635360717773, "dsc_lbc_unet": 0.4476161003112793, "small_unet": 0.4463202953338623, "small_dsc_unet": 0.46698784828186035, "small_lbc_unet": 0.4385807514190674, "small_dsc_lbc_unet": 0.47974443435668945, "deeplab_mobile_net": 0.49236464500427246, "lraspp_mobile_net": 0.4630391597747803, "skinny_small_dsc_lbc_unet": 0.4321310520172119}