{"unet": 0.4646906852722168, "dsc_unet": 0.45537567138671875, "lbc_unet": 0.4770510196685791, "dsc_lbc_unet": 0.4647834300994873, "small_unet": 0.4422314167022705, "small_dsc_unet": 0.44327330589294434, "small_lbc_unet": 0.4447493553161621, "small_dsc_lbc_unet": 0.4609205722808838, "deeplab_mobile_net": 0.46962523460388184, "lraspp_mobile_net": 0.4762401580810547, "skinny_small_dsc_lbc_unet": 0.44660472869873047}