{"unet": 6.549670457839966, "dsc_unet": 3.6681230068206787, "lbc_unet": 6.826738595962524, "dsc_lbc_unet": 2.7801740169525146, "small_unet": 3.9533607959747314, "small_dsc_unet": 3.044196367263794, "small_lbc_unet": 4.833250522613525, "small_dsc_lbc_unet": 2.4190726280212402, "deeplab_mobile_net": 1.1655192375183105, "lraspp_mobile_net": 0.7752501964569092, "skinny_small_dsc_lbc_unet": 1.3272709846496582}