{"unet": 6.633922815322876, "dsc_unet": 4.208248615264893, "lbc_unet": 7.724652051925659, "skinny_small_dsc_lbc_unet": 1.4633629322052002, "skinny_small_unet": 1.2819244861602783, "skinny_small_dsc_unet": 1.1310465335845947, "skinny_small_lbc_unet": 1.9838638305664062, "deeplab_mobile_net": 1.1603705883026123, "lraspp_mobile_net": 0.829157829284668, "dsc_lbc_unet": 3.1074490547180176}