{"unet": 8.328524827957153, "dsc_unet": 4.316989898681641, "lbc_unet": 8.647291898727417, "skinny_small_dsc_lbc_unet": 1.466975450515747, "skinny_small_unet": 1.9920258522033691, "skinny_small_dsc_unet": 1.7729213237762451, "skinny_small_lbc_unet": 2.0325310230255127, "deeplab_mobile_net": 1.3341095447540283, "lraspp_mobile_net": 0.7778255939483643, "dsc_lbc_unet": 3.3242177963256836}