{"unet": 6.503147125244141, "dsc_unet": 3.5960934162139893, "lbc_unet": 6.935314416885376, "dsc_lbc_unet": 2.8236165046691895, "small_unet": 4.0083839893341064, "small_dsc_unet": 3.1587376594543457, "small_lbc_unet": 5.465867280960083, "small_dsc_lbc_unet": 2.4898688793182373, "deeplab_mobile_net": 1.0946779251098633, "lraspp_mobile_net": 0.747793436050415, "skinny_small_dsc_lbc_unet": 1.3593976497650146}