{"unet": 152.76690220832825, "lbc_unet": 114.41363477706909, "small_axial_lbc_unet": 219.8970103263855, "deeplab_mobile_net": 30.974125385284424, "lraspp_mobile_net": 15.509024620056152, "dsc_unet": 71.97584390640259, "dsc_lbc_unet": 43.11694526672363, "small_dsc_lbc_unet": 36.86379647254944}