{"unet": 1001.2115654945374, "small_unet": 591.400140285492, "axial_unet": 3633.986081838608, "small_axial_unet": 2870.148652791977, "lbc_unet": 917.7056913375854, "small_lbc_unet": 594.8605599403381, "axial_lbc_unet": 1984.3376083374023, "small_axial_lbc_unet": 1656.9334626197815}