{"unet": 111.83829689025879, "small_unet": 93.56394124031067, "axial_unet": 300.62446641921997, "small_axial_unet": 251.9206199645996, "lbc_unet": 113.6627585887909, "small_lbc_unet": 93.7795033454895, "axial_lbc_unet": 216.22711563110352, "small_axial_lbc_unet": 182.91820192337036}